"RelativePath","Bytes","LastWriteTimeUtc","SHA256"
"FormalAccuracy-v1/Inputs/Seed-20260815/earthquake_damage_list.json","2770","2026-08-31T06:39:43.9888251Z","CCE6882C8950E2C61FECEA3A9E989AA49D61CA4FB4BFD0F4CE2BBB52A4761A27"
"FormalAccuracy-v1/Inputs/Seed-20260815/initial_population_manifest.json","52246","2026-08-31T06:39:43.9888251Z","A921853C09F50C6BFC2EAD2460A7E77E7F0328F7C9142A44A508868BD1BD7FF7"
"FormalAccuracy-v1/Inputs/Seed-20260815/persistent_test_pool.json","4113","2026-08-31T06:39:43.9898250Z","C0AA3B59A411FAE8D4DC460027CFAF543D9A9EB7FF019D0D9C6B067021681969"
"FormalAccuracy-v1/Inputs/Seed-20260816/earthquake_damage_list.json","2768","2026-08-31T06:39:43.9908257Z","EF29DE2790FDD46474E57B3390845D9A9BCB00B265D75D0FCDFA94F5A06DF22E"
"FormalAccuracy-v1/Inputs/Seed-20260816/initial_population_manifest.json","52246","2026-08-31T06:39:43.9908257Z","8A8592B42A36CD9915B32ACEE52F34728EBD1ED73AF9010250F1731F2185E4AB"
"FormalAccuracy-v1/Inputs/Seed-20260816/persistent_test_pool.json","4116","2026-08-31T06:39:43.9908257Z","F6E6E5BAAD27B005078839B4E85C26A3623731F5277ED2D28E6F47C0EF2B5DC0"
"FormalAccuracy-v1/Inputs/Seed-20260817/earthquake_damage_list.json","2770","2026-08-31T06:39:43.9918253Z","781D352595F5F481C0A5C4336A14E145AA47D6639FD00362CCEC862925A0ADB3"
"FormalAccuracy-v1/Inputs/Seed-20260817/initial_population_manifest.json","52246","2026-08-31T06:39:43.9918253Z","7AB00B27258BD046E88C06642D6A710D4061B38F08998A193D5896A7E242AAE9"
"FormalAccuracy-v1/Inputs/Seed-20260817/persistent_test_pool.json","4113","2026-08-31T06:39:43.9928253Z","BF0EBFFC4B60883BB8BC98DB27A7AD352151F7B2F0A49777E54019903A5C1593"
"FormalAccuracy-v1/Inputs/Seed-20260818/earthquake_damage_list.json","2766","2026-08-31T06:39:43.9958270Z","202760DE949BD7709F3DF5935FDFCA4D37805D730FCA41F693B3CC8D52163309"
"FormalAccuracy-v1/Inputs/Seed-20260818/initial_population_manifest.json","52246","2026-08-31T06:39:43.9948267Z","B46579CA4C301311747EE1E18C13125989F0A0691AC893D191F9C2603852AC03"
"FormalAccuracy-v1/Inputs/Seed-20260818/persistent_test_pool.json","4116","2026-08-31T06:39:43.9968266Z","14ACB5E1A333EE21D0CC6C66AFD942D825F812926570EE79273A9AF70FB20F8B"
"FormalAccuracy-v1/Inputs/Seed-20260819/earthquake_damage_list.json","2766","2026-08-31T06:39:43.9988257Z","1257345BE2126A665E55665A4E250E88EA77E69659B90ACB39BD6B124FACDC3B"
"FormalAccuracy-v1/Inputs/Seed-20260819/initial_population_manifest.json","52246","2026-08-31T06:39:43.9978294Z","DB634CF2989EDF60021E62FBF65D5A16345554319455177B9BAC6000A650B1DA"
"FormalAccuracy-v1/Inputs/Seed-20260819/persistent_test_pool.json","4113","2026-08-31T06:39:43.9988257Z","3662B7DF22CF33706233C4AE7DEF8340C2A249A1FD3D756959B133CA284C1C1C"
"FormalAccuracy-v1/Inputs/Seed-20260820/earthquake_damage_list.json","2764","2026-08-31T06:39:43.9998263Z","8A726EFA941D8FF1D0815FF1AA94AFDE4F8B3158222065B5C9491922580E7226"
"FormalAccuracy-v1/Inputs/Seed-20260820/initial_population_manifest.json","52246","2026-08-31T06:39:43.9998263Z","DA4431441FC1E9888F65C4F81BE5A0681A3F9B24022C95407D21434D63C5047D"
"FormalAccuracy-v1/Inputs/Seed-20260820/persistent_test_pool.json","4113","2026-08-31T06:39:44.0008260Z","80088E7D12881ED3CA65EF7FE3BEFD44A6158566D7B902EB4A5DE56CE309D9BC"
"FormalAccuracy-v1/Inputs/Seed-20260821/earthquake_damage_list.json","2766","2026-08-31T06:39:44.0018269Z","B617DAA31D8FFC93E7DFF91CD37F9E1EA09A124E249E428F99C67BAE692D6F1C"
"FormalAccuracy-v1/Inputs/Seed-20260821/initial_population_manifest.json","52246","2026-08-31T06:39:44.0018269Z","43D6DE9B62505D646863AF8FF5B1B1F1278FF3A29727517662719277206AF5DD"
"FormalAccuracy-v1/Inputs/Seed-20260821/persistent_test_pool.json","4113","2026-08-31T06:39:44.0018269Z","F4C9327F3DAF9848731A8C148DF1309258111C80DFC7EF57AF4118A85E89328A"
"FormalAccuracy-v1/Inputs/Seed-20260822/earthquake_damage_list.json","2766","2026-08-31T06:39:44.0038265Z","7887B8DF39719C10C7100387459D7741FCEAC5C2B6DD0172BE72649DD1BB33B9"
"FormalAccuracy-v1/Inputs/Seed-20260822/initial_population_manifest.json","52246","2026-08-31T06:39:44.0038265Z","140FF5E17ED91614658DFC0110784A4A3DF75286590A60006A62B39C08C6A5CA"
"FormalAccuracy-v1/Inputs/Seed-20260822/persistent_test_pool.json","4113","2026-08-31T06:39:44.0038265Z","4A1A0D11F3432F9173ED17518465649B239F5E39D51C4871524B05440031C21B"
"FormalAccuracy-v1/Inputs/Seed-20260823/earthquake_damage_list.json","2768","2026-08-31T06:39:44.0058326Z","17DCB3122ACB072A7D5C8F575C57CFDE8B5A66D4E84379B15CED29A3AFF7E930"
"FormalAccuracy-v1/Inputs/Seed-20260823/initial_population_manifest.json","52246","2026-08-31T06:39:44.0048259Z","37D7E6D2B00BBA26B04C91EF0D0F40D669C1ED02BDB9E86306D9D09BC6E0A2C0"
"FormalAccuracy-v1/Inputs/Seed-20260823/persistent_test_pool.json","4113","2026-08-31T06:39:44.0058326Z","67C63EBB099DE10FEF7107533CE812691C7D6368DA319385B63D85D934549176"
"FormalAccuracy-v1/Inputs/Seed-20260824/earthquake_damage_list.json","2768","2026-08-31T06:39:44.0068313Z","95724D302EC4F707936530E3BAA44A47A65CD71D8DA0B19BE7EE4F0038F37586"
"FormalAccuracy-v1/Inputs/Seed-20260824/initial_population_manifest.json","52246","2026-08-31T06:39:44.0068313Z","AFD0E880C5AE8382E5639F403493DFEC2BB34B175DA8E3C95C3956D5BE38F6DA"
"FormalAccuracy-v1/Inputs/Seed-20260824/persistent_test_pool.json","4113","2026-08-31T06:39:44.0078300Z","FED6ED6F6972810C8B679D4B3695997067487700BD59D3FABD309067E8520AD6"
"FormalAccuracy-v1/Inputs/Seed-20260825/earthquake_damage_list.json","2768","2026-08-31T06:39:44.0108319Z","82831C82A46C8B7100625133327676BDA66B963B74089AC886060F8DCB137D32"
"FormalAccuracy-v1/Inputs/Seed-20260825/initial_population_manifest.json","52246","2026-08-31T06:39:44.0108319Z","07F37ED58858650B37C4E7A56F64EAAEECB11568E81518296F5EB1D0F3005738"
"FormalAccuracy-v1/Inputs/Seed-20260825/persistent_test_pool.json","4113","2026-08-31T06:39:44.0118333Z","34998134E9A7C10FB2489D188CD131DFF83691428B78F271DBEBF48E52838109"
"FormalAccuracy-v1/Inputs/Seed-20260826/earthquake_damage_list.json","2768","2026-08-31T06:39:44.0128318Z","76A22981CB9F5635E8FB3FA8FA452985E8F0A2C6E28DA747E9ED9BBDFB975A28"
"FormalAccuracy-v1/Inputs/Seed-20260826/initial_population_manifest.json","52246","2026-08-31T06:39:44.0128318Z","FFC34E98D921D13B1D46E44E102C588B23D7006DA23E7336CBB181F74067490B"
"FormalAccuracy-v1/Inputs/Seed-20260826/persistent_test_pool.json","4116","2026-08-31T06:39:44.0138320Z","AB48E6CA5A2142CE15130C0FC7E527924958305C79A7B79847615A82276973FC"
"FormalAccuracy-v1/Inputs/Seed-20260827/earthquake_damage_list.json","2768","2026-08-31T06:39:44.0148316Z","0943D9985745EE75F2FB22E7A0164DC47688707607FB9A9784AC60C9F18BE9B8"
"FormalAccuracy-v1/Inputs/Seed-20260827/initial_population_manifest.json","52246","2026-08-31T06:39:44.0148316Z","15D9894F485298A887CD0F2231BE72749767C6F5B771BCA0CA7981296675B5E5"
"FormalAccuracy-v1/Inputs/Seed-20260827/persistent_test_pool.json","4116","2026-08-31T06:39:44.0158335Z","7F5902B652E7EF1F2797F54C2047B66E195BD9BC2A51D517155A46D65639064D"
"FormalAccuracy-v1/Inputs/Seed-20260828/earthquake_damage_list.json","2770","2026-08-31T06:39:44.0178341Z","89AA0008DFBBDA76BE97C8E29934D99A51B047B8FAFA69EE58D39BF17B4FD0B8"
"FormalAccuracy-v1/Inputs/Seed-20260828/initial_population_manifest.json","52246","2026-08-31T06:39:44.0168406Z","51ADF030348D290593A051084035459F1B31E4A11B78500148047C4DC541E3B9"
"FormalAccuracy-v1/Inputs/Seed-20260828/persistent_test_pool.json","4113","2026-08-31T06:39:44.0178341Z","4E06E80E13CA66A5A3A9C489B84343BF956122AEE97FB8EA551320CACEA0B9C7"
"FormalAccuracy-v1/Inputs/Seed-20260829/earthquake_damage_list.json","2770","2026-08-31T06:39:44.0188326Z","88F35C44BB07C76BF989CA61F42E1C0F10629FE760B82EE055AB94B5C228FEC9"
"FormalAccuracy-v1/Inputs/Seed-20260829/initial_population_manifest.json","52246","2026-08-31T06:39:44.0188326Z","482E036E6FB696605D9E5AFEE183863D6A8CBE07F18BF8756FB1F0CE1FA8F292"
"FormalAccuracy-v1/Inputs/Seed-20260829/persistent_test_pool.json","4113","2026-08-31T06:39:44.0203420Z","5F7833F4B3F003AD5BA99DBAFB269B21E2C52D27A3AF61C8AF47EBF5292E3A3C"
"FormalAccuracy-v1/Inputs/Seed-20260830/earthquake_damage_list.json","2768","2026-08-31T06:39:44.0223518Z","18ED27F164708210C3394E16F6448DA045DD1FDA9C2ABF788DFB7F9C035B9ED9"
"FormalAccuracy-v1/Inputs/Seed-20260830/initial_population_manifest.json","52246","2026-08-31T06:39:44.0215077Z","D19CB2368E75C32CBF540B8C2D7EF37E80FD4A0846432C5DD0E99DA96B280903"
"FormalAccuracy-v1/Inputs/Seed-20260830/persistent_test_pool.json","4113","2026-08-31T06:39:44.0223518Z","CB31B5655999FF904A8A080E6D324DDC5754124620F748E7DB6FBDEC95C0FE3A"
"FormalAccuracy-v1/Inputs/Seed-20260831/earthquake_damage_list.json","2768","2026-08-31T06:39:44.0243502Z","5B1C27C53DB6B7C6FF63CB37B53A12E8B29DAC0DF094BE7DCFCD1C9812A803AF"
"FormalAccuracy-v1/Inputs/Seed-20260831/initial_population_manifest.json","52246","2026-08-31T06:39:44.0233506Z","2EAF8FF4F92C3725A9E1AC3D89FB94AC633B69CB1157E01AFD8B4D4914B40C87"
"FormalAccuracy-v1/Inputs/Seed-20260831/persistent_test_pool.json","4113","2026-08-31T06:39:44.0243502Z","683FA516703DEDA6C034A76F330D47EA01F772638745273C7B9204A8F79B4201"
"FormalAccuracy-v1/Inputs/Seed-20260832/earthquake_damage_list.json","2768","2026-08-31T06:39:44.0273494Z","A2956CBA87DA6F4CBAC504AD0A364620B7325DA86272A249B6F28A8C390EACDE"
"FormalAccuracy-v1/Inputs/Seed-20260832/initial_population_manifest.json","52246","2026-08-31T06:39:44.0263494Z","9B5E1A90FA9A4D1C0D1FB3D66B1A5AECACF640D93C75D648A91B4EFD2671DB49"
"FormalAccuracy-v1/Inputs/Seed-20260832/persistent_test_pool.json","4113","2026-08-31T06:39:44.0273494Z","E70D1D2061A0DB42A3C5D681F28F49B7629DA56C56E542E140B2DF38029C971D"
"FormalAccuracy-v1/Inputs/Seed-20260833/earthquake_damage_list.json","2768","2026-08-31T06:39:44.0293506Z","327A9ACB25200DEA68293EE4B0024FA4D7DF82A7ABF45CF1D36D089456AF4B94"
"FormalAccuracy-v1/Inputs/Seed-20260833/initial_population_manifest.json","52246","2026-08-31T06:39:44.0293506Z","6B3811D7830839E578BE6914575BF57327ED46DC0CF2EA9CF9B5B8336306DA08"
"FormalAccuracy-v1/Inputs/Seed-20260833/persistent_test_pool.json","4113","2026-08-31T06:39:44.0293506Z","A6A6E32742015E74839AC06D16D9BBD0EF3CBE4B07BFD859A527DFBDD98B48A4"
"FormalAccuracy-v1/Inputs/Seed-20260834/earthquake_damage_list.json","2770","2026-08-31T06:39:44.0318564Z","D2976FB5A1B65292E59B1D4D39BC49B4829D7BACA46AD50DBFCAEAE475993D2B"
"FormalAccuracy-v1/Inputs/Seed-20260834/initial_population_manifest.json","52246","2026-08-31T06:39:44.0303524Z","0F3ACE4B49B47E475CC4D6F016CEABC71EC647DDAD7129C25123B256F7760C6E"
"FormalAccuracy-v1/Inputs/Seed-20260834/persistent_test_pool.json","4113","2026-08-31T06:39:44.0318564Z","41CA9F04AE663400543FE19813FC4A5246BA00F2CBD1BE4147391D469FEF9D5B"
"FormalAccuracy-v1/Inputs/Seed-20260835/earthquake_damage_list.json","2766","2026-08-31T06:39:44.0338627Z","B07E7A598F798F83CFAB78C89B20992E0FBF07E3A00417C5F7BA7FAE25EC2E79"
"FormalAccuracy-v1/Inputs/Seed-20260835/initial_population_manifest.json","52246","2026-08-31T06:39:44.0338627Z","8D28B47F20C5003E4F72ADAF8B2E902B182A82DA8E0C7668655FAE1A9007B4C4"
"FormalAccuracy-v1/Inputs/Seed-20260835/persistent_test_pool.json","4113","2026-08-31T06:39:44.0348632Z","25573052BC28153461633E944D0FFC4D4BEC8AFD3C7EDEA83EE082B2C6FF7DE5"
"FormalAccuracy-v1/Inputs/Seed-20260836/earthquake_damage_list.json","2764","2026-08-31T06:39:44.0358675Z","4300B097A329FEF7262B616BFA3E35CB843DCE3E3146FC5A082EA8F1F25DAF34"
"FormalAccuracy-v1/Inputs/Seed-20260836/initial_population_manifest.json","52246","2026-08-31T06:39:44.0358675Z","AAEE603C4A850D48197166EB1FDC3EBEBEA22C0D8121FFB61B003E3D52292DEC"
"FormalAccuracy-v1/Inputs/Seed-20260836/persistent_test_pool.json","4113","2026-08-31T06:39:44.0368636Z","1970E55DE39082A23BE806F01E05D58682AB6E064670CB1BB4A78C54B1CD426D"
"FormalAccuracy-v1/Inputs/Seed-20260837/earthquake_damage_list.json","2768","2026-08-31T06:39:44.0388650Z","8F6967A52C361CA81FECC61024A7A930805F5149E185FAF616AC05DEC315A1BE"
"FormalAccuracy-v1/Inputs/Seed-20260837/initial_population_manifest.json","52246","2026-08-31T06:39:44.0388650Z","35D8F726BAD1E764950FAA384EFD6C79D3BD60001E2FAEACB6D1ADFFBF1DBA2D"
"FormalAccuracy-v1/Inputs/Seed-20260837/persistent_test_pool.json","4113","2026-08-31T06:39:44.0388650Z","7A1B94012B80340E17E2437BDA84F348AE97B3E555C9B088CB176665EB044E5E"
"FormalAccuracy-v1/Inputs/Seed-20260838/earthquake_damage_list.json","2768","2026-08-31T06:39:44.0408626Z","5C1CB6C745D6B3A65ED076C41F59C142486A85CE73089A4D3BD77099FF3C0679"
"FormalAccuracy-v1/Inputs/Seed-20260838/initial_population_manifest.json","52246","2026-08-31T06:39:44.0398631Z","708B2629852569F9803A2AB89A83A0A628A305AEA54A65F9E1D3E6C8B119AC15"
"FormalAccuracy-v1/Inputs/Seed-20260838/persistent_test_pool.json","4116","2026-08-31T06:39:44.0408626Z","7C04C3413718D18B912B8A837F850276D923636CD28A110F0A577E51327C1256"
"FormalAccuracy-v1/Inputs/Seed-20260839/earthquake_damage_list.json","2764","2026-08-31T06:39:44.0423663Z","65858EAC151A9D3A28C9082050889B4E4D8880C5FF37724CD413F1376E322FA6"
"FormalAccuracy-v1/Inputs/Seed-20260839/initial_population_manifest.json","52246","2026-08-31T06:39:44.0408626Z","F7C709FC9A20DE840FBEB0BD7EFCD1A0C1A3D5F64E36510D346B0B7791AE4494"
"FormalAccuracy-v1/Inputs/Seed-20260839/persistent_test_pool.json","4116","2026-08-31T06:39:44.0428803Z","3DD5BE3F6A8D099A5617C33214310C7D213A0DA20DB133C6CC8A031E23FB9C04"
"FormalAccuracy-v1/Inputs/Seed-20260840/earthquake_damage_list.json","2770","2026-08-31T06:39:44.0438866Z","CBDE102DDEF29349507A4457E4D80690AF92F461D78134CB7FDAC9F42E50B753"
"FormalAccuracy-v1/Inputs/Seed-20260840/initial_population_manifest.json","52246","2026-08-31T06:39:44.0438866Z","1DB00B9B75A6BE891E4538094B7A4C376EDB6B83DDF38BC7BD2DFDE609D51E0E"
"FormalAccuracy-v1/Inputs/Seed-20260840/persistent_test_pool.json","4113","2026-08-31T06:39:44.0438866Z","F631AF5E019AE76E99D41558493E522CE2E278669D805DC7E1BF7FFCE87412D1"
"FormalAccuracy-v1/Inputs/Seed-20260841/earthquake_damage_list.json","2766","2026-08-31T06:39:44.0468870Z","0C6903192635F2ADF73E292405E9546FCE06EFC796D67D8284DB677CE65B6556"
"FormalAccuracy-v1/Inputs/Seed-20260841/initial_population_manifest.json","52246","2026-08-31T06:39:44.0468870Z","4C73F63947F061D457BF6CC46033F351B173C444D71B7D2428F4E89EF0DFF31B"
"FormalAccuracy-v1/Inputs/Seed-20260841/persistent_test_pool.json","4113","2026-08-31T06:39:44.0478872Z","451945EA1E0393457B018332BEABAB55AAF0287E0A29A8D76EF894126AA99AF7"
"FormalAccuracy-v1/Inputs/Seed-20260842/earthquake_damage_list.json","2768","2026-08-31T06:39:44.0488893Z","77E845E6326C51C18B538478CED5221A10C16068F58282870D3408CC615F0526"
"FormalAccuracy-v1/Inputs/Seed-20260842/initial_population_manifest.json","52246","2026-08-31T06:39:44.0488893Z","23D30AFADDDB14A0551C7BB36753F72546D10E563AA0A85304B4F72E11B23784"
"FormalAccuracy-v1/Inputs/Seed-20260842/persistent_test_pool.json","4113","2026-08-31T06:39:44.0488893Z","7B7362EDFE1104BA16F0CCA101A40EE5FAA8AFBE96DC95FE261ECEB6BB9DF0BF"
"FormalAccuracy-v1/Inputs/Seed-20260843/earthquake_damage_list.json","2768","2026-08-31T06:39:44.0518907Z","B9EED22702FCD788E04936CED3164BC9ABDC8D3A3B310530D6DEA20C6D5C24D0"
"FormalAccuracy-v1/Inputs/Seed-20260843/initial_population_manifest.json","52246","2026-08-31T06:39:44.0508916Z","65EFDC913963F420680AD1085E4D5AB61E1EFB404A61DB32B895EB8B567798E8"
"FormalAccuracy-v1/Inputs/Seed-20260843/persistent_test_pool.json","4116","2026-08-31T06:39:44.0518907Z","12CE4DB0915DDD24225D044114AAF26E9B77350164371B9631A757DF47482FE3"
"FormalAccuracy-v1/Inputs/Seed-20260844/earthquake_damage_list.json","2768","2026-08-31T06:39:44.0545881Z","2D2707539B404983E03FFFF1FA2569FACFD6F7DB2726EE55EAB5A363EAE47F83"
"FormalAccuracy-v1/Inputs/Seed-20260844/initial_population_manifest.json","52246","2026-08-31T06:39:44.0535838Z","F0570ADC0B722F92012C16140A557B25274638029B9C42F3241212E03F011DF5"
"FormalAccuracy-v1/Inputs/Seed-20260844/persistent_test_pool.json","4113","2026-08-31T06:39:44.0545881Z","1D66F55F8638412F32B135029A644EBA7D86E6C939600D2AB6CCAC6E9D010F91"
"FormalAccuracy-v1/metrics_summary.csv","4812074","2026-08-31T06:56:39.0464387Z","AD8C5F5B8BD84009FAB6AA230E0BB1467343EB18674C88F74333716F61AF4F5D"
"FormalAccuracy-v1/phase8_audit.json","38369","2026-08-31T20:03:55.4011359Z","5912C33BE42A95FA6EA062919EF2F1113F4F42B0FF72ABE29F2E930745FC78AC"
"FormalAccuracy-v1/run_schedule.csv","53292","2026-08-31T06:39:43.9878248Z","65C9EE168B0D24A75C2A3160D5314BB7A6F27620A241A500B8F5A940D2793A0B"
"FormalAccuracy-v1/Runs/Oracle-HarvestCap-20260815/cohort_timeseries.csv","559068","2026-08-31T06:46:40.1370072Z","FB573EC4BABCA1980C1B8C94900592EC6B8E51A20915F35B32AF8B6755FA74A4"
"FormalAccuracy-v1/Runs/Oracle-HarvestCap-20260815/kingdom_timeseries.csv","730897","2026-08-31T06:46:40.1350842Z","F46459875902DF6BE3E1E33AD284FA377F729A2EFDF73A08C196CB1495BF8514"
"FormalAccuracy-v1/Runs/Oracle-HarvestCap-20260815/ledger_transactions.jsonl","5588746","2026-08-31T06:46:40.1897484Z","4F01587AC47B7810BC80E8B1445D42300688D192AD832410A8F8E91F4C1DF291"
"FormalAccuracy-v1/Runs/Oracle-HarvestCap-20260815/lod_transitions.jsonl","46772","2026-08-31T06:46:40.1757463Z","266361C04A2FB5C7D121D69FA667DC0A4DB279C76E9510D6A507984E5F8928D8"
"FormalAccuracy-v1/Runs/Oracle-HarvestCap-20260815/npc_snapshots.csv","13900","2026-08-31T06:46:40.1380049Z","E38BA47AB4CE9D52DBEC57D078BEA331799E65A9D21F5666B62190049144EA81"
"FormalAccuracy-v1/Runs/Oracle-HarvestCap-20260815/run_manifest.json","2835","2026-08-31T06:46:40.1897484Z","186323B2BEA7DCFF4CAB4F01E6A55F9B74A2547FDB852B688BC1E350619010B8"
"FormalAccuracy-v1/Runs/Oracle-HarvestCap-20260815/simulation_events.jsonl","15488681","2026-08-31T06:46:40.1737482Z","1C410A0C4448E0CBA18DAC50A847279374E3ACDB8EE6C82AC1E732A364109D65"
"FormalAccuracy-v1/Runs/Oracle-HarvestCap-20260816/cohort_timeseries.csv","555930","2026-08-31T06:54:48.9948725Z","627561A609671335516910892CC904FEFFF80073F69F632CA2C694AA7101C087"
"FormalAccuracy-v1/Runs/Oracle-HarvestCap-20260816/kingdom_timeseries.csv","730897","2026-08-31T06:54:48.9923055Z","05253A603B28216C6EA6FBF284279DB6C736126015ED70E1235D1307AC89A905"
"FormalAccuracy-v1/Runs/Oracle-HarvestCap-20260816/ledger_transactions.jsonl","5589994","2026-08-31T06:54:49.0456154Z","35D5CA77A36394DD728EBAA9B2B7730ACD994F417408B9EA8E03761FC0E4840B"
"FormalAccuracy-v1/Runs/Oracle-HarvestCap-20260816/lod_transitions.jsonl","46776","2026-08-31T06:54:49.0314861Z","D6470A2710DC3ABC4631C8F9B1F012D5FC424335E196C2F53A81B09566F05BDF"
"FormalAccuracy-v1/Runs/Oracle-HarvestCap-20260816/npc_snapshots.csv","13898","2026-08-31T06:54:48.9948725Z","B02C9FA8964013777C9085F65563F4769EB5EA99C32A3B8B53921CAC11835467"
"FormalAccuracy-v1/Runs/Oracle-HarvestCap-20260816/run_manifest.json","2836","2026-08-31T06:54:49.0467195Z","D01D710707F6A66DC82DF2296B77B2764D26481B7801D14202D7F51D1AF27905"
"FormalAccuracy-v1/Runs/Oracle-HarvestCap-20260816/simulation_events.jsonl","15485250","2026-08-31T06:54:49.0314861Z","A69906F275501A6E8CD4FCA98F394C71FC79FD3991AD98BFC1DBCA0D903712B5"
"FormalAccuracy-v1/Runs/Oracle-HarvestCap-20260817/cohort_timeseries.csv","559254","2026-08-31T06:43:57.1246656Z","4E5E75D0400D24748FB6817A59EC0DE91C563CF0E7D5A484A0D2704F05815CC3"
"FormalAccuracy-v1/Runs/Oracle-HarvestCap-20260817/kingdom_timeseries.csv","730897","2026-08-31T06:43:57.1226664Z","1B14FD99CBDE055DAF477B22E87B78FA96D9276AE3E04E699B7D8997A6F1D6C4"
"FormalAccuracy-v1/Runs/Oracle-HarvestCap-20260817/ledger_transactions.jsonl","5590831","2026-08-31T06:43:57.1754661Z","07D23D76C905AAC04A6AB7E89679FF0E9151EB7A037008ADBE325A6992BC6AF4"
"FormalAccuracy-v1/Runs/Oracle-HarvestCap-20260817/lod_transitions.jsonl","46786","2026-08-31T06:43:57.1617582Z","B4AECF0850F4E5AA1B28210F2E46991388B20C3ABF7DF3CAE520CB4B1129680C"
"FormalAccuracy-v1/Runs/Oracle-HarvestCap-20260817/npc_snapshots.csv","13916","2026-08-31T06:43:57.1246656Z","A4F8362D9AAB353A69907AB415FAC867FF1DCE074D603A02545382E4818020BA"
"FormalAccuracy-v1/Runs/Oracle-HarvestCap-20260817/run_manifest.json","2837","2026-08-31T06:43:57.1764071Z","99AB704BDE35A0B9D1EE02FD15735759E74164D7C5A81AEE9603BA277486BF39"
"FormalAccuracy-v1/Runs/Oracle-HarvestCap-20260817/simulation_events.jsonl","15482974","2026-08-31T06:43:57.1617582Z","EAA4E7C693BE5EFCA91CEB4B8069B3BE16CCBCC9382A7DC8153FFE85986501D9"
"FormalAccuracy-v1/Runs/Oracle-HarvestCap-20260818/cohort_timeseries.csv","556179","2026-08-31T06:51:34.7076239Z","265E8B12A31E7CE2C2905BF5E1F1E761753D7F24B834513DBA56590D79D005B9"
"FormalAccuracy-v1/Runs/Oracle-HarvestCap-20260818/kingdom_timeseries.csv","730849","2026-08-31T06:51:34.7056181Z","1A1F3DBAEB35B355C7A2C2226C70D56B830BF26C1F1C4E17C7207533F3FED8DC"
"FormalAccuracy-v1/Runs/Oracle-HarvestCap-20260818/ledger_transactions.jsonl","5591244","2026-08-31T06:51:34.7544972Z","4693E00FBD5A070EA8C3DEF3822EDC6EDB5359B776F69F0688F79C8F30728244"
"FormalAccuracy-v1/Runs/Oracle-HarvestCap-20260818/lod_transitions.jsonl","46770","2026-08-31T06:51:34.7424915Z","915A93E06CBF1774D959020E3B5FBB9EB79879504AF51C16746EB2DF3638D67D"
"FormalAccuracy-v1/Runs/Oracle-HarvestCap-20260818/npc_snapshots.csv","13904","2026-08-31T06:51:34.7076239Z","6BC0AA29331B590F40B22F2C8BD9B09C0147DA6EE6051DF19726DDAAF30A64EE"
"FormalAccuracy-v1/Runs/Oracle-HarvestCap-20260818/run_manifest.json","2836","2026-08-31T06:51:34.7555873Z","ECB8EB8348BE2FF1D0689F06517B7A12FA7EBC68AE25A23D028D30E2D900E618"
"FormalAccuracy-v1/Runs/Oracle-HarvestCap-20260818/simulation_events.jsonl","15481836","2026-08-31T06:51:34.7418944Z","DE302ECD05A751EBCD577EA05A27D3F74E3ED0F86838EDF24A58143C6B5B22B5"
"FormalAccuracy-v1/Runs/Oracle-HarvestCap-20260819/cohort_timeseries.csv","552279","2026-08-31T06:45:59.4481018Z","EA8DDF61C848BD350E0CF740ACE6A499CB4CAFE437D745424A8864B15427A7ED"
"FormalAccuracy-v1/Runs/Oracle-HarvestCap-20260819/kingdom_timeseries.csv","730921","2026-08-31T06:45:59.4471937Z","852890EC8FCD6AFC4515410F7631E7F8B10D77CED227E4F6092FA2672FC5AA8D"
"FormalAccuracy-v1/Runs/Oracle-HarvestCap-20260819/ledger_transactions.jsonl","5587490","2026-08-31T06:45:59.4984134Z","CBDD979FAB6B506381AB5123AA45C7841FF127551530CCE2708DF146DD1184CE"
"FormalAccuracy-v1/Runs/Oracle-HarvestCap-20260819/lod_transitions.jsonl","46832","2026-08-31T06:45:59.4864129Z","4EA351F70EA4DD22043C7658BBD92B936E88E0207811006DC33EBB6A20DB5186"
"FormalAccuracy-v1/Runs/Oracle-HarvestCap-20260819/npc_snapshots.csv","13929","2026-08-31T06:45:59.4491586Z","9E6B8D33DDEDE9F6FC6A4D6A0D58250CFCD547A79279BB40DB366688876E77C4"
"FormalAccuracy-v1/Runs/Oracle-HarvestCap-20260819/run_manifest.json","2838","2026-08-31T06:45:59.4984134Z","BAC5B5991656AAC5437D5E93D454895C2891F908EC88A93C5377AC1B24D7668B"
"FormalAccuracy-v1/Runs/Oracle-HarvestCap-20260819/simulation_events.jsonl","15492119","2026-08-31T06:45:59.4844217Z","CB60A7BDDBA82729CDF3D993084DDA05DEC9C1DA1345CB775D0D5F9A311D6237"
"FormalAccuracy-v1/Runs/Oracle-HarvestCap-20260820/cohort_timeseries.csv","563274","2026-08-31T06:48:11.4715748Z","CD8876403A13BA40BBDA2EEE75AA3055038419F5C33EC27E8B459EB5C42815FC"
"FormalAccuracy-v1/Runs/Oracle-HarvestCap-20260820/kingdom_timeseries.csv","730849","2026-08-31T06:48:11.4704801Z","69063E4ACD04421F675A82F73F65B6C6FA85E0807AC7F80F8D6D0E4123EA40B9"
"FormalAccuracy-v1/Runs/Oracle-HarvestCap-20260820/ledger_transactions.jsonl","5592492","2026-08-31T06:48:11.5199529Z","4321D35EB48395C48A358C17EE7B7BC7FCE738E62179B17B6CD0243D0087E021"
"FormalAccuracy-v1/Runs/Oracle-HarvestCap-20260820/lod_transitions.jsonl","46768","2026-08-31T06:48:11.5069737Z","73A5C8B7DCA2A5A84D4E9B669CEC6594A40AF4CB4036512B5B51E8814160A1DD"
"FormalAccuracy-v1/Runs/Oracle-HarvestCap-20260820/npc_snapshots.csv","13898","2026-08-31T06:48:11.4715748Z","F13344922C1AA63FE0F5CB110D4D7DCFFB6AF4851383536228C97E269BBF48F4"
"FormalAccuracy-v1/Runs/Oracle-HarvestCap-20260820/run_manifest.json","2838","2026-08-31T06:48:11.5204565Z","C57FA28857821C6AB9795DE59407ABEDEB7ECAC70D0BC6297C2FF36290AA1501"
"FormalAccuracy-v1/Runs/Oracle-HarvestCap-20260820/simulation_events.jsonl","15478383","2026-08-31T06:48:11.5059725Z","0C43755035B2D08FABE6D0D6CAB4712F468BACB7EA9E4A630CC00BC044F8CC5A"
"FormalAccuracy-v1/Runs/Oracle-HarvestCap-20260821/cohort_timeseries.csv","554516","2026-08-31T06:44:34.3016897Z","60AFA2E2CA101C9B9EA3E3137AC87C3F7AE3AD0FD4151A5E7C21D7F66229DB5B"
"FormalAccuracy-v1/Runs/Oracle-HarvestCap-20260821/kingdom_timeseries.csv","730849","2026-08-31T06:44:34.2998423Z","71942FD9043A6480F5EE1C6BD86FFFFD8E61B02ADA4DF11A850D24B93BBF5424"
"FormalAccuracy-v1/Runs/Oracle-HarvestCap-20260821/ledger_transactions.jsonl","5585822","2026-08-31T06:44:34.3537035Z","6EB40F52ADFC30B0658D15FA23C3EBF1904CBC657B954AE4873866E84E47D586"
"FormalAccuracy-v1/Runs/Oracle-HarvestCap-20260821/lod_transitions.jsonl","46764","2026-08-31T06:44:34.3393654Z","DE46927B60D31D97DD1362AF89406B149F5E3E5A87B31DFCB9E9589472DE7D2E"
"FormalAccuracy-v1/Runs/Oracle-HarvestCap-20260821/npc_snapshots.csv","13894","2026-08-31T06:44:34.3016897Z","CA6555EE2F5449E5BAFFE5F3A2B1E00F07F816904BC4A628B9C0DBE34B621F1F"
"FormalAccuracy-v1/Runs/Oracle-HarvestCap-20260821/run_manifest.json","2836","2026-08-31T06:44:34.3547042Z","9384B23B65DDB68A4FB4CD47B5869A35AF7659D576B3737EC2A5006517BABB50"
"FormalAccuracy-v1/Runs/Oracle-HarvestCap-20260821/simulation_events.jsonl","15496708","2026-08-31T06:44:34.3378612Z","D2ADB8D8C994FC76543220DA9F039B33EB80C35B65FDA77C6E5D461D4F748716"
"FormalAccuracy-v1/Runs/Oracle-HarvestCap-20260822/cohort_timeseries.csv","548933","2026-08-31T06:54:10.8079964Z","020F80641D516502FC766D2413461AB054AACF38FAEE16A11565EBDE4905EA2E"
"FormalAccuracy-v1/Runs/Oracle-HarvestCap-20260822/kingdom_timeseries.csv","730849","2026-08-31T06:54:10.8069957Z","637AEE7C891C52E89A1ADD24140C437820BA36ABA33A843A463BC797C9BC96FC"
"FormalAccuracy-v1/Runs/Oracle-HarvestCap-20260822/ledger_transactions.jsonl","5589575","2026-08-31T06:54:10.8568456Z","E270C0200EB4836F6EB7151FB5C8A8B1B53EB72D483EB7C70AF2E50F313C0194"
"FormalAccuracy-v1/Runs/Oracle-HarvestCap-20260822/lod_transitions.jsonl","46840","2026-08-31T06:54:10.8438417Z","709CDE2A10AB7DD9919114F77CF8FC2B790DF6BBB9743842C81AA0C16454BF6E"
"FormalAccuracy-v1/Runs/Oracle-HarvestCap-20260822/npc_snapshots.csv","13928","2026-08-31T06:54:10.8089961Z","79FC99554BDA955D99F8A46EBDC08B26F7756E1E5455EC78E1F5E869C0F2C5AF"
"FormalAccuracy-v1/Runs/Oracle-HarvestCap-20260822/run_manifest.json","2837","2026-08-31T06:54:10.8579526Z","A8614A18E91E9ED4C26E91F1364A68B6036403232F164CF1788E367E24A11084"
"FormalAccuracy-v1/Runs/Oracle-HarvestCap-20260822/simulation_events.jsonl","15486395","2026-08-31T06:54:10.8438417Z","C9A8977118987AF7FD3C40301B4225B316D5B1C946ED08DC8DD9C63D3A76DF4C"
"FormalAccuracy-v1/Runs/Oracle-HarvestCap-20260823/cohort_timeseries.csv","563774","2026-08-31T06:41:55.2789060Z","C24E3E41FF241EE1CA92DA4B781561A7408794ECD60C9F92B20ACD5FB444D55C"
"FormalAccuracy-v1/Runs/Oracle-HarvestCap-20260823/kingdom_timeseries.csv","730849","2026-08-31T06:41:55.2769069Z","B252A42D615AAFBC2CC1686096BEC2F4B4ECA5A12FBFC9B794843E790C6BFE7D"
"FormalAccuracy-v1/Runs/Oracle-HarvestCap-20260823/ledger_transactions.jsonl","5591663","2026-08-31T06:41:55.3291092Z","D4DEFE3BAF0B0C08696386622ED41AB7417ED0EE88F769801C808E29C875ED29"
"FormalAccuracy-v1/Runs/Oracle-HarvestCap-20260823/lod_transitions.jsonl","46816","2026-08-31T06:41:55.3165214Z","C5E7007D235CD874AF23AC6B9CBC5BCB62C61E81DB4BC7B5C28E60239592373B"
"FormalAccuracy-v1/Runs/Oracle-HarvestCap-20260823/npc_snapshots.csv","13928","2026-08-31T06:41:55.2789060Z","AB8EF9EF302533259E97489B8AF674117C2CF216023ED1C0A967CF10B790F6CC"
"FormalAccuracy-v1/Runs/Oracle-HarvestCap-20260823/run_manifest.json","2835","2026-08-31T06:41:55.3291092Z","0ACFE4FFEDB2C111ED79611FCB6EC761EB580BBA278DF43D3D2B980E835AE41B"
"FormalAccuracy-v1/Runs/Oracle-HarvestCap-20260823/simulation_events.jsonl","15480693","2026-08-31T06:41:55.3155197Z","473E2E1F8C7AA200AD89E43E58CF5F83FAB57F3FBC5D41B3CA5583D7CE442F5B"
"FormalAccuracy-v1/Runs/Oracle-HarvestCap-20260824/cohort_timeseries.csv","562762","2026-08-31T06:46:54.2616683Z","ACBB910FE5F886FA977F7C217183B03786866D2935EC7F8A8EB8C6B03E832B14"
"FormalAccuracy-v1/Runs/Oracle-HarvestCap-20260824/kingdom_timeseries.csv","730897","2026-08-31T06:46:54.2596697Z","539F4D8FFE53B030F423CDF2278909D2C253159A6C16F9CA71F8E954DF90FF74"
"FormalAccuracy-v1/Runs/Oracle-HarvestCap-20260824/ledger_transactions.jsonl","5591245","2026-08-31T06:46:54.3117916Z","66307A0A74421B66E6B18E8971CA9A945F1ED97F0B2C910C5F7890AA1725D224"
"FormalAccuracy-v1/Runs/Oracle-HarvestCap-20260824/lod_transitions.jsonl","46766","2026-08-31T06:46:54.2987893Z","DEB794ACCDE0388046BECF399F12083ADABAA27A2CB269BD134964B2DC130A65"
"FormalAccuracy-v1/Runs/Oracle-HarvestCap-20260824/npc_snapshots.csv","13890","2026-08-31T06:46:54.2616683Z","B110E4D572D36130CE694B94D93DE4EE348C1BBC1DADCF4C973A9CFC6BDBD871"
"FormalAccuracy-v1/Runs/Oracle-HarvestCap-20260824/run_manifest.json","2835","2026-08-31T06:46:54.3127972Z","8DD58E5D8215C0448B48483BCD6D640C956F7C763942CCB08DE9269DB7627C27"
"FormalAccuracy-v1/Runs/Oracle-HarvestCap-20260824/simulation_events.jsonl","15481811","2026-08-31T06:46:54.2978710Z","39F5105B440C1CE0D9C61F91D4E068EA2787607E8C93AECE6515AB09B346E488"
"FormalAccuracy-v1/Runs/Oracle-HarvestCap-20260825/cohort_timeseries.csv","551191","2026-08-31T06:43:52.1430769Z","4567302F109881C1398B6D36B4C95F789AA2630E5C54B54BC4A34BA22857F535"
"FormalAccuracy-v1/Runs/Oracle-HarvestCap-20260825/kingdom_timeseries.csv","730849","2026-08-31T06:43:52.1405666Z","97260E09EE47146556FC8D906F077AAFEFB3B243869E9A0337EF038290C8D15A"
"FormalAccuracy-v1/Runs/Oracle-HarvestCap-20260825/ledger_transactions.jsonl","5592079","2026-08-31T06:43:52.1951344Z","7A11149F41065C3B44CDF0DDDBB1543101A33CF91D87630AC9C1BCE61C7F204E"
"FormalAccuracy-v1/Runs/Oracle-HarvestCap-20260825/lod_transitions.jsonl","46766","2026-08-31T06:43:52.1805988Z","D80F3F861C327E85080C5E1CBFEA2F63FC1DC02DDBC66FC7B121812997392CE0"
"FormalAccuracy-v1/Runs/Oracle-HarvestCap-20260825/npc_snapshots.csv","13896","2026-08-31T06:43:52.1440772Z","4B1CD8CADFBAE6755D0D14855790C84E86405091ED254411FDC36EE1CBE726BE"
"FormalAccuracy-v1/Runs/Oracle-HarvestCap-20260825/run_manifest.json","2837","2026-08-31T06:43:52.1961220Z","084D00D199235047606C1D6467C1A126304CEADC36ACA46E65F9E65A72F3E9E0"
"FormalAccuracy-v1/Runs/Oracle-HarvestCap-20260825/simulation_events.jsonl","15479519","2026-08-31T06:43:52.1805988Z","07F41D5D729CBA323FCFBB78ACC5676CF7867CB98111075168FC8FBF4B4FB465"
"FormalAccuracy-v1/Runs/Oracle-HarvestCap-20260826/cohort_timeseries.csv","556802","2026-08-31T06:43:56.1260427Z","4768EF4002DADAF8C8709C85C9D3B279C780D80EAD40928A598B1B937189B871"
"FormalAccuracy-v1/Runs/Oracle-HarvestCap-20260826/kingdom_timeseries.csv","730849","2026-08-31T06:43:56.1240023Z","6B14ABD7C5D0670D74236407E65DA142AE92CAB3EA4F99F3A0458E4004CE0C89"
"FormalAccuracy-v1/Runs/Oracle-HarvestCap-20260826/ledger_transactions.jsonl","5594581","2026-08-31T06:43:56.1773908Z","3AD7141C320D2199EE546F59356CB0B6F5D1283C778FBB64D35045313A9371BE"
"FormalAccuracy-v1/Runs/Oracle-HarvestCap-20260826/lod_transitions.jsonl","46792","2026-08-31T06:43:56.1647636Z","65BDE5C54B6282C29CAC39C241FEF8E90D5459171D319514F7E48C925289AD0A"
"FormalAccuracy-v1/Runs/Oracle-HarvestCap-20260826/npc_snapshots.csv","13914","2026-08-31T06:43:56.1269902Z","AA58EBE042A40A16995985F4D3FB182BC025D8A2748F7EC7FF87041EC80DF688"
"FormalAccuracy-v1/Runs/Oracle-HarvestCap-20260826/run_manifest.json","2838","2026-08-31T06:43:56.1783893Z","93CF8AD758C1B3CAE57AAC4D0609D0DC57DB18B2CBEBFBC62BE2DC0E61D3E109"
"FormalAccuracy-v1/Runs/Oracle-HarvestCap-20260826/simulation_events.jsonl","15472635","2026-08-31T06:43:56.1617315Z","28AEF9AA20B827BC69982C7E01365C058C652908FC34CFFD77128CF36D861D28"
"FormalAccuracy-v1/Runs/Oracle-HarvestCap-20260827/cohort_timeseries.csv","559687","2026-08-31T06:47:39.1538924Z","155D334DB3B7682A5BB69C15F899E0F38E8DEA9F29455F100AF2BEE7E4E7DD83"
"FormalAccuracy-v1/Runs/Oracle-HarvestCap-20260827/kingdom_timeseries.csv","730849","2026-08-31T06:47:39.1518946Z","CDFE5EB96233C870B008BF5D8757710E095D392BD004E314C037AE4337567481"
"FormalAccuracy-v1/Runs/Oracle-HarvestCap-20260827/ledger_transactions.jsonl","5592497","2026-08-31T06:47:39.2024330Z","941E3FFB1AD0B9E34C2556356A901B1ED6E93E383E723278B6B1E5CDB854BF11"
"FormalAccuracy-v1/Runs/Oracle-HarvestCap-20260827/lod_transitions.jsonl","46838","2026-08-31T06:47:39.1897368Z","8D161CCEEB58AE945FCEE5F42E3EF91071B9CC9B02C563FE5CBCA90222806D1B"
"FormalAccuracy-v1/Runs/Oracle-HarvestCap-20260827/npc_snapshots.csv","13935","2026-08-31T06:47:39.1538924Z","F150BF9FDE3EDF1725A18CBA10A63CF2A80BDE541E00DA640A45EE91E5BC91FC"
"FormalAccuracy-v1/Runs/Oracle-HarvestCap-20260827/run_manifest.json","2834","2026-08-31T06:47:39.2034423Z","5BCD6E69A78D80A7B31B7F03F14A0DBA6DFE8908F5FB13D2DAF1383D20BA3C26"
"FormalAccuracy-v1/Runs/Oracle-HarvestCap-20260827/simulation_events.jsonl","15478399","2026-08-31T06:47:39.1887133Z","225B8A84F685E0CF3692C935B35C28296AAA105DD863DEB4A1CF2B5A7E6A6C4C"
"FormalAccuracy-v1/Runs/Oracle-HarvestCap-20260828/cohort_timeseries.csv","545193","2026-08-31T06:42:43.2780348Z","A26FC4E5AA97A69FBE452E9ADC41E7955C5CCD747217A5C1C4B172650483FEDB"
"FormalAccuracy-v1/Runs/Oracle-HarvestCap-20260828/kingdom_timeseries.csv","730897","2026-08-31T06:42:43.2770333Z","CE593EF8B83A096A6F0C44B3EAAE89D46AE01AD1DDBEB8A9D5D89E95F39106E5"
"FormalAccuracy-v1/Runs/Oracle-HarvestCap-20260828/ledger_transactions.jsonl","5590413","2026-08-31T06:42:43.3282919Z","FDC39818B420B8116790E101753DDC78A3EC0E46F4811AEC06E435B3E65ED42A"
"FormalAccuracy-v1/Runs/Oracle-HarvestCap-20260828/lod_transitions.jsonl","46802","2026-08-31T06:42:43.3147564Z","99D6EC2FEEC8F37C35D92AD29C50051F5F849F699C216B67ADB31E13169D91A9"
"FormalAccuracy-v1/Runs/Oracle-HarvestCap-20260828/npc_snapshots.csv","13910","2026-08-31T06:42:43.2790349Z","2DA969257D99E4E462DFC7B19982A49991CF79CA14A55DE49C47CA16A952EDAE"
"FormalAccuracy-v1/Runs/Oracle-HarvestCap-20260828/run_manifest.json","2837","2026-08-31T06:42:43.3292975Z","546F4E67484BAF01BC91DC68EB9002913ABED4212DDD42D156B203359829030E"
"FormalAccuracy-v1/Runs/Oracle-HarvestCap-20260828/simulation_events.jsonl","15484102","2026-08-31T06:42:43.3147564Z","9FAED4FFFC52646FF2F08EA924BF4A258AA7D6412E7012D150126CF11392C931"
"FormalAccuracy-v1/Runs/Oracle-HarvestCap-20260829/cohort_timeseries.csv","555987","2026-08-31T06:51:28.6701240Z","9A9AFE68782B7CD17AE258608CC6CDFC8C9202624A315DAC8E090BEDC441B36B"
"FormalAccuracy-v1/Runs/Oracle-HarvestCap-20260829/kingdom_timeseries.csv","730897","2026-08-31T06:51:28.6685347Z","482FC86D67A9B6A90D1DD29DAF243BCA03C6E79D5A248AC918B435E4A6B59F7C"
"FormalAccuracy-v1/Runs/Oracle-HarvestCap-20260829/ledger_transactions.jsonl","5589163","2026-08-31T06:51:28.7196462Z","AAEA02911BF7F0DEC26CAEBFED36CCB8249915B32A1295DAA9FA8AC5C556EAB5"
"FormalAccuracy-v1/Runs/Oracle-HarvestCap-20260829/lod_transitions.jsonl","46770","2026-08-31T06:51:28.7056426Z","B8161AD6629CD11E4CA6A5CE560D73591B354DF4EAC8E6539689B91731387338"
"FormalAccuracy-v1/Runs/Oracle-HarvestCap-20260829/npc_snapshots.csv","13901","2026-08-31T06:51:28.6701240Z","5D8F416E07324E81AE70C10686470DDF72FB5896B982454553C53AEAF50E04AE"
"FormalAccuracy-v1/Runs/Oracle-HarvestCap-20260829/run_manifest.json","2835","2026-08-31T06:51:28.7196462Z","C6E1F867918F49D955AF8C4DFCA50621361E8872C1A0F45E5A5D99D2589248F8"
"FormalAccuracy-v1/Runs/Oracle-HarvestCap-20260829/simulation_events.jsonl","15487551","2026-08-31T06:51:28.7047269Z","3E2AABD441B5A386AAB9095F38BE852D51B183846E11CC10FB3B3232595FA62F"
"FormalAccuracy-v1/Runs/Oracle-HarvestCap-20260830/cohort_timeseries.csv","552438","2026-08-31T06:50:30.5113778Z","ADE2477B24DB901D106E05950663F53415D0E6BA9C822B0A6814039805FB5CA1"
"FormalAccuracy-v1/Runs/Oracle-HarvestCap-20260830/kingdom_timeseries.csv","730849","2026-08-31T06:50:30.5093798Z","9F09FBA852321E58ADA5A9E2257CEEAB9E17258F8B965927A6E968421A4E20C2"
"FormalAccuracy-v1/Runs/Oracle-HarvestCap-20260830/ledger_transactions.jsonl","5590828","2026-08-31T06:50:30.5602246Z","16C756AA9F349B8D8E89E60CAD94B568CF48EF9B8C2D8FAE709A2280B4B6C004"
"FormalAccuracy-v1/Runs/Oracle-HarvestCap-20260830/lod_transitions.jsonl","46812","2026-08-31T06:50:30.5482206Z","56158D683BF88EEFA75E1A2DB0AD65911FE0CA03F6C5A2EAA3ADB178250FE70B"
"FormalAccuracy-v1/Runs/Oracle-HarvestCap-20260830/npc_snapshots.csv","13917","2026-08-31T06:50:30.5113778Z","FF191162570B59FC04A391D83C7A0E6EB7C56075A58052B408804E5376EC4974"
"FormalAccuracy-v1/Runs/Oracle-HarvestCap-20260830/run_manifest.json","2837","2026-08-31T06:50:30.5602246Z","D64A369E1F683BDBAFD577C22434150E69D0387D5087FDED10086DA7F94F008D"
"FormalAccuracy-v1/Runs/Oracle-HarvestCap-20260830/simulation_events.jsonl","15482959","2026-08-31T06:50:30.5472247Z","DBE4B90750BA96200A52EF675E7678C23C4BBD7406BD75C35EC148FD647AAC80"
"FormalAccuracy-v1/Runs/Oracle-HarvestCap-20260831/cohort_timeseries.csv","564079","2026-08-31T06:54:22.3870416Z","734C259354034D2B2D537C17FE6B7B7F66BF15C8DA10A141FB60C2AF5BCD154E"
"FormalAccuracy-v1/Runs/Oracle-HarvestCap-20260831/kingdom_timeseries.csv","730849","2026-08-31T06:54:22.3850421Z","70380D096715CF882B46D16313AEDF5F20761D4A15362E39EFAA7505C20B6F43"
"FormalAccuracy-v1/Runs/Oracle-HarvestCap-20260831/ledger_transactions.jsonl","5585824","2026-08-31T06:54:22.4356016Z","BD00F41D654767788A47990568F95A1BE8BAD9F1112D0F2610700DFDD0026634"
"FormalAccuracy-v1/Runs/Oracle-HarvestCap-20260831/lod_transitions.jsonl","46792","2026-08-31T06:54:22.4226241Z","643E3309D89C93B10D9178A350EDDBF8D2FB034948A6951B430F407EA4C17445"
"FormalAccuracy-v1/Runs/Oracle-HarvestCap-20260831/npc_snapshots.csv","13910","2026-08-31T06:54:22.3870416Z","2E044C2DF3D7751A48727044EA1B12CDC58D3BC3C5C8B375C362962924CA235D"
"FormalAccuracy-v1/Runs/Oracle-HarvestCap-20260831/run_manifest.json","2837","2026-08-31T06:54:22.4356016Z","1E3E6E95F431D661309E31E2F86BB9476FFFEACFDE5E4D7DDD0CF999240819FF"
"FormalAccuracy-v1/Runs/Oracle-HarvestCap-20260831/simulation_events.jsonl","15496704","2026-08-31T06:54:22.4217030Z","20A5BC98EAF5C7D0FAFC1865F0EE415553DD58708FF430C281022C6C0A1294A3"
"FormalAccuracy-v1/Runs/Oracle-HarvestCap-20260832/cohort_timeseries.csv","553904","2026-08-31T06:44:01.2958759Z","E029E62BE52A9AB17A78D0E1BCC2D36DD170582485D01D771FFC54E4A97BAB81"
"FormalAccuracy-v1/Runs/Oracle-HarvestCap-20260832/kingdom_timeseries.csv","730849","2026-08-31T06:44:01.2948834Z","EE377EE274A0994FF46A6D59D516EC6EDEBCE7F0B7F2601978A9EE646C7FF6A3"
"FormalAccuracy-v1/Runs/Oracle-HarvestCap-20260832/ledger_transactions.jsonl","5590828","2026-08-31T06:44:01.3462547Z","61E3049C8DF6A8029EAD999E988C9081D53B6B6C4DC251B25D5487F8345EEDC6"
"FormalAccuracy-v1/Runs/Oracle-HarvestCap-20260832/lod_transitions.jsonl","46786","2026-08-31T06:44:01.3322553Z","238450BEFFEA395D171768750D818CB8CE71C7560F000D2956C12D5FB0DD2036"
"FormalAccuracy-v1/Runs/Oracle-HarvestCap-20260832/npc_snapshots.csv","13903","2026-08-31T06:44:01.2968840Z","5F7796C2F0AC6219729408488BFC70F16D1D9F4A3DACF173F61890FD51670C47"
"FormalAccuracy-v1/Runs/Oracle-HarvestCap-20260832/run_manifest.json","2836","2026-08-31T06:44:01.3472557Z","12E38787789FB621F8371672490AA974D37D4ADDE15FEDDFD231168A7284CDA6"
"FormalAccuracy-v1/Runs/Oracle-HarvestCap-20260832/simulation_events.jsonl","15482960","2026-08-31T06:44:01.3322553Z","611CDD56D9F66DA737DD4CB4C1236ECAA032EA3768129EDC0A307072B5E29AB9"
"FormalAccuracy-v1/Runs/Oracle-HarvestCap-20260833/cohort_timeseries.csv","554103","2026-08-31T06:54:21.1978628Z","391C5D1441C722E74480E2C628407DCB14BB113AECC797E3532AA30C53629838"
"FormalAccuracy-v1/Runs/Oracle-HarvestCap-20260833/kingdom_timeseries.csv","730897","2026-08-31T06:54:21.1968622Z","AB24E9BC3A9B75D16F61E019F430224B34700DBF3D5F32E4F6AF0A1F97E34175"
"FormalAccuracy-v1/Runs/Oracle-HarvestCap-20260833/ledger_transactions.jsonl","5589160","2026-08-31T06:54:21.2459453Z","729C9650F058AD97403C6A48AEB98988A9AA5349BA7E78BB085E356B062A7CB6"
"FormalAccuracy-v1/Runs/Oracle-HarvestCap-20260833/lod_transitions.jsonl","46772","2026-08-31T06:54:21.2344024Z","E9FF19AFFB1D790804128CC8458414048F2ABD56F9283D8D78D038F0F9C470F2"
"FormalAccuracy-v1/Runs/Oracle-HarvestCap-20260833/npc_snapshots.csv","13901","2026-08-31T06:54:21.1978628Z","35197A9157CB3B066796760B0DB4380103C8021A924A6D7BC1563DCC66EFF075"
"FormalAccuracy-v1/Runs/Oracle-HarvestCap-20260833/run_manifest.json","2837","2026-08-31T06:54:21.2459453Z","9A2E5089039019D3E92394B4F9BF932BB2623481B4AF61FE23DA4F4EB824A698"
"FormalAccuracy-v1/Runs/Oracle-HarvestCap-20260833/simulation_events.jsonl","15487528","2026-08-31T06:54:21.2324020Z","41362435A73C5549A383D2D2A50EAEC71D42389D1C74E00F65CEC37E9FAD6D2B"
"FormalAccuracy-v1/Runs/Oracle-HarvestCap-20260834/cohort_timeseries.csv","558980","2026-08-31T06:45:57.0430399Z","14F86362A5C7DA4CE99B4FFC49B355BE3790BD1C18FB6942CB8AA8002F515568"
"FormalAccuracy-v1/Runs/Oracle-HarvestCap-20260834/kingdom_timeseries.csv","730849","2026-08-31T06:45:57.0415344Z","A404C1E548A9611DA6ECA1CDB44C2C6FFBADBCABCA6AE17DBFE872B1087D5B7C"
"FormalAccuracy-v1/Runs/Oracle-HarvestCap-20260834/ledger_transactions.jsonl","5590831","2026-08-31T06:45:57.0928432Z","52B87383DDBF7C30BDA9025FDA2FF4DC332FE98D45DFC4CD073246BCDF56EA55"
"FormalAccuracy-v1/Runs/Oracle-HarvestCap-20260834/lod_transitions.jsonl","46794","2026-08-31T06:45:57.0803381Z","4BA69C4F6530DD6A4C49D9D53CF8420C522794999AB2B3A08E94A2F70A8F2B25"
"FormalAccuracy-v1/Runs/Oracle-HarvestCap-20260834/npc_snapshots.csv","13908","2026-08-31T06:45:57.0430399Z","61508DD91168AE28BC54DFC028EA4F3FC921899C0FB50E13B297F3900E25A186"
"FormalAccuracy-v1/Runs/Oracle-HarvestCap-20260834/run_manifest.json","2836","2026-08-31T06:45:57.0938472Z","E6B38738F998459A7063880E59B135F52E854C44E65F3FCA706D569F46FD94B0"
"FormalAccuracy-v1/Runs/Oracle-HarvestCap-20260834/simulation_events.jsonl","15482957","2026-08-31T06:45:57.0794227Z","CBEA824E68A841EE4D04C1C52433BC7BA26B06326F340184019AD73D6AB2CE81"
"FormalAccuracy-v1/Runs/Oracle-HarvestCap-20260835/cohort_timeseries.csv","551839","2026-08-31T06:47:06.3152810Z","6708060B5F6C65ED1CFC82CD60F69A139689433F2A47962C11EB531DB1B6AC0C"
"FormalAccuracy-v1/Runs/Oracle-HarvestCap-20260835/kingdom_timeseries.csv","730849","2026-08-31T06:47:06.3142808Z","D034059F88B8420FC705772EF48244FC473C3123952A60880BC4A5B686F82772"
"FormalAccuracy-v1/Runs/Oracle-HarvestCap-20260835/ledger_transactions.jsonl","5592494","2026-08-31T06:47:06.3664858Z","4E97A692812A39565DDC6B9880B178BF6A5DBED222E5D7969BCC4E5927D93DEA"
"FormalAccuracy-v1/Runs/Oracle-HarvestCap-20260835/lod_transitions.jsonl","46774","2026-08-31T06:47:06.3525149Z","55827DC7F74C278F93A1173B16989559141DFD399E7ED030E381699EB767B5CC"
"FormalAccuracy-v1/Runs/Oracle-HarvestCap-20260835/npc_snapshots.csv","13898","2026-08-31T06:47:06.3162815Z","623F53EEE5304C3B245C36A12B9CDD6A2DC5553698C69498966A085C878B9499"
"FormalAccuracy-v1/Runs/Oracle-HarvestCap-20260835/run_manifest.json","2837","2026-08-31T06:47:06.3664858Z","DC316E6A849A14439B43D30D1FE96DCE686F449420B8EC8A44455101FF52AA0C"
"FormalAccuracy-v1/Runs/Oracle-HarvestCap-20260835/simulation_events.jsonl","15478378","2026-08-31T06:47:06.3525149Z","706EEA200B781F75BAFFEF68C2D1213A3C9FE06585FCA8E5A92806E4258D083F"
"FormalAccuracy-v1/Runs/Oracle-HarvestCap-20260836/cohort_timeseries.csv","554074","2026-08-31T06:44:57.9983003Z","E2B2338110B6E5D3B50DCF60AF6643C08AD4CEAFB12E65ABE3B18A201808115B"
"FormalAccuracy-v1/Runs/Oracle-HarvestCap-20260836/kingdom_timeseries.csv","730897","2026-08-31T06:44:57.9963004Z","84BB0E8663BA0021ABB497CD96F906BA7BC41A1FBB80C06120E0A9D6D8A38BF5"
"FormalAccuracy-v1/Runs/Oracle-HarvestCap-20260836/ledger_transactions.jsonl","5591658","2026-08-31T06:44:58.0489346Z","E56C5EC0AFF856E28760A74BEC80E43FB5CC4EDF20950242229159126FAE08C9"
"FormalAccuracy-v1/Runs/Oracle-HarvestCap-20260836/lod_transitions.jsonl","46782","2026-08-31T06:44:58.0352497Z","AAAD1188C6D17654F1EC4B115EB4F2A4FF0E4DEACCFD9CA3B1AF3A47081FE21A"
"FormalAccuracy-v1/Runs/Oracle-HarvestCap-20260836/npc_snapshots.csv","13906","2026-08-31T06:44:57.9993464Z","DAAC5A6CAC3665070D4E7F4F0D403CB14B0B52E4054120C34B0AA1FEDE05329E"
"FormalAccuracy-v1/Runs/Oracle-HarvestCap-20260836/run_manifest.json","2835","2026-08-31T06:44:58.0500618Z","5C81D49A3B72C254E99605A5F1AD2825F43F08CE92BFCBDA5FFB357B9FA7CD1C"
"FormalAccuracy-v1/Runs/Oracle-HarvestCap-20260836/simulation_events.jsonl","15480677","2026-08-31T06:44:58.0341901Z","D36B65E2FB783BFBDBDCC8F69D09EB9F78AF0E133E7CE10770289ED9CBAB2026"
"FormalAccuracy-v1/Runs/Oracle-HarvestCap-20260837/cohort_timeseries.csv","549179","2026-08-31T06:42:26.5615193Z","58ED0D8A1E2119F97A862F44894C2BAB6F5881B4B1590A1E1C74BEBCE20D3F33"
"FormalAccuracy-v1/Runs/Oracle-HarvestCap-20260837/kingdom_timeseries.csv","730849","2026-08-31T06:42:26.5605204Z","15B83844D2158FE55CD5DCFF063B6AB4042CB67F6EAD16BF4BB7AA7DCBA379AF"
"FormalAccuracy-v1/Runs/Oracle-HarvestCap-20260837/ledger_transactions.jsonl","5592496","2026-08-31T06:42:26.6099576Z","BB7534D71CE0B79C788B4A0B500DCA078EBA945D0CA845CC55C5CF42B7EDC62C"
"FormalAccuracy-v1/Runs/Oracle-HarvestCap-20260837/lod_transitions.jsonl","46796","2026-08-31T06:42:26.5965452Z","41E1766C2EBD6F47C0C3A36A5E106837B32FAFAD99A1E90336167F6C6B20BF06"
"FormalAccuracy-v1/Runs/Oracle-HarvestCap-20260837/npc_snapshots.csv","13909","2026-08-31T06:42:26.5625189Z","7E3A5981CA466315E6B74AB704F81C71EB8FDA8648155820F2D65E6BAB8C5182"
"FormalAccuracy-v1/Runs/Oracle-HarvestCap-20260837/run_manifest.json","2834","2026-08-31T06:42:26.6108749Z","CF92D8F24B5FC4E19E2852491059222FAB3C14F95FAB5312C17619607667D874"
"FormalAccuracy-v1/Runs/Oracle-HarvestCap-20260837/simulation_events.jsonl","15478374","2026-08-31T06:42:26.5955338Z","B0C10CD3E0371AF80F004A875984AAC15BA6F01076BBA09631F678EB181A95BC"
"FormalAccuracy-v1/Runs/Oracle-HarvestCap-20260838/cohort_timeseries.csv","558030","2026-08-31T06:46:41.1342100Z","39F9EB6FDE38DC628BBF0788BCA127CAB09C38DDF246A140BC1E366E9A422A19"
"FormalAccuracy-v1/Runs/Oracle-HarvestCap-20260838/kingdom_timeseries.csv","730891","2026-08-31T06:46:41.1303702Z","45B5A373DCE7552335A05BE1D65AC444A2590363DAAD532B0AD9A74E207EDDFB"
"FormalAccuracy-v1/Runs/Oracle-HarvestCap-20260838/ledger_transactions.jsonl","5588326","2026-08-31T06:46:41.1845424Z","DB29B92144242C04151693B5AC497DD65F244EB60279F271D371D06BB4A41ABF"
"FormalAccuracy-v1/Runs/Oracle-HarvestCap-20260838/lod_transitions.jsonl","46800","2026-08-31T06:46:41.1715328Z","7E2F86FED2A92565528C995EB634A7DB90E2A32BE1B7EC8AD76BEAB2BEA8F35A"
"FormalAccuracy-v1/Runs/Oracle-HarvestCap-20260838/npc_snapshots.csv","13916","2026-08-31T06:46:41.1342100Z","97883D9C16FE5BC2943E15FDE4D912D1008787741CA6AC7814B5933DB572F7BB"
"FormalAccuracy-v1/Runs/Oracle-HarvestCap-20260838/run_manifest.json","2837","2026-08-31T06:46:41.1855389Z","61A3CB9811D2CCFB369DE98C0EF943198418BE6761E1FFA75A5FB67C1E7F08AF"
"FormalAccuracy-v1/Runs/Oracle-HarvestCap-20260838/simulation_events.jsonl","15489820","2026-08-31T06:46:41.1705282Z","B876AA600FC194EE6FEFD61D40B17F789ACF452A8960B4C1AA8022975F9CD865"
"FormalAccuracy-v1/Runs/Oracle-HarvestCap-20260839/cohort_timeseries.csv","553062","2026-08-31T06:46:56.2360948Z","76F2C0265E3D3497234A555939C128FB99122CB47981148D6BA59B032A12AFEE"
"FormalAccuracy-v1/Runs/Oracle-HarvestCap-20260839/kingdom_timeseries.csv","730849","2026-08-31T06:46:56.2350947Z","06D5E74DF70722FC44D6614D8A2AA57865FA12F516D196266FAABF581B500537"
"FormalAccuracy-v1/Runs/Oracle-HarvestCap-20260839/ledger_transactions.jsonl","5593326","2026-08-31T06:46:56.2856060Z","1542BEAE0709F7CEB91186368BF0DB6707A9850217A0005C0CA89723234550B9"
"FormalAccuracy-v1/Runs/Oracle-HarvestCap-20260839/lod_transitions.jsonl","46756","2026-08-31T06:46:56.2726052Z","5BC581656A85EE0C7D8C6693447C151896376516EC2E116CE9FEDE0012AC7612"
"FormalAccuracy-v1/Runs/Oracle-HarvestCap-20260839/npc_snapshots.csv","13896","2026-08-31T06:46:56.2370936Z","7B5B8E03CEFBC1D357E4312763083EADCB79B49626D3218A2BD0951337E5B858"
"FormalAccuracy-v1/Runs/Oracle-HarvestCap-20260839/run_manifest.json","2836","2026-08-31T06:46:56.2866058Z","37B39445717189C30DFE9104774F0391795EF3EF5F5A75D2C132073F4A6727F4"
"FormalAccuracy-v1/Runs/Oracle-HarvestCap-20260839/simulation_events.jsonl","15476089","2026-08-31T06:46:56.2726052Z","1A7C3F54306AF322A4E8F46AAED5D00ED5B0AC5EF259E3ECFBDEBB46B117C54E"
"FormalAccuracy-v1/Runs/Oracle-HarvestCap-20260840/cohort_timeseries.csv","548323","2026-08-31T06:41:13.0137506Z","39E9D3A212632C89BF4E30700355187F721C373B2B5B8C486097EB4B85E038D9"
"FormalAccuracy-v1/Runs/Oracle-HarvestCap-20260840/kingdom_timeseries.csv","730849","2026-08-31T06:41:13.0117497Z","9E2832069BD5697FFE166AE9D1A7C4AAA0A5D85ED5E249414B0D55AFEF23F817"
"FormalAccuracy-v1/Runs/Oracle-HarvestCap-20260840/ledger_transactions.jsonl","5591248","2026-08-31T06:41:13.0653074Z","D28A6ACB5E0EFCE63BD54849386A04B8A7109EB62C11079599703C893E9ECF63"
"FormalAccuracy-v1/Runs/Oracle-HarvestCap-20260840/lod_transitions.jsonl","46756","2026-08-31T06:41:13.0492457Z","B6AB5C618CD1C41B74FB8F3902CC5A2C6DBD35D08FF614A823DE0084D5706D6C"
"FormalAccuracy-v1/Runs/Oracle-HarvestCap-20260840/npc_snapshots.csv","13886","2026-08-31T06:41:13.0137506Z","1A4EEB4C3CEFB427DFDAEC113BF61A509549C4AF00C79F6209B7D2FA44E2A65B"
"FormalAccuracy-v1/Runs/Oracle-HarvestCap-20260840/run_manifest.json","2835","2026-08-31T06:41:13.0653074Z","8B71A457BDF1F0FFE2A4457E2F4D9EB24CEE01DB7B9296DCC3C789CB1B8E5EA5"
"FormalAccuracy-v1/Runs/Oracle-HarvestCap-20260840/simulation_events.jsonl","15481832","2026-08-31T06:41:13.0492457Z","00584A48F48C9C191C29C3D00F396365599406B7C195AE292FAE0BD6DB01EFC4"
"FormalAccuracy-v1/Runs/Oracle-HarvestCap-20260841/cohort_timeseries.csv","555655","2026-08-31T06:47:11.3084601Z","7B3AAEA99275146DE3E765224E39BD8AFCC188C82F09382F9EF7AA65D7061D64"
"FormalAccuracy-v1/Runs/Oracle-HarvestCap-20260841/kingdom_timeseries.csv","730849","2026-08-31T06:47:11.3064647Z","2162682D7400D6BC390CE136F930AF0CD900F9C0EADEDC53CBC743A951C35025"
"FormalAccuracy-v1/Runs/Oracle-HarvestCap-20260841/ledger_transactions.jsonl","5590826","2026-08-31T06:47:11.3590569Z","2171F1B7250D617C90928B3FE141DE41EA059E8B2A8590447B6D17B1CBC37189"
"FormalAccuracy-v1/Runs/Oracle-HarvestCap-20260841/lod_transitions.jsonl","46812","2026-08-31T06:47:11.3450435Z","1F002D14CD7FC0B85F0A72AA4DFEC3248C86B67F5631B148903EE2E44E16986D"
"FormalAccuracy-v1/Runs/Oracle-HarvestCap-20260841/npc_snapshots.csv","13926","2026-08-31T06:47:11.3084601Z","B51BBC8F540A5D46E1E9A3C65AB2FE8624C7506C161642E07384255BCC2E4112"
"FormalAccuracy-v1/Runs/Oracle-HarvestCap-20260841/run_manifest.json","2838","2026-08-31T06:47:11.3600653Z","5FD046B08977C6C8A68F293B24421375CE23B8442490FC6C06EFA6B6756959B1"
"FormalAccuracy-v1/Runs/Oracle-HarvestCap-20260841/simulation_events.jsonl","15482967","2026-08-31T06:47:11.3440414Z","A4B7309E751CCD54AB3758C96DCBE502D4765FD66902DEA72D0654D0ECD39C94"
"FormalAccuracy-v1/Runs/Oracle-HarvestCap-20260842/cohort_timeseries.csv","556115","2026-08-31T06:53:34.0510605Z","8DB7114BDE7A270E360677558C499C79ED684EF9A24A9D67913337110BA835C5"
"FormalAccuracy-v1/Runs/Oracle-HarvestCap-20260842/kingdom_timeseries.csv","730897","2026-08-31T06:53:34.0494369Z","DBB3DFD2120FBF10A8FC74F4B94E965D159E4AE69C149D0E7455F413E4FE184B"
"FormalAccuracy-v1/Runs/Oracle-HarvestCap-20260842/ledger_transactions.jsonl","5589160","2026-08-31T06:53:34.1009450Z","862AC7964745EDB297F92B28F9C9198909DE3C6A53C51D25FE4D64D1EFC3CAF4"
"FormalAccuracy-v1/Runs/Oracle-HarvestCap-20260842/lod_transitions.jsonl","46758","2026-08-31T06:53:34.0882747Z","6F0745C562298AB30F3E87D67AA3DCA50FE890DABC593C434D826ECA9823687F"
"FormalAccuracy-v1/Runs/Oracle-HarvestCap-20260842/npc_snapshots.csv","13891","2026-08-31T06:53:34.0510605Z","A09C4FADD2F07A9EDC49D927256C1451F3F549FADD36F7512C53A348CA3C7384"
"FormalAccuracy-v1/Runs/Oracle-HarvestCap-20260842/run_manifest.json","2834","2026-08-31T06:53:34.1009450Z","C3E4F8BC6F81BC6C2F8C025E04AD04DB3EB72390546E3C13472959A59AB19328"
"FormalAccuracy-v1/Runs/Oracle-HarvestCap-20260842/simulation_events.jsonl","15487532","2026-08-31T06:53:34.0863324Z","FB262D5AA84AE94C26631C3A657F4EDD056759BE01945CFCC534357C3270D206"
"FormalAccuracy-v1/Runs/Oracle-HarvestCap-20260843/cohort_timeseries.csv","552206","2026-08-31T06:43:25.8667335Z","F3410ECC54679801CCA7D39EA97887A18E4141F1FB1B2622AAFA1BC7D632D90F"
"FormalAccuracy-v1/Runs/Oracle-HarvestCap-20260843/kingdom_timeseries.csv","730897","2026-08-31T06:43:25.8647316Z","C3756BF7E2EF29B8235EB3E374C23BEA2D83AB1604BF281391EB9C1E4B0E7373"
"FormalAccuracy-v1/Runs/Oracle-HarvestCap-20260843/ledger_transactions.jsonl","5592497","2026-08-31T06:43:25.9167609Z","EA0CA88E3207FF97837742B902E59A47552A801FB9E78FA3D958FDDF9F857775"
"FormalAccuracy-v1/Runs/Oracle-HarvestCap-20260843/lod_transitions.jsonl","46762","2026-08-31T06:43:25.9036640Z","66336B5EC35D54262DB353026E59FE868163379E5283CCEC25B391CA50FAEFFE"
"FormalAccuracy-v1/Runs/Oracle-HarvestCap-20260843/npc_snapshots.csv","13892","2026-08-31T06:43:25.8667335Z","0A0B6A361C4D1E826E2A822F9B7A7AF6D0E3F2928E57185D2B5A181579FB93F8"
"FormalAccuracy-v1/Runs/Oracle-HarvestCap-20260843/run_manifest.json","2836","2026-08-31T06:43:25.9176736Z","A19F9909553EF9A8C666D15A18CC5D4A46300895212996867E0E4D232E5E8DEB"
"FormalAccuracy-v1/Runs/Oracle-HarvestCap-20260843/simulation_events.jsonl","15478393","2026-08-31T06:43:25.9026652Z","1C374B2C79283AD322A73DFD301F49B7DC339F1174D0A9C6F53B78F210D12A55"
"FormalAccuracy-v1/Runs/Oracle-HarvestCap-20260844/cohort_timeseries.csv","552638","2026-08-31T06:44:33.2889644Z","EE73C3EB273D8BFFD4B29BF54F221AF7808C83D7B48267297EBB7638E87245B0"
"FormalAccuracy-v1/Runs/Oracle-HarvestCap-20260844/kingdom_timeseries.csv","730849","2026-08-31T06:44:33.2862657Z","F36E9725D74B283201DF994225F07C4E10D064A6701DDE7A6E4F0CB567F528D2"
"FormalAccuracy-v1/Runs/Oracle-HarvestCap-20260844/ledger_transactions.jsonl","5587492","2026-08-31T06:44:33.3405148Z","756933A989A4CAB9B32FC0C8EF23A31EEB11F33F16D69FF22FCF646836489A3C"
"FormalAccuracy-v1/Runs/Oracle-HarvestCap-20260844/lod_transitions.jsonl","46748","2026-08-31T06:44:33.3265242Z","52BC06F29FFF74558776CFB8093E0225E51E7B60796D52BC40AB28808BD5EE5F"
"FormalAccuracy-v1/Runs/Oracle-HarvestCap-20260844/npc_snapshots.csv","13888","2026-08-31T06:44:33.2889644Z","8E2431C043442E89CC029729EF31D567525FF202915E388DE820FF253B8105EB"
"FormalAccuracy-v1/Runs/Oracle-HarvestCap-20260844/run_manifest.json","2837","2026-08-31T06:44:33.3405148Z","D215C56AC7C43B2ED91D1CA8592138336BB3B5CDEFFAEBF5894506C60D886F27"
"FormalAccuracy-v1/Runs/Oracle-HarvestCap-20260844/simulation_events.jsonl","15492115","2026-08-31T06:44:33.3245143Z","E03AF1CCC645FE4F7FBF1F690AD1F632413BDD74FBE9756B88F266AA4BAAFD62"
"FormalAccuracy-v1/Runs/Oracle-None-20260815/cohort_timeseries.csv","516828","2026-08-31T06:51:25.4847430Z","FD0EF2E00E4A43289EF2AA4720EE1592A130058065338B7BA844E15025423D60"
"FormalAccuracy-v1/Runs/Oracle-None-20260815/kingdom_timeseries.csv","686305","2026-08-31T06:51:25.4827436Z","7282D4485479EC252AEF27BD7C3CEF8CEF3C83F638BBFD7F03547DAA28CD76BE"
"FormalAccuracy-v1/Runs/Oracle-None-20260815/ledger_transactions.jsonl","5501700","2026-08-31T06:51:25.5339593Z","D047066C63333C0AA210993454642240C0B5FAFECDDAEC50C37A9AFCEF09BF99"
"FormalAccuracy-v1/Runs/Oracle-None-20260815/lod_transitions.jsonl","45332","2026-08-31T06:51:25.5213118Z","18188E7254A0A4CB36447D0B1DACD40254C542BC24568A0857AD1DD8ED6F8008"
"FormalAccuracy-v1/Runs/Oracle-None-20260815/npc_snapshots.csv","13180","2026-08-31T06:51:25.4847430Z","3877A86044FDA8141F18567BEFE0CF8D99056C17464DC76FFCD3ADA3D4E08F84"
"FormalAccuracy-v1/Runs/Oracle-None-20260815/run_manifest.json","2824","2026-08-31T06:51:25.5339593Z","604FDC61FA0025C6D91B76EE896653294262B8DB8B5A084FEA9B8FCFCFE32B98"
"FormalAccuracy-v1/Runs/Oracle-None-20260815/simulation_events.jsonl","15003684","2026-08-31T06:51:25.5187661Z","FA9674C0C618458BFFCA38064B5E4DA73E7230E83687E0EAEACE1AF404F6368C"
"FormalAccuracy-v1/Runs/Oracle-None-20260816/cohort_timeseries.csv","513882","2026-08-31T06:46:55.2495270Z","3B1831507F0B47E56EDEEC4D25A757BD1E041A2E1FEE4B8574C34D5CF3742198"
"FormalAccuracy-v1/Runs/Oracle-None-20260816/kingdom_timeseries.csv","686305","2026-08-31T06:46:55.2476139Z","531F99CAFA718F84A308A83B7FD97D96619851A338EE8028F5752341ADB1BD30"
"FormalAccuracy-v1/Runs/Oracle-None-20260816/ledger_transactions.jsonl","5502912","2026-08-31T06:46:55.2972300Z","34AA3C7871387DD24F4188B8A1048A727739664005FEA4A5B426590318F2F4F3"
"FormalAccuracy-v1/Runs/Oracle-None-20260816/lod_transitions.jsonl","45336","2026-08-31T06:46:55.2843725Z","FA91ACC7A05BCF47D2174AA51383C2B0992CDDFE6047CD330FE37A5321CF5322"
"FormalAccuracy-v1/Runs/Oracle-None-20260816/npc_snapshots.csv","13178","2026-08-31T06:46:55.2495270Z","B707C81900436D02B93283CB6387C312ACE8089E2E1480D4A7C76CA5E4AA5DFE"
"FormalAccuracy-v1/Runs/Oracle-None-20260816/run_manifest.json","2823","2026-08-31T06:46:55.2972300Z","68870F72C310B531511200960A5BA69956F97EF050EC2354C3227CE1CBD2FDE8"
"FormalAccuracy-v1/Runs/Oracle-None-20260816/simulation_events.jsonl","15000363","2026-08-31T06:46:55.2832230Z","3F4A954C2C80A719588A090B655DC69629D34F622266489BC542E989D59D3A9C"
"FormalAccuracy-v1/Runs/Oracle-None-20260817/cohort_timeseries.csv","516966","2026-08-31T06:48:49.4754891Z","AA1D66337131B19D3F038E9E51C573D1DAB5CBEC662839BF31294324B3446909"
"FormalAccuracy-v1/Runs/Oracle-None-20260817/kingdom_timeseries.csv","686305","2026-08-31T06:48:49.4734928Z","7544A2307D9999001E65BAFBF11FFD89A68FE5752AD2E102E7187E0B2CB30635"
"FormalAccuracy-v1/Runs/Oracle-None-20260817/ledger_transactions.jsonl","5503725","2026-08-31T06:48:49.5247085Z","339E7D1AC90F854CDCB8E932D1CA6B011E0A1BF53C3B08E8417BFB3A83CDD369"
"FormalAccuracy-v1/Runs/Oracle-None-20260817/lod_transitions.jsonl","45346","2026-08-31T06:48:49.5111062Z","FFBE74D3B43939D32D1631EA1AAA691FDC5D8CFF6CD5DC26B400E29E29511A61"
"FormalAccuracy-v1/Runs/Oracle-None-20260817/npc_snapshots.csv","13196","2026-08-31T06:48:49.4764804Z","075AF5A895B9CA63FEA17EE9BE42F6EC20B34CCD1269C5B691BC569A574F07D7"
"FormalAccuracy-v1/Runs/Oracle-None-20260817/run_manifest.json","2821","2026-08-31T06:48:49.5247085Z","37F690C035CAA66DCDAA73BEED9ABAC1C6006B6BB13C5258FCF1B46A64FCCB08"
"FormalAccuracy-v1/Runs/Oracle-None-20260817/simulation_events.jsonl","14998157","2026-08-31T06:48:49.5111062Z","D651DBBC67661B4F0F5AEBF1E6FB3F9E19766F953507FEE49C67CDF0BE6F6DFE"
"FormalAccuracy-v1/Runs/Oracle-None-20260818/cohort_timeseries.csv","514131","2026-08-31T06:51:49.0565123Z","F52A82F2B90DBAB2312C9B93A6F98F57E0D8B0334DCEDDBA8D54BAC1A337D0AD"
"FormalAccuracy-v1/Runs/Oracle-None-20260818/kingdom_timeseries.csv","686257","2026-08-31T06:51:49.0554564Z","6733A871149E6313577210220576F403AA73A11C1B0E064DA73ED363CE733CFC"
"FormalAccuracy-v1/Runs/Oracle-None-20260818/ledger_transactions.jsonl","5504126","2026-08-31T06:51:49.1047417Z","C63E533A421669FC7563C49EE64E674060630AD677E58A6DB246111FA1F9759B"
"FormalAccuracy-v1/Runs/Oracle-None-20260818/lod_transitions.jsonl","45330","2026-08-31T06:51:49.0916520Z","2E3B0321ED8F033E800A24D34B2423F5C09CA044AC3EAFC764A4CA19552B1E9E"
"FormalAccuracy-v1/Runs/Oracle-None-20260818/npc_snapshots.csv","13184","2026-08-31T06:51:49.0574781Z","6029334F8AE9F2582617BDE5A7A1423B11846E2A1F13A07546FE7EB6AD48EF96"
"FormalAccuracy-v1/Runs/Oracle-None-20260818/run_manifest.json","2825","2026-08-31T06:51:49.1047417Z","855A94287DFD4FFFB9B291EEF26F05C7C033726A814456C3ADE3D1F4B15460F3"
"FormalAccuracy-v1/Runs/Oracle-None-20260818/simulation_events.jsonl","14997055","2026-08-31T06:51:49.0906516Z","59644602308DF5ED294F1B19E7FC7CB6ECCE570DFAE378459369D36B52CD559E"
"FormalAccuracy-v1/Runs/Oracle-None-20260819/cohort_timeseries.csv","510567","2026-08-31T06:42:08.1663589Z","1724CAEC1CE1FF70F0AE3C2713E8479A9B673E206F1CDEFAAE4A34C2120714A0"
"FormalAccuracy-v1/Runs/Oracle-None-20260819/kingdom_timeseries.csv","686329","2026-08-31T06:42:08.1653597Z","9447E7355447ECA459DB44A820E9BDD7B38240FF7A0D830330778F73BF15D2B0"
"FormalAccuracy-v1/Runs/Oracle-None-20260819/ledger_transactions.jsonl","5500480","2026-08-31T06:42:08.2156448Z","8EA18792164FD2F3376882F512530A10A076A6CF8806D331AA2B8FB144850190"
"FormalAccuracy-v1/Runs/Oracle-None-20260819/lod_transitions.jsonl","45392","2026-08-31T06:42:08.2025471Z","BE0E1AA00131DCF4852B6203452ED859D2B524ABF7D12AEA23D2B4A15C86B30D"
"FormalAccuracy-v1/Runs/Oracle-None-20260819/npc_snapshots.csv","13209","2026-08-31T06:42:08.1673594Z","921F82ECB1D3BC084A82710E40F7FA408F0A9AAE75D8380018D469824F01A0C2"
"FormalAccuracy-v1/Runs/Oracle-None-20260819/run_manifest.json","2822","2026-08-31T06:42:08.2156448Z","9B014BD3A6E5CE422A192A996B3ADE256727B09DFF5B436D9187FC6370167767"
"FormalAccuracy-v1/Runs/Oracle-None-20260819/simulation_events.jsonl","15007014","2026-08-31T06:42:08.2015466Z","BFC814312AFC8DE2990F5A7132CA3E096A69CEC50B7C7DD3F0B6A271F8B1430E"
"FormalAccuracy-v1/Runs/Oracle-None-20260820/cohort_timeseries.csv","520698","2026-08-31T06:43:24.8919334Z","B8E0CB98B1818D7C6C34067A05E20065A4070119AB30505D6B9C4EA5092F4825"
"FormalAccuracy-v1/Runs/Oracle-None-20260820/kingdom_timeseries.csv","686257","2026-08-31T06:43:24.8899358Z","A284A97CEE99D599672C9C818328C9E7AED5038C29DE82F3EE0891FE233A53FA"
"FormalAccuracy-v1/Runs/Oracle-None-20260820/ledger_transactions.jsonl","5505338","2026-08-31T06:43:24.9414698Z","6B157F478AD8BA285162DA0F08417C51EB42A33AC3EFF170F797F664202FF2EC"
"FormalAccuracy-v1/Runs/Oracle-None-20260820/lod_transitions.jsonl","45328","2026-08-31T06:43:24.9274690Z","F662FE852711D8C24597D55679F2DF9AA4EE7EF562B47D070D7B8D345A498F26"
"FormalAccuracy-v1/Runs/Oracle-None-20260820/npc_snapshots.csv","13178","2026-08-31T06:43:24.8929324Z","9CBBC39F5CCDBCC493A26027358057A95AE34987816BDDCC04032981C1A543E3"
"FormalAccuracy-v1/Runs/Oracle-None-20260820/run_manifest.json","2823","2026-08-31T06:43:24.9414698Z","99CE0FFB880B435BD6123BD3BDFE51EFDEE7A340F69AF6C8AEBCAC20C16BCAA9"
"FormalAccuracy-v1/Runs/Oracle-None-20260820/simulation_events.jsonl","14993710","2026-08-31T06:43:24.9264770Z","E95FF08E6B455606F3E6930BD6C6A4B4E8AF4158F97A83C02BCC40B8AB0A9274"
"FormalAccuracy-v1/Runs/Oracle-None-20260821/cohort_timeseries.csv","512660","2026-08-31T06:49:18.1181391Z","B65DC0739131CB13E5E6D75ED36BEA0302FE207097EA29FF06B6CB6F4F2EC478"
"FormalAccuracy-v1/Runs/Oracle-None-20260821/kingdom_timeseries.csv","686305","2026-08-31T06:49:18.1161382Z","3A4BD3BC1F2438F0E1C033FE2B7C3DCDAC2140532E7ED385A4E286413EB51C7B"
"FormalAccuracy-v1/Runs/Oracle-None-20260821/ledger_transactions.jsonl","5498860","2026-08-31T06:49:18.1660134Z","3A6A892BE887C94369F9AE5D24BDA6A6259DA2D877DCE587E1406576ED3D7FC9"
"FormalAccuracy-v1/Runs/Oracle-None-20260821/lod_transitions.jsonl","45324","2026-08-31T06:49:18.1530084Z","3FC43ABD30DDD20BAF50EC573B10128A8F375DBA0BE4FCFB86B7B27668C60363"
"FormalAccuracy-v1/Runs/Oracle-None-20260821/npc_snapshots.csv","13174","2026-08-31T06:49:18.1181391Z","9498ED49655619FA09D3A74111F7E3B44F0E7B0EBE7A18EB31F22D9CF9841632"
"FormalAccuracy-v1/Runs/Oracle-None-20260821/run_manifest.json","2826","2026-08-31T06:49:18.1660134Z","561B204ED20026052A265F832FB8F1DD22128593A5A0881237C2C6C240BA2D11"
"FormalAccuracy-v1/Runs/Oracle-None-20260821/simulation_events.jsonl","15011459","2026-08-31T06:49:18.1520087Z","1F81BE0D5CAE6A2CB845FA68E4ED55FC1C04A8BD94E55B6DA5F3CE97C6A8DB12"
"FormalAccuracy-v1/Runs/Oracle-None-20260822/cohort_timeseries.csv","507461","2026-08-31T06:51:00.0029264Z","28CA8238913012EDF1DA43D2D232D6AC0F4F1DD91433433FD61353DA30772D0B"
"FormalAccuracy-v1/Runs/Oracle-None-20260822/kingdom_timeseries.csv","686257","2026-08-31T06:51:00.0009275Z","15481688FE4751A54F96A641EEBE38FC72A0BB1FFC32196809A7158D10E7AE79"
"FormalAccuracy-v1/Runs/Oracle-None-20260822/ledger_transactions.jsonl","5502505","2026-08-31T06:51:00.0494594Z","477985C3A11EE229D783BBD93C2A57535B468AC1AA39BA15AEEF9533406304D6"
"FormalAccuracy-v1/Runs/Oracle-None-20260822/lod_transitions.jsonl","45400","2026-08-31T06:51:00.0359481Z","E7F30DC9BFEF64156FEEA03D219CA1A32D26F6CBA558482306C164744F51C216"
"FormalAccuracy-v1/Runs/Oracle-None-20260822/npc_snapshots.csv","13208","2026-08-31T06:51:00.0029264Z","9DDD73B2804DB433866E545A1B56AF5E851599E9C9E82F716296818FC37B177A"
"FormalAccuracy-v1/Runs/Oracle-None-20260822/run_manifest.json","2825","2026-08-31T06:51:00.0494594Z","3ED42A997789F727FD05B31D6550ABC57C7C9B0FC149CEE0305F30E59C6F43AF"
"FormalAccuracy-v1/Runs/Oracle-None-20260822/simulation_events.jsonl","15001472","2026-08-31T06:51:00.0359481Z","AC388A5E1759961713797F3F2F17663160397BF94303F7C6F8CBD7891D22671E"
"FormalAccuracy-v1/Runs/Oracle-None-20260823/cohort_timeseries.csv","521150","2026-08-31T06:48:10.4916519Z","B3E1FF9740146CDA8529192DCA1A38AD22100E1B42980D48A3DD4313004ACDFF"
"FormalAccuracy-v1/Runs/Oracle-None-20260823/kingdom_timeseries.csv","686257","2026-08-31T06:48:10.4896196Z","1CE319CFEFADC380BFCF5316779A687318FC8EDDDEFDC3DE87B91EC5398ED38A"
"FormalAccuracy-v1/Runs/Oracle-None-20260823/ledger_transactions.jsonl","5504533","2026-08-31T06:48:10.5386510Z","88BC64E8564AE158C95302C5FFA4ECA67E1AF02374472821F53D4AC09FBFE967"
"FormalAccuracy-v1/Runs/Oracle-None-20260823/lod_transitions.jsonl","45376","2026-08-31T06:48:10.5256702Z","C3D8FE5EF9629BE905B1513828507140A0171445B369B50D57037B98C7D5C3B6"
"FormalAccuracy-v1/Runs/Oracle-None-20260823/npc_snapshots.csv","13208","2026-08-31T06:48:10.4916519Z","FA18C88158C331CAC7EA8E37ADA92E635B7C69945CBE818347700FE2B06478D7"
"FormalAccuracy-v1/Runs/Oracle-None-20260823/run_manifest.json","2825","2026-08-31T06:48:10.5395462Z","CF0E29C18452412DFF052ADE51C3AC143E74E850724CF85A9D59DFB3EFFA2D31"
"FormalAccuracy-v1/Runs/Oracle-None-20260823/simulation_events.jsonl","14995948","2026-08-31T06:48:10.5246618Z","FB5DF92422418E1D6BD9D2C915A641725C39C8DC6AC504F809B541D3C0E0120D"
"FormalAccuracy-v1/Runs/Oracle-None-20260824/cohort_timeseries.csv","520234","2026-08-31T06:45:14.5262254Z","CF2CC532675FD8AD720E2643447863BCBE109830AC5AE59FEEF12F47501A24D7"
"FormalAccuracy-v1/Runs/Oracle-None-20260824/kingdom_timeseries.csv","686305","2026-08-31T06:45:14.5242230Z","A46A41417302DEBFB0CB4CAC208743136C1FBBCB04E76AF6A8F647741F016BF0"
"FormalAccuracy-v1/Runs/Oracle-None-20260824/ledger_transactions.jsonl","5504127","2026-08-31T06:45:14.5747078Z","D730D2270159AB7D00EBE51EBDA9D9D78610B14D1467EF7D360450DB118F101F"
"FormalAccuracy-v1/Runs/Oracle-None-20260824/lod_transitions.jsonl","45326","2026-08-31T06:45:14.5611133Z","441F363736C1702EB5C6D0A1B29B791201E44122A30133867AB566B2DA409CB4"
"FormalAccuracy-v1/Runs/Oracle-None-20260824/npc_snapshots.csv","13170","2026-08-31T06:45:14.5272241Z","A665DDFD82BFEA1E2B058B441550D72A2835D1D17395786FF30D1ABD1EE410A2"
"FormalAccuracy-v1/Runs/Oracle-None-20260824/run_manifest.json","2826","2026-08-31T06:45:14.5756246Z","1C4C23B6C7774085F871C2183E9750D694C33E55B2B91AE8FC63562749BA8407"
"FormalAccuracy-v1/Runs/Oracle-None-20260824/simulation_events.jsonl","14997030","2026-08-31T06:45:14.5611133Z","97255E715EA085871E6C8A2A537AA5830C647AF7CC5D7B24C10F46ED2AB43485"
"FormalAccuracy-v1/Runs/Oracle-None-20260825/cohort_timeseries.csv","509092","2026-08-31T06:48:27.2569026Z","68B27809A413C91CB05017CD1DF7527DFE4E9955498BE8E39429948DD28FA2A7"
"FormalAccuracy-v1/Runs/Oracle-None-20260825/kingdom_timeseries.csv","686257","2026-08-31T06:48:27.2548994Z","760094AEF29D72BECC2815509EAAC023B30D27FDEA3B155D6F11C7AE4418AE8C"
"FormalAccuracy-v1/Runs/Oracle-None-20260825/ledger_transactions.jsonl","5502102","2026-08-31T06:48:27.3052446Z","4AED7B4212697A70BAC175C3B57E67CFFFC0211ACCAAACCAE29427660540C42A"
"FormalAccuracy-v1/Runs/Oracle-None-20260825/lod_transitions.jsonl","45326","2026-08-31T06:48:27.2932367Z","3DD3F2B0AF4DFD62AA6A7C0211A3732C47381233683D2028755F6B0E45377FB0"
"FormalAccuracy-v1/Runs/Oracle-None-20260825/npc_snapshots.csv","13176","2026-08-31T06:48:27.2569026Z","F992A43D1EDE0301BA6AAAC2ED9FF66043A4665EEB239531D406EACDC0E864AA"
"FormalAccuracy-v1/Runs/Oracle-None-20260825/run_manifest.json","2823","2026-08-31T06:48:27.3062605Z","2446BDCFF785A42AD03164B25F5B23A0558D50E1D52643E577B51694D95244E3"
"FormalAccuracy-v1/Runs/Oracle-None-20260825/simulation_events.jsonl","15002571","2026-08-31T06:48:27.2912443Z","44DF889163EE66BBC7DC83C85839202138032A486E2EB270678B5D5B0466DCD3"
"FormalAccuracy-v1/Runs/Oracle-None-20260826/cohort_timeseries.csv","517703","2026-08-31T06:47:46.6232564Z","1492E508E55DC8141F569E7FD533121F63EF9638C3BB02B9B331734A5639CB02"
"FormalAccuracy-v1/Runs/Oracle-None-20260826/kingdom_timeseries.csv","686257","2026-08-31T06:47:46.6213364Z","34AE98B48182D2C38A9B5E89E706A128C5D3745730E5972A768CFD556DDFF0D0"
"FormalAccuracy-v1/Runs/Oracle-None-20260826/ledger_transactions.jsonl","5504937","2026-08-31T06:47:46.6689430Z","1C407870F42F89BEF291842A7D89BF99DF171CD36E251422A4C1409D5C8A71BE"
"FormalAccuracy-v1/Runs/Oracle-None-20260826/lod_transitions.jsonl","45352","2026-08-31T06:47:46.6569424Z","DAE5C9FB4A8A1C6E2931EDA47670927DA1C5294FC16CC9AA6A8A9A521B048223"
"FormalAccuracy-v1/Runs/Oracle-None-20260826/npc_snapshots.csv","13194","2026-08-31T06:47:46.6232564Z","459C0F4F81B734B4997CE56DD50F3ECCB4A7DB20C69015B3FA2FAF7F417BEDE8"
"FormalAccuracy-v1/Runs/Oracle-None-20260826/run_manifest.json","2824","2026-08-31T06:47:46.6689430Z","CF4BEA1B59ABEAF31B37502E5BF26A15AA789488FCBF87472CD9DF27EB8656AF"
"FormalAccuracy-v1/Runs/Oracle-None-20260826/simulation_events.jsonl","14994808","2026-08-31T06:47:46.6559423Z","0AD8285FE299D821B930F703C369DE8B2E2998000D929E2B0B1701C761594E78"
"FormalAccuracy-v1/Runs/Oracle-None-20260827/cohort_timeseries.csv","517399","2026-08-31T06:50:39.7092239Z","E8FA9B36072262C9B8E72987206DCDDAD5F58C638F4A4A7561BEA2B7AEB5B6B4"
"FormalAccuracy-v1/Runs/Oracle-None-20260827/kingdom_timeseries.csv","686257","2026-08-31T06:50:39.7083099Z","DC44C369AC69D3F873E34D2D1325E4CDDF7E7AE606FEA6E5C9290AD1A39EBD3A"
"FormalAccuracy-v1/Runs/Oracle-None-20260827/ledger_transactions.jsonl","5505343","2026-08-31T06:50:39.7551824Z","77585BC707DFC54BB705E19BF4C2E4D695DC91BF1FC790299B0A33CCE2D41AE9"
"FormalAccuracy-v1/Runs/Oracle-None-20260827/lod_transitions.jsonl","45398","2026-08-31T06:50:39.7426693Z","D8E58CE8B0BA42C61A4384DF8679DB299E658EFC522DB4268772A14434A84F8F"
"FormalAccuracy-v1/Runs/Oracle-None-20260827/npc_snapshots.csv","13215","2026-08-31T06:50:39.7103155Z","7DF1F7915A5F54E7B804B321CF6402A54F69E373B1DF77F38A34B08EBA94B888"
"FormalAccuracy-v1/Runs/Oracle-None-20260827/run_manifest.json","2826","2026-08-31T06:50:39.7551824Z","70E643FB972B9D79652E24B745059E9C921DC66BED4335FC6CBA32246CFFCD34"
"FormalAccuracy-v1/Runs/Oracle-None-20260827/simulation_events.jsonl","14993726","2026-08-31T06:50:39.7426693Z","19520D37052F1D00F1737AD44AA63F1CEAE10910835219628B60A818290D1F6E"
"FormalAccuracy-v1/Runs/Oracle-None-20260828/cohort_timeseries.csv","504009","2026-08-31T06:47:48.6005105Z","FD864D98F0366CC055A512F6425E446515EA4711AAF3DB16C192F60203953848"
"FormalAccuracy-v1/Runs/Oracle-None-20260828/kingdom_timeseries.csv","686305","2026-08-31T06:47:48.5985070Z","03D8975F679A9B27AAF1056BD6F07CF1FBF6D14AF1F5DAEEF62BAAB39B199EDD"
"FormalAccuracy-v1/Runs/Oracle-None-20260828/ledger_transactions.jsonl","5503319","2026-08-31T06:47:48.6473748Z","F274220799605DEBDAC960BD576AC9480C39555CF1692C1ED37853D85E6FBB5D"
"FormalAccuracy-v1/Runs/Oracle-None-20260828/lod_transitions.jsonl","45362","2026-08-31T06:47:48.6347796Z","B5135778F314B7E1227584FE649ABC63104A42EE3866B128D38438CAB59C526A"
"FormalAccuracy-v1/Runs/Oracle-None-20260828/npc_snapshots.csv","13190","2026-08-31T06:47:48.6005105Z","9AAEB6B5831589733E6B4E07CADE418BD7DD98A08BCCFEDC34CC3E23531BA611"
"FormalAccuracy-v1/Runs/Oracle-None-20260828/run_manifest.json","2824","2026-08-31T06:47:48.6483696Z","B53F96B04760D0C511276AFF5B3E5F4D6C18AF1CA07F31B123011793030E30DC"
"FormalAccuracy-v1/Runs/Oracle-None-20260828/simulation_events.jsonl","14999249","2026-08-31T06:47:48.6337715Z","ED65BB0DC4DB721879DA6AFEF37649E2A7C37591F4BD41BC1E1FD359F46B0E3B"
"FormalAccuracy-v1/Runs/Oracle-None-20260829/cohort_timeseries.csv","513939","2026-08-31T06:48:35.6149970Z","52DBA60E7BE0578F8D710C1AF0DBAF6ADE6F3648AFD9647BCCD7E937FF9F668C"
"FormalAccuracy-v1/Runs/Oracle-None-20260829/kingdom_timeseries.csv","686305","2026-08-31T06:48:35.6129935Z","A589FEBB5A11C718C1140F8B08423B1E948F27D774596D1B7A5C290FE8B2E56A"
"FormalAccuracy-v1/Runs/Oracle-None-20260829/ledger_transactions.jsonl","5502105","2026-08-31T06:48:35.6590273Z","0E3EB54E600364880452199F7735BED313BA6E91CCDC2F1F14E55D9445D4E69F"
"FormalAccuracy-v1/Runs/Oracle-None-20260829/lod_transitions.jsonl","45330","2026-08-31T06:48:35.6480193Z","3C777EA1B44DCF4FD66ED58BB7B08D96782F35F2DB6C16D3096E565373D58E9C"
"FormalAccuracy-v1/Runs/Oracle-None-20260829/npc_snapshots.csv","13181","2026-08-31T06:48:35.6149970Z","5E72EF22C73EC4330F9F70F62C20C8B0EB170F0D7D7A3D1F5F57C23D054C8D83"
"FormalAccuracy-v1/Runs/Oracle-None-20260829/run_manifest.json","2824","2026-08-31T06:48:35.6600259Z","9AC432F73299A457D5D9BE6DD4BDE5F791A01FED975F54C39A8E1ECE6471D56F"
"FormalAccuracy-v1/Runs/Oracle-None-20260829/simulation_events.jsonl","15002592","2026-08-31T06:48:35.6460211Z","03B9A93D0FCFD5A036E64A0D98CB7A1C16E578FDE2C30CE5349F10EF9B26AAFA"
"FormalAccuracy-v1/Runs/Oracle-None-20260830/cohort_timeseries.csv","510714","2026-08-31T06:42:32.5524308Z","8BE8E5F25A01642B791FC0F307C5BA0D5D36480B2EC8F838AC687DFA8516589C"
"FormalAccuracy-v1/Runs/Oracle-None-20260830/kingdom_timeseries.csv","686257","2026-08-31T06:42:32.5503888Z","D0FA3B9F144E2E118A1898C57889E143FF2A2053A6BB77589D47DED12A550ECB"
"FormalAccuracy-v1/Runs/Oracle-None-20260830/ledger_transactions.jsonl","5503722","2026-08-31T06:42:32.6015202Z","03756B2080B673431DF8AB187E8D227D826F14FB9B31AAC9DACADCC94442327C"
"FormalAccuracy-v1/Runs/Oracle-None-20260830/lod_transitions.jsonl","45372","2026-08-31T06:42:32.5875467Z","C84BF865C520A47DF030B50D12CD59FA263B41F2CA79E0C540E1AE9892EB5B43"
"FormalAccuracy-v1/Runs/Oracle-None-20260830/npc_snapshots.csv","13197","2026-08-31T06:42:32.5524308Z","784CE42BD11B9BF86879DDFE688018D6B44E6DFAD787E29284FEC5729778B4B5"
"FormalAccuracy-v1/Runs/Oracle-None-20260830/run_manifest.json","2822","2026-08-31T06:42:32.6015202Z","C255F6675C930FEBB7D7563E06D0E6A06CB3ACE2210495A729BD548E70471EBF"
"FormalAccuracy-v1/Runs/Oracle-None-20260830/simulation_events.jsonl","14998142","2026-08-31T06:42:32.5866054Z","FE54A9CDE01697000DE19A0083FA0EF4FA8EFCE5D6FB8D0EBFECA0B435801AD4"
"FormalAccuracy-v1/Runs/Oracle-None-20260831/cohort_timeseries.csv","521455","2026-08-31T06:43:28.0363894Z","093451722FFDC124D8D8C2B560200FA8E98C84C6B7AE1FA8FAAFBC0452BA4354"
"FormalAccuracy-v1/Runs/Oracle-None-20260831/kingdom_timeseries.csv","686305","2026-08-31T06:43:28.0343901Z","A59306372F579A52702741765C3A8897CB75F343639B4D691781F3193875D8B1"
"FormalAccuracy-v1/Runs/Oracle-None-20260831/ledger_transactions.jsonl","5498862","2026-08-31T06:43:28.0853573Z","A242BCA4ED09348661A78736483696BD405DC2DB15CC7ED00E6FC7D84ED878F6"
"FormalAccuracy-v1/Runs/Oracle-None-20260831/lod_transitions.jsonl","45352","2026-08-31T06:43:28.0717490Z","2997B1164437621D203CB318773B1B09D60572130F82E5FA56AD10718A0ED7E7"
"FormalAccuracy-v1/Runs/Oracle-None-20260831/npc_snapshots.csv","13190","2026-08-31T06:43:28.0363894Z","3C85C4D221046CD2C4F79A75891E9A72633DB736DAE108A98C98D712981C19F7"
"FormalAccuracy-v1/Runs/Oracle-None-20260831/run_manifest.json","2822","2026-08-31T06:43:28.0853573Z","14E6E251ED84BE7AEF30DCCF631579B4A1A1DA830E2F9CCF3BE1EDA4FE34C9A0"
"FormalAccuracy-v1/Runs/Oracle-None-20260831/simulation_events.jsonl","15011455","2026-08-31T06:43:28.0704934Z","0651C46A5A2E43D8BB29EC62FC72CF50597396007E796CE31CC7B99CDE84EF78"
"FormalAccuracy-v1/Runs/Oracle-None-20260832/cohort_timeseries.csv","512084","2026-08-31T06:47:12.2968086Z","D48B1DF0D89F2F5E008A6709311104C9EBECB496A547C4437D4D2314EDF0E1A4"
"FormalAccuracy-v1/Runs/Oracle-None-20260832/kingdom_timeseries.csv","686257","2026-08-31T06:47:12.2958093Z","DB8E52C84D40E93AF5D687226A6FAB2C62280325F417FE11118FED912AAAA922"
"FormalAccuracy-v1/Runs/Oracle-None-20260832/ledger_transactions.jsonl","5503722","2026-08-31T06:47:12.3458379Z","44E4CC7CE97E70AE7DEBA909AAA88FD4E0D049F2E8C3480129FAA6FBD7F4A038"
"FormalAccuracy-v1/Runs/Oracle-None-20260832/lod_transitions.jsonl","45346","2026-08-31T06:47:12.3323208Z","DBD692A979E820AD805AFAF0B5E9E88EFA1DD908B7CC25894233C914323ECC39"
"FormalAccuracy-v1/Runs/Oracle-None-20260832/npc_snapshots.csv","13183","2026-08-31T06:47:12.2968086Z","C545DC6CBCD6A93D93C81CB8E4DF5D30F05D0443BAE812C1E298D945F0432678"
"FormalAccuracy-v1/Runs/Oracle-None-20260832/run_manifest.json","2825","2026-08-31T06:47:12.3458379Z","9247D3BA3249B3F0870219BE69A55DC0EF980398A774E67B380D0EF48E9571A6"
"FormalAccuracy-v1/Runs/Oracle-None-20260832/simulation_events.jsonl","14998143","2026-08-31T06:47:12.3323208Z","99A8AF0FF15918453E475FE9683F0B86E1839347E1203D6DD271320D7B21BC30"
"FormalAccuracy-v1/Runs/Oracle-None-20260833/cohort_timeseries.csv","512247","2026-08-31T06:49:35.5074610Z","2B60419B159F39CEA73CC5F3D6FDCDD1387B32B9A23C3EFDEBA24ABBB1A40732"
"FormalAccuracy-v1/Runs/Oracle-None-20260833/kingdom_timeseries.csv","686305","2026-08-31T06:49:35.5054584Z","16A46790C332204F56E220B91E5305A3B8E7AE426956B506A6C74FFFBAFE699B"
"FormalAccuracy-v1/Runs/Oracle-None-20260833/ledger_transactions.jsonl","5502102","2026-08-31T06:49:35.5555289Z","3EF082675EB08A01742BD1EA4B7B30427F3CFFC28BBB3BD11BAB5594C3C68045"
"FormalAccuracy-v1/Runs/Oracle-None-20260833/lod_transitions.jsonl","45332","2026-08-31T06:49:35.5435411Z","9FCC18132E474BA611FC748A42EC8BF609C48904053845C381EE582832116AAD"
"FormalAccuracy-v1/Runs/Oracle-None-20260833/npc_snapshots.csv","13181","2026-08-31T06:49:35.5074610Z","6982DB94AAC4731381D1AA3A1A8EAA8FD8FC2B4C9EC7FDE7DDB309041FB3D497"
"FormalAccuracy-v1/Runs/Oracle-None-20260833/run_manifest.json","2823","2026-08-31T06:49:35.5565394Z","16C5EE7AA496333A8F9E4D8EDBA2ECA48E0B7507E0357F544F6EBB10B8C042CD"
"FormalAccuracy-v1/Runs/Oracle-None-20260833/simulation_events.jsonl","15002569","2026-08-31T06:49:35.5415222Z","6D7FF9A9E863440FD3626C3CA8EB7490C55907CF90CE30A89C50B1C95F189EDE"
"FormalAccuracy-v1/Runs/Oracle-None-20260834/cohort_timeseries.csv","516740","2026-08-31T06:46:08.5713949Z","10B4C4B16FADA88E3555F80A9CD7E41106AC770B824C58DD3A5DBEF087876D67"
"FormalAccuracy-v1/Runs/Oracle-None-20260834/kingdom_timeseries.csv","686257","2026-08-31T06:46:08.5688535Z","F9C8D33C1A370C9D152625BD0DFD856CBFCFF88BBA2DE4EA6C8E6F13331658B3"
"FormalAccuracy-v1/Runs/Oracle-None-20260834/ledger_transactions.jsonl","5503725","2026-08-31T06:46:08.6201964Z","54DA4B4D6B3DD2FAE15555D73605B3A82BCD55DD6D3EDF987EDD75921A0474EC"
"FormalAccuracy-v1/Runs/Oracle-None-20260834/lod_transitions.jsonl","45354","2026-08-31T06:46:08.6070754Z","881F93F3424C638245516D57034B3469B04F8872CBE368CF7FB70CCFDA75CFC0"
"FormalAccuracy-v1/Runs/Oracle-None-20260834/npc_snapshots.csv","13188","2026-08-31T06:46:08.5713949Z","4A496148D5249664B1BCDB1D09CD7734D29395C1E9DA246E51EC5F853AFA655A"
"FormalAccuracy-v1/Runs/Oracle-None-20260834/run_manifest.json","2824","2026-08-31T06:46:08.6213858Z","9469ACF6C3D6AFBE5EA12BE8F553F9424FBFA5E961786E6232747F8069BAD2BC"
"FormalAccuracy-v1/Runs/Oracle-None-20260834/simulation_events.jsonl","14998140","2026-08-31T06:46:08.6060770Z","70C58AADF4E77B36F8D5E7B7EE3BC0EB89CC3C5B6C41C4F8639F7E475CB70B7C"
"FormalAccuracy-v1/Runs/Oracle-None-20260835/cohort_timeseries.csv","510163","2026-08-31T06:54:17.1788958Z","74332E461BBCAA7728CAEBF2CE5E31C96ECFFD4F730822B1C990C5275A302BA4"
"FormalAccuracy-v1/Runs/Oracle-None-20260835/kingdom_timeseries.csv","686257","2026-08-31T06:54:17.1769390Z","CA51991FD1B1BDEEBB00E879E9FD7CA450465A7F33BB39C1FC7B43B4EE63BF4F"
"FormalAccuracy-v1/Runs/Oracle-None-20260835/ledger_transactions.jsonl","5505340","2026-08-31T06:54:17.2265487Z","6EE923B6218EC60F95036FDCBDD4D3426562DDD8F16D918B27C49CC378C26158"
"FormalAccuracy-v1/Runs/Oracle-None-20260835/lod_transitions.jsonl","45334","2026-08-31T06:54:17.2141183Z","01D87D84D45F4BD69897C900B2638CFA6C26E5F11F1B037652DFA0644702E241"
"FormalAccuracy-v1/Runs/Oracle-None-20260835/npc_snapshots.csv","13178","2026-08-31T06:54:17.1788958Z","3EA3ED2CAAE432A999673DA47AB00EE708E630ED9D5A7FE3EEA7B438E4FF8624"
"FormalAccuracy-v1/Runs/Oracle-None-20260835/run_manifest.json","2823","2026-08-31T06:54:17.2276926Z","42013EE71BB94675427E434958841855D595F63007383053A4A371C9286FB2AB"
"FormalAccuracy-v1/Runs/Oracle-None-20260835/simulation_events.jsonl","14993705","2026-08-31T06:54:17.2131166Z","C8B42BA31858C2FD0C1F776D4393BA296D9420F4610C45EA5084DB6D2F0947F3"
"FormalAccuracy-v1/Runs/Oracle-None-20260836/cohort_timeseries.csv","512218","2026-08-31T06:46:57.2227853Z","757469690C337F9057154F4D4682A9D735603394F0B9839E8A3EDFC604FB2CD0"
"FormalAccuracy-v1/Runs/Oracle-None-20260836/kingdom_timeseries.csv","686305","2026-08-31T06:46:57.2207824Z","9A82697D927E6076B5CD817D180D4257E7E6BD8467ADFCDA435910B0BD38231A"
"FormalAccuracy-v1/Runs/Oracle-None-20260836/ledger_transactions.jsonl","5504528","2026-08-31T06:46:57.2693068Z","36D731E07403BB70A15FE061B23239EB2F10913DF3DBF1261B1C1A1AE1BAE0C0"
"FormalAccuracy-v1/Runs/Oracle-None-20260836/lod_transitions.jsonl","45342","2026-08-31T06:46:57.2572975Z","AF2D0AD06500830A93F8277561816492CE2459A2F7F5E5EDD1348A14CB5E4520"
"FormalAccuracy-v1/Runs/Oracle-None-20260836/npc_snapshots.csv","13186","2026-08-31T06:46:57.2227853Z","E971B624B7E488A250132AC782C94514625C1057F804CB7DE3BE39BEE80FADF9"
"FormalAccuracy-v1/Runs/Oracle-None-20260836/run_manifest.json","2824","2026-08-31T06:46:57.2703033Z","5C3443C60FB5F483922AD806D51B1B16C48365598C5F53E7C7C7E72883C17371"
"FormalAccuracy-v1/Runs/Oracle-None-20260836/simulation_events.jsonl","14995932","2026-08-31T06:46:57.2562980Z","8E08A7BF8798DFFB2C4DD76C0ABD6750891D9457E322AEDF9AE1D18600C48D4F"
"FormalAccuracy-v1/Runs/Oracle-None-20260837/cohort_timeseries.csv","507659","2026-08-31T06:51:24.4989728Z","2255302BDC37397A03C75CE6133D0AB86F72811249D01C3599391E1A28064CD9"
"FormalAccuracy-v1/Runs/Oracle-None-20260837/kingdom_timeseries.csv","686257","2026-08-31T06:51:24.4978872Z","11C88DC1125FD55433B63C9B79767968B3B28BCEC777D9DDD9D369B1531C1A31"
"FormalAccuracy-v1/Runs/Oracle-None-20260837/ledger_transactions.jsonl","5505342","2026-08-31T06:51:24.5466867Z","0AFABAB376287617E4C98D3657BDE115A0359EDB0D256F08B1356D2CB8359DF3"
"FormalAccuracy-v1/Runs/Oracle-None-20260837/lod_transitions.jsonl","45356","2026-08-31T06:51:24.5336881Z","EBE31DBE3CC7DAC560125DDC255F3FC0F00A9866A49BA7AB1566A727DEFF6B02"
"FormalAccuracy-v1/Runs/Oracle-None-20260837/npc_snapshots.csv","13189","2026-08-31T06:51:24.4989728Z","BCC1D6187E54E51987143C08E1B81B69D75A8094D4ADFE0FFEAABF5516528CB8"
"FormalAccuracy-v1/Runs/Oracle-None-20260837/run_manifest.json","2824","2026-08-31T06:51:24.5466867Z","C436E05D83CCA92DE41B75DD8E37714CFC152F3C2D2833F6AD8EB697B3F0C0B4"
"FormalAccuracy-v1/Runs/Oracle-None-20260837/simulation_events.jsonl","14993701","2026-08-31T06:51:24.5336881Z","64F0816D0E6271047A3575772825F3CA60665474A66A1793B3A96DC3E641B285"
"FormalAccuracy-v1/Runs/Oracle-None-20260838/cohort_timeseries.csv","515886","2026-08-31T06:40:35.8915434Z","12D4231018917FD411F992B6381D7F731EACD40FBC6715B2FA9C7D886256D253"
"FormalAccuracy-v1/Runs/Oracle-None-20260838/kingdom_timeseries.csv","686305","2026-08-31T06:40:35.8899576Z","9EF33700190AD0ED4CF6C41E9A8CA19D3B8D6E022D0531433D08F3C8D12F03D6"
"FormalAccuracy-v1/Runs/Oracle-None-20260838/ledger_transactions.jsonl","5501292","2026-08-31T06:40:35.9381027Z","5B1964586DB2442B5DDAFFC5FAE1B6FEF05117224F4740576494FE361EEB3BA3"
"FormalAccuracy-v1/Runs/Oracle-None-20260838/lod_transitions.jsonl","45360","2026-08-31T06:40:35.9264805Z","B3773D7CE70CFBA515227E0A777AAB287BE599BBED0439D81239F616D65FF9A6"
"FormalAccuracy-v1/Runs/Oracle-None-20260838/npc_snapshots.csv","13196","2026-08-31T06:40:35.8915434Z","0B443084D85D29AC391FB24A9D4A2271E6B1CC682C4C6D6569B083820682D3DC"
"FormalAccuracy-v1/Runs/Oracle-None-20260838/run_manifest.json","2823","2026-08-31T06:40:35.9391585Z","4E799E1F1A186AF44F4EF636380AE13F55DB7FE2CE515B8970D21D05EEFA9C16"
"FormalAccuracy-v1/Runs/Oracle-None-20260838/simulation_events.jsonl","15004787","2026-08-31T06:40:35.9243969Z","6732302084015E3B9BCE5696F792D2DEC269820E6A54C05542E6145D79F9E50B"
"FormalAccuracy-v1/Runs/Oracle-None-20260839/cohort_timeseries.csv","511254","2026-08-31T06:54:04.5739023Z","3734FACBE598A2514CA354F2651F34D65F53FE1C30D257DAACE7EF4B94EB0237"
"FormalAccuracy-v1/Runs/Oracle-None-20260839/kingdom_timeseries.csv","686257","2026-08-31T06:54:04.5719035Z","A75AC0C7CF0F34A21D60305C20AAC081814669856BA0DD7E4E047933CE974BF6"
"FormalAccuracy-v1/Runs/Oracle-None-20260839/ledger_transactions.jsonl","5506148","2026-08-31T06:54:04.6216323Z","F1910D7093DF88D57D97B36C97575371C1E6E8C3823DF3067144D8711862B93A"
"FormalAccuracy-v1/Runs/Oracle-None-20260839/lod_transitions.jsonl","45316","2026-08-31T06:54:04.6097263Z","192E8991C29AAD6F41D6DBD331B6474BE8929722431100CECE49DCCC49691CD2"
"FormalAccuracy-v1/Runs/Oracle-None-20260839/npc_snapshots.csv","13176","2026-08-31T06:54:04.5739023Z","FDD47ED0AB74204EC2F73A46327C6110C573F931F13E7DAC0B44D6EDAB7D1C68"
"FormalAccuracy-v1/Runs/Oracle-None-20260839/run_manifest.json","2825","2026-08-31T06:54:04.6216323Z","4E8F0D8529433B9BEB726A703A7CBC907FB0A27697485ECF0B17CF9BF38B8978"
"FormalAccuracy-v1/Runs/Oracle-None-20260839/simulation_events.jsonl","14991488","2026-08-31T06:54:04.6087267Z","C5C398546972112A69728B325B52C57DF339783823F675F0386A4472DBC04753"
"FormalAccuracy-v1/Runs/Oracle-None-20260840/cohort_timeseries.csv","506899","2026-08-31T06:42:42.2910125Z","F85F14C8E53F508C35ACE33EC363E112C1D0C1DE28B5B0523A7699B37F7FC732"
"FormalAccuracy-v1/Runs/Oracle-None-20260840/kingdom_timeseries.csv","686257","2026-08-31T06:42:42.2894252Z","DC2B66EF0A30D5CE97FD435531716BDE6704724278A5A1404097875D2E83519B"
"FormalAccuracy-v1/Runs/Oracle-None-20260840/ledger_transactions.jsonl","5504130","2026-08-31T06:42:42.3404690Z","393A07326DC322CA4DF079B8DF915877B6C39AB76F19870B791D1F78E6920924"
"FormalAccuracy-v1/Runs/Oracle-None-20260840/lod_transitions.jsonl","45316","2026-08-31T06:42:42.3275136Z","A53E9A9E5F9EE5660E01D1AE1D45BC252A946CCFC1828908429700C857895F5C"
"FormalAccuracy-v1/Runs/Oracle-None-20260840/npc_snapshots.csv","13166","2026-08-31T06:42:42.2921023Z","64710396B0924EF68EE9D10C6BA47C1CB2F80E35CC9CCE05BA4C7B4048DE4146"
"FormalAccuracy-v1/Runs/Oracle-None-20260840/run_manifest.json","2826","2026-08-31T06:42:42.3413690Z","72ADF018723205BC9F24866E8AB2553874DD33FD54166C611935642E05812898"
"FormalAccuracy-v1/Runs/Oracle-None-20260840/simulation_events.jsonl","14997051","2026-08-31T06:42:42.3272022Z","063C0E560534150688123FDEC89CA8F876F36026D492C31D888BB8599F1837B0"
"FormalAccuracy-v1/Runs/Oracle-None-20260841/cohort_timeseries.csv","513655","2026-08-31T06:51:48.0672763Z","02C7C5ECA39CF5624A21A636E6B96359AD12B1F3D482ACB046B6204717B47B22"
"FormalAccuracy-v1/Runs/Oracle-None-20260841/kingdom_timeseries.csv","686257","2026-08-31T06:51:48.0653597Z","4A1071A57AA0E5AE8A93BB667F083FDEBA7C5C826357F7BE9417953A1A60C6C2"
"FormalAccuracy-v1/Runs/Oracle-None-20260841/ledger_transactions.jsonl","5503720","2026-08-31T06:51:48.1161032Z","EAAC5352AFB486BAADB45C6CF6B9E5E3AA6AA860203A23A0DA4D0DF88C5ED445"
"FormalAccuracy-v1/Runs/Oracle-None-20260841/lod_transitions.jsonl","45372","2026-08-31T06:51:48.1030082Z","61B8FC4D102689DBCB7C25B4FBF8DEB9AA40A1099A457B12C3DB111A98DEC691"
"FormalAccuracy-v1/Runs/Oracle-None-20260841/npc_snapshots.csv","13206","2026-08-31T06:51:48.0682744Z","E8E798F3314D253592FA60673D39F218EC426742B6727CEF71AFA695BF24339D"
"FormalAccuracy-v1/Runs/Oracle-None-20260841/run_manifest.json","2825","2026-08-31T06:51:48.1171004Z","81948506ACEE5A462CAC954FCA2E3ADC8144A1E9FE9371EAE5816004040CEC19"
"FormalAccuracy-v1/Runs/Oracle-None-20260841/simulation_events.jsonl","14998150","2026-08-31T06:51:48.1030082Z","4EE189E87116CFA0F11D946D36BDC177A4D88C94CABD5B86A164177923427D71"
"FormalAccuracy-v1/Runs/Oracle-None-20260842/cohort_timeseries.csv","514067","2026-08-31T06:51:01.0264728Z","4202634B425613DD02799BEA5BE6AEEC9788E597E827AB4A9692763F803A0507"
"FormalAccuracy-v1/Runs/Oracle-None-20260842/kingdom_timeseries.csv","686305","2026-08-31T06:51:01.0224706Z","6DFABF45C12056A8DCD3C0792C64FFCB165AB0D53A70BA5F2D4FFCA108D19C98"
"FormalAccuracy-v1/Runs/Oracle-None-20260842/ledger_transactions.jsonl","5502102","2026-08-31T06:51:01.0806445Z","2F8377ECDDA54449E3BEC77964370BD9912498ABDF506963ABFDA8689BA1FB60"
"FormalAccuracy-v1/Runs/Oracle-None-20260842/lod_transitions.jsonl","45318","2026-08-31T06:51:01.0668771Z","CC37E74B53EFCD65EBE86C824F9DCEDDE284B5C6468080BE44FD43FC86E7AE8F"
"FormalAccuracy-v1/Runs/Oracle-None-20260842/npc_snapshots.csv","13171","2026-08-31T06:51:01.0274704Z","44C3E08029E9F20C282392C6B1D7FB2B94B2DD8B33CE9F953317D961239BAE49"
"FormalAccuracy-v1/Runs/Oracle-None-20260842/run_manifest.json","2822","2026-08-31T06:51:01.0807929Z","AB092E91460F271DD94B203867529FE18C51207EAC53DB37B1BC8D855890F683"
"FormalAccuracy-v1/Runs/Oracle-None-20260842/simulation_events.jsonl","15002573","2026-08-31T06:51:01.0649563Z","D3ED8C1847E28A889B8E731F3223CB82CAA3DDA459F259053345ACB7C8F9CBC7"
"FormalAccuracy-v1/Runs/Oracle-None-20260843/cohort_timeseries.csv","510494","2026-08-31T06:54:52.1749011Z","5F1609BD2FA37A1B46E267E29B5BF47E2E853B7769D0A6F109540193012135FD"
"FormalAccuracy-v1/Runs/Oracle-None-20260843/kingdom_timeseries.csv","686305","2026-08-31T06:54:52.1729017Z","E0C1E30BCAB591FB10004A626D598D91A08C70AD0B7266E41FFFA5DECD2AA827"
"FormalAccuracy-v1/Runs/Oracle-None-20260843/ledger_transactions.jsonl","5505343","2026-08-31T06:54:52.2230968Z","C9AC8E299D8DBD3EB15971CA317CC0EBDF7BC93B965C8D73C5B1B50D3CC669A6"
"FormalAccuracy-v1/Runs/Oracle-None-20260843/lod_transitions.jsonl","45322","2026-08-31T06:54:52.2095884Z","FFB82C6D279F5AC5F4301F23F0F7C2A26BEE3E8ADA4542AE46E577F635C6DC71"
"FormalAccuracy-v1/Runs/Oracle-None-20260843/npc_snapshots.csv","13172","2026-08-31T06:54:52.1749011Z","9B0B29FFC57A88570EE72A1D0A1C3EA1D10E992E9E5AF6FEEB5C8B1A55BA49A7"
"FormalAccuracy-v1/Runs/Oracle-None-20260843/run_manifest.json","2824","2026-08-31T06:54:52.2230968Z","FC6932A46493F0D3669BA1E7247D4D58074CF694F82522AA01BC191A0E9CB56F"
"FormalAccuracy-v1/Runs/Oracle-None-20260843/simulation_events.jsonl","14993720","2026-08-31T06:54:52.2085882Z","B29464642764656226F63687CA9A7BEA6680308E9186F65073EEE92E064E4F04"
"FormalAccuracy-v1/Runs/Oracle-None-20260844/cohort_timeseries.csv","510878","2026-08-31T06:39:44.9650354Z","A7F662B05A22B61810FA38DA5A72659EDEFC1E90608AC5E0FB1C70202BCC7DA2"
"FormalAccuracy-v1/Runs/Oracle-None-20260844/kingdom_timeseries.csv","686305","2026-08-31T06:39:44.9630300Z","1263A64C69D89063029A684874A2846B43311C39EA98221985B3DEB513C4C428"
"FormalAccuracy-v1/Runs/Oracle-None-20260844/ledger_transactions.jsonl","5500482","2026-08-31T06:39:45.0132205Z","7E846DA73C7FEB4E909DD04D0725B830480B4A64CA12CF619F4C7FFF1C158A3D"
"FormalAccuracy-v1/Runs/Oracle-None-20260844/lod_transitions.jsonl","45308","2026-08-31T06:39:45.0001582Z","F46D242886EABE10F44A3CAC3BFAEEFA1E02DBD5A55ED9AFD238369749F54204"
"FormalAccuracy-v1/Runs/Oracle-None-20260844/npc_snapshots.csv","13168","2026-08-31T06:39:44.9659559Z","078DCC774EF5F412E0174ACEA8C70D385A19DC851E4FE920608D858384EE61B8"
"FormalAccuracy-v1/Runs/Oracle-None-20260844/run_manifest.json","2822","2026-08-31T06:39:45.0141095Z","8756BFC727E7BF5AF2955C1182AADE287F6D9D6568DD7EA5AC48B5A7B5B4142D"
"FormalAccuracy-v1/Runs/Oracle-None-20260844/simulation_events.jsonl","15007010","2026-08-31T06:39:45.0001582Z","340226A72DDB82BDEEFDB10A07B0506A76694F4BBD6F13ECF9D3021A70717CCE"
"FormalAccuracy-v1/Runs/Oracle-RepairAid-20260815/cohort_timeseries.csv","551087","2026-08-31T06:53:42.1095825Z","8F8EEABE6475B9C424612E33F157591A36A7EFE2A0A4A6EEFBAC36354BCB4225"
"FormalAccuracy-v1/Runs/Oracle-RepairAid-20260815/kingdom_timeseries.csv","720769","2026-08-31T06:53:42.1085075Z","4879FCBD5656DFA01DC22BC4E28E98038E471A5AEE96ECCB64F6F02B205CDA63"
"FormalAccuracy-v1/Runs/Oracle-RepairAid-20260815/ledger_transactions.jsonl","5639184","2026-08-31T06:53:42.1610566Z","7EE96CCB5FFBA5520724F6EA82BA6D6E64FC0F05850B92F89F65FA059F6DB536"
"FormalAccuracy-v1/Runs/Oracle-RepairAid-20260815/lod_transitions.jsonl","46532","2026-08-31T06:53:42.1482241Z","D399761F92664708EBBFE344A1E024EBC6E0A2E53317AA0FE5E8D6C717DDD4BC"
"FormalAccuracy-v1/Runs/Oracle-RepairAid-20260815/npc_snapshots.csv","13780","2026-08-31T06:53:42.1095825Z","AB4978F878099E21FC1789481E955F9836A76AA078B75E9F4663E9CC460B1AD0"
"FormalAccuracy-v1/Runs/Oracle-RepairAid-20260815/run_manifest.json","2834","2026-08-31T06:53:42.1616666Z","A8E107A2ED1452BDEEBBB9419C6788AB2E9F1441F1212983D25195C2FFEDAD2E"
"FormalAccuracy-v1/Runs/Oracle-RepairAid-20260815/simulation_events.jsonl","15422505","2026-08-31T06:53:42.1461320Z","362B175F6FB09DF50696A0E8D672F75CAB03E142891BD5098228EBF74EE9DA9E"
"FormalAccuracy-v1/Runs/Oracle-RepairAid-20260816/cohort_timeseries.csv","547926","2026-08-31T06:49:04.5906767Z","ECC89F3CC3A814E23EDAA9159B2FAAB1346E52ED8C14A70D1311B07B39F35516"
"FormalAccuracy-v1/Runs/Oracle-RepairAid-20260816/kingdom_timeseries.csv","720769","2026-08-31T06:49:04.5886751Z","5202D8F737CC07988CD1998F79A0CBDCA270765891E7D0BE156810FE66BD774A"
"FormalAccuracy-v1/Runs/Oracle-RepairAid-20260816/ledger_transactions.jsonl","5639181","2026-08-31T06:49:04.6412985Z","CD0D1C45AB4DA191A192288E4D5C1C15817A1B656979D271E61425396A148D48"
"FormalAccuracy-v1/Runs/Oracle-RepairAid-20260816/lod_transitions.jsonl","46536","2026-08-31T06:49:04.6277804Z","AA691D0340EF5BCB58128FD66F4B1A1881BFAAE4090CFF41BB7CD1BCEA708432"
"FormalAccuracy-v1/Runs/Oracle-RepairAid-20260816/npc_snapshots.csv","13778","2026-08-31T06:49:04.5916765Z","8B25FF7A39131017A44CE86967F57F00320CE6AEE1C8F58C057AFACD632DF273"
"FormalAccuracy-v1/Runs/Oracle-RepairAid-20260816/run_manifest.json","2834","2026-08-31T06:49:04.6422886Z","3CD87C0A85D48B4D0792408A8800E71B62F3DF7F8B6C6AAD75CFE5282F3F84FE"
"FormalAccuracy-v1/Runs/Oracle-RepairAid-20260816/simulation_events.jsonl","15422498","2026-08-31T06:49:04.6267805Z","8A10D0F5EFE84E00B7F0A221BBCA64D66AAF4BF04DA15EE0573D5D32353138EC"
"FormalAccuracy-v1/Runs/Oracle-RepairAid-20260817/cohort_timeseries.csv","551190","2026-08-31T06:43:55.1377859Z","C954E724C20B130771A0DF1E6A3C7D3FA8E2BE957683CF980664C9173F902BF6"
"FormalAccuracy-v1/Runs/Oracle-RepairAid-20260817/kingdom_timeseries.csv","720769","2026-08-31T06:43:55.1351023Z","A0EC8BE21E7C78509E82CCBBA3D1A0DC8ED540FF1A3CC481330399A2D2851A9D"
"FormalAccuracy-v1/Runs/Oracle-RepairAid-20260817/ledger_transactions.jsonl","5639186","2026-08-31T06:43:55.1873961Z","68FD75B425C0328F8A097E8D05EBFE1EDAD79150CD5A917167167504DFECBF1C"
"FormalAccuracy-v1/Runs/Oracle-RepairAid-20260817/lod_transitions.jsonl","46546","2026-08-31T06:43:55.1756075Z","BFF51174166CA820382E93C8FD804DBB977B99D4DCB1750E23B3EAE6EEBC965A"
"FormalAccuracy-v1/Runs/Oracle-RepairAid-20260817/npc_snapshots.csv","13796","2026-08-31T06:43:55.1377859Z","0B680A6B5DC0ADE94F75674D39D954BA0C091174F712FFA83A76EC2D37E3259D"
"FormalAccuracy-v1/Runs/Oracle-RepairAid-20260817/run_manifest.json","2833","2026-08-31T06:43:55.1883996Z","24D9F252BF99EC5E31F0286535C252DB746B6767E5DCBA940506E44DAA5F8F2B"
"FormalAccuracy-v1/Runs/Oracle-RepairAid-20260817/simulation_events.jsonl","15422512","2026-08-31T06:43:55.1735814Z","4B93FCD254A2FC1D2210E42B9F9A4F97577E3D8C98A5425090B9EEA44C952CD9"
"FormalAccuracy-v1/Runs/Oracle-RepairAid-20260818/cohort_timeseries.csv","549390","2026-08-31T06:45:47.1707973Z","D16089736F1EEC34CA154048B7D310CFB0E9F8A270915E321659166132ABF155"
"FormalAccuracy-v1/Runs/Oracle-RepairAid-20260818/kingdom_timeseries.csv","720769","2026-08-31T06:45:47.1692013Z","F2CDAF3BAB2952134D8CC6D05D9DEDBF86F16E5A56F8EDE7B2D7B024EDCA5460"
"FormalAccuracy-v1/Runs/Oracle-RepairAid-20260818/ledger_transactions.jsonl","5639178","2026-08-31T06:45:47.2214329Z","CBFA08C23E6E19C01B398F29CE4BF43E1E1674E09C62D18EF98C45AF4AB57DEE"
"FormalAccuracy-v1/Runs/Oracle-RepairAid-20260818/lod_transitions.jsonl","46530","2026-08-31T06:45:47.2087385Z","6E758FBC2DE8CED6BEB1C6B7C97E4E1D9094DB511DBEB0EFE45569E693A48E77"
"FormalAccuracy-v1/Runs/Oracle-RepairAid-20260818/npc_snapshots.csv","13784","2026-08-31T06:45:47.1707973Z","972BAD2BF2F3B41B3E7E871575B6B4FDC32627476D3D655AF2343E67A4CF2D66"
"FormalAccuracy-v1/Runs/Oracle-RepairAid-20260818/run_manifest.json","2836","2026-08-31T06:45:47.2225317Z","96047FD61D3E6368CB738F244A324D3C1724B524FC3C6832C4CBB27DFC8BE614"
"FormalAccuracy-v1/Runs/Oracle-RepairAid-20260818/simulation_events.jsonl","15422521","2026-08-31T06:45:47.2067397Z","59D6576523E5A36F6C6A616D6F680695E0D86C5ACB9451D3F8F65CF9AD849BFE"
"FormalAccuracy-v1/Runs/Oracle-RepairAid-20260819/cohort_timeseries.csv","544394","2026-08-31T06:44:00.3064820Z","BDD0D47C30D1FD96A49919EFFC4548A009C245550B7C1E07A3D008AAC1C8FEE6"
"FormalAccuracy-v1/Runs/Oracle-RepairAid-20260819/kingdom_timeseries.csv","720769","2026-08-31T06:44:00.3054770Z","FE154496AF42138B1B94857CE9D3AB33C38B5D12F28D67B4FE117796DD4FA1D2"
"FormalAccuracy-v1/Runs/Oracle-RepairAid-20260819/ledger_transactions.jsonl","5637922","2026-08-31T06:44:00.3586210Z","8295C6E2C1FB6356B430121533A8F3915D58411C1F4902A162195DD9A6B1F875"
"FormalAccuracy-v1/Runs/Oracle-RepairAid-20260819/lod_transitions.jsonl","46592","2026-08-31T06:44:00.3445249Z","F8176C7AADBB012B0812B3DFC0C52E4D2B44CB53B19918E2AFCB70D9B0A46100"
"FormalAccuracy-v1/Runs/Oracle-RepairAid-20260819/npc_snapshots.csv","13809","2026-08-31T06:44:00.3074820Z","6E3B5620ADAE7F3F4F061D82B636F2A82562DA7E72396D4699D2F6C973930626"
"FormalAccuracy-v1/Runs/Oracle-RepairAid-20260819/run_manifest.json","2834","2026-08-31T06:44:00.3586210Z","44C0B3D73764D115EA74CED8FC4610531F52855E9F6634614246B27A72F9B724"
"FormalAccuracy-v1/Runs/Oracle-RepairAid-20260819/simulation_events.jsonl","15423642","2026-08-31T06:44:00.3425847Z","8EFC10D36E7175971CCBB4D51A1D2A498F8A14EADB163DBEA03627CCCCD53ADD"
"FormalAccuracy-v1/Runs/Oracle-RepairAid-20260820/cohort_timeseries.csv","551502","2026-08-31T06:53:55.0681614Z","AD7E0F2BA3C6150B1B845FB1D642B15BC9EAB2F95DAB474CAC8BBE08D91482E6"
"FormalAccuracy-v1/Runs/Oracle-RepairAid-20260820/kingdom_timeseries.csv","720769","2026-08-31T06:53:55.0662462Z","BDF6F2671EDE6CE9A5372EEB3CB4070E3F5B4092CD4E998EC537327C1A6D48A7"
"FormalAccuracy-v1/Runs/Oracle-RepairAid-20260820/ledger_transactions.jsonl","5641685","2026-08-31T06:53:55.1171899Z","A4AD3466C9763A0AFA5B9995FFE2A7C2289610007275C62043A3554B370ACCAE"
"FormalAccuracy-v1/Runs/Oracle-RepairAid-20260820/lod_transitions.jsonl","46528","2026-08-31T06:53:55.1051850Z","0E068B87525977652CA35578C972E341896A100AEA44E1F9CB2FF4EAB62491DA"
"FormalAccuracy-v1/Runs/Oracle-RepairAid-20260820/npc_snapshots.csv","13778","2026-08-31T06:53:55.0681614Z","C3DDE323525181E2C4523B9C232BA8CBED32A47C1700733A48A1380C3F61B3D1"
"FormalAccuracy-v1/Runs/Oracle-RepairAid-20260820/run_manifest.json","2835","2026-08-31T06:53:55.1171899Z","263490A5A4F20AF0F583752AE1A390CBECD93815EDC04B2DCA701840CEC17DD4"
"FormalAccuracy-v1/Runs/Oracle-RepairAid-20260820/simulation_events.jsonl","15420229","2026-08-31T06:53:55.1031850Z","244792ACC557469FEFDB3281C272880472D0FBBAB2E5F6D0F6FCB1DA7D2BC8D1"
"FormalAccuracy-v1/Runs/Oracle-RepairAid-20260821/cohort_timeseries.csv","546541","2026-08-31T06:50:38.7155840Z","A44BDAF9A3CF7041023AA57A3B07F57AECD7115902CBA3D1E7AF91C02BC64682"
"FormalAccuracy-v1/Runs/Oracle-RepairAid-20260821/kingdom_timeseries.csv","720769","2026-08-31T06:50:38.7135818Z","DF5537B9056C0F1ADD4D7DDF74D6D252897163949EA96C0B801E6BEB88D2E74C"
"FormalAccuracy-v1/Runs/Oracle-RepairAid-20260821/ledger_transactions.jsonl","5635414","2026-08-31T06:50:38.7647835Z","E8461FD2FC07D47B00D6BB4C1DF88CCF28CB00130C854DBD0F148248F54BBE97"
"FormalAccuracy-v1/Runs/Oracle-RepairAid-20260821/lod_transitions.jsonl","46524","2026-08-31T06:50:38.7517722Z","08E5943C4E8667BAA5C7E45234D9650F46ACD398551317F7A75DF5183D45C4B7"
"FormalAccuracy-v1/Runs/Oracle-RepairAid-20260821/npc_snapshots.csv","13774","2026-08-31T06:50:38.7155840Z","09D8E8D90EADAE4B6B2C5CF7E3E6607A6270BDB7978A8A5EAEFF909EAC5BF1C9"
"FormalAccuracy-v1/Runs/Oracle-RepairAid-20260821/run_manifest.json","2833","2026-08-31T06:50:38.7647835Z","6F5FDD81BA6CA1076E4F596962B90937B40F667FBEF75AE2064E0DC5DEFDEA7B"
"FormalAccuracy-v1/Runs/Oracle-RepairAid-20260821/simulation_events.jsonl","15425923","2026-08-31T06:50:38.7507692Z","28ABF8F6F150934D34E9342EE4DD5528F9086FA326D086666647C7454E06BC09"
"FormalAccuracy-v1/Runs/Oracle-RepairAid-20260822/cohort_timeseries.csv","540823","2026-08-31T06:48:20.6918003Z","1220D1F55A0814DDE2433604A635564FB822F3FA0F5EF35C6995DEF82CBF3A1F"
"FormalAccuracy-v1/Runs/Oracle-RepairAid-20260822/kingdom_timeseries.csv","720769","2026-08-31T06:48:20.6898084Z","BF70CB6168E97776FD4CACAD9F0C3426E4767D6B259BB792EB713E946E4ED868"
"FormalAccuracy-v1/Runs/Oracle-RepairAid-20260822/ledger_transactions.jsonl","5635414","2026-08-31T06:48:20.7402235Z","7F5BE7EAC8B70B5DE67BB2DBD274232A6B8FA8772359C1D994D731FAA7B3E434"
"FormalAccuracy-v1/Runs/Oracle-RepairAid-20260822/lod_transitions.jsonl","46600","2026-08-31T06:48:20.7271354Z","36C713E99BE0124E711A8AA123B6271087992572B022A65320D25FD078EDE95D"
"FormalAccuracy-v1/Runs/Oracle-RepairAid-20260822/npc_snapshots.csv","13808","2026-08-31T06:48:20.6918003Z","2499532D9B5A442A779A5F0207E9288F6B10E009ABA1C83885E9D72469EC455B"
"FormalAccuracy-v1/Runs/Oracle-RepairAid-20260822/run_manifest.json","2834","2026-08-31T06:48:20.7402235Z","CDDB9AF888502C313E484403B0926E4A16D1B1CDBB895D5410801F703A4CB24F"
"FormalAccuracy-v1/Runs/Oracle-RepairAid-20260822/simulation_events.jsonl","15425923","2026-08-31T06:48:20.7261345Z","BEC8BD61762EB4D240945C7739E45491D4BB975F62ABB5B4FE91ED73367B6474"
"FormalAccuracy-v1/Runs/Oracle-RepairAid-20260823/cohort_timeseries.csv","555721","2026-08-31T06:44:59.0071173Z","171CD325863FD7C8D8CA280A6DF54D8F8084CAB905B4E501C24622FD367A665E"
"FormalAccuracy-v1/Runs/Oracle-RepairAid-20260823/kingdom_timeseries.csv","720769","2026-08-31T06:44:59.0061163Z","5F1ED02C686FDC8725469BE836FD1A2009ACCDB796C5C80893513BBD5C625371"
"FormalAccuracy-v1/Runs/Oracle-RepairAid-20260823/ledger_transactions.jsonl","5640435","2026-08-31T06:44:59.0587483Z","C7F1F315CB519924DCDC614FE93E26F2858790060A3392CB72E1CA11C66600C9"
"FormalAccuracy-v1/Runs/Oracle-RepairAid-20260823/lod_transitions.jsonl","46576","2026-08-31T06:44:59.0447001Z","940CFBB89629431BFE4DB511299DB7D3029BB6D430CA9CA64B273AE9C6536BA7"
"FormalAccuracy-v1/Runs/Oracle-RepairAid-20260823/npc_snapshots.csv","13808","2026-08-31T06:44:59.0071173Z","5A0DAEFB8A18CE52B51FE59195D3044935C115C9FE3FFBE1DB58DB338BD90ABC"
"FormalAccuracy-v1/Runs/Oracle-RepairAid-20260823/run_manifest.json","2834","2026-08-31T06:44:59.0587483Z","090286C663F61278884D37D7078B47E40CE5011FE94C603D05640F0C70D32CFB"
"FormalAccuracy-v1/Runs/Oracle-RepairAid-20260823/simulation_events.jsonl","15421385","2026-08-31T06:44:59.0437131Z","9BD4D8DBDF6B56608788EA2A2E6E111A13E06496C444AC1D40FB3C106467811B"
"FormalAccuracy-v1/Runs/Oracle-RepairAid-20260824/cohort_timeseries.csv","554622","2026-08-31T06:53:57.4873991Z","8ADC6FF2972FD8274F4FA32785F1E98768916F4887A92B13997568ACD065616A"
"FormalAccuracy-v1/Runs/Oracle-RepairAid-20260824/kingdom_timeseries.csv","720769","2026-08-31T06:53:57.4864086Z","6323AF535FA45878C52EAE56DD50DE7781BCD206A57B0CF95AB5114130CC8CC6"
"FormalAccuracy-v1/Runs/Oracle-RepairAid-20260824/ledger_transactions.jsonl","5639181","2026-08-31T06:53:57.5365284Z","2F6106E792D448468B6C75658873E908E9A9A5201652F1B34FF35F9247A6D6C2"
"FormalAccuracy-v1/Runs/Oracle-RepairAid-20260824/lod_transitions.jsonl","46526","2026-08-31T06:53:57.5229886Z","A85078E0E8101FDC5689BD3F7C080CD241D6B2112B687A8613124F92F9C097A7"
"FormalAccuracy-v1/Runs/Oracle-RepairAid-20260824/npc_snapshots.csv","13770","2026-08-31T06:53:57.4873991Z","5BADE46F1812A3503E532F9D290EBDB2D15707543B0967115CB0B06FC6DB8F2A"
"FormalAccuracy-v1/Runs/Oracle-RepairAid-20260824/run_manifest.json","2836","2026-08-31T06:53:57.5365284Z","24F4B65CE8AAC8D94D6FB3E8D06B04B308BD35E5ED6CECC3F21BAC5FFBEF1E3B"
"FormalAccuracy-v1/Runs/Oracle-RepairAid-20260824/simulation_events.jsonl","15422496","2026-08-31T06:53:57.5219867Z","52F166C9A10F9CC5FEE8ABB80238A055825F92C1C26D90D0C50B75127BC65779"
"FormalAccuracy-v1/Runs/Oracle-RepairAid-20260825/cohort_timeseries.csv","543054","2026-08-31T06:51:35.6994427Z","5516ECCE03521E78496CA2920557E15BFA00A3D5C5A143B2A0704A372A7EC487"
"FormalAccuracy-v1/Runs/Oracle-RepairAid-20260825/kingdom_timeseries.csv","720769","2026-08-31T06:51:35.6983530Z","3F889CBA9017A48496EFBB9FE7B1EAEED33C37F79B1056793A0F8E63A3A5AC21"
"FormalAccuracy-v1/Runs/Oracle-RepairAid-20260825/ledger_transactions.jsonl","5637928","2026-08-31T06:51:35.7471783Z","52201ABFE7B5D54F1370B3991BEC8FF23D6B4A6130E7C58496BA197D56793A85"
"FormalAccuracy-v1/Runs/Oracle-RepairAid-20260825/lod_transitions.jsonl","46526","2026-08-31T06:51:35.7341787Z","A5EAAA80791FC2939B15D9BF35C41FF7FAFB2A34C092B4777DD6E1D84366DBC4"
"FormalAccuracy-v1/Runs/Oracle-RepairAid-20260825/npc_snapshots.csv","13776","2026-08-31T06:51:35.7004050Z","A52B5A93C5857978F55BDCE1912BCA9D974AD6F1B7530983F9E4D1EC292775A1"
"FormalAccuracy-v1/Runs/Oracle-RepairAid-20260825/run_manifest.json","2834","2026-08-31T06:51:35.7481778Z","A7BAE1A2B955381D909E8324A6C8F3ADE7D9B76B77BC5817F7551D2E56CE9896"
"FormalAccuracy-v1/Runs/Oracle-RepairAid-20260825/simulation_events.jsonl","15423638","2026-08-31T06:51:35.7332268Z","5B2368ABDC1A17738EC50388F8776DCBDC23CC2E1A18591BF96F8020387126C0"
"FormalAccuracy-v1/Runs/Oracle-RepairAid-20260826/cohort_timeseries.csv","552494","2026-08-31T06:47:20.3539325Z","866DF8AB7E92C171CC01B85F43FF765B272DB7458A40EE9A6C1E7E35A9B81819"
"FormalAccuracy-v1/Runs/Oracle-RepairAid-20260826/kingdom_timeseries.csv","720769","2026-08-31T06:47:20.3519328Z","5A7C9F0710F697F34DB5781C80C570D314E348CFEA829029FAC2E769DC3C52C2"
"FormalAccuracy-v1/Runs/Oracle-RepairAid-20260826/ledger_transactions.jsonl","5642946","2026-08-31T06:47:20.4050460Z","372736FBB14722C1EB7D8DD72432084EC3FF1FFB8981D035BA8055B2C6A0F276"
"FormalAccuracy-v1/Runs/Oracle-RepairAid-20260826/lod_transitions.jsonl","46552","2026-08-31T06:47:20.3919628Z","D885144AAA850D450B434D315F909C2891F5ADF5517E37C2CF72D07E23211081"
"FormalAccuracy-v1/Runs/Oracle-RepairAid-20260826/npc_snapshots.csv","13794","2026-08-31T06:47:20.3539325Z","1ECF6E41E98F6C2D293CECB48E01A81CE12410570221CB20C369559A7B4FB5A1"
"FormalAccuracy-v1/Runs/Oracle-RepairAid-20260826/run_manifest.json","2835","2026-08-31T06:47:20.4050460Z","0E208070F6954019574EC510C4ACB991C49FA9DFD07F61D85E6FA2D5E8A5F74E"
"FormalAccuracy-v1/Runs/Oracle-RepairAid-20260826/simulation_events.jsonl","15419076","2026-08-31T06:47:20.3899624Z","420204E06B4710696459AB50E848D7853163A2A4B493D767CCFF1FF512C40279"
"FormalAccuracy-v1/Runs/Oracle-RepairAid-20260827/cohort_timeseries.csv","549854","2026-08-31T06:50:36.7328137Z","325B4C378D6BBCEAE59739CA2EB1F5EAF454414056AF1BE2B7261A83E4B3816F"
"FormalAccuracy-v1/Runs/Oracle-RepairAid-20260827/kingdom_timeseries.csv","720769","2026-08-31T06:50:36.7318133Z","B4D5CE3AB3B02C98364BD887E68B8942AC085B69E4825FEC6B51FA1265CA5CDE"
"FormalAccuracy-v1/Runs/Oracle-RepairAid-20260827/ledger_transactions.jsonl","5640437","2026-08-31T06:50:36.7825344Z","8BD3404CFE3F2D5834187BCDD62268980AFB52914F28FA0651FDDEBC3D881B0F"
"FormalAccuracy-v1/Runs/Oracle-RepairAid-20260827/lod_transitions.jsonl","46598","2026-08-31T06:50:36.7695237Z","CF356333D435ADB6A107755816F9AB57D569F3BCE6EED76BF91C4C3099A5F774"
"FormalAccuracy-v1/Runs/Oracle-RepairAid-20260827/npc_snapshots.csv","13815","2026-08-31T06:50:36.7339084Z","0606FA5E6C347FEC9FCA05131A40EBBA1AA833B58E80680643DFE804D448864D"
"FormalAccuracy-v1/Runs/Oracle-RepairAid-20260827/run_manifest.json","2834","2026-08-31T06:50:36.7825344Z","5D02DC53B1414C62CC46F30248905FFA89BC0D609ABE960F83F53B4DBCA00B45"
"FormalAccuracy-v1/Runs/Oracle-RepairAid-20260827/simulation_events.jsonl","15421385","2026-08-31T06:50:36.7675243Z","3FA47973F86FDE8F4BE6AE081BB43E044ED7CD666D38343A0894229479ED2341"
"FormalAccuracy-v1/Runs/Oracle-RepairAid-20260828/cohort_timeseries.csv","544505","2026-08-31T06:43:41.1076467Z","E5DB1CC394BDDDEDB89A9D0B55DA767C60DE76DDBBC2367FDB91B07B9D7474E8"
"FormalAccuracy-v1/Runs/Oracle-RepairAid-20260828/kingdom_timeseries.csv","720769","2026-08-31T06:43:41.1057207Z","D3119FCD689E036D46FC11784EE212F38EA111D335C47E6F100E98367195089E"
"FormalAccuracy-v1/Runs/Oracle-RepairAid-20260828/ledger_transactions.jsonl","5637930","2026-08-31T06:43:41.1572627Z","AE69174DD427BD0CF178FBC18CBFCD23DB45AF04ED23F8BDF6204040EA338C8F"
"FormalAccuracy-v1/Runs/Oracle-RepairAid-20260828/lod_transitions.jsonl","46562","2026-08-31T06:43:41.1430888Z","F26BCDFAF497B65EE24F9CB0C874F388E2DEE7A56DA023AD92FC7C242C944043"
"FormalAccuracy-v1/Runs/Oracle-RepairAid-20260828/npc_snapshots.csv","13790","2026-08-31T06:43:41.1076467Z","1E235370F84A5D6D949E03FA851676D0475F39CD66141668D810AD3335A2628D"
"FormalAccuracy-v1/Runs/Oracle-RepairAid-20260828/run_manifest.json","2833","2026-08-31T06:43:41.1572627Z","3528276FB1A3B8409045D7984BC47018D1F3DF5E836E3E2607191FDEE80ED5D3"
"FormalAccuracy-v1/Runs/Oracle-RepairAid-20260828/simulation_events.jsonl","15423633","2026-08-31T06:43:41.1420850Z","B0FB87677095029966F9925B0D33780D4704D0B064493D73CEF1462F4F303DB5"
"FormalAccuracy-v1/Runs/Oracle-RepairAid-20260829/cohort_timeseries.csv","548078","2026-08-31T06:41:39.1326563Z","78B05816F80F8784F75055675B61B7045BDD31D198D87EAA6029BC9EF94BF012"
"FormalAccuracy-v1/Runs/Oracle-RepairAid-20260829/kingdom_timeseries.csv","720769","2026-08-31T06:41:39.1316578Z","2FCD93DF7C4A8A5340595D14D378621F4DC0DAC9178E7F67A453F509FEDF3195"
"FormalAccuracy-v1/Runs/Oracle-RepairAid-20260829/ledger_transactions.jsonl","5640441","2026-08-31T06:41:39.1853980Z","ACDCAC9C5CD5C7A8215D2AE29146B56C49033D28EF7080588FC9FEA6824C935D"
"FormalAccuracy-v1/Runs/Oracle-RepairAid-20260829/lod_transitions.jsonl","46530","2026-08-31T06:41:39.1726757Z","760A096DF91A7E8FAA55763B406BB818EF4936BC6C88C6C40BF39253EF283D2D"
"FormalAccuracy-v1/Runs/Oracle-RepairAid-20260829/npc_snapshots.csv","13781","2026-08-31T06:41:39.1336556Z","6CDA3569ED8EC9F9659F765FA885335152BBE4544ED064D541F210DE53E49A4D"
"FormalAccuracy-v1/Runs/Oracle-RepairAid-20260829/run_manifest.json","2834","2026-08-31T06:41:39.1863170Z","A82C837B50BBD6307384B1F6AA14A4BE5796E244C1D5191C127092381FBF0DBD"
"FormalAccuracy-v1/Runs/Oracle-RepairAid-20260829/simulation_events.jsonl","15421379","2026-08-31T06:41:39.1706723Z","482AE6B33EC4E785B1D95451DE8957BB7CE09E94646BD1447F7255DDD385F0AE"
"FormalAccuracy-v1/Runs/Oracle-RepairAid-20260830/cohort_timeseries.csv","544934","2026-08-31T06:49:03.5813445Z","91F951F56C7718204017B6709AFB43F5D99DE8CCA1BCBCD937608E90B241A3E3"
"FormalAccuracy-v1/Runs/Oracle-RepairAid-20260830/kingdom_timeseries.csv","720769","2026-08-31T06:49:03.5796573Z","B8C081F026507819C51D0681B559911510A486485F8BBD49D772008444CB770F"
"FormalAccuracy-v1/Runs/Oracle-RepairAid-20260830/ledger_transactions.jsonl","5640436","2026-08-31T06:49:03.6328041Z","ABA92025BF6FF012267355DE025D346E588F689B9FA4F877B60E021843B64AF9"
"FormalAccuracy-v1/Runs/Oracle-RepairAid-20260830/lod_transitions.jsonl","46572","2026-08-31T06:49:03.6193594Z","52F5F8D3466D3A29C60E15AC7A9031765DDFDA4D467A40EFD318C23F74405EDD"
"FormalAccuracy-v1/Runs/Oracle-RepairAid-20260830/npc_snapshots.csv","13797","2026-08-31T06:49:03.5813445Z","BC91F656213D56F634780EAF206843631648DF9B6E80150D1622FE8107B6C913"
"FormalAccuracy-v1/Runs/Oracle-RepairAid-20260830/run_manifest.json","2836","2026-08-31T06:49:03.6335920Z","B889BAC996E4040177C8CA3715AB5BEFC5E0BFF6F9DA90CF075DD723C73EAA4E"
"FormalAccuracy-v1/Runs/Oracle-RepairAid-20260830/simulation_events.jsonl","15421357","2026-08-31T06:49:03.6183608Z","4B15B0B934A1F7EE96133DF823FABFAE905F3052E964A7912344F6734D0AF12B"
"FormalAccuracy-v1/Runs/Oracle-RepairAid-20260831/cohort_timeseries.csv","556039","2026-08-31T06:45:43.7749539Z","8F68B10A600253E1398712DB303E5EB4BBFBB465D8F56F27FD14ACB6B6299F81"
"FormalAccuracy-v1/Runs/Oracle-RepairAid-20260831/kingdom_timeseries.csv","720769","2026-08-31T06:45:43.7729530Z","892F36A72B5FBFB4DE988DCA459B5258E6A4D061F1CDFE1D93D104A58E5633BA"
"FormalAccuracy-v1/Runs/Oracle-RepairAid-20260831/ledger_transactions.jsonl","5636673","2026-08-31T06:45:43.8242339Z","015FFBFA48E1CE1C3ACCBAE77FAF58304E5617DEFD1CA37A9C1C2FDFD3BBBF39"
"FormalAccuracy-v1/Runs/Oracle-RepairAid-20260831/lod_transitions.jsonl","46552","2026-08-31T06:45:43.8117251Z","ABE05356B254B8D249BB9440B6D6FC713EF63ED8A76C2C831C1C3EC50F2E9D91"
"FormalAccuracy-v1/Runs/Oracle-RepairAid-20260831/npc_snapshots.csv","13790","2026-08-31T06:45:43.7749539Z","53001E5273D64F5AA676233F37C02404C838847BFFE744274BCDF62343784E45"
"FormalAccuracy-v1/Runs/Oracle-RepairAid-20260831/run_manifest.json","2835","2026-08-31T06:45:43.8242339Z","A078F6947EEDE120B71275C1E38E9A23DB18DB7C819719A5D9B0611C73106C2E"
"FormalAccuracy-v1/Runs/Oracle-RepairAid-20260831/simulation_events.jsonl","15424779","2026-08-31T06:45:43.8097242Z","6E4743A9965DB69F8E277431E0241A0E8EA887E81AD338C11E3AD3C606882AC6"
"FormalAccuracy-v1/Runs/Oracle-RepairAid-20260832/cohort_timeseries.csv","546381","2026-08-31T06:53:35.0454390Z","FAD14D96C6CBAB502D3FF3D6A8E4D569344881F218215229B3F757FAA713497B"
"FormalAccuracy-v1/Runs/Oracle-RepairAid-20260832/kingdom_timeseries.csv","720769","2026-08-31T06:53:35.0435215Z","7C1D339D56C393B8EE9047BCF10DBE1B9E6C4C399FEF707C362A668A102BB766"
"FormalAccuracy-v1/Runs/Oracle-RepairAid-20260832/ledger_transactions.jsonl","5640436","2026-08-31T06:53:35.0983588Z","097F652202A96C25E2BBFE8E50313CD3E88F900795C293D694CB87A1DE91E5A5"
"FormalAccuracy-v1/Runs/Oracle-RepairAid-20260832/lod_transitions.jsonl","46546","2026-08-31T06:53:35.0858514Z","A8B0491030E3DBB9590C4120999896BC71BA9CAFD7D44FD0BFB2F065CEE19D3F"
"FormalAccuracy-v1/Runs/Oracle-RepairAid-20260832/npc_snapshots.csv","13783","2026-08-31T06:53:35.0454390Z","FE46B8D41A3EFDEED58B58313C57DD7D5517DDA834E8ECF88A01D73EA3629C2F"
"FormalAccuracy-v1/Runs/Oracle-RepairAid-20260832/run_manifest.json","2833","2026-08-31T06:53:35.0983588Z","72A6310BE67BF036F7D9834B908F08C7744A75712EC335A583EFED18BC6F6918"
"FormalAccuracy-v1/Runs/Oracle-RepairAid-20260832/simulation_events.jsonl","15421358","2026-08-31T06:53:35.0838949Z","30087D6246FA79B6FDC14001D55F4EFD776138D3FD14D3C052E8AF76ECF2CBFA"
"FormalAccuracy-v1/Runs/Oracle-RepairAid-20260833/cohort_timeseries.csv","546110","2026-08-31T06:42:33.9618561Z","84A7D08E5F396C561527278AEF2DF2D6CCCDC7B473976E7F21E5B5E98F167E37"
"FormalAccuracy-v1/Runs/Oracle-RepairAid-20260833/kingdom_timeseries.csv","720769","2026-08-31T06:42:33.9609751Z","B332BF3C15CE5E346EB10411AB6917AC3E3E5EF1019AC3878253509F8E58D42B"
"FormalAccuracy-v1/Runs/Oracle-RepairAid-20260833/ledger_transactions.jsonl","5637926","2026-08-31T06:42:34.0102622Z","18B5C3A6BBB2A084D60F93CD50D25DAA95117ACCC8ECFFFE94B18857A149ABD8"
"FormalAccuracy-v1/Runs/Oracle-RepairAid-20260833/lod_transitions.jsonl","46532","2026-08-31T06:42:33.9981378Z","9B62F4BA504498B3E107E1A37D721A0B30D4499AFB09E3129F393642D153C715"
"FormalAccuracy-v1/Runs/Oracle-RepairAid-20260833/npc_snapshots.csv","13781","2026-08-31T06:42:33.9628558Z","66411415312D9FB7C32BDBA83F7E9A47E6C2E46AFDD8A8709A572C50E81C5E04"
"FormalAccuracy-v1/Runs/Oracle-RepairAid-20260833/run_manifest.json","2833","2026-08-31T06:42:34.0112632Z","297DEE369195AC851C74573B914DC9EC2B82F81D88B87D14A3B6A839E1D861B5"
"FormalAccuracy-v1/Runs/Oracle-RepairAid-20260833/simulation_events.jsonl","15423636","2026-08-31T06:42:33.9961333Z","DBF6E55508768D43696099272B442700063601609A41D954499194E5E337BD81"
"FormalAccuracy-v1/Runs/Oracle-RepairAid-20260834/cohort_timeseries.csv","550970","2026-08-31T06:50:37.7121165Z","A1B41CE930291B2FCD63D3151A2BCEAC28C11DAAC8B1A717302A7EE3AE5B64C1"
"FormalAccuracy-v1/Runs/Oracle-RepairAid-20260834/kingdom_timeseries.csv","720769","2026-08-31T06:50:37.7101226Z","B96B3E5E0BB349AFF51D933C31898A825B6522513679658F401BA18461543782"
"FormalAccuracy-v1/Runs/Oracle-RepairAid-20260834/ledger_transactions.jsonl","5639186","2026-08-31T06:50:37.7613740Z","AE94860285FC720E962EEC6C2E2D7F1E3CAC43A6845694C954EA2DF8ED079D05"
"FormalAccuracy-v1/Runs/Oracle-RepairAid-20260834/lod_transitions.jsonl","46554","2026-08-31T06:50:37.7491725Z","BF00D08F23B4843214F3127D540E9AD5353F53845068D2A62C808A1799DFDC2E"
"FormalAccuracy-v1/Runs/Oracle-RepairAid-20260834/npc_snapshots.csv","13788","2026-08-31T06:50:37.7121165Z","8553FADF6748CCD2C37AB0DFF99FDEBDC5D564E524D3200B6E079B7A082702FA"
"FormalAccuracy-v1/Runs/Oracle-RepairAid-20260834/run_manifest.json","2836","2026-08-31T06:50:37.7613740Z","36E3AF9ED99B0310BD4C41C26DAD5ED81BD1559A7EDBB8EB1BB1542C4C2630B9"
"FormalAccuracy-v1/Runs/Oracle-RepairAid-20260834/simulation_events.jsonl","15422495","2026-08-31T06:50:37.7471735Z","59215A1D0D178DA20217B12E866767997BBDC43B0D179347B1577111DB98D0AB"
"FormalAccuracy-v1/Runs/Oracle-RepairAid-20260835/cohort_timeseries.csv","544154","2026-08-31T06:41:14.4297618Z","313CF46A8B54E9C470E423ED8A72EF5A198F6C65191701BFAB1FDC90E5B8F269"
"FormalAccuracy-v1/Runs/Oracle-RepairAid-20260835/kingdom_timeseries.csv","720769","2026-08-31T06:41:14.4278657Z","90F9345A8AD3790246E1F9753E3720D8143E4B33ECB16CD711DB47D1990927F5"
"FormalAccuracy-v1/Runs/Oracle-RepairAid-20260835/ledger_transactions.jsonl","5640434","2026-08-31T06:41:14.4818250Z","A718069C4AB703EBA13280C31B154DD48D3838D5C60706AAAA0CFB2FBD708205"
"FormalAccuracy-v1/Runs/Oracle-RepairAid-20260835/lod_transitions.jsonl","46534","2026-08-31T06:41:14.4693180Z","953A0F4F000542B26324323DC851EF19E8BAE07172EFD79E7E8F10DE35A8CB81"
"FormalAccuracy-v1/Runs/Oracle-RepairAid-20260835/npc_snapshots.csv","13778","2026-08-31T06:41:14.4297618Z","0045AF1D4822B282A9BDC97F33416095F6B59D47CD8B5F43B9B06897A3D0B98F"
"FormalAccuracy-v1/Runs/Oracle-RepairAid-20260835/run_manifest.json","2829","2026-08-31T06:41:14.4818250Z","62E09D2789DD0D06368C98FB1FC9FDF0EE92185C607D677EE3D98DD9D7E71EE2"
"FormalAccuracy-v1/Runs/Oracle-RepairAid-20260835/simulation_events.jsonl","15421364","2026-08-31T06:41:14.4673247Z","8EB13087C44D7268BADDB09860E5D655108E47C17E83BDCE055571A7D6AB1A36"
"FormalAccuracy-v1/Runs/Oracle-RepairAid-20260836/cohort_timeseries.csv","546154","2026-08-31T06:42:18.7875999Z","083CF0AF6DAB6C9B87CA910F7B2CBCBBC64724FD42DE1DCB4F7C5F4C6B940893"
"FormalAccuracy-v1/Runs/Oracle-RepairAid-20260836/kingdom_timeseries.csv","720769","2026-08-31T06:42:18.7856016Z","EC754AD62FC9DCAD471B94AC851C0F4883ED8A16C4A20390D2E2020CDC0E2DA5"
"FormalAccuracy-v1/Runs/Oracle-RepairAid-20260836/ledger_transactions.jsonl","5641685","2026-08-31T06:42:18.8384049Z","8444EC71F6B610F482057FDD6B8BE1963117960F570030AE59C050A808612015"
"FormalAccuracy-v1/Runs/Oracle-RepairAid-20260836/lod_transitions.jsonl","46542","2026-08-31T06:42:18.8252291Z","6B57EB386314E644C3FF153A840E57DA6D1554E47121A25DDF5F79FD4A2CF247"
"FormalAccuracy-v1/Runs/Oracle-RepairAid-20260836/npc_snapshots.csv","13786","2026-08-31T06:42:18.7875999Z","194666169D38816D439164A2052A302F7F8E740E78A227C269ABE3C6ED9673C8"
"FormalAccuracy-v1/Runs/Oracle-RepairAid-20260836/run_manifest.json","2833","2026-08-31T06:42:18.8384049Z","5EEEFBB2F08D9BA2E75DFECAF4F1B4B16EDC3465BC480905AF77B04F7343C058"
"FormalAccuracy-v1/Runs/Oracle-RepairAid-20260836/simulation_events.jsonl","15420229","2026-08-31T06:42:18.8232190Z","96C00233EBE2777EA50B1CCB093364FBE74A8C7F26D5448E3F1869B3DF33450D"
"FormalAccuracy-v1/Runs/Oracle-RepairAid-20260837/cohort_timeseries.csv","541207","2026-08-31T06:46:22.9772559Z","0620507476B155EBB17AA61ED5C4493BD94CA2B9DF1ED88CEC5D0678B5469162"
"FormalAccuracy-v1/Runs/Oracle-RepairAid-20260837/kingdom_timeseries.csv","720769","2026-08-31T06:46:22.9762539Z","3252FD67091D716F24E9D228E8F872042CE766AF908A0DDD95DEBA424FF9E7F7"
"FormalAccuracy-v1/Runs/Oracle-RepairAid-20260837/ledger_transactions.jsonl","5639183","2026-08-31T06:46:23.0256834Z","76AADA324E526B058F2099223CF73E0AA00CCDF84405B77C08B66543E8E0931B"
"FormalAccuracy-v1/Runs/Oracle-RepairAid-20260837/lod_transitions.jsonl","46556","2026-08-31T06:46:23.0129499Z","FB61EB4F7C7CEAAB3C389F52C86C4881D0124673DC3CFE32E148A2A73141AE20"
"FormalAccuracy-v1/Runs/Oracle-RepairAid-20260837/npc_snapshots.csv","13789","2026-08-31T06:46:22.9783345Z","415EC5B5F2B1D2444B2A3FD486D6AA398EB9F03399026283960C84EE6CD54B73"
"FormalAccuracy-v1/Runs/Oracle-RepairAid-20260837/run_manifest.json","2834","2026-08-31T06:46:23.0256834Z","DA2F3198D00A1E6E3BC32DBF90E8D017831946379EA4159335B8414FB2915B0E"
"FormalAccuracy-v1/Runs/Oracle-RepairAid-20260837/simulation_events.jsonl","15422500","2026-08-31T06:46:23.0119919Z","1919EDBD0C5AFE2559DCBCA666829F6E3BE2520CB64A61974AC24D7820F77FB3"
"FormalAccuracy-v1/Runs/Oracle-RepairAid-20260838/cohort_timeseries.csv","550149","2026-08-31T06:39:57.3851884Z","54BC612FE59FB13C912EE30F70DE5BCDDD9A64EFE01DE4A4B624C6CC62077077"
"FormalAccuracy-v1/Runs/Oracle-RepairAid-20260838/kingdom_timeseries.csv","720769","2026-08-31T06:39:57.3841888Z","0E539335CB06B9F956ED2E6E0404B3CA6E1BAB540441363B56A4EF4D3A50638B"
"FormalAccuracy-v1/Runs/Oracle-RepairAid-20260838/ledger_transactions.jsonl","5641691","2026-08-31T06:39:57.4384088Z","9E6806FE4E406FAC5FA40277CF98459508FB5B85C39F20777B6A2CF6CE24514F"
"FormalAccuracy-v1/Runs/Oracle-RepairAid-20260838/lod_transitions.jsonl","46560","2026-08-31T06:39:57.4254714Z","0648A5E3C22DFE91F7CDADFC750A2A5BEE444366F7FE51CA6451D3A444B6BC55"
"FormalAccuracy-v1/Runs/Oracle-RepairAid-20260838/npc_snapshots.csv","13796","2026-08-31T06:39:57.3851884Z","C4474942CAACC50BECC350B6D6553E158C0EC0BBDE042AB6F84DDCC799B95E22"
"FormalAccuracy-v1/Runs/Oracle-RepairAid-20260838/run_manifest.json","2829","2026-08-31T06:39:57.4384088Z","7544E0B1B097689B13B6E00FDE0F7CD941177586CE3DFE6A57A60470BC459B0D"
"FormalAccuracy-v1/Runs/Oracle-RepairAid-20260838/simulation_events.jsonl","15420217","2026-08-31T06:39:57.4232095Z","83CC4951E3758EB4D25814004A2A7F95AF0CD97BE5D968D306FE2C5885D3A07A"
"FormalAccuracy-v1/Runs/Oracle-RepairAid-20260839/cohort_timeseries.csv","545146","2026-08-31T06:47:29.7194243Z","C579B4A82B3DE47BFC71B8935809C6734687FB15094792C933807706EDCFF0D5"
"FormalAccuracy-v1/Runs/Oracle-RepairAid-20260839/kingdom_timeseries.csv","720769","2026-08-31T06:47:29.7184236Z","07A8F79D01D3F1283A9160B6C2567CD8374D8152DF65B236261ACACFB7280C49"
"FormalAccuracy-v1/Runs/Oracle-RepairAid-20260839/ledger_transactions.jsonl","5642940","2026-08-31T06:47:29.7674520Z","690B1984111946A7F6E077A89A1C1596183A058215CFB2CB95E82369C4B7CBFB"
"FormalAccuracy-v1/Runs/Oracle-RepairAid-20260839/lod_transitions.jsonl","46516","2026-08-31T06:47:29.7554357Z","05D755AC56213D6F4EBD2498D34277730DC5A90DBC530B963C83A3204DFA3F57"
"FormalAccuracy-v1/Runs/Oracle-RepairAid-20260839/npc_snapshots.csv","13776","2026-08-31T06:47:29.7194243Z","ABEE6CF1A5F54EA191B5AD4D25B8C4FE9CC0D94EBCDB86745F23736A88202D33"
"FormalAccuracy-v1/Runs/Oracle-RepairAid-20260839/run_manifest.json","2835","2026-08-31T06:47:29.7684394Z","E7C0AE496D04F26D7DBB378B49B45A9BFD508053ABF9F4E053D7E9D4DD3753CE"
"FormalAccuracy-v1/Runs/Oracle-RepairAid-20260839/simulation_events.jsonl","15419089","2026-08-31T06:47:29.7534356Z","28CF3C43CAA073306CD3467A45B0F5DA3984A992B9C16D9F7F789477E53625F6"
"FormalAccuracy-v1/Runs/Oracle-RepairAid-20260840/cohort_timeseries.csv","540195","2026-08-31T06:48:37.6182768Z","DD6CF5E2571AE646B32E9A9A0AE019F5C35DC92E006009153F6F207995D46CA3"
"FormalAccuracy-v1/Runs/Oracle-RepairAid-20260840/kingdom_timeseries.csv","720769","2026-08-31T06:48:37.6173867Z","D0505052F6555549DBA73F38050DAC5970D7EF560E27703A28F5267649B2A8AE"
"FormalAccuracy-v1/Runs/Oracle-RepairAid-20260840/ledger_transactions.jsonl","5637931","2026-08-31T06:48:37.6689859Z","14FB4528420215A2DAB6689CBA4C953E6FFE30C6612C9EF3DAD1A78A2F8031B7"
"FormalAccuracy-v1/Runs/Oracle-RepairAid-20260840/lod_transitions.jsonl","46516","2026-08-31T06:48:37.6559686Z","52AF4B9643F083F6314E19AEC0D9BCD5A11973F56FF3177BD4823983C0FB6505"
"FormalAccuracy-v1/Runs/Oracle-RepairAid-20260840/npc_snapshots.csv","13766","2026-08-31T06:48:37.6192754Z","A2F4617794855E40783F2735F4EBDDD9A03250C7946315C4E4F28975ED4D115A"
"FormalAccuracy-v1/Runs/Oracle-RepairAid-20260840/run_manifest.json","2835","2026-08-31T06:48:37.6689859Z","5661160C557C1B7C32B9437C97F6D96D400575C631382E755BB1C1BFFC54B0F5"
"FormalAccuracy-v1/Runs/Oracle-RepairAid-20260840/simulation_events.jsonl","15423657","2026-08-31T06:48:37.6539655Z","D6A731D225B0E44F914B2BA87EE2EECE5E556D4A3C6571D0FEDB5EFD52422321"
"FormalAccuracy-v1/Runs/Oracle-RepairAid-20260841/cohort_timeseries.csv","547263","2026-08-31T06:43:54.1213941Z","1C287781BDB8BD7345A5C0F0C9ECEC297C9AA52ABC6981F7EEA5DB8FE106A2B9"
"FormalAccuracy-v1/Runs/Oracle-RepairAid-20260841/kingdom_timeseries.csv","720769","2026-08-31T06:43:54.1203887Z","8C06C62E4CB641532E074881557B83C9DB256EF296F040387039E4D83469D67D"
"FormalAccuracy-v1/Runs/Oracle-RepairAid-20260841/ledger_transactions.jsonl","5636669","2026-08-31T06:43:54.1753065Z","37703409A0C3656F8FBF0FCD4488DF919532F278BDD58235AC943861BE89A36A"
"FormalAccuracy-v1/Runs/Oracle-RepairAid-20260841/lod_transitions.jsonl","46572","2026-08-31T06:43:54.1617678Z","8A587719B6BAE8F19AF69868B2FAC11E7F671FECA171793F2CBCA7E9F655037F"
"FormalAccuracy-v1/Runs/Oracle-RepairAid-20260841/npc_snapshots.csv","13806","2026-08-31T06:43:54.1223938Z","462A65DF5316B85596F2A6204AB46C54DE77C4EEE14BB29446A94C1A92EF1D09"
"FormalAccuracy-v1/Runs/Oracle-RepairAid-20260841/run_manifest.json","2833","2026-08-31T06:43:54.1753065Z","F80FD1F74B15CADA7F3819EF0F2F053C0A155CF7E21BC8A551F3CF283B995290"
"FormalAccuracy-v1/Runs/Oracle-RepairAid-20260841/simulation_events.jsonl","15424785","2026-08-31T06:43:54.1597613Z","35C19CA5788839030C89FE038E8C4E107675905B8480047B964D74AD29C40E2E"
"FormalAccuracy-v1/Runs/Oracle-RepairAid-20260842/cohort_timeseries.csv","548142","2026-08-31T06:42:04.1942400Z","329C908DF1B2C62EC82D6626066497D417FB1EE3575268E5E4FFFF3EC910D105"
"FormalAccuracy-v1/Runs/Oracle-RepairAid-20260842/kingdom_timeseries.csv","720769","2026-08-31T06:42:04.1923219Z","36C6E585F26C6A76B138E203EDE574ACDDB38EE48805B1ADB1560482B9D97F84"
"FormalAccuracy-v1/Runs/Oracle-RepairAid-20260842/ledger_transactions.jsonl","5637928","2026-08-31T06:42:04.2463114Z","2AD82B264D8A873216EB67C596F951EED2EC39E2D7EE3B589D241733B15B3DF0"
"FormalAccuracy-v1/Runs/Oracle-RepairAid-20260842/lod_transitions.jsonl","46518","2026-08-31T06:42:04.2332247Z","827952FDE4EF30B432393F62B0EEFC9071C2A65AA1DBFAEE397C08BE74B101E7"
"FormalAccuracy-v1/Runs/Oracle-RepairAid-20260842/npc_snapshots.csv","13771","2026-08-31T06:42:04.1942400Z","019988022AB1ED8722B2ACFA11BD33D29B7A762BD961AFBB74CB50966E5251BC"
"FormalAccuracy-v1/Runs/Oracle-RepairAid-20260842/run_manifest.json","2833","2026-08-31T06:42:04.2463114Z","7E1BFFA6DE42795A78464DC279AF2FD80DD0C813B0084ED0C3DD17D1D18EF23C"
"FormalAccuracy-v1/Runs/Oracle-RepairAid-20260842/simulation_events.jsonl","15423640","2026-08-31T06:42:04.2307147Z","4EE2FA33C1E040536D98D461CB1A8DE0C5DA94D59C8752459B7CB085C8BA9354"
"FormalAccuracy-v1/Runs/Oracle-RepairAid-20260843/cohort_timeseries.csv","544318","2026-08-31T06:41:18.0598145Z","E56752266E8F7007A31BC30B740A61AEA44D4FD8730E38066E31DB5AC09FF27B"
"FormalAccuracy-v1/Runs/Oracle-RepairAid-20260843/kingdom_timeseries.csv","720769","2026-08-31T06:41:18.0577489Z","D73D0D83AD525B83457992EF630144E085AE976D9A8010C0B7180A55C6140EB7"
"FormalAccuracy-v1/Runs/Oracle-RepairAid-20260843/ledger_transactions.jsonl","5642947","2026-08-31T06:41:18.1099023Z","4866640956F52B1B2FDA1A93F39A6193FBB6FABEA5B7EDEDB890812178E0CECD"
"FormalAccuracy-v1/Runs/Oracle-RepairAid-20260843/lod_transitions.jsonl","46522","2026-08-31T06:41:18.0959002Z","EED79BFC98402E997781A373997EC9136F2F89AA1C2BDC49AA38D322BF259526"
"FormalAccuracy-v1/Runs/Oracle-RepairAid-20260843/npc_snapshots.csv","13772","2026-08-31T06:41:18.0598145Z","CEF553C98886413BC32F8C5A9E422CC0E0361529C2579A5C76EB929A6DA53B69"
"FormalAccuracy-v1/Runs/Oracle-RepairAid-20260843/run_manifest.json","2834","2026-08-31T06:41:18.1099023Z","17AE12683253D8E249DB2D6FB6C0DE8E475DE629B3871650C4C2813C5BA7161E"
"FormalAccuracy-v1/Runs/Oracle-RepairAid-20260843/simulation_events.jsonl","15419099","2026-08-31T06:41:18.0939753Z","52B61D0674FBDA1A19C3646E3703EB46E239893970CF53475D70A5154F6A8F4A"
"FormalAccuracy-v1/Runs/Oracle-RepairAid-20260844/cohort_timeseries.csv","544814","2026-08-31T06:48:08.4930784Z","D927943554C676BF23BA6BB2F193BFD198A0C376394DA14F057E3902EE1D8041"
"FormalAccuracy-v1/Runs/Oracle-RepairAid-20260844/kingdom_timeseries.csv","720769","2026-08-31T06:48:08.4911729Z","971BDC1C0F3D61FF57FF355B2443DC113C038E9EC4F7F7AF9FA4C5BAF281C4A1"
"FormalAccuracy-v1/Runs/Oracle-RepairAid-20260844/ledger_transactions.jsonl","5641691","2026-08-31T06:48:08.5438864Z","1BB8ADA78ECA36711B9716A5568F4EF8465CB3EC17AC3AD3A19EA7A914631179"
"FormalAccuracy-v1/Runs/Oracle-RepairAid-20260844/lod_transitions.jsonl","46508","2026-08-31T06:48:08.5307745Z","6B65A9D236B467FC8D6114A816FF326AA8536D6B6F3443321BB9554A04D6FA30"
"FormalAccuracy-v1/Runs/Oracle-RepairAid-20260844/npc_snapshots.csv","13768","2026-08-31T06:48:08.4930784Z","226661AC01B8B6B9B330822C0B892D14229230502CBD7BA9B5BEB1693B3C47D1"
"FormalAccuracy-v1/Runs/Oracle-RepairAid-20260844/run_manifest.json","2835","2026-08-31T06:48:08.5448429Z","AD19C96557B84F53F1D5099AF093003B6704E9C2D2D874B38A392463ECF2309F"
"FormalAccuracy-v1/Runs/Oracle-RepairAid-20260844/simulation_events.jsonl","15420218","2026-08-31T06:48:08.5292108Z","B02B5C1A61FAB1D4C7D177146C29E0F433811E1D4FBDFF95EBC1A4F5BBBBDA83"
"FormalAccuracy-v1/Runs/Oracle-StateImport-20260815/cohort_timeseries.csv","566108","2026-08-31T06:47:26.7191742Z","491E6C1FA603EEA9B359B26440ACA3C7F4B624B1C3D3C24D745367F441D7437C"
"FormalAccuracy-v1/Runs/Oracle-StateImport-20260815/kingdom_timeseries.csv","738287","2026-08-31T06:47:26.7182251Z","93455D17ECD6A917FD2ACC5A4B3AF775918F282BA8A1E005136773A929AC9D6C"
"FormalAccuracy-v1/Runs/Oracle-StateImport-20260815/ledger_transactions.jsonl","5701648","2026-08-31T06:47:26.7681302Z","0CCA5AB1C86921C55244D7E433516AFEFB2FBEE69A372C04441268AD08623E96"
"FormalAccuracy-v1/Runs/Oracle-StateImport-20260815/lod_transitions.jsonl","47012","2026-08-31T06:47:26.7551244Z","C8F4E950943B65672CD0AC9C36A278E2357338FCA2545EA598069F93C0470687"
"FormalAccuracy-v1/Runs/Oracle-StateImport-20260815/npc_snapshots.csv","14020","2026-08-31T06:47:26.7202630Z","BB9FA23445E9F47FAD8548ACFD39559C5C12B3AFD43C546A4E7733FA3F0F8EB2"
"FormalAccuracy-v1/Runs/Oracle-StateImport-20260815/run_manifest.json","2836","2026-08-31T06:47:26.7681302Z","EE4D8E512D11BDCF5276A63E72B0287986D0E9F05EE8F950ECEE95A8D0ED88B3"
"FormalAccuracy-v1/Runs/Oracle-StateImport-20260815/simulation_events.jsonl","15572395","2026-08-31T06:47:26.7537873Z","2A9DB9CD45B6C462878A3CE151D254E519F7E74EA892D99A74CC9ADFF5759C62"
"FormalAccuracy-v1/Runs/Oracle-StateImport-20260816/cohort_timeseries.csv","562938","2026-08-31T06:41:41.1475475Z","E04E44767405483D3355B7E66377B2F8BDA7359D0BEAE3C3F6E6526ECF637AD2"
"FormalAccuracy-v1/Runs/Oracle-StateImport-20260816/kingdom_timeseries.csv","738287","2026-08-31T06:41:41.1455509Z","C908BB9844BC060EDBFBF80ADE60C495D1A1FDB09C3F00DE689075C92122EB11"
"FormalAccuracy-v1/Runs/Oracle-StateImport-20260816/ledger_transactions.jsonl","5702902","2026-08-31T06:41:41.2002266Z","85EBE7B40F10264C67FBC9B6A9F11907BD17218B34BC5B2FD80F9E45B6AF5859"
"FormalAccuracy-v1/Runs/Oracle-StateImport-20260816/lod_transitions.jsonl","47016","2026-08-31T06:41:41.1867184Z","68A2F6F71059ED17610E6861822B55ABDEEBF1F1316573B7A23414DF64D4E637"
"FormalAccuracy-v1/Runs/Oracle-StateImport-20260816/npc_snapshots.csv","14018","2026-08-31T06:41:41.1475475Z","6787707C3D167DAD9DC62B77029A5A21B5BC67C12761A670ED1D96BD2A001745"
"FormalAccuracy-v1/Runs/Oracle-StateImport-20260816/run_manifest.json","2837","2026-08-31T06:41:41.2002266Z","638E7CAE996C3163CB3AE0264C4663A76E90CFA17AADDB77BB623314D30A7E41"
"FormalAccuracy-v1/Runs/Oracle-StateImport-20260816/simulation_events.jsonl","15568940","2026-08-31T06:41:41.1847259Z","00758A501723B0496B8495C21B5C39E3097F17E90536850D9DE4B07462CA4A1A"
"FormalAccuracy-v1/Runs/Oracle-StateImport-20260817/cohort_timeseries.csv","566302","2026-08-31T06:51:09.8039870Z","B98AA2A29412F36F5CF657F40C7DDD1672597459ED1B428AFC686D545A39B379"
"FormalAccuracy-v1/Runs/Oracle-StateImport-20260817/kingdom_timeseries.csv","738287","2026-08-31T06:51:09.8029935Z","0D88C86CE16076A39904B9389640F5AA432DFE577EC8C024C3F4FA1F2B5F6B9A"
"FormalAccuracy-v1/Runs/Oracle-StateImport-20260817/ledger_transactions.jsonl","5703743","2026-08-31T06:51:09.8533753Z","55D85B613A2ED5F811ABD3C7151685E5FCBE3AB21FD2F35DAA9CC609C86D619D"
"FormalAccuracy-v1/Runs/Oracle-StateImport-20260817/lod_transitions.jsonl","47026","2026-08-31T06:51:09.8396154Z","2F60DE11BBB7859FA8F9C49A14670F38CCE3EA36F786CB3E96BF1BB49E84A230"
"FormalAccuracy-v1/Runs/Oracle-StateImport-20260817/npc_snapshots.csv","14036","2026-08-31T06:51:09.8039870Z","3DEEF678F5D807F8F4E8FD887697001B977069A6F8954184E7DDB48D27218EC1"
"FormalAccuracy-v1/Runs/Oracle-StateImport-20260817/run_manifest.json","2837","2026-08-31T06:51:09.8543803Z","88714292DE24A36BBE2A96F3E03011DAA063F2C5BAC074583E6615CC0A4E131A"
"FormalAccuracy-v1/Runs/Oracle-StateImport-20260817/simulation_events.jsonl","15566658","2026-08-31T06:51:09.8386140Z","DBCFB23E7AA7607BC4E396BFBD73015777389D83BF1248938C45B89905C3C4D0"
"FormalAccuracy-v1/Runs/Oracle-StateImport-20260818/cohort_timeseries.csv","563187","2026-08-31T06:47:38.1659292Z","388D71D35292C18279C7FD0604CBD7AA59EB1BA2E1F9B12AC9474F0C329B0A07"
"FormalAccuracy-v1/Runs/Oracle-StateImport-20260818/kingdom_timeseries.csv","738239","2026-08-31T06:47:38.1648492Z","D5E01A29CB6834FB96F2B2EED94ABE5FF21B625F933B183D9BA3645A0E29158C"
"FormalAccuracy-v1/Runs/Oracle-StateImport-20260818/ledger_transactions.jsonl","5704158","2026-08-31T06:47:38.2166175Z","272AD1EE5BA47FFE46FC92086A68101249F7930B64C5AD758E9FD75BAA1B4385"
"FormalAccuracy-v1/Runs/Oracle-StateImport-20260818/lod_transitions.jsonl","47010","2026-08-31T06:47:38.2037599Z","541B9D9BD568CEC094949742087998534A868A082813174D8C75911485C5B419"
"FormalAccuracy-v1/Runs/Oracle-StateImport-20260818/npc_snapshots.csv","14024","2026-08-31T06:47:38.1668493Z","86F66596AF0472E8A1D3D6458BEB5B2D6BC3AD4A5D992EF2051589012DE013E4"
"FormalAccuracy-v1/Runs/Oracle-StateImport-20260818/run_manifest.json","2837","2026-08-31T06:47:38.2176177Z","DB4DF9B9AB159FBB849228ADECD4ABAB0FCCA5F5A73A0B8591B0779D14E2B205"
"FormalAccuracy-v1/Runs/Oracle-StateImport-20260818/simulation_events.jsonl","15565514","2026-08-31T06:47:38.2017663Z","33651278B983713BD239A93655D3E9CD45EA1B2D2B4E147C57FD81C85E4D180E"
"FormalAccuracy-v1/Runs/Oracle-StateImport-20260819/cohort_timeseries.csv","559231","2026-08-31T06:51:36.6862566Z","32D1BFB5C1C313DCF245B405596DFA80A63BB5A00AFA08790C3DB419FC66ACD9"
"FormalAccuracy-v1/Runs/Oracle-StateImport-20260819/kingdom_timeseries.csv","738311","2026-08-31T06:51:36.6842584Z","13D05D069435906B5D8B430C1EDFAB1E7ECA9F08937A8B57FAFBDAECE16AD7FA"
"FormalAccuracy-v1/Runs/Oracle-StateImport-20260819/ledger_transactions.jsonl","5700386","2026-08-31T06:51:36.7355075Z","A11F924578A34BC95D11B302F5A4B7870E09DA2712CF6D27C55CEF5E7B38266B"
"FormalAccuracy-v1/Runs/Oracle-StateImport-20260819/lod_transitions.jsonl","47072","2026-08-31T06:51:36.7224960Z","D7885B6F4C43659F6E744AF5A34365A5B78A63F5CD6A5694F90AD741D54A2558"
"FormalAccuracy-v1/Runs/Oracle-StateImport-20260819/npc_snapshots.csv","14049","2026-08-31T06:51:36.6862566Z","55D32D0A0917BD74936695B3E140AE7594C168CEFE333FDDBDE033B433A0DE62"
"FormalAccuracy-v1/Runs/Oracle-StateImport-20260819/run_manifest.json","2839","2026-08-31T06:51:36.7355075Z","9E388CF1FE420D8CB0077C2402943AF6DDF458C07F85AF6D4C762CD84B75F21F"
"FormalAccuracy-v1/Runs/Oracle-StateImport-20260819/simulation_events.jsonl","15575851","2026-08-31T06:51:36.7214957Z","79BC3FC8AF99C230D41CEE91DB346F6895B941344E1E92CB537968E361B8BFBC"
"FormalAccuracy-v1/Runs/Oracle-StateImport-20260820/cohort_timeseries.csv","570370","2026-08-31T06:47:37.1667418Z","FB005CC5FE25430180F725A02BCD63643BD86D97443060BACD4FD5CDCC3EDC1A"
"FormalAccuracy-v1/Runs/Oracle-StateImport-20260820/kingdom_timeseries.csv","738239","2026-08-31T06:47:37.1647442Z","E2D9474E7CBCD2BD0B910C1FE4E85590E96EC60F371E2198DF43AECA7252848B"
"FormalAccuracy-v1/Runs/Oracle-StateImport-20260820/ledger_transactions.jsonl","5705412","2026-08-31T06:47:37.2199097Z","B87EBC5FE8FD48B18FA90B01434D59FA89002A0D945C77A731E0ECC63777206A"
"FormalAccuracy-v1/Runs/Oracle-StateImport-20260820/lod_transitions.jsonl","47008","2026-08-31T06:47:37.2068144Z","A036FA8D5195DD146C25B8039155AB172795680E90F5E2DA4C4C1BD29D1A9CEE"
"FormalAccuracy-v1/Runs/Oracle-StateImport-20260820/npc_snapshots.csv","14018","2026-08-31T06:47:37.1667418Z","727A97A8A302EDBAD4DC46A189D6D8A34A305FD17C3BC23D06EBCE795C13C348"
"FormalAccuracy-v1/Runs/Oracle-StateImport-20260820/run_manifest.json","2837","2026-08-31T06:47:37.2209140Z","6D0BBDCC97F9829398898EEABEF45B929D69444DC450380692BF3F04DBC77DCB"
"FormalAccuracy-v1/Runs/Oracle-StateImport-20260820/simulation_events.jsonl","15562043","2026-08-31T06:47:37.2048062Z","81569FABCED15B165B13F2D8EE4E6993699497EE44E879AF5458FE0D3166A053"
"FormalAccuracy-v1/Runs/Oracle-StateImport-20260821/cohort_timeseries.csv","561492","2026-08-31T06:41:00.4385566Z","52F1D62540482DE8000792527E3B263EE78AF175E6DF2D911FA22C34FBCDA3CB"
"FormalAccuracy-v1/Runs/Oracle-StateImport-20260821/kingdom_timeseries.csv","738287","2026-08-31T06:41:00.4365560Z","5AAA71075F244822C1A11B08A2A3B5F8D33776A558969E0FB692DCE3DF2D5BCD"
"FormalAccuracy-v1/Runs/Oracle-StateImport-20260821/ledger_transactions.jsonl","5698710","2026-08-31T06:41:00.4897643Z","3A96F5674D87432E85C76C58DBB0FE63417126F11F97DB01A60FECDF9D6BEDF7"
"FormalAccuracy-v1/Runs/Oracle-StateImport-20260821/lod_transitions.jsonl","47004","2026-08-31T06:41:00.4770660Z","7CD726DC3ED7F0D99B8AAAA470831E31048E5DF6671F635F6C86835A611F076F"
"FormalAccuracy-v1/Runs/Oracle-StateImport-20260821/npc_snapshots.csv","14014","2026-08-31T06:41:00.4385566Z","DB6B3D527135D14D49A560D2075A4E5FE638AE533A480788E0837E8A966727B1"
"FormalAccuracy-v1/Runs/Oracle-StateImport-20260821/run_manifest.json","2837","2026-08-31T06:41:00.4907630Z","08B768D9E5DFBE8E465A1A322F22B4CDCC9D76D7F7E1D5FD8B9BE9A144B89B78"
"FormalAccuracy-v1/Runs/Oracle-StateImport-20260821/simulation_events.jsonl","15580464","2026-08-31T06:41:00.4751565Z","94262C05AAFB595A3AD2193241E211A1EE3D350EEF7596F9EFE06ED5B912C7FF"
"FormalAccuracy-v1/Runs/Oracle-StateImport-20260822/cohort_timeseries.csv","555845","2026-08-31T06:42:07.1790408Z","301A94C8C1CD714609781B09CD13A5D8635DAB6BCDD7812D8EB5288227E13C25"
"FormalAccuracy-v1/Runs/Oracle-StateImport-20260822/kingdom_timeseries.csv","738239","2026-08-31T06:42:07.1780428Z","A5A6EAD0EA85B9E37EEDCEF068827B0D4AB2570A260951537F3A4BBEC001B0D6"
"FormalAccuracy-v1/Runs/Oracle-StateImport-20260822/ledger_transactions.jsonl","5702481","2026-08-31T06:42:07.2283876Z","95BEA1F9B50FCC400272B385D4810F11930892B1235436A2D9F0A49EC4A1E1D5"
"FormalAccuracy-v1/Runs/Oracle-StateImport-20260822/lod_transitions.jsonl","47080","2026-08-31T06:42:07.2156505Z","D5B70D2701832F420E5F11513A3BEBCF645C2C85A34C6F49828147DFD8F1C58A"
"FormalAccuracy-v1/Runs/Oracle-StateImport-20260822/npc_snapshots.csv","14048","2026-08-31T06:42:07.1800397Z","7D9F97027736E2F72942D058D28A00FFAD614848FC08E3CC811382656BAFB32D"
"FormalAccuracy-v1/Runs/Oracle-StateImport-20260822/run_manifest.json","2834","2026-08-31T06:42:07.2293554Z","3FA4D8F5F8E808882D3A2D3BE6381DB70FCB88DC90807FEDEFBFAC36D81BC50F"
"FormalAccuracy-v1/Runs/Oracle-StateImport-20260822/simulation_events.jsonl","15570091","2026-08-31T06:42:07.2156505Z","ACC8BCC665C0A28492F3457497CB2C3CB557966BEE863F318689CA94828C3CB1"
"FormalAccuracy-v1/Runs/Oracle-StateImport-20260823/cohort_timeseries.csv","570878","2026-08-31T06:47:10.3133169Z","6E71AA4C0CF85415C447E820A4DEB664066BA0991DDC0BC9364C871CA2D56453"
"FormalAccuracy-v1/Runs/Oracle-StateImport-20260823/kingdom_timeseries.csv","738239","2026-08-31T06:47:10.3113154Z","975C042D2693AF286ED5BF226AC54107A6811E8AEA9722C1C900A9273D5471C7"
"FormalAccuracy-v1/Runs/Oracle-StateImport-20260823/ledger_transactions.jsonl","5704579","2026-08-31T06:47:10.3646383Z","1E9229A2108D3829FFCE2EFCBB136229DE847808C9F2EA7A73A0DABEA493391A"
"FormalAccuracy-v1/Runs/Oracle-StateImport-20260823/lod_transitions.jsonl","47056","2026-08-31T06:47:10.3516283Z","FE10B91151182477755D03032903F6F14940FED07B3149DA2C9F42096B3E9930"
"FormalAccuracy-v1/Runs/Oracle-StateImport-20260823/npc_snapshots.csv","14048","2026-08-31T06:47:10.3133169Z","9B94DBAA16DC687BC9F6904D8E66B26197261E91DB89565B08E9703DC2959A55"
"FormalAccuracy-v1/Runs/Oracle-StateImport-20260823/run_manifest.json","2836","2026-08-31T06:47:10.3656467Z","A448E61BB166B97CF8DC13CA0EA447AE509736F01A8C79FD7D062E69D78D8972"
"FormalAccuracy-v1/Runs/Oracle-StateImport-20260823/simulation_events.jsonl","15564365","2026-08-31T06:47:10.3492452Z","B43A0E56E27F07873BAD932584DA70D2FADCDC1A97633F4D3FC73EC7243674CA"
"FormalAccuracy-v1/Runs/Oracle-StateImport-20260824/cohort_timeseries.csv","569850","2026-08-31T06:54:49.9879644Z","821AA1DED2AD8E3B3D7BAD1C682D7CB9A645C31C009B0111E5795CE170AF50BB"
"FormalAccuracy-v1/Runs/Oracle-StateImport-20260824/kingdom_timeseries.csv","738287","2026-08-31T06:54:49.9859734Z","BC9436926116995C2F1D2E6F7EBF00D02AFF285B4E821A3FE047CBC0DCA6F626"
"FormalAccuracy-v1/Runs/Oracle-StateImport-20260824/ledger_transactions.jsonl","5704159","2026-08-31T06:54:50.0361299Z","DA06BC7EBD92965CE3802EDF9E607BA8623380AB72CF35156FE265756A63F7EF"
"FormalAccuracy-v1/Runs/Oracle-StateImport-20260824/lod_transitions.jsonl","47006","2026-08-31T06:54:50.0230477Z","B6C1690C192E3377CA2D5F15360792D0CE244C7969236293C7FD1D3128991101"
"FormalAccuracy-v1/Runs/Oracle-StateImport-20260824/npc_snapshots.csv","14010","2026-08-31T06:54:49.9879644Z","2E296D1DED80F496E97038FAF63C67012DD2C97A763A142567E148E7029AC509"
"FormalAccuracy-v1/Runs/Oracle-StateImport-20260824/run_manifest.json","2839","2026-08-31T06:54:50.0361299Z","5C7201547036C6AFF1A9173D6304732E2872394B58008631AEF8F7BD2D569BCA"
"FormalAccuracy-v1/Runs/Oracle-StateImport-20260824/simulation_events.jsonl","15565489","2026-08-31T06:54:50.0210389Z","BA0F78F3C6ED9BC5CAD3D24675FCABCDCA16942BA936A3AF5724A18CE6F5D90B"
"FormalAccuracy-v1/Runs/Oracle-StateImport-20260825/cohort_timeseries.csv","557658","2026-08-31T06:47:07.3288750Z","45EFEC59373001FD160D7AFF092549192B28228C95120D136702998EA5327E3D"
"FormalAccuracy-v1/Runs/Oracle-StateImport-20260825/kingdom_timeseries.csv","738263","2026-08-31T06:47:07.3268741Z","64870EE2DCD552A0C2A6505E0A091AD914AB196DF1555B88B1CEED22C3B83B55"
"FormalAccuracy-v1/Runs/Oracle-StateImport-20260825/ledger_transactions.jsonl","5702064","2026-08-31T06:47:07.3797272Z","E2DE2D3997C294D24B9002DB924779FD957D15659E19124F75DDE6DAD2A9D8F3"
"FormalAccuracy-v1/Runs/Oracle-StateImport-20260825/lod_transitions.jsonl","47006","2026-08-31T06:47:07.3660806Z","110CDC0449C182671E651EFC0887AAF3B79C09EB333094706D428322F04CD8A4"
"FormalAccuracy-v1/Runs/Oracle-StateImport-20260825/npc_snapshots.csv","14016","2026-08-31T06:47:07.3288750Z","F63DD9DB21EBBE6274F3815EE322C71CC168F2B0067D59A91D1A1A55A0C93715"
"FormalAccuracy-v1/Runs/Oracle-StateImport-20260825/run_manifest.json","2839","2026-08-31T06:47:07.3804944Z","58EE06775A94EC5D0A92ADDE28D2C32651973E36EEA4CA7C50B2061EA7662EB6"
"FormalAccuracy-v1/Runs/Oracle-StateImport-20260825/simulation_events.jsonl","15571235","2026-08-31T06:47:07.3650820Z","6EF3DC0D8DD32BC2900B6EEDC558D24566A53D4077E7B06CA6AA8781B78244BD"
"FormalAccuracy-v1/Runs/Oracle-StateImport-20260826/cohort_timeseries.csv","567109","2026-08-31T06:45:49.6013597Z","46EB7578515093A4929C7CF54C5E9004686CABFC00C5909B958BA8B6123B7BA2"
"FormalAccuracy-v1/Runs/Oracle-StateImport-20260826/kingdom_timeseries.csv","738263","2026-08-31T06:45:49.5994619Z","D3B9AFE61622E724CEE2054C158A09F160DAD8960CFB8D224A8EA74A7867E1EC"
"FormalAccuracy-v1/Runs/Oracle-StateImport-20260826/ledger_transactions.jsonl","5704997","2026-08-31T06:45:49.6515371Z","82B9F4A6475DD207ABE763F7D10844BF16891395EF4D9C07D17E1DAA533C465E"
"FormalAccuracy-v1/Runs/Oracle-StateImport-20260826/lod_transitions.jsonl","47032","2026-08-31T06:45:49.6390279Z","6D31641F4992D9F27024D5B9112433B0F793E84318203927A9462A6CBC8CC600"
"FormalAccuracy-v1/Runs/Oracle-StateImport-20260826/npc_snapshots.csv","14034","2026-08-31T06:45:49.6013597Z","46C268974F60658915150AFE2256AF66D914354C1F5742F9EC6245423857DC2E"
"FormalAccuracy-v1/Runs/Oracle-StateImport-20260826/run_manifest.json","2838","2026-08-31T06:45:49.6515371Z","C26B0D9C586041D1C118A1835E54BF595FD116ECDD20647673476302608A099B"
"FormalAccuracy-v1/Runs/Oracle-StateImport-20260826/simulation_events.jsonl","15563183","2026-08-31T06:45:49.6371056Z","5131B716C861FC16FB5C9AA13CFECA4726EE2E16A4299D70E5E50F2EB8B664B6"
"FormalAccuracy-v1/Runs/Oracle-StateImport-20260827/cohort_timeseries.csv","566735","2026-08-31T06:45:58.0492010Z","E2150BE364218DEC768E5D16269A6C2B207F6AEF89CCFDD30C403C5FB3D83CC0"
"FormalAccuracy-v1/Runs/Oracle-StateImport-20260827/kingdom_timeseries.csv","738239","2026-08-31T06:45:58.0470517Z","8E60BDCA30CDF776E12C568A8D5AF39F42197845DD763BA718F7A44515B20DC4"
"FormalAccuracy-v1/Runs/Oracle-StateImport-20260827/ledger_transactions.jsonl","5705417","2026-08-31T06:45:58.1007703Z","65192EFD643EFE0E361B174BA06122D005A22D1C442BC8C6D2108B61F4798F2E"
"FormalAccuracy-v1/Runs/Oracle-StateImport-20260827/lod_transitions.jsonl","47078","2026-08-31T06:45:58.0881713Z","2C55E82DE181D36BC5F831B927A6290501902F22487568469B9D47E89855E9DF"
"FormalAccuracy-v1/Runs/Oracle-StateImport-20260827/npc_snapshots.csv","14055","2026-08-31T06:45:58.0492010Z","B942F24E2FB4AD2FC8866B7B0A51F2DBCCC45B5A2C8C9911B0D78D05EF9AD7F5"
"FormalAccuracy-v1/Runs/Oracle-StateImport-20260827/run_manifest.json","2838","2026-08-31T06:45:58.1017578Z","B4E06F41F11C2CFF0A03594EA1C44494654FF6C2370EB3E71150FF1D249CB3F5"
"FormalAccuracy-v1/Runs/Oracle-StateImport-20260827/simulation_events.jsonl","15562059","2026-08-31T06:45:58.0862635Z","36C4FA39AC26A521514D6E65BEFADC047CE00A67C889638534944D7EBE848A41"
"FormalAccuracy-v1/Runs/Oracle-StateImport-20260828/cohort_timeseries.csv","552057","2026-08-31T06:51:57.5475680Z","3AD4C89E8BCE5ACE7592D26E5F0E9D5B992BE2493F3D7B1C90EA2508B48EF6DF"
"FormalAccuracy-v1/Runs/Oracle-StateImport-20260828/kingdom_timeseries.csv","738287","2026-08-31T06:51:57.5460190Z","A405D5875E65EC2E3E2DE31B507EAA9509F32D4F0254FE803908935D6B24228D"
"FormalAccuracy-v1/Runs/Oracle-StateImport-20260828/ledger_transactions.jsonl","5703323","2026-08-31T06:51:57.5984849Z","0E3E19A55A89B47456966571B542E1F6F463DAC0C10A428A82DB0A6F40461544"
"FormalAccuracy-v1/Runs/Oracle-StateImport-20260828/lod_transitions.jsonl","47042","2026-08-31T06:51:57.5848503Z","9EF8E6FDED4FB9E198219D6CC83FBCE1FEB5581942CDDD49736688F2B1A22B7A"
"FormalAccuracy-v1/Runs/Oracle-StateImport-20260828/npc_snapshots.csv","14030","2026-08-31T06:51:57.5485629Z","569077304EAAB7B2B3B399048F884D4FBBC4352BA48AA7B017B12D4A6B5C9909"
"FormalAccuracy-v1/Runs/Oracle-StateImport-20260828/run_manifest.json","2840","2026-08-31T06:51:57.5993882Z","06C48B73CF0DB90BECEEE2E69D508372EABF3FE7E5344EB177AFA45F4E2B46A4"
"FormalAccuracy-v1/Runs/Oracle-StateImport-20260828/simulation_events.jsonl","15567789","2026-08-31T06:51:57.5848503Z","1DA9DF667BEF560AC0837FB9512395872158EC39EE2FE4884B64EC1036B5D177"
"FormalAccuracy-v1/Runs/Oracle-StateImport-20260829/cohort_timeseries.csv","562995","2026-08-31T06:45:42.7713082Z","5CC3F3B79F210BD55B7AD693F899F0A9E7D64B17A217F5D8FA6D886534A30A15"
"FormalAccuracy-v1/Runs/Oracle-StateImport-20260829/kingdom_timeseries.csv","738287","2026-08-31T06:45:42.7702988Z","61058445CC4E0D51026C188DBF355600CEEC85D699F430E8A82AACE78CD37219"
"FormalAccuracy-v1/Runs/Oracle-StateImport-20260829/ledger_transactions.jsonl","5702067","2026-08-31T06:45:42.8228126Z","B4519B738E8FFB0A2ED388B3C8E7337723BBE29787CC55487B4A6A4403D58F49"
"FormalAccuracy-v1/Runs/Oracle-StateImport-20260829/lod_transitions.jsonl","47010","2026-08-31T06:45:42.8088397Z","C3BA40EC83CE3D77E9BC7E5843516D807FA60AD2D3F964D4046B9817C54ADFDE"
"FormalAccuracy-v1/Runs/Oracle-StateImport-20260829/npc_snapshots.csv","14021","2026-08-31T06:45:42.7723081Z","805D0DF29B54599832ED14A8D72BAB2A7C7A2BEE2D2A3BF4FCBC193B5498FFAD"
"FormalAccuracy-v1/Runs/Oracle-StateImport-20260829/run_manifest.json","2839","2026-08-31T06:45:42.8228126Z","3FEDC8A9B6F4751F14030B5CB510D481E1958FE13399C31E002D6C0F361CDC6E"
"FormalAccuracy-v1/Runs/Oracle-StateImport-20260829/simulation_events.jsonl","15571256","2026-08-31T06:45:42.8068398Z","6DB39ED2B21CBF89431D1F899FEAECB2F34DC5146B5667F1A06A0F54F8E87EBD"
"FormalAccuracy-v1/Runs/Oracle-StateImport-20260830/cohort_timeseries.csv","559392","2026-08-31T06:54:20.1778995Z","EA3C1C5884F4B700D496384597EAA8D3B183E162B707C18D134A27C43FEEF5E6"
"FormalAccuracy-v1/Runs/Oracle-StateImport-20260830/kingdom_timeseries.csv","738263","2026-08-31T06:54:20.1759408Z","14329C6569801B5A1574EA920BEE244101559F8641FC40461318A8C702BFB30D"
"FormalAccuracy-v1/Runs/Oracle-StateImport-20260830/ledger_transactions.jsonl","5703740","2026-08-31T06:54:20.2278807Z","4491351B84525EC745CD94305031C47BD880B3B3C3B2991E780170257AC47620"
"FormalAccuracy-v1/Runs/Oracle-StateImport-20260830/lod_transitions.jsonl","47052","2026-08-31T06:54:20.2143670Z","DE1C7600E527A42265BA2512E19CC96EE59F768FFC4D43DF52DAD15E3C0485EA"
"FormalAccuracy-v1/Runs/Oracle-StateImport-20260830/npc_snapshots.csv","14037","2026-08-31T06:54:20.1788590Z","933F859F365C3961529DF580D669932189325E7EA642951BB54D5B8173DE456E"
"FormalAccuracy-v1/Runs/Oracle-StateImport-20260830/run_manifest.json","2839","2026-08-31T06:54:20.2289255Z","725472350135E80A9717F6CDFDED2060ED009A9FB811CBEE5CF697E25ECABFDC"
"FormalAccuracy-v1/Runs/Oracle-StateImport-20260830/simulation_events.jsonl","15566643","2026-08-31T06:54:20.2143670Z","596A3CE47B4FA78B2237B7DC8E1EE012BA377568C4D57A08F4D8A0462F1BE03A"
"FormalAccuracy-v1/Runs/Oracle-StateImport-20260831/cohort_timeseries.csv","571183","2026-08-31T06:42:40.1167711Z","CC8B92175295C72415040D3AD8D4E534DBD8D4532D0D816F8739CC8BD14DF5B2"
"FormalAccuracy-v1/Runs/Oracle-StateImport-20260831/kingdom_timeseries.csv","738287","2026-08-31T06:42:40.1148533Z","28E114784AF82D7C422F418755E6E1B632D700EE84AD3F73DA18A2470C441F38"
"FormalAccuracy-v1/Runs/Oracle-StateImport-20260831/ledger_transactions.jsonl","5698712","2026-08-31T06:42:40.1688172Z","0ACAB1406D7468ED52CC8B330E700C6EB0CAB0F94BF96B657D9C24A9FF8632D7"
"FormalAccuracy-v1/Runs/Oracle-StateImport-20260831/lod_transitions.jsonl","47032","2026-08-31T06:42:40.1548111Z","8954D1CE29D055F991C61522FB2EEBCA14C7D70286E63782D2B9172854F898E3"
"FormalAccuracy-v1/Runs/Oracle-StateImport-20260831/npc_snapshots.csv","14030","2026-08-31T06:42:40.1167711Z","4AB5CB9557259F75FC14C7FE226DB7EC99A8E5DED829E591330F4148BCC644F5"
"FormalAccuracy-v1/Runs/Oracle-StateImport-20260831/run_manifest.json","2839","2026-08-31T06:42:40.1688172Z","F14313D9B35847D97A986E76CE34D0499375D3944063CE8760A48D521902E547"
"FormalAccuracy-v1/Runs/Oracle-StateImport-20260831/simulation_events.jsonl","15580460","2026-08-31T06:42:40.1528112Z","EA7FA0F2624818DB7AA0A19316D6CD5DA730BFF11B8512579D81441EBA9FAE2D"
"FormalAccuracy-v1/Runs/Oracle-StateImport-20260832/cohort_timeseries.csv","560874","2026-08-31T06:40:10.1072379Z","343A4E5123F6CFB4347372E32127B71B768FDED0347C3D6C90C326F57C368A2D"
"FormalAccuracy-v1/Runs/Oracle-StateImport-20260832/kingdom_timeseries.csv","738263","2026-08-31T06:40:10.1052330Z","59A65164D31CA88F39E8566CBDBFED30A77F9E209BA74411315FC20FDE5781B2"
"FormalAccuracy-v1/Runs/Oracle-StateImport-20260832/ledger_transactions.jsonl","5703740","2026-08-31T06:40:10.1582386Z","C49B4175A76A59A22F13C2D895B7807B08A85B6852424DB1E7DFA28A7BA30D7B"
"FormalAccuracy-v1/Runs/Oracle-StateImport-20260832/lod_transitions.jsonl","47026","2026-08-31T06:40:10.1452324Z","F6E40D1D01311AE466EDFF502234C144F0E3E4B3EC9AF4635CA678ADF415DFC8"
"FormalAccuracy-v1/Runs/Oracle-StateImport-20260832/npc_snapshots.csv","14023","2026-08-31T06:40:10.1082381Z","7388273E94641FDC183C9C085122A815351B591313CC381C25F0D20FE1515EA6"
"FormalAccuracy-v1/Runs/Oracle-StateImport-20260832/run_manifest.json","2837","2026-08-31T06:40:10.1592463Z","B59E3C38EB349AFA7929BCE1A23BD87BC9533C7F551ADF1F3495224B878AD030"
"FormalAccuracy-v1/Runs/Oracle-StateImport-20260832/simulation_events.jsonl","15566644","2026-08-31T06:40:10.1442312Z","C916BBAAFA8B80DE95E7AF68926217B197AC1AA2845D1DD72E81711504FFED8D"
"FormalAccuracy-v1/Runs/Oracle-StateImport-20260833/cohort_timeseries.csv","561079","2026-08-31T06:46:23.9637080Z","158C557817CD35B66447E11216F939976F670814750C225A768EFF94693CDBAD"
"FormalAccuracy-v1/Runs/Oracle-StateImport-20260833/kingdom_timeseries.csv","738287","2026-08-31T06:46:23.9627078Z","57373CE0A617CF185454639AF4BC1C30A6E0509E158201B5B1B418519CE25B85"
"FormalAccuracy-v1/Runs/Oracle-StateImport-20260833/ledger_transactions.jsonl","5702064","2026-08-31T06:46:24.0148303Z","B200CCA6F6C06C1268EEF51A3AF136146B10EC8FE686EB0461C075829D2C6681"
"FormalAccuracy-v1/Runs/Oracle-StateImport-20260833/lod_transitions.jsonl","47012","2026-08-31T06:46:24.0007456Z","90875B8546261425094873E27E7177567AD7D17665738D7D83E00465E12CBF98"
"FormalAccuracy-v1/Runs/Oracle-StateImport-20260833/npc_snapshots.csv","14021","2026-08-31T06:46:23.9637080Z","70D4D0B2CDA35DE78E363ED28B533CCAD79D819D7193432587FFF4A5582C3353"
"FormalAccuracy-v1/Runs/Oracle-StateImport-20260833/run_manifest.json","2838","2026-08-31T06:46:24.0148303Z","795AE3A8BC6794CF58059AF69E857541CA4A76E87C504A541541B954B554F602"
"FormalAccuracy-v1/Runs/Oracle-StateImport-20260833/simulation_events.jsonl","15571233","2026-08-31T06:46:23.9987556Z","C5E2B1DF098CE7F3C0441F4AFE7128E34B1271544D208D61C4E7611752BBD05B"
"FormalAccuracy-v1/Runs/Oracle-StateImport-20260834/cohort_timeseries.csv","566020","2026-08-31T06:45:02.0139512Z","37DBC850ED40E8576271F22EB70930F27D76DCA16085AD80DA8D4F3ADD6D316B"
"FormalAccuracy-v1/Runs/Oracle-StateImport-20260834/kingdom_timeseries.csv","738239","2026-08-31T06:45:02.0119540Z","999C5459FFEE4D45DAA6D587E46EA03CE40655F82C98C57B91363CC3E6AC7667"
"FormalAccuracy-v1/Runs/Oracle-StateImport-20260834/ledger_transactions.jsonl","5703743","2026-08-31T06:45:02.0650415Z","77995495C8035606DD2C8EF7AD8D75A85347C93CFC3AFBB8DA5105BB38B6F772"
"FormalAccuracy-v1/Runs/Oracle-StateImport-20260834/lod_transitions.jsonl","47034","2026-08-31T06:45:02.0507489Z","3A601FB4E2D524B4352ACC65525B23B9521499FF021D870C4265305F97A4A3DE"
"FormalAccuracy-v1/Runs/Oracle-StateImport-20260834/npc_snapshots.csv","14028","2026-08-31T06:45:02.0139512Z","37DF6330B333F3BC33835F1EB373930E78A08A9B10386CAF8AE32A4037C40B71"
"FormalAccuracy-v1/Runs/Oracle-StateImport-20260834/run_manifest.json","2836","2026-08-31T06:45:02.0659580Z","14B12877AD5AEFBBF4E59D9B43B791932E0C3CD22D162581A0BCFFC200E30AFF"
"FormalAccuracy-v1/Runs/Oracle-StateImport-20260834/simulation_events.jsonl","15566641","2026-08-31T06:45:02.0497482Z","9AA372FD66EA4CE180B1FEBAAAFF7C52CC6D6B7908CDBAC339F94D0B0347466D"
"FormalAccuracy-v1/Runs/Oracle-StateImport-20260835/cohort_timeseries.csv","558785","2026-08-31T06:48:33.5892209Z","7C72C02DC7AD45A2981AB19947823EFE7F8BF6C719963BE02835A0A56C1EACAD"
"FormalAccuracy-v1/Runs/Oracle-StateImport-20260835/kingdom_timeseries.csv","738263","2026-08-31T06:48:33.5878841Z","DFF37F614C88D1852153358C83BBBBE59D60C4FBAD9F9418935D3300FCD749ED"
"FormalAccuracy-v1/Runs/Oracle-StateImport-20260835/ledger_transactions.jsonl","5705414","2026-08-31T06:48:33.6570808Z","21838EBC2FF1F1FFBB07828F8E2731825274762D03EFCA1D36F6A25FFDF1BDFE"
"FormalAccuracy-v1/Runs/Oracle-StateImport-20260835/lod_transitions.jsonl","47014","2026-08-31T06:48:33.6450634Z","618D4B4399D5915F5AC2BB3FB9C015912489C658107EE9A7403D7FCC742F324C"
"FormalAccuracy-v1/Runs/Oracle-StateImport-20260835/npc_snapshots.csv","14018","2026-08-31T06:48:33.5902265Z","13FD938D880CBD4BD8A484582DEB29F61675F5EE792F9E82BE6822FD562FE63F"
"FormalAccuracy-v1/Runs/Oracle-StateImport-20260835/run_manifest.json","2838","2026-08-31T06:48:33.6570808Z","DC98B5BEC19F2292FDA8C973C9954EE626DAECF41E510B58A1A8FFA4E0CB51FE"
"FormalAccuracy-v1/Runs/Oracle-StateImport-20260835/simulation_events.jsonl","15562038","2026-08-31T06:48:33.6430601Z","6B3E8C5EBDD3AE6A138FF18D26C95FADDC7EB256FAF805FC2FDA684B0DA5CD7B"
"FormalAccuracy-v1/Runs/Oracle-StateImport-20260836/cohort_timeseries.csv","561050","2026-08-31T06:46:07.3843854Z","C88161CEB38387D3581ABABE31B078573F8BC45CC2273760BF15C1D8842B1E6F"
"FormalAccuracy-v1/Runs/Oracle-StateImport-20260836/kingdom_timeseries.csv","738287","2026-08-31T06:46:07.3824921Z","A47678A5CFCF0D95372E70959FD0B9D0B9D548A670A2C0C03EB978DA674D3055"
"FormalAccuracy-v1/Runs/Oracle-StateImport-20260836/ledger_transactions.jsonl","5704574","2026-08-31T06:46:07.4336030Z","9DDC00A8DD86D6004F0D25DF67EE74F6F4843BB9573459BBBB7B4683DA7509F5"
"FormalAccuracy-v1/Runs/Oracle-StateImport-20260836/lod_transitions.jsonl","47022","2026-08-31T06:46:07.4205180Z","3050EF289867DD0E0F5B107646CD35ECB9357681A8843F42D97DAC953B723AA4"
"FormalAccuracy-v1/Runs/Oracle-StateImport-20260836/npc_snapshots.csv","14026","2026-08-31T06:46:07.3843854Z","3A5AC1929F092535EF5D53147EA2DFF4F654EE48087C6C3B3C938D25FEE5CF75"
"FormalAccuracy-v1/Runs/Oracle-StateImport-20260836/run_manifest.json","2837","2026-08-31T06:46:07.4336030Z","5C0943D03001A7647B5D716AD1276329851ACE9CB0A3664E5E481AB006D368E2"
"FormalAccuracy-v1/Runs/Oracle-StateImport-20260836/simulation_events.jsonl","15564349","2026-08-31T06:46:07.4189112Z","8F828017BC92296AD3376BB34C3D2C37AC238FF1C19CF64196939ADA4D8E08EA"
"FormalAccuracy-v1/Runs/Oracle-StateImport-20260837/cohort_timeseries.csv","556099","2026-08-31T06:45:30.4752012Z","76AC4182F85BED1FB67EE40523F3EBF28E3CA5855F97F3E95907FD4042069C65"
"FormalAccuracy-v1/Runs/Oracle-StateImport-20260837/kingdom_timeseries.csv","738239","2026-08-31T06:45:30.4732068Z","2F6E68F0F5FF36B9EA65032F8DC80B7A8C2A470156C0EE7378D5C9E74D45F396"
"FormalAccuracy-v1/Runs/Oracle-StateImport-20260837/ledger_transactions.jsonl","5705416","2026-08-31T06:45:30.5249570Z","0FC5286EAC260F7E70EE57E2C5516096ABA9EE6BC4357504B7E1FB01371B5AD8"
"FormalAccuracy-v1/Runs/Oracle-StateImport-20260837/lod_transitions.jsonl","47036","2026-08-31T06:45:30.5113990Z","757B5B788511179619CDD8F2CB51446D8C3DE1C80EEDC6803A4C6F6A4D312A13"
"FormalAccuracy-v1/Runs/Oracle-StateImport-20260837/npc_snapshots.csv","14029","2026-08-31T06:45:30.4752012Z","D430C41187D51071FCD6F5DEAF1B1D22465A457F742A03B1FE1B078156CB4AC2"
"FormalAccuracy-v1/Runs/Oracle-StateImport-20260837/run_manifest.json","2838","2026-08-31T06:45:30.5259227Z","29A5B6E167E9A44E7C550A6FA39EC62BB033C71DA94A39DC13282B51FD53A35D"
"FormalAccuracy-v1/Runs/Oracle-StateImport-20260837/simulation_events.jsonl","15562034","2026-08-31T06:45:30.5094004Z","F0AB648E8A5E81C0685F88D00D025521F2E581E070178E7FEC62743E392D76E6"
"FormalAccuracy-v1/Runs/Oracle-StateImport-20260838/cohort_timeseries.csv","565054","2026-08-31T06:41:44.3150681Z","C9E66D825744352F3214160D1D3BEC7A0CB74F468A39653808670B054DB2AFBE"
"FormalAccuracy-v1/Runs/Oracle-StateImport-20260838/kingdom_timeseries.csv","738287","2026-08-31T06:41:44.3130695Z","0F06E9EF53BAAA9E8D6ABB7AD28F143EE0C6201BE8B2282407671A49BE184046"
"FormalAccuracy-v1/Runs/Oracle-StateImport-20260838/ledger_transactions.jsonl","5701226","2026-08-31T06:41:44.3680710Z","B6CAC5DC29A844794E42A8049E869EBF5F155C5551A95840D2B7FD1A3BFC3476"
"FormalAccuracy-v1/Runs/Oracle-StateImport-20260838/lod_transitions.jsonl","47040","2026-08-31T06:41:44.3539562Z","A6DA9DA42328C07CDC5FCEC897D01806775EFBFE7D469012CFA71DD7352586BE"
"FormalAccuracy-v1/Runs/Oracle-StateImport-20260838/npc_snapshots.csv","14036","2026-08-31T06:41:44.3150681Z","AEBC9256F198A50975D04F4A4D60D534C391F6C2332FCA6404AFA44AAC3FB331"
"FormalAccuracy-v1/Runs/Oracle-StateImport-20260838/run_manifest.json","2838","2026-08-31T06:41:44.3689664Z","12EAD7063F7BF8C41D90D3FAA5A19A0C76D862CEA1E88761C72ABF8DEA3A06D3"
"FormalAccuracy-v1/Runs/Oracle-StateImport-20260838/simulation_events.jsonl","15573540","2026-08-31T06:41:44.3529571Z","560354D261F7240896A68B150313BE0D4A80467EDCFA9789B339C43E678B1DA3"
"FormalAccuracy-v1/Runs/Oracle-StateImport-20260839/cohort_timeseries.csv","560030","2026-08-31T06:46:06.3973718Z","A7384C3C90F74CBAB4680B519E6EBF59FE86D6D57A5BEEDA8D2348F663F0BA54"
"FormalAccuracy-v1/Runs/Oracle-StateImport-20260839/kingdom_timeseries.csv","738239","2026-08-31T06:46:06.3953802Z","3BAD33BD415D730DCFB3927B3DB829E9DF66E3BEDAB27696E0DC713E2A57ED76"
"FormalAccuracy-v1/Runs/Oracle-StateImport-20260839/ledger_transactions.jsonl","5706250","2026-08-31T06:46:06.4481316Z","84B6EF3F7291ECE2EB96CFA3D9ECB2AB8E3DD6AD39A34C846273D73FCA30ED75"
"FormalAccuracy-v1/Runs/Oracle-StateImport-20260839/lod_transitions.jsonl","46996","2026-08-31T06:46:06.4355337Z","33FCFF10620EF6268AFDEDAB666FF25C545B0F1A9F4DEF7483CDB9E8A8314B4F"
"FormalAccuracy-v1/Runs/Oracle-StateImport-20260839/npc_snapshots.csv","14016","2026-08-31T06:46:06.3983702Z","6074DC3C827D356752C91A9BEBE86F099E34AF47849721BFB257EB213F91BFD6"
"FormalAccuracy-v1/Runs/Oracle-StateImport-20260839/run_manifest.json","2837","2026-08-31T06:46:06.4491273Z","805F387ECEC65EAEE95C6F41C06CF0E43E68C525EC6ACE89D2712D7820DFA03F"
"FormalAccuracy-v1/Runs/Oracle-StateImport-20260839/simulation_events.jsonl","15559737","2026-08-31T06:46:06.4335336Z","EB460599610B8C24F0A78C6E7F2BEC9FFADEF0EDAAD3ACDB6CCCD6107CA2487D"
"FormalAccuracy-v1/Runs/Oracle-StateImport-20260840/cohort_timeseries.csv","555227","2026-08-31T06:48:09.4904332Z","EB457999EEF73170031939F1B3988C1EBE475AC4B0DC2F5D641E73E65E336783"
"FormalAccuracy-v1/Runs/Oracle-StateImport-20260840/kingdom_timeseries.csv","738239","2026-08-31T06:48:09.4894343Z","098457DDB5405A91F5C47D10586E0A98D5F709BC24926FD8AFC545FD433E8031"
"FormalAccuracy-v1/Runs/Oracle-StateImport-20260840/ledger_transactions.jsonl","5704162","2026-08-31T06:48:09.5400943Z","B4A6F27B86E9626E68D43EAD5F67F5B6E235ED6B97CA367CFE350E3C369F505E"
"FormalAccuracy-v1/Runs/Oracle-StateImport-20260840/lod_transitions.jsonl","46996","2026-08-31T06:48:09.5283485Z","F368DB18CB8093645F24962D0041340E0B42A6E2E6BEF31E50E90DED798923B8"
"FormalAccuracy-v1/Runs/Oracle-StateImport-20260840/npc_snapshots.csv","14006","2026-08-31T06:48:09.4904332Z","00C952ACFA6768887DC2F5F822759AF558F5AF88D2F38C1DF96770864CB434E4"
"FormalAccuracy-v1/Runs/Oracle-StateImport-20260840/run_manifest.json","2838","2026-08-31T06:48:09.5411630Z","F835EC51CB7C80014CA36CF11BB7BDD3E7D24CD6E9DFB3950ED81D419D5E99F9"
"FormalAccuracy-v1/Runs/Oracle-StateImport-20260840/simulation_events.jsonl","15565510","2026-08-31T06:48:09.5261292Z","16BC247394D8EA190ABEEB08323E744E44D6ECE3636786C9CFDBD8845A4A2438"
"FormalAccuracy-v1/Runs/Oracle-StateImport-20260841/cohort_timeseries.csv","562655","2026-08-31T06:46:38.9324582Z","1256DAB82C9DF87FA7234DC38618C126F18CBDACC67FEC7A1D7EA1A8CC89AB90"
"FormalAccuracy-v1/Runs/Oracle-StateImport-20260841/kingdom_timeseries.csv","738239","2026-08-31T06:46:38.9299087Z","3B2F0B9706F14FCB9E0E7978C86D43662CC00395DB6C50C065694324F1666DD4"
"FormalAccuracy-v1/Runs/Oracle-StateImport-20260841/ledger_transactions.jsonl","5703738","2026-08-31T06:46:38.9830569Z","68783949359A9F463E00B2ADB11728C0CD321A61EBA3D9B320643AC62C669873"
"FormalAccuracy-v1/Runs/Oracle-StateImport-20260841/lod_transitions.jsonl","47052","2026-08-31T06:46:38.9704706Z","0CB343B18D328B54DEA46E722D2895A3D72B4AA2427EFE6D688E455D8A94B8EB"
"FormalAccuracy-v1/Runs/Oracle-StateImport-20260841/npc_snapshots.csv","14046","2026-08-31T06:46:38.9324582Z","D465410C12DF15FD5665BC5E03A1BE2AD5480F2EAC1D97A1DCFFB277C35B3C4F"
"FormalAccuracy-v1/Runs/Oracle-StateImport-20260841/run_manifest.json","2838","2026-08-31T06:46:38.9839579Z","6A722050D63A8A50C7812DF1BCC1DC8CC3BBB4FBB4C70411568A6701E87F75AE"
"FormalAccuracy-v1/Runs/Oracle-StateImport-20260841/simulation_events.jsonl","15566651","2026-08-31T06:46:38.9694716Z","6BE0CEEC1482CCE1601B917ADB25CD70A987789339BBE548E238B002A3A81F6F"
"FormalAccuracy-v1/Runs/Oracle-StateImport-20260842/cohort_timeseries.csv","563123","2026-08-31T06:47:04.7050853Z","88093EF64922293AEDC51832BCB21E9FD699BBEAF114C9BD2F281885B52CA2E6"
"FormalAccuracy-v1/Runs/Oracle-StateImport-20260842/kingdom_timeseries.csv","738287","2026-08-31T06:47:04.7040840Z","F4FD2B9BDBAB989C9D1F2636B44C39D4B9FCE50C3BDD9910AFB5BF6E9D7269FF"
"FormalAccuracy-v1/Runs/Oracle-StateImport-20260842/ledger_transactions.jsonl","5702064","2026-08-31T06:47:04.7535864Z","554D1CA43D05810B57A888B94EFF461F86DCB8C48D5862978399AD5493633D3D"
"FormalAccuracy-v1/Runs/Oracle-StateImport-20260842/lod_transitions.jsonl","46998","2026-08-31T06:47:04.7415860Z","9793A2D00280E9C38C16F6690D2E92BDA2B5EB4412DBC9E0BA59CE3165EA0003"
"FormalAccuracy-v1/Runs/Oracle-StateImport-20260842/npc_snapshots.csv","14011","2026-08-31T06:47:04.7060899Z","9F1DEAB57D0EB7A3BFF8C69809FEA672665AB8377A687AEA61E9F17E8F76EF9E"
"FormalAccuracy-v1/Runs/Oracle-StateImport-20260842/run_manifest.json","2839","2026-08-31T06:47:04.7535864Z","3200DEF101C6E11BF665AEE3FF25AA884A7D8D294A5B88AA99365B27CCDC0ED3"
"FormalAccuracy-v1/Runs/Oracle-StateImport-20260842/simulation_events.jsonl","15571237","2026-08-31T06:47:04.7405863Z","F166051013F9BC23451E887A911EC84F6521FFE0F9AE85D5E9A42524CB63D95D"
"FormalAccuracy-v1/Runs/Oracle-StateImport-20260843/cohort_timeseries.csv","559158","2026-08-31T06:50:12.4993579Z","D92FD1B924365772CD4B3DB17E154FC9DF1B3D59864AF819225657AFF65B5FED"
"FormalAccuracy-v1/Runs/Oracle-StateImport-20260843/kingdom_timeseries.csv","738287","2026-08-31T06:50:12.4983568Z","C429679E1321711CEEEB2EED0A8DA3AC889777317887686370F652B4B8EAB931"
"FormalAccuracy-v1/Runs/Oracle-StateImport-20260843/ledger_transactions.jsonl","5705417","2026-08-31T06:50:12.5538877Z","1C4E25984A47DC0F7F0C4513D9EA5E27C169690127A341D50C827201402EFF5A"
"FormalAccuracy-v1/Runs/Oracle-StateImport-20260843/lod_transitions.jsonl","47002","2026-08-31T06:50:12.5398796Z","B0F9CD68D33A45CCC71AF113B796A04DB823A7362C4A2693A08E5658E547D1ED"
"FormalAccuracy-v1/Runs/Oracle-StateImport-20260843/npc_snapshots.csv","14012","2026-08-31T06:50:12.5003566Z","1FD51A2E87EC0F2133931CD4299B62084BFD8D892CE3BE6EC7354F09C5AA9CB5"
"FormalAccuracy-v1/Runs/Oracle-StateImport-20260843/run_manifest.json","2838","2026-08-31T06:50:12.5538877Z","6B085CE0325ADC33C2A945070EED7B8837F8DD79467A153FEC3C1F5113242E1F"
"FormalAccuracy-v1/Runs/Oracle-StateImport-20260843/simulation_events.jsonl","15562053","2026-08-31T06:50:12.5368780Z","6E6467B6378606463A69AB4B1DAE2E3A89D326DC0B8E831E185F0B4DDE5D42AE"
"FormalAccuracy-v1/Runs/Oracle-StateImport-20260844/cohort_timeseries.csv","559598","2026-08-31T06:46:24.9597898Z","6538E90800C1BF70551C7673262329F7D89CC9CCACEC21A90F73418A730BC518"
"FormalAccuracy-v1/Runs/Oracle-StateImport-20260844/kingdom_timeseries.csv","738287","2026-08-31T06:46:24.9577825Z","EEECB15910DFDAD667A4279D2B3382EC9B1720409B186731CD4F0C65B4AAC5BA"
"FormalAccuracy-v1/Runs/Oracle-StateImport-20260844/ledger_transactions.jsonl","5700388","2026-08-31T06:46:25.0100057Z","BD7BAA27FB31E134A4DF3C32F84977D5CCFA6CC53745058404713BB7A921A7CC"
"FormalAccuracy-v1/Runs/Oracle-StateImport-20260844/lod_transitions.jsonl","46988","2026-08-31T06:46:24.9958960Z","79F102C076CC5E5A4FBE3D8DBE8F01C74D45AF35481432734EB11BE5CD994750"
"FormalAccuracy-v1/Runs/Oracle-StateImport-20260844/npc_snapshots.csv","14008","2026-08-31T06:46:24.9597898Z","546E1C2016E45249A3F2B6BC84FD863FF95156A40789FB5871084B67A326662F"
"FormalAccuracy-v1/Runs/Oracle-StateImport-20260844/run_manifest.json","2839","2026-08-31T06:46:25.0100057Z","8628AC2365FA568A3E7E8F1A1CCF0CCAB20CD2A7EE598F3495A228DCC22AD726"
"FormalAccuracy-v1/Runs/Oracle-StateImport-20260844/simulation_events.jsonl","15575847","2026-08-31T06:46:24.9958960Z","E2855FB720B764AC07A1355B804A894DB471B4EDD79DC168A0EAE7AD10A8AC36"
"FormalAccuracy-v1/Runs/PerAgent-HarvestCap-20260815/cohort_timeseries.csv","573148","2026-08-31T06:41:56.6903484Z","37324B27C3D57981C055A6BA4292001453589621AD9E1F5C69B1777103CF2B2F"
"FormalAccuracy-v1/Runs/PerAgent-HarvestCap-20260815/kingdom_timeseries.csv","743761","2026-08-31T06:41:56.6883497Z","8536A60B26F693DDE7D52A9F97D88C3A8FBC52D7B1074E5D9CF9CDAC86409ABD"
"FormalAccuracy-v1/Runs/PerAgent-HarvestCap-20260815/ledger_transactions.jsonl","5640378","2026-08-31T06:41:56.7415464Z","5D2D072A194C6FB6B6D1DC0D2038CADCE825CC951AECDCA1F82C259D95A83F14"
"FormalAccuracy-v1/Runs/PerAgent-HarvestCap-20260815/lod_transitions.jsonl","47252","2026-08-31T06:41:56.7289461Z","834BB63D34614E8B48CF4C2F76943495D4151E22274B5E69EEB38FF35495755B"
"FormalAccuracy-v1/Runs/PerAgent-HarvestCap-20260815/npc_snapshots.csv","14140","2026-08-31T06:41:56.6913482Z","983EF1733E07957CD85217D4E83F387A4E4C9EFA2B384B0A201CDA2758041D6C"
"FormalAccuracy-v1/Runs/PerAgent-HarvestCap-20260815/run_manifest.json","2839","2026-08-31T06:41:56.7425500Z","1C8F8EB0569449AEB81C3E3672F94C72516816D7B5DBA38334038FB69B8FDF8B"
"FormalAccuracy-v1/Runs/PerAgent-HarvestCap-20260815/simulation_events.jsonl","15649973","2026-08-31T06:41:56.7279445Z","06891D126B300374C275728178A3CBA1DC8B9AEEC0B63D664F2665E93F2D5F05"
"FormalAccuracy-v1/Runs/PerAgent-HarvestCap-20260816/cohort_timeseries.csv","569946","2026-08-31T06:46:09.5523978Z","93BF3DAC4B5AB59D7F00310CA3005484DA7F0BC15616325D09A37F1BEFDD6768"
"FormalAccuracy-v1/Runs/PerAgent-HarvestCap-20260816/kingdom_timeseries.csv","743761","2026-08-31T06:46:09.5504004Z","7058357680BAF7D2AF195558FB710282B1A8E09DFF4BCA4E3D3D57811E009BB4"
"FormalAccuracy-v1/Runs/PerAgent-HarvestCap-20260816/ledger_transactions.jsonl","5641638","2026-08-31T06:46:09.6045165Z","5C268E5B3C27F611EF20164F67CC3493A3D659668CB3CE7E7E09551268B08FB0"
"FormalAccuracy-v1/Runs/PerAgent-HarvestCap-20260816/lod_transitions.jsonl","47256","2026-08-31T06:46:09.5905617Z","7406966107EB102B5974A1394B4E4B4321100CB5EE8AB07C4A4F7EF4F175757F"
"FormalAccuracy-v1/Runs/PerAgent-HarvestCap-20260816/npc_snapshots.csv","14138","2026-08-31T06:46:09.5523978Z","CA16671A975B18E8FCECBBC131E378B251DCA3CE1202DEA8DA5DA51A6EF53176"
"FormalAccuracy-v1/Runs/PerAgent-HarvestCap-20260816/run_manifest.json","2839","2026-08-31T06:46:09.6045165Z","38F1C7B23C237529D641FEFE0D077ECAB33B7D8FF576B93B96D8BC9EA597DBE8"
"FormalAccuracy-v1/Runs/PerAgent-HarvestCap-20260816/simulation_events.jsonl","15646506","2026-08-31T06:46:09.5885150Z","E6BD31322800531CB4278C4920E55DA541AAD5A2E92C34E9082AA20E1DAA1391"
"FormalAccuracy-v1/Runs/PerAgent-HarvestCap-20260817/cohort_timeseries.csv","573350","2026-08-31T06:41:20.0929339Z","5F6B46E66298C5206B831110A2D24523F90404AD2AE6BF57D1AE81E15CFAA7B0"
"FormalAccuracy-v1/Runs/PerAgent-HarvestCap-20260817/kingdom_timeseries.csv","743761","2026-08-31T06:41:20.0908242Z","AE3C7EEFD5D78C041E10D7540ACD9AF987B0D35640E7D91C69124EE68B9EDBBE"
"FormalAccuracy-v1/Runs/PerAgent-HarvestCap-20260817/ledger_transactions.jsonl","5642483","2026-08-31T06:41:20.1425641Z","A66825FB3A9480BAA75B52752E4C7EF9E3F0F0D280377EF7BA5F3880403A00C8"
"FormalAccuracy-v1/Runs/PerAgent-HarvestCap-20260817/lod_transitions.jsonl","47266","2026-08-31T06:41:20.1290122Z","094E891410820D3C9975B9A3F64F522547052C2388640EEE4BE11A9A2E774B74"
"FormalAccuracy-v1/Runs/PerAgent-HarvestCap-20260817/npc_snapshots.csv","14156","2026-08-31T06:41:20.0929339Z","3A15BF9ABCA80C3BAAC1D1A0BBF7CB4A30C7780E3923A42B504059D2701D89B9"
"FormalAccuracy-v1/Runs/PerAgent-HarvestCap-20260817/run_manifest.json","2839","2026-08-31T06:41:20.1435305Z","02F532099F4384BC8B84883D6CC7CF5C838AB13C2C0AF707C138FE4B780C2EBA"
"FormalAccuracy-v1/Runs/PerAgent-HarvestCap-20260817/simulation_events.jsonl","15644206","2026-08-31T06:41:20.1290122Z","926D29175FA4CBB7E65F1A1E42D15259269FC65E0FDDDA87B2B44EAE7D3FC662"
"FormalAccuracy-v1/Runs/PerAgent-HarvestCap-20260818/cohort_timeseries.csv","570195","2026-08-31T06:39:51.5102875Z","2EC064A46F517A8B1420E258725A639C563C4F9141C1ED3CBA1D8E7858772CD7"
"FormalAccuracy-v1/Runs/PerAgent-HarvestCap-20260818/kingdom_timeseries.csv","743713","2026-08-31T06:39:51.5082925Z","10C212EAB9657EA4F3B50064F8B6452795E67A6BBAB736473E264ECAC59AA1DA"
"FormalAccuracy-v1/Runs/PerAgent-HarvestCap-20260818/ledger_transactions.jsonl","5642900","2026-08-31T06:39:51.5604813Z","1396ED9C779EED41DF1A952842EF1307E8776982BDC1A479D8712BB865D887D7"
"FormalAccuracy-v1/Runs/PerAgent-HarvestCap-20260818/lod_transitions.jsonl","47250","2026-08-31T06:39:51.5465214Z","2539912A2B46BAB3DDE3F2B110897610F68C2D2A60FBB2A8600F957C137E813A"
"FormalAccuracy-v1/Runs/PerAgent-HarvestCap-20260818/npc_snapshots.csv","14144","2026-08-31T06:39:51.5102875Z","69C3E369B5EFBC542011D95646949AF979395AFBFA3A491C2426BB49B567B5EF"
"FormalAccuracy-v1/Runs/PerAgent-HarvestCap-20260818/run_manifest.json","2838","2026-08-31T06:39:51.5614894Z","7BE6BEC542909BE3528814C30A7B2A7ACEABA45B6F21CD394F89F6D8E40429A1"
"FormalAccuracy-v1/Runs/PerAgent-HarvestCap-20260818/simulation_events.jsonl","15643056","2026-08-31T06:39:51.5465214Z","06E334D94D23C1E13109DE72A8FC9946B86442413D070BD599157F275311A3B4"
"FormalAccuracy-v1/Runs/PerAgent-HarvestCap-20260819/cohort_timeseries.csv","566183","2026-08-31T06:51:08.6069799Z","957CF675F6E0B4D41027BCD035743E2B9A07C45CEF2C3D0B6F60ECE2FB164098"
"FormalAccuracy-v1/Runs/PerAgent-HarvestCap-20260819/kingdom_timeseries.csv","743785","2026-08-31T06:51:08.6049754Z","726DDD725C6AC6B2CFC6543AD4683E94A945A1EC52CFB7BD506E28E39723DC5C"
"FormalAccuracy-v1/Runs/PerAgent-HarvestCap-20260819/ledger_transactions.jsonl","5639110","2026-08-31T06:51:08.6575616Z","37BB1046EC8CBD81816FEA509A175A92C9B9BA55685C6DBE0D581907A6439C93"
"FormalAccuracy-v1/Runs/PerAgent-HarvestCap-20260819/lod_transitions.jsonl","47312","2026-08-31T06:51:08.6444039Z","DAD6A14427FA0C49AE3CAD369971973A48FA4F9FFA9F4C4500CC817FFDFBD6E0"
"FormalAccuracy-v1/Runs/PerAgent-HarvestCap-20260819/npc_snapshots.csv","14169","2026-08-31T06:51:08.6069799Z","0CAC43994ED5ADEE1F3703EAE25E8F6EC7BE133EB42DCDD5AB497218030F0169"
"FormalAccuracy-v1/Runs/PerAgent-HarvestCap-20260819/run_manifest.json","2839","2026-08-31T06:51:08.6575616Z","99CBA58D514DB7E8CFE2B46CA67C742B36D5BC9E76AF10BB0224118BF6165CC9"
"FormalAccuracy-v1/Runs/PerAgent-HarvestCap-20260819/simulation_events.jsonl","15653447","2026-08-31T06:51:08.6424040Z","09425C153AC9B3F1C4A723C3EA10F41D4F0BCA8C14BCD8BC65BD3CF26D51EA48"
"FormalAccuracy-v1/Runs/PerAgent-HarvestCap-20260820/cohort_timeseries.csv","577466","2026-08-31T06:43:29.2294819Z","7BE05990539A393C2A7C1F1E1A8BB8CAA147ABB1CDF6D9DBF88F138EB0280DA6"
"FormalAccuracy-v1/Runs/PerAgent-HarvestCap-20260820/kingdom_timeseries.csv","743713","2026-08-31T06:43:29.2275251Z","8FCB28D31FAC103178A8F5DE013191B4F13B65B889BBCE53902466C09E77F8A4"
"FormalAccuracy-v1/Runs/PerAgent-HarvestCap-20260820/ledger_transactions.jsonl","5644160","2026-08-31T06:43:29.2791884Z","8FA6C209634FD083EAE373C309506F0D29D0B0A8E7A44A6A63FBC6CE34656B6A"
"FormalAccuracy-v1/Runs/PerAgent-HarvestCap-20260820/lod_transitions.jsonl","47248","2026-08-31T06:43:29.2654839Z","EE802A56443614FB76F91FB2E7190FF96A407761B56BA096056550FA8E4DB8C5"
"FormalAccuracy-v1/Runs/PerAgent-HarvestCap-20260820/npc_snapshots.csv","14138","2026-08-31T06:43:29.2294819Z","F96B64F466ED8A0C89D04023526BAD0E6792DEED03B7418EAF94C8965D5D42E9"
"FormalAccuracy-v1/Runs/PerAgent-HarvestCap-20260820/run_manifest.json","2840","2026-08-31T06:43:29.2801898Z","9E9F835F7EB52E6382F7065A305345BE42821907A30F5D9FACB197A32B02E4EC"
"FormalAccuracy-v1/Runs/PerAgent-HarvestCap-20260820/simulation_events.jsonl","15639567","2026-08-31T06:43:29.2644851Z","2E500CDEB2BBEA638002DA76779A85C0F138FB2561F3716F4686DCFE0279E1C7"
"FormalAccuracy-v1/Runs/PerAgent-HarvestCap-20260821/cohort_timeseries.csv","568468","2026-08-31T06:41:19.0633642Z","751AFF1B482309E5FB405DD6320665B3084C903F2151DE8F8F71E751113FF9F9"
"FormalAccuracy-v1/Runs/PerAgent-HarvestCap-20260821/kingdom_timeseries.csv","743713","2026-08-31T06:41:19.0623642Z","913820DBB660FAD2ED120E398DF277B671596636F827FB31CC0DD3B37F091C42"
"FormalAccuracy-v1/Runs/PerAgent-HarvestCap-20260821/ledger_transactions.jsonl","5637426","2026-08-31T06:41:19.1121971Z","5DBB05F2329EB83BECAE42E3528BF6557C4F747E83A45EB59409C5025F2A18FC"
"FormalAccuracy-v1/Runs/PerAgent-HarvestCap-20260821/lod_transitions.jsonl","47244","2026-08-31T06:41:19.1000995Z","1159F14F5799C992B0CB76B81F524008B40A2ED3C83DE9322BF06257A9ABA3B5"
"FormalAccuracy-v1/Runs/PerAgent-HarvestCap-20260821/npc_snapshots.csv","14134","2026-08-31T06:41:19.0633642Z","F6B5BC50C259A9D76C0C84A2D3FE8B7A069D75F34155545FBD6D4034BEA625CC"
"FormalAccuracy-v1/Runs/PerAgent-HarvestCap-20260821/run_manifest.json","2839","2026-08-31T06:41:19.1131839Z","AC14C0D7A1F5536E5EEFBED420669BBDAA592174C92FD78E7101D4F84AE2D0BA"
"FormalAccuracy-v1/Runs/PerAgent-HarvestCap-20260821/simulation_events.jsonl","15658084","2026-08-31T06:41:19.0980972Z","59F4102D172989F177DCF835927492097E16742DC0784B739CBC7033309B3E91"
"FormalAccuracy-v1/Runs/PerAgent-HarvestCap-20260822/cohort_timeseries.csv","562757","2026-08-31T06:41:26.8232867Z","1673C0046D7C1800A8D4745EAE379F0BEA72D6B8A86F1419D7ACF90688161985"
"FormalAccuracy-v1/Runs/PerAgent-HarvestCap-20260822/kingdom_timeseries.csv","743713","2026-08-31T06:41:26.8211935Z","2872B22A5099D6669427EC1F36855ACFDFFBDD3D71869C3120259F41172F85D7"
"FormalAccuracy-v1/Runs/PerAgent-HarvestCap-20260822/ledger_transactions.jsonl","5641215","2026-08-31T06:41:26.8743652Z","3291858B252CCC6B2D2402D3C1BBC01B3933A926F4FEE0BAECA26CB7BD14CC72"
"FormalAccuracy-v1/Runs/PerAgent-HarvestCap-20260822/lod_transitions.jsonl","47320","2026-08-31T06:41:26.8618285Z","07D2E96E57F69D88A85EE7DCAC52FC22E22B0668E039090F79E9725E3CC71F36"
"FormalAccuracy-v1/Runs/PerAgent-HarvestCap-20260822/npc_snapshots.csv","14168","2026-08-31T06:41:26.8232867Z","69386AA3DABC2124928AEF75080940BF91DF943997BC212125A36250C223930A"
"FormalAccuracy-v1/Runs/PerAgent-HarvestCap-20260822/run_manifest.json","2838","2026-08-31T06:41:26.8753535Z","82DBAEE0ECA63CC2B282D4ABD0C8C2E1BB59C0F578E9299A12C07BADD30A84D7"
"FormalAccuracy-v1/Runs/PerAgent-HarvestCap-20260822/simulation_events.jsonl","15647663","2026-08-31T06:41:26.8598283Z","50FC65C0A9383898501C5C786ECBBC70821F5A8757DE9F1920681BB60BEB1F29"
"FormalAccuracy-v1/Runs/PerAgent-HarvestCap-20260823/cohort_timeseries.csv","577982","2026-08-31T06:44:02.7094372Z","E0B1152DDC80071832A0EAD7127F78CFB4E2A373EF2B97A99F7565618C809EDA"
"FormalAccuracy-v1/Runs/PerAgent-HarvestCap-20260823/kingdom_timeseries.csv","743713","2026-08-31T06:44:02.7074297Z","05ADCE907895114C24DC7A1BD62A144FBEA539D706F1CE5633F24498FC135F37"
"FormalAccuracy-v1/Runs/PerAgent-HarvestCap-20260823/ledger_transactions.jsonl","5643323","2026-08-31T06:44:02.7586901Z","972398EDE93A06012713D7E99118DFEF3423B36F0806BDDB98A8B45511586E87"
"FormalAccuracy-v1/Runs/PerAgent-HarvestCap-20260823/lod_transitions.jsonl","47296","2026-08-31T06:44:02.7456881Z","365D8557B4F308C9AB83ABC0FA2BA9DB1322E18B0BE6BF442A5486F6DD0DDC53"
"FormalAccuracy-v1/Runs/PerAgent-HarvestCap-20260823/npc_snapshots.csv","14168","2026-08-31T06:44:02.7094372Z","B639B9BE08588419BA567DA1927EDA037D1CCFF550B2CB36AE85DA44E1CE30CD"
"FormalAccuracy-v1/Runs/PerAgent-HarvestCap-20260823/run_manifest.json","2841","2026-08-31T06:44:02.7596910Z","3AFC20BD1FE58ED6D7B4D87B090DD91FA46746EEE4CF239F012DFE9B82FCDEA2"
"FormalAccuracy-v1/Runs/PerAgent-HarvestCap-20260823/simulation_events.jsonl","15641901","2026-08-31T06:44:02.7456881Z","D718E31CD497A62D66CCFD1FC343F4F58364B78499F87C998541E6F85BC7DFDA"
"FormalAccuracy-v1/Runs/PerAgent-HarvestCap-20260824/cohort_timeseries.csv","576938","2026-08-31T06:45:22.4930558Z","19A6695D72B6C49F727D952321D6B5595A8753119A0196E4A324F88E15092FA9"
"FormalAccuracy-v1/Runs/PerAgent-HarvestCap-20260824/kingdom_timeseries.csv","743761","2026-08-31T06:45:22.4908660Z","DE26B569C4635C8B5BEA586D8D45DCF32CD5FF8C3A2B0303F0F8B1E9AF850356"
"FormalAccuracy-v1/Runs/PerAgent-HarvestCap-20260824/ledger_transactions.jsonl","5642901","2026-08-31T06:45:22.5437616Z","202BBA5617FD1F6980F54BBF084F796F3CEB8F7B68FA527F7A02FC4F0EDA1B10"
"FormalAccuracy-v1/Runs/PerAgent-HarvestCap-20260824/lod_transitions.jsonl","47246","2026-08-31T06:45:22.5302491Z","E6D14A6A56BB0CB4A255AA2F96D43BF6EABCD8FA517F372B0D507EA93E03A7E0"
"FormalAccuracy-v1/Runs/PerAgent-HarvestCap-20260824/npc_snapshots.csv","14130","2026-08-31T06:45:22.4930558Z","B12259A1A612D18DD02D5973686B71347E0A2A1832609E33B5A0ED9B97603F69"
"FormalAccuracy-v1/Runs/PerAgent-HarvestCap-20260824/run_manifest.json","2842","2026-08-31T06:45:22.5447585Z","828857F7BF0A27BF59C114FA3BD96F893CE7236F4E91181709966A1A66C01707"
"FormalAccuracy-v1/Runs/PerAgent-HarvestCap-20260824/simulation_events.jsonl","15643031","2026-08-31T06:45:22.5292488Z","22446D4CABDC9D7EB210FDB883881F17CDF30A64BA045F37CE4FEC8485934090"
"FormalAccuracy-v1/Runs/PerAgent-HarvestCap-20260825/cohort_timeseries.csv","565079","2026-08-31T06:51:07.6044259Z","5593DD3CB6EF895BAAE0785962451E223FCFBA9FC78E4E83DDFC5F4600DF5155"
"FormalAccuracy-v1/Runs/PerAgent-HarvestCap-20260825/kingdom_timeseries.csv","743713","2026-08-31T06:51:07.6024247Z","EA795806A38E312CB21EAC464004158DFE2E7BD6DE0B02F203C69BF7E220A52B"
"FormalAccuracy-v1/Runs/PerAgent-HarvestCap-20260825/ledger_transactions.jsonl","5643743","2026-08-31T06:51:07.6535538Z","A5774DADBBF837DCB31E01A733573EA09DD5132CC8D3A702C6910D6D95884BCA"
"FormalAccuracy-v1/Runs/PerAgent-HarvestCap-20260825/lod_transitions.jsonl","47246","2026-08-31T06:51:07.6414767Z","433B330BAE7229D7F611B37FC0D9A6B4E03BDAC4F161D5D2CC077D227353A972"
"FormalAccuracy-v1/Runs/PerAgent-HarvestCap-20260825/npc_snapshots.csv","14136","2026-08-31T06:51:07.6044259Z","7278AB6DC4AEC4B195C038C0F84D3436929D368AE93D6A5BF5D424BE5114AC82"
"FormalAccuracy-v1/Runs/PerAgent-HarvestCap-20260825/run_manifest.json","2840","2026-08-31T06:51:07.6544886Z","6CC19459EDFDC227AF00401BC211E2EF3B6AF0D7FBB187AD77E2A6B2F4ABCB55"
"FormalAccuracy-v1/Runs/PerAgent-HarvestCap-20260825/simulation_events.jsonl","15640715","2026-08-31T06:51:07.6404765Z","B36A5E7A0EEFD0A9E0E6D122429674FC3AD4AAC24EC29B6C762E6C7FB84A5BDE"
"FormalAccuracy-v1/Runs/PerAgent-HarvestCap-20260826/cohort_timeseries.csv","570834","2026-08-31T06:49:05.9880257Z","E5EE14CF5C2D3DD7B5EAB6CB8597C304E0ACBF1C3887A901253361DCCAD1444D"
"FormalAccuracy-v1/Runs/PerAgent-HarvestCap-20260826/kingdom_timeseries.csv","743713","2026-08-31T06:49:05.9860220Z","8AA7311C4C20CFC27B970EC61DEC83281F97585A384AE3753D69BD7183D23C8F"
"FormalAccuracy-v1/Runs/PerAgent-HarvestCap-20260826/ledger_transactions.jsonl","5646269","2026-08-31T06:49:06.0410768Z","F614E4BE166CB5EF93B686492E2685AF68AEDE61EB081D116CAA6E15A1069EC0"
"FormalAccuracy-v1/Runs/PerAgent-HarvestCap-20260826/lod_transitions.jsonl","47272","2026-08-31T06:49:06.0275581Z","768A20B8F501DDD020C14CFEF1BB1CD87D1C5A0CD3AA3ECBDB881F2FBA3BA31A"
"FormalAccuracy-v1/Runs/PerAgent-HarvestCap-20260826/npc_snapshots.csv","14154","2026-08-31T06:49:05.9880257Z","D6E44C2C36051E3C180E616A1FFAC00375B5411EB93DE13E0B9489079E2E17FB"
"FormalAccuracy-v1/Runs/PerAgent-HarvestCap-20260826/run_manifest.json","2839","2026-08-31T06:49:06.0410768Z","69A2EC907799F916C22F6140320A1235C9E4740343476086B7383AB1C9017406"
"FormalAccuracy-v1/Runs/PerAgent-HarvestCap-20260826/simulation_events.jsonl","15633759","2026-08-31T06:49:06.0265667Z","E43D825D5260B9CB917A19C27945E3E66D6DBD4D5199C50D45946F8DA63522F9"
"FormalAccuracy-v1/Runs/PerAgent-HarvestCap-20260827/cohort_timeseries.csv","573783","2026-08-31T06:50:58.0169706Z","AA21B6171E978E220CC6F84186FC784FF4946E009D18F4F5117C3BC366CF67C6"
"FormalAccuracy-v1/Runs/PerAgent-HarvestCap-20260827/kingdom_timeseries.csv","743713","2026-08-31T06:50:58.0160481Z","5F7296AC8BBC0D4B5795B797091A911AD30FBC75E8E8B814A87134A3C567AB5C"
"FormalAccuracy-v1/Runs/PerAgent-HarvestCap-20260827/ledger_transactions.jsonl","5644165","2026-08-31T06:50:58.0665029Z","42006CB0497AB1D76CB94D773FC486F177C1BEB631D1AA4086A7CC264B4A1903"
"FormalAccuracy-v1/Runs/PerAgent-HarvestCap-20260827/lod_transitions.jsonl","47318","2026-08-31T06:50:58.0533022Z","93C5E0F5E1F31727689942AE3BF84B7C93006DC93ABFA06A20532A14F7074810"
"FormalAccuracy-v1/Runs/PerAgent-HarvestCap-20260827/npc_snapshots.csv","14175","2026-08-31T06:50:58.0179689Z","7AA7BD58EEBDB5F40EDD1A00D51B8C824B40DB0860728FE7B5DF55F80E510DE8"
"FormalAccuracy-v1/Runs/PerAgent-HarvestCap-20260827/run_manifest.json","2840","2026-08-31T06:50:58.0674918Z","0024D0E14C4B8CB87331BBE1A534DBD618262558F9CA9D0622F58A0980707718"
"FormalAccuracy-v1/Runs/PerAgent-HarvestCap-20260827/simulation_events.jsonl","15639583","2026-08-31T06:50:58.0533022Z","ABD5420832C4D64ED6A0367B83F529B84230713F307AB6B6441CD9B822F96996"
"FormalAccuracy-v1/Runs/PerAgent-HarvestCap-20260828/cohort_timeseries.csv","558921","2026-08-31T06:46:21.9723104Z","BD4DAEC86505198E70B09BA1E0FD0B3C7E8436C077866E640CA62E51D86BBEA3"
"FormalAccuracy-v1/Runs/PerAgent-HarvestCap-20260828/kingdom_timeseries.csv","743761","2026-08-31T06:46:21.9701023Z","E3D683EC8320887597F20A3BCD5B98F07741F88B26ED7EA4541B8482E4CED5A1"
"FormalAccuracy-v1/Runs/PerAgent-HarvestCap-20260828/ledger_transactions.jsonl","5642061","2026-08-31T06:46:22.0233590Z","4C8A4ED2DA21AA6F2F2C68D1570C842963AFBF11F3FA2EE5AA086831A17DB855"
"FormalAccuracy-v1/Runs/PerAgent-HarvestCap-20260828/lod_transitions.jsonl","47282","2026-08-31T06:46:22.0108175Z","813F9A32C5581FA08BD116D2B5834FEDDE61E9627B9681DA4BFFF5E747707059"
"FormalAccuracy-v1/Runs/PerAgent-HarvestCap-20260828/npc_snapshots.csv","14150","2026-08-31T06:46:21.9723104Z","48E9CDFFE08F8F790BD4D1BC809FEAD085ACF7107A61CC6719F1C2265CB9ABEE"
"FormalAccuracy-v1/Runs/PerAgent-HarvestCap-20260828/run_manifest.json","2840","2026-08-31T06:46:22.0243486Z","7AF10E2C7CF57DAA852F344668B2AE4BB538B1B045D0B1C96D0F3D32C9F271F8"
"FormalAccuracy-v1/Runs/PerAgent-HarvestCap-20260828/simulation_events.jsonl","15645346","2026-08-31T06:46:22.0088180Z","34124B3F50572773505996121E9C6DE26757C131AACF0BC17230D4FA32E9C1BC"
"FormalAccuracy-v1/Runs/PerAgent-HarvestCap-20260829/cohort_timeseries.csv","570003","2026-08-31T06:47:45.6268505Z","E94382FF050A9A7BFBD672E2336BF6EA9DDDAE231E18F995D5B785617698E278"
"FormalAccuracy-v1/Runs/PerAgent-HarvestCap-20260829/kingdom_timeseries.csv","743761","2026-08-31T06:47:45.6248503Z","1C273719D95295514338D5346B39ADB918A87A427CE9473C9DAE683640622CD8"
"FormalAccuracy-v1/Runs/PerAgent-HarvestCap-20260829/ledger_transactions.jsonl","5640799","2026-08-31T06:47:45.6750353Z","525F9BF64954D653FD7FF25D1BCC5C64EB0B540805174F490E39B16115B3E4C9"
"FormalAccuracy-v1/Runs/PerAgent-HarvestCap-20260829/lod_transitions.jsonl","47250","2026-08-31T06:47:45.6634399Z","78FE379B51111CCE9C057FD427EBDBD451A82B7AB5C105D0C704373026CBFBBC"
"FormalAccuracy-v1/Runs/PerAgent-HarvestCap-20260829/npc_snapshots.csv","14141","2026-08-31T06:47:45.6278498Z","EE20525DFCEC7A62D002B1C05C4F434AFF7ACD61AA1E3B979FE051B757177989"
"FormalAccuracy-v1/Runs/PerAgent-HarvestCap-20260829/run_manifest.json","2839","2026-08-31T06:47:45.6760016Z","76E26DBDCA32EA957CA6B92D8E8DE7104987626E0E65BE4CFFF7133A0345D9D1"
"FormalAccuracy-v1/Runs/PerAgent-HarvestCap-20260829/simulation_events.jsonl","15648831","2026-08-31T06:47:45.6615206Z","E209E53117D0CBF1693982574B93C0CACFDAA36C593B710114036715426B9A4B"
"FormalAccuracy-v1/Runs/PerAgent-HarvestCap-20260830/cohort_timeseries.csv","566346","2026-08-31T06:49:53.4432243Z","BADFA87FBFDB79DCC99D61D1108BFA668D198B465E6DF1851E731FE9419F7608"
"FormalAccuracy-v1/Runs/PerAgent-HarvestCap-20260830/kingdom_timeseries.csv","743713","2026-08-31T06:49:53.4412153Z","ADCEF5CB8766C3F4AB15B5603F33E2918A5E284A90AABEE1356495F6C2AB81F0"
"FormalAccuracy-v1/Runs/PerAgent-HarvestCap-20260830/ledger_transactions.jsonl","5642480","2026-08-31T06:49:53.4942812Z","979BD0F8AD1968FD93D0ED2B83E529380800EFBFE3ADB2047363A570E8D8418F"
"FormalAccuracy-v1/Runs/PerAgent-HarvestCap-20260830/lod_transitions.jsonl","47292","2026-08-31T06:49:53.4807582Z","506F0367E61E9063B20F9E15AE208E0BD4165A2CAC2E5E796CF9D146FECE1544"
"FormalAccuracy-v1/Runs/PerAgent-HarvestCap-20260830/npc_snapshots.csv","14157","2026-08-31T06:49:53.4432243Z","FA1C6B563C2E4CE19478BC11FB90E8FA9E0E2BB292510F49661EF3326FE59EE3"
"FormalAccuracy-v1/Runs/PerAgent-HarvestCap-20260830/run_manifest.json","2841","2026-08-31T06:49:53.4952882Z","30BADAE3C1427963EE3341D5E27C3D8EEAD025768EE626BFF00BFDC9CE9377D3"
"FormalAccuracy-v1/Runs/PerAgent-HarvestCap-20260830/simulation_events.jsonl","15644191","2026-08-31T06:49:53.4807582Z","771048F7F4FC55D0EB0AC40789108B3FCFE59CABDC829CF828A5CB0AF46FE4CE"
"FormalAccuracy-v1/Runs/PerAgent-HarvestCap-20260831/cohort_timeseries.csv","578287","2026-08-31T06:54:19.1662152Z","AEE9C5FA10A66FBFDA3B1FFBE5F961E2B7FAEE13CF2B81195AADAC52D759D9C7"
"FormalAccuracy-v1/Runs/PerAgent-HarvestCap-20260831/kingdom_timeseries.csv","743713","2026-08-31T06:54:19.1652152Z","3E74939DC4104F1C82502357720AD65903D6FD54B3D5BEF3E3634830AED24331"
"FormalAccuracy-v1/Runs/PerAgent-HarvestCap-20260831/ledger_transactions.jsonl","5637428","2026-08-31T06:54:19.2192800Z","C405AF8ACB887168E237918578EB6DA426BEA291A20C3AEA9ACACEE7878703C0"
"FormalAccuracy-v1/Runs/PerAgent-HarvestCap-20260831/lod_transitions.jsonl","47272","2026-08-31T06:54:19.2062786Z","82CC532486DCA8E7DF7FFD2C28F25B709661D4F305A90239504F9C553F3FED6F"
"FormalAccuracy-v1/Runs/PerAgent-HarvestCap-20260831/npc_snapshots.csv","14150","2026-08-31T06:54:19.1672151Z","D15C0940CC045EABAC5CAD29489443CAB514C2C14BF99CD99B357A3A559F12F1"
"FormalAccuracy-v1/Runs/PerAgent-HarvestCap-20260831/run_manifest.json","2841","2026-08-31T06:54:19.2202797Z","2B1A177028A1D85A44F3EC71B218ED5908EB04BB2FCAF3C61E71B838943933C7"
"FormalAccuracy-v1/Runs/PerAgent-HarvestCap-20260831/simulation_events.jsonl","15658080","2026-08-31T06:54:19.2052705Z","99D7C9BE86E95F62319D45B7A35A640B2314A8A3BD0E74651F4FEBED9F36E6E2"
"FormalAccuracy-v1/Runs/PerAgent-HarvestCap-20260832/cohort_timeseries.csv","567844","2026-08-31T06:41:54.0776584Z","ACA4DE5AEDF6CFEBEC5BCA37A121D5D9FB00B5506BD26394CC5A3E49EC84873A"
"FormalAccuracy-v1/Runs/PerAgent-HarvestCap-20260832/kingdom_timeseries.csv","743713","2026-08-31T06:41:54.0766122Z","B9561301242DC8DF98C498F83EA9ED8ABAC4029302241B7597AEAE2B5DD481CC"
"FormalAccuracy-v1/Runs/PerAgent-HarvestCap-20260832/ledger_transactions.jsonl","5642480","2026-08-31T06:41:54.1347602Z","1AAD8F13BDF9AAA89C44B5B0EFBE50D240A8EFBF378EE90C3E897084D876AE03"
"FormalAccuracy-v1/Runs/PerAgent-HarvestCap-20260832/lod_transitions.jsonl","47266","2026-08-31T06:41:54.1206523Z","35E2996103D9E7E55B39EC7A6F1DF0B9A358A5F63602A91A672DC81681257A7F"
"FormalAccuracy-v1/Runs/PerAgent-HarvestCap-20260832/npc_snapshots.csv","14143","2026-08-31T06:41:54.0786186Z","30A6C7341C671FBAEB54933577D59CC2A1CEF97598A300E8B23E83E8239B9E62"
"FormalAccuracy-v1/Runs/PerAgent-HarvestCap-20260832/run_manifest.json","2838","2026-08-31T06:41:54.1356627Z","91284C67EA824F18C123A3BA5043CE030566396A0D414FE5F36DD8CF5BD9BD83"
"FormalAccuracy-v1/Runs/PerAgent-HarvestCap-20260832/simulation_events.jsonl","15644192","2026-08-31T06:41:54.1191439Z","E4E16CC9CC5AF81DE3E6EACD6D36322CBC660634DA4E7F7EA761004E88245A7E"
"FormalAccuracy-v1/Runs/PerAgent-HarvestCap-20260833/cohort_timeseries.csv","568055","2026-08-31T06:41:42.1435701Z","0AA2B453D890F8DAAEE2854FDA373F5522102D603332E4322BEFB5B599CA8A9A"
"FormalAccuracy-v1/Runs/PerAgent-HarvestCap-20260833/kingdom_timeseries.csv","743761","2026-08-31T06:41:42.1416580Z","BBA44FD9F59E594747B65B8741B24D5A55A25F14F9F4AAD42B541BA065F5E114"
"FormalAccuracy-v1/Runs/PerAgent-HarvestCap-20260833/ledger_transactions.jsonl","5640796","2026-08-31T06:41:42.1978210Z","B7694943E2E84592714B91CF6C298A14323CAA7A6326DBF78406509EC49CDF05"
"FormalAccuracy-v1/Runs/PerAgent-HarvestCap-20260833/lod_transitions.jsonl","47252","2026-08-31T06:41:42.1840583Z","2CE753543340E8C3DA76666C3127BB566FD891A5A0B45E06A54D587326E642B9"
"FormalAccuracy-v1/Runs/PerAgent-HarvestCap-20260833/npc_snapshots.csv","14141","2026-08-31T06:41:42.1445704Z","D93671A7BF147802B386A5EF9E23A2CED213DEFAE4284EA42F3561B18CA68693"
"FormalAccuracy-v1/Runs/PerAgent-HarvestCap-20260833/run_manifest.json","2837","2026-08-31T06:41:42.1978210Z","BA016E65E9EABFB68BD143F76883C95A62EFA9873717061E891F8663E394E9EE"
"FormalAccuracy-v1/Runs/PerAgent-HarvestCap-20260833/simulation_events.jsonl","15648808","2026-08-31T06:41:42.1820575Z","C2C39F79443ED5DE7A6C80FFD14CB8A70898EFF664EECC54C51AF6410B7B870D"
"FormalAccuracy-v1/Runs/PerAgent-HarvestCap-20260834/cohort_timeseries.csv","573060","2026-08-31T06:43:58.3220539Z","E5B3299CF48CF26EC345D5B25AD99F34D189BAE7901F638FCE45978348A7649F"
"FormalAccuracy-v1/Runs/PerAgent-HarvestCap-20260834/kingdom_timeseries.csv","743713","2026-08-31T06:43:58.3206859Z","739B28D73BB4637AA039036F0C378D2C516FDE82E2DD50CF74BA1512F01BA425"
"FormalAccuracy-v1/Runs/PerAgent-HarvestCap-20260834/ledger_transactions.jsonl","5642483","2026-08-31T06:43:58.3731326Z","EF1E62E25B334F3C6F3D83E43576AD59C056AEE63C8444BF332A48AB25566074"
"FormalAccuracy-v1/Runs/PerAgent-HarvestCap-20260834/lod_transitions.jsonl","47274","2026-08-31T06:43:58.3596271Z","AEB9800D030B32CC2A6F5EC969F94DDF6EF4527B4801A8F5D2860DEC45D4BF56"
"FormalAccuracy-v1/Runs/PerAgent-HarvestCap-20260834/npc_snapshots.csv","14148","2026-08-31T06:43:58.3220539Z","472780E08FFADA7203DD655FA073871AABB5E91B5F2CE61034B683CB8E240378"
"FormalAccuracy-v1/Runs/PerAgent-HarvestCap-20260834/run_manifest.json","2841","2026-08-31T06:43:58.3731326Z","7AF031D99897E16AF58C87E684D4BD3D44D621C78CBC37CD46AC7B5B3A774C11"
"FormalAccuracy-v1/Runs/PerAgent-HarvestCap-20260834/simulation_events.jsonl","15644189","2026-08-31T06:43:58.3586271Z","6E08CCD204E72CD133FB65FAC237B9C4155A848EBDFC9ACE798F3A86ACA25B77"
"FormalAccuracy-v1/Runs/PerAgent-HarvestCap-20260835/cohort_timeseries.csv","565731","2026-08-31T06:46:36.9643020Z","67A5F64BD526FB63F1222F845398CF971130B6164E0C79E94774240A9372F07C"
"FormalAccuracy-v1/Runs/PerAgent-HarvestCap-20260835/kingdom_timeseries.csv","743713","2026-08-31T06:46:36.9623156Z","32FBF883C84E121FB24F22B436DFBDB90944C2F86DBCBD0F0812BA4B2F8B0150"
"FormalAccuracy-v1/Runs/PerAgent-HarvestCap-20260835/ledger_transactions.jsonl","5644162","2026-08-31T06:46:37.0140802Z","AD6126774DA885A166483EC8FE682F75F719A2B925089F55D2F89ED4C747BF3D"
"FormalAccuracy-v1/Runs/PerAgent-HarvestCap-20260835/lod_transitions.jsonl","47254","2026-08-31T06:46:37.0009907Z","667396F19193450888F7ADE4601403BB959BFA743FE9C3BD91FC883B637586B4"
"FormalAccuracy-v1/Runs/PerAgent-HarvestCap-20260835/npc_snapshots.csv","14138","2026-08-31T06:46:36.9643020Z","274391CB62996F9B9260539CEFF464D181CC99DDC0590124BCF10C938EBD435D"
"FormalAccuracy-v1/Runs/PerAgent-HarvestCap-20260835/run_manifest.json","2839","2026-08-31T06:46:37.0150813Z","FDAB439F33A0064DCB38ED6C93A8942D1B1697B6BA45B1E83931E29E96CACB53"
"FormalAccuracy-v1/Runs/PerAgent-HarvestCap-20260835/simulation_events.jsonl","15639562","2026-08-31T06:46:36.9999906Z","2BF880243FEF5F403A994CE68770A9591C8766430BE552D658C823FE63DE0E8F"
"FormalAccuracy-v1/Runs/PerAgent-HarvestCap-20260836/cohort_timeseries.csv","568026","2026-08-31T06:49:52.4319183Z","64216DA335985B139EA9D8E0F87C31A134772CBC9F3A736F3E6B163628AE6A8A"
"FormalAccuracy-v1/Runs/PerAgent-HarvestCap-20260836/kingdom_timeseries.csv","743761","2026-08-31T06:49:52.4305549Z","73D0B18C014064292964D28559BBDE2D2A7F74006ED8633966261487C26541CE"
"FormalAccuracy-v1/Runs/PerAgent-HarvestCap-20260836/ledger_transactions.jsonl","5643318","2026-08-31T06:49:52.4796555Z","F9B8C674A38BAEE0245DDB5DF556542F1A51F71A824B3DFF19085DB3EDF7BEB2"
"FormalAccuracy-v1/Runs/PerAgent-HarvestCap-20260836/lod_transitions.jsonl","47262","2026-08-31T06:49:52.4661511Z","F6E7ADF5333D0FE02F412C515DA12FD06B5CA98DB86759F2A6B5840DBF1493B8"
"FormalAccuracy-v1/Runs/PerAgent-HarvestCap-20260836/npc_snapshots.csv","14146","2026-08-31T06:49:52.4319183Z","91A63CCC42B8B38FF32ABB93639A0C65E41D6F84D960C83F4960B43AFF49C7E4"
"FormalAccuracy-v1/Runs/PerAgent-HarvestCap-20260836/run_manifest.json","2842","2026-08-31T06:49:52.4806588Z","53F965FB45630FB77128E9AB5D717EC7197420D9ABC43B521B3FA0FDD7F146AD"
"FormalAccuracy-v1/Runs/PerAgent-HarvestCap-20260836/simulation_events.jsonl","15641885","2026-08-31T06:49:52.4651482Z","07CDB6367A038A729D40D9C4E04CFFD2238D60007E1B8FC61EF6D766CC8B7F9E"
"FormalAccuracy-v1/Runs/PerAgent-HarvestCap-20260837/cohort_timeseries.csv","563019","2026-08-31T06:49:49.2624086Z","589BB29789E0E8FA91DE3CF8E5E6B4D2EFD64B25820AE100B8CB99EA29AEB087"
"FormalAccuracy-v1/Runs/PerAgent-HarvestCap-20260837/kingdom_timeseries.csv","743713","2026-08-31T06:49:49.2603592Z","F557D803F1DDC3CA3DD6187CAC6623F7B9AFBA25C6D720E0C4B60412BED43DFA"
"FormalAccuracy-v1/Runs/PerAgent-HarvestCap-20260837/ledger_transactions.jsonl","5644164","2026-08-31T06:49:49.3153901Z","E4D7A77349A4EC6CFC51E634ADEFAB4E0B7DFA603FD1B97802070B35A410DF75"
"FormalAccuracy-v1/Runs/PerAgent-HarvestCap-20260837/lod_transitions.jsonl","47276","2026-08-31T06:49:49.3014600Z","E7139AE9D2D92070276BEA787046A851F7C0B8502DC9495ED557DBA88E25CB5A"
"FormalAccuracy-v1/Runs/PerAgent-HarvestCap-20260837/npc_snapshots.csv","14149","2026-08-31T06:49:49.2624086Z","3E2B58C5935525DF5FF685404BDD9E77240A48BDDD4C07B0F2F336F68A9E52DF"
"FormalAccuracy-v1/Runs/PerAgent-HarvestCap-20260837/run_manifest.json","2841","2026-08-31T06:49:49.3163899Z","ADDBC1744AF05DB881D7B501ECC04C7BD8E7622477AE80877BA365DDD749852A"
"FormalAccuracy-v1/Runs/PerAgent-HarvestCap-20260837/simulation_events.jsonl","15639558","2026-08-31T06:49:49.3014600Z","A5740EC3BA27716CB430B66EAEEDEF78697861324090F0D78FE73DF7B6A18AD7"
"FormalAccuracy-v1/Runs/PerAgent-HarvestCap-20260838/cohort_timeseries.csv","572078","2026-08-31T06:47:30.7142913Z","7CA97CC09440B5CDA46A9473DF4F71C20B8C012D83F7E3C0B7F36F26B02206E5"
"FormalAccuracy-v1/Runs/PerAgent-HarvestCap-20260838/kingdom_timeseries.csv","743755","2026-08-31T06:47:30.7122908Z","92778E9D3E67F6650E4F928E00116F5D912D9773E4078ACC8D40E96E072E51B7"
"FormalAccuracy-v1/Runs/PerAgent-HarvestCap-20260838/ledger_transactions.jsonl","5639954","2026-08-31T06:47:30.7634049Z","BFB7445595153B243000D80B1A3A6162F9DBCD92D61D7F6DFAFF76C4C9834935"
"FormalAccuracy-v1/Runs/PerAgent-HarvestCap-20260838/lod_transitions.jsonl","47280","2026-08-31T06:47:30.7512414Z","F0C1A4C07631B2B5AF7E0FDA7ACA8E4EDC93AF8CB996DA5296308C5BCB336D28"
"FormalAccuracy-v1/Runs/PerAgent-HarvestCap-20260838/npc_snapshots.csv","14156","2026-08-31T06:47:30.7152917Z","E73AE1178DD0D160A3A781F7E86A8BD55F3579769DAB214724502A3946340E59"
"FormalAccuracy-v1/Runs/PerAgent-HarvestCap-20260838/run_manifest.json","2841","2026-08-31T06:47:30.7643305Z","5F929A9090207235BD801BBF7391B3812C97C378A3CD6A6565C3F582ABFE96E7"
"FormalAccuracy-v1/Runs/PerAgent-HarvestCap-20260838/simulation_events.jsonl","15651124","2026-08-31T06:47:30.7502405Z","BB5A091AB9C796C3A089B71CF32F5FEBEA9C2D3282A20EFC6247791854FC9F3B"
"FormalAccuracy-v1/Runs/PerAgent-HarvestCap-20260839/cohort_timeseries.csv","566998","2026-08-31T06:40:11.5113869Z","3DC5B00D16E1D2A21936B86932CCD8867F937D759D717DDCAB3C225AA82C1C9E"
"FormalAccuracy-v1/Runs/PerAgent-HarvestCap-20260839/kingdom_timeseries.csv","743713","2026-08-31T06:40:11.5103884Z","B5B8B799B86184F37F39C8A01885F571C39EB0B44EE8C4CABBB3246447125873"
"FormalAccuracy-v1/Runs/PerAgent-HarvestCap-20260839/ledger_transactions.jsonl","5645002","2026-08-31T06:40:11.5607283Z","93D029E2AC8050FFED54D9D822D9CC95EBBF2385862D3442B9C75795A224F0DE"
"FormalAccuracy-v1/Runs/PerAgent-HarvestCap-20260839/lod_transitions.jsonl","47236","2026-08-31T06:40:11.5477243Z","9687A687C15EDC982456C6FB970782F97C7CA06B55FE356C85B12E6643D56266"
"FormalAccuracy-v1/Runs/PerAgent-HarvestCap-20260839/npc_snapshots.csv","14136","2026-08-31T06:40:11.5113869Z","0D7FE339DE2BCF2D3625F8B7A468ADC0850AFB2455EEAAD7F136EA9BCB825E0D"
"FormalAccuracy-v1/Runs/PerAgent-HarvestCap-20260839/run_manifest.json","2840","2026-08-31T06:40:11.5617274Z","BF86DD21C37A1F41CBDB306010D84CD5B06CF12172A8659524B3D65DB7399DB3"
"FormalAccuracy-v1/Runs/PerAgent-HarvestCap-20260839/simulation_events.jsonl","15637249","2026-08-31T06:40:11.5467236Z","034A59704581FDCB5FC303AD3AF007EBF32A5C5FF74C6DDD38F88DC3D81C76AA"
"FormalAccuracy-v1/Runs/PerAgent-HarvestCap-20260840/cohort_timeseries.csv","562131","2026-08-31T06:51:50.0496394Z","CB716DAC45C5D3DCA0FDF7AE8D504266B715D332920C51B7D384C35547C21205"
"FormalAccuracy-v1/Runs/PerAgent-HarvestCap-20260840/kingdom_timeseries.csv","743713","2026-08-31T06:51:50.0476963Z","3EAB2406C84AF7D16EAFF980EE827858F8F39718B5C0064E3AA166598988D58C"
"FormalAccuracy-v1/Runs/PerAgent-HarvestCap-20260840/ledger_transactions.jsonl","5642904","2026-08-31T06:51:50.0999799Z","57F0C036AC06326E1B9688821D8104049F8E824742608CE6E59C527DB9AD74CF"
"FormalAccuracy-v1/Runs/PerAgent-HarvestCap-20260840/lod_transitions.jsonl","47236","2026-08-31T06:51:50.0859642Z","13C62A2D48B5FC82E447444F15751484238480FBCD8E6B57DEA7F4FF4678CA3C"
"FormalAccuracy-v1/Runs/PerAgent-HarvestCap-20260840/npc_snapshots.csv","14126","2026-08-31T06:51:50.0496394Z","8A1B1FBBAE82164F6686D64B723E7A3DB2D019196741B23623715908866B11E9"
"FormalAccuracy-v1/Runs/PerAgent-HarvestCap-20260840/run_manifest.json","2842","2026-08-31T06:51:50.1009697Z","E88C9B0A3AA722BACB534DB856C96E44F3EA83B1EB5F56FB6432FF02472AEDDC"
"FormalAccuracy-v1/Runs/PerAgent-HarvestCap-20260840/simulation_events.jsonl","15643052","2026-08-31T06:51:50.0859642Z","6265E38FF9183EFCD74069BE76AF7E4456A69EE620068343B5E4498D3062917B"
"FormalAccuracy-v1/Runs/PerAgent-HarvestCap-20260841/cohort_timeseries.csv","569655","2026-08-31T06:45:48.5823436Z","B2B7A594153B672BEEE3A8DCB4EF4799909CCB6C0CCD954BF3BAD7E91A7ED3F2"
"FormalAccuracy-v1/Runs/PerAgent-HarvestCap-20260841/kingdom_timeseries.csv","743713","2026-08-31T06:45:48.5808366Z","2F2B66B46AB286E3E7797918D69A046E3DA1ECC994C16CBFE2A888942328C16F"
"FormalAccuracy-v1/Runs/PerAgent-HarvestCap-20260841/ledger_transactions.jsonl","5642478","2026-08-31T06:45:48.6343154Z","A93227D7329FBAFD3CFA0002F930690A9B23EFEF2FF2780E8F5AA2860E1D6C92"
"FormalAccuracy-v1/Runs/PerAgent-HarvestCap-20260841/lod_transitions.jsonl","47292","2026-08-31T06:45:48.6205958Z","C893CD0F8E4A998C22F619F12F81B0B62CBA3B3E6D2C30EB551BFF0552E373D9"
"FormalAccuracy-v1/Runs/PerAgent-HarvestCap-20260841/npc_snapshots.csv","14166","2026-08-31T06:45:48.5833480Z","46FE0432C7C31C2F3B901BA77494277D3A01D7973439616C28240E83462F4196"
"FormalAccuracy-v1/Runs/PerAgent-HarvestCap-20260841/run_manifest.json","2839","2026-08-31T06:45:48.6351153Z","98F6F05C1FFCE704CC5B2D3B8E2A2A3351636BE661E5BB216F55D0594E2F58A3"
"FormalAccuracy-v1/Runs/PerAgent-HarvestCap-20260841/simulation_events.jsonl","15644199","2026-08-31T06:45:48.6196044Z","44786EE25B1AB82FBBAA70A1F07BD8E529353AD1D1D1FF5173A22EB1035B6825"
"FormalAccuracy-v1/Runs/PerAgent-HarvestCap-20260842/cohort_timeseries.csv","570131","2026-08-31T06:42:41.3168143Z","38531E9DA49844A930CDCA1E92F13402BB22A921E7687FB261B200461FDA9831"
"FormalAccuracy-v1/Runs/PerAgent-HarvestCap-20260842/kingdom_timeseries.csv","743761","2026-08-31T06:42:41.3148127Z","8D47AEAC84115A94A160FC60A17161868B345BCF97A155DD81B77B6FC281C68D"
"FormalAccuracy-v1/Runs/PerAgent-HarvestCap-20260842/ledger_transactions.jsonl","5640796","2026-08-31T06:42:41.3689608Z","B16F49668245F574B4AF47623C4B4B476AF35DADBB6D88786B7250FA2146F6BF"
"FormalAccuracy-v1/Runs/PerAgent-HarvestCap-20260842/lod_transitions.jsonl","47238","2026-08-31T06:42:41.3558614Z","5CFAF9DB12864F110745DEED255650D50CF456FD2ADB383A01F7127774E2BC92"
"FormalAccuracy-v1/Runs/PerAgent-HarvestCap-20260842/npc_snapshots.csv","14131","2026-08-31T06:42:41.3168143Z","6D084571AA14158F81696EB51F3C3BD2757B220BB67365E19533EC83A339A672"
"FormalAccuracy-v1/Runs/PerAgent-HarvestCap-20260842/run_manifest.json","2839","2026-08-31T06:42:41.3689608Z","BD7C8DF23018B53EF09171E7D793722F7B92C4F1E2FB17086FCA3949E5181D6E"
"FormalAccuracy-v1/Runs/PerAgent-HarvestCap-20260842/simulation_events.jsonl","15648812","2026-08-31T06:42:41.3538467Z","7A2CD4D5457ADEB8645798015556407AC25D5C559F854083B8E5840094FB1338"
"FormalAccuracy-v1/Runs/PerAgent-HarvestCap-20260843/cohort_timeseries.csv","566110","2026-08-31T06:48:12.6697248Z","4F73D4F32CC0F70B74E56404D56A802F936001C55D3351BDDE794F5EA8DA754E"
"FormalAccuracy-v1/Runs/PerAgent-HarvestCap-20260843/kingdom_timeseries.csv","743761","2026-08-31T06:48:12.6677247Z","D4A0EA61B27B13655BC3A0E4B44A783974B4F3B91A5ED61D0B6F5BE5E732831C"
"FormalAccuracy-v1/Runs/PerAgent-HarvestCap-20260843/ledger_transactions.jsonl","5644165","2026-08-31T06:48:12.7188316Z","A6F92317025B347D5074C63868DB7E566B0CE0812758BA9722BB011CB90AEFD6"
"FormalAccuracy-v1/Runs/PerAgent-HarvestCap-20260843/lod_transitions.jsonl","47242","2026-08-31T06:48:12.7057468Z","E12963130949E4C8B0BE5BEF55EE7B63442FABD8AB88F9644F6C502F016A2BBC"
"FormalAccuracy-v1/Runs/PerAgent-HarvestCap-20260843/npc_snapshots.csv","14132","2026-08-31T06:48:12.6697248Z","83780FC9FAB30BBD1B94EA0221FF1BDDDAB7AD5EC7674DDB712586C042233772"
"FormalAccuracy-v1/Runs/PerAgent-HarvestCap-20260843/run_manifest.json","2842","2026-08-31T06:48:12.7203381Z","58ECA074C660B9C18C6E84D35C1250E247AA2A074C3C90743DF6DAD9E4B72699"
"FormalAccuracy-v1/Runs/PerAgent-HarvestCap-20260843/simulation_events.jsonl","15639577","2026-08-31T06:48:12.7047414Z","B3492ADB9C006E054A652B8234F748C3B11156FF1B154EB1D062DEE403F2439F"
"FormalAccuracy-v1/Runs/PerAgent-HarvestCap-20260844/cohort_timeseries.csv","566558","2026-08-31T06:40:12.4995156Z","913E4DD4E94DBCD467E71D8731057E150A33C294A07B39A96A8297890FB4C17B"
"FormalAccuracy-v1/Runs/PerAgent-HarvestCap-20260844/kingdom_timeseries.csv","743713","2026-08-31T06:40:12.4985151Z","E9F4A5EF5F734D511BD0314CF7B0E6F6A36B25E4D56B5C43FBA45FBABB29F10A"
"FormalAccuracy-v1/Runs/PerAgent-HarvestCap-20260844/ledger_transactions.jsonl","5639112","2026-08-31T06:40:12.5506773Z","9128529E6CAF1114EC2ADDD89E3530E47FB5DFAC31373798925B958370296677"
"FormalAccuracy-v1/Runs/PerAgent-HarvestCap-20260844/lod_transitions.jsonl","47228","2026-08-31T06:40:12.5373519Z","F97FEE96B830224AAF244B4B2C793B9A6A46AF4836595B9A7660E92F623ECCC7"
"FormalAccuracy-v1/Runs/PerAgent-HarvestCap-20260844/npc_snapshots.csv","14128","2026-08-31T06:40:12.4995156Z","537FCC2FB6F81B5C03506F6F7D36C1E9128D1DE2719352AFBB96F95AB427954C"
"FormalAccuracy-v1/Runs/PerAgent-HarvestCap-20260844/run_manifest.json","2836","2026-08-31T06:40:12.5506773Z","E59C1E4D33D983092BDE4735E350082BE90A1EA9BCB2AD3BE4C5B08A8874D38A"
"FormalAccuracy-v1/Runs/PerAgent-HarvestCap-20260844/simulation_events.jsonl","15653443","2026-08-31T06:40:12.5353494Z","2D0E8FD2C741B05CB893B8D9CA6A83254DF4A7BDADFF18E03458B3D70C338848"
"FormalAccuracy-v1/Runs/PerAgent-None-20260815/cohort_timeseries.csv","530908","2026-08-31T06:45:29.4904321Z","2E755553F11B7CB46E3158A7E1F6B4E018432FF554F3F6FD4F69F7788EBBED48"
"FormalAccuracy-v1/Runs/PerAgent-None-20260815/kingdom_timeseries.csv","699169","2026-08-31T06:45:29.4885085Z","954334E55CEB7ABD6E9846B9BC23279B544FD7D63BF8D9559CA9D2BE62700A8B"
"FormalAccuracy-v1/Runs/PerAgent-None-20260815/ledger_transactions.jsonl","5553980","2026-08-31T06:45:29.5403640Z","1AB56DD84898642655594E266A48DAE5DBD92C5C7FDF4CA1B568CE2D72AA5D25"
"FormalAccuracy-v1/Runs/PerAgent-None-20260815/lod_transitions.jsonl","45812","2026-08-31T06:45:29.5275172Z","885A36FB78EA41D8442594E20DCA7FBCC4998A59E457A3301472F78CE46A5C0F"
"FormalAccuracy-v1/Runs/PerAgent-None-20260815/npc_snapshots.csv","13420","2026-08-31T06:45:29.4904321Z","918C52AA8875D24DF00E6E0B7C892563A06CBF11943D59733BD699736D05740E"
"FormalAccuracy-v1/Runs/PerAgent-None-20260815/run_manifest.json","2827","2026-08-31T06:45:29.5403640Z","492F3985EC3D84E5F1F5CD0F2355F26DF9BE4D03324D48404A4020D1D080862B"
"FormalAccuracy-v1/Runs/PerAgent-None-20260815/simulation_events.jsonl","15164964","2026-08-31T06:45:29.5255147Z","2DF8E6CFBA2B7C804850BF59DFC613BF1E8A9E1A977C046CB0993B2874571A12"
"FormalAccuracy-v1/Runs/PerAgent-None-20260816/cohort_timeseries.csv","527898","2026-08-31T06:54:18.1766355Z","D832B5FC4E8A9A4B29507987D308DF3E275534C54E662FDB318D7BDB37092908"
"FormalAccuracy-v1/Runs/PerAgent-None-20260816/kingdom_timeseries.csv","699169","2026-08-31T06:54:18.1746313Z","09969E494E8F1CC36378E1693DEA5F1BAD2B345D76DDC4586716BE46DDADC4C3"
"FormalAccuracy-v1/Runs/PerAgent-None-20260816/ledger_transactions.jsonl","5555204","2026-08-31T06:54:18.2252783Z","CAB243C6831A25475A1C50333340421068BF17C2DEDB8408090706DCA9D60BA6"
"FormalAccuracy-v1/Runs/PerAgent-None-20260816/lod_transitions.jsonl","45816","2026-08-31T06:54:18.2121690Z","3E72062B697CD7D9DBD13598A4645D3A5AA4C91D3990F3BBB18BE43E4CFD4290"
"FormalAccuracy-v1/Runs/PerAgent-None-20260816/npc_snapshots.csv","13418","2026-08-31T06:54:18.1766355Z","FC512823F9E07CC2F4DEFD28DD322E1829723E562AE22DDE080CF8EABEBA6F58"
"FormalAccuracy-v1/Runs/PerAgent-None-20260816/run_manifest.json","2828","2026-08-31T06:54:18.2252783Z","B981FE65E91EB546EAE5AB79969B3BF490C5BA0F6650BAB2CECE745E9854126E"
"FormalAccuracy-v1/Runs/PerAgent-None-20260816/simulation_events.jsonl","15161607","2026-08-31T06:54:18.2101702Z","82ABEBCB9A90AC4906B5F3C484F6168373461D1E4B1E6FED0C88414F584FA4B2"
"FormalAccuracy-v1/Runs/PerAgent-None-20260817/cohort_timeseries.csv","531062","2026-08-31T06:49:17.1253369Z","D257BADEA077A2C698EADBFF52144828DDD65E8D547B70FA377DFFD269D1A9AF"
"FormalAccuracy-v1/Runs/PerAgent-None-20260817/kingdom_timeseries.csv","699169","2026-08-31T06:49:17.1235337Z","E5022B47C07EA2D54480C12AA62E9854C89EEFD4880FBD439E24AACFC24945FE"
"FormalAccuracy-v1/Runs/PerAgent-None-20260817/ledger_transactions.jsonl","5556025","2026-08-31T06:49:17.1755252Z","6F07829E022BE9FB0F7930C3B295249706DC64218811C3F1D46939123397FDD2"
"FormalAccuracy-v1/Runs/PerAgent-None-20260817/lod_transitions.jsonl","45826","2026-08-31T06:49:17.1621042Z","A2179C20C8A50D63E1E4072D01BB51B1BF0EB8044A1A9C340DB8340F5E6116A5"
"FormalAccuracy-v1/Runs/PerAgent-None-20260817/npc_snapshots.csv","13436","2026-08-31T06:49:17.1253369Z","34A6EADB2141A139520E86E007DC432911595F2DC2DCC5E7A23639E59E418453"
"FormalAccuracy-v1/Runs/PerAgent-None-20260817/run_manifest.json","2828","2026-08-31T06:49:17.1765234Z","1E1F7DC72E47FAEF1A95C7620BBD1F92ACEA7877FD50287C90B40904BAE5AA70"
"FormalAccuracy-v1/Runs/PerAgent-None-20260817/simulation_events.jsonl","15159377","2026-08-31T06:49:17.1600950Z","3C2E7369D34DB1595DA609C346825BA9135EFFB35313978E9CC7158E38BB7C2F"
"FormalAccuracy-v1/Runs/PerAgent-None-20260818/cohort_timeseries.csv","528147","2026-08-31T06:47:09.3174671Z","B73BED6F188B19208B1DDC3BB18F189437A991F17B596A367613CB1215B12AD6"
"FormalAccuracy-v1/Runs/PerAgent-None-20260818/kingdom_timeseries.csv","699121","2026-08-31T06:47:09.3154679Z","52BE41ACA31E15248A8D9C516ED5506F547210633D80260CF1C2BD858EFD959F"
"FormalAccuracy-v1/Runs/PerAgent-None-20260818/ledger_transactions.jsonl","5556430","2026-08-31T06:47:09.3665644Z","2E96EEC6A96718E4B8F8D1752B48F2FF93C0A2CDB6FAB0AC94276FC2B4A34632"
"FormalAccuracy-v1/Runs/PerAgent-None-20260818/lod_transitions.jsonl","45810","2026-08-31T06:47:09.3534820Z","F978BA0D586BC625305A81E4F60BF7E6B43D42E34C765C11C76DE64CBEC6273D"
"FormalAccuracy-v1/Runs/PerAgent-None-20260818/npc_snapshots.csv","13424","2026-08-31T06:47:09.3174671Z","B3F3C468479B6F6FD88329CA7777CFFFC0209E932F80054549E89618E091F10A"
"FormalAccuracy-v1/Runs/PerAgent-None-20260818/run_manifest.json","2830","2026-08-31T06:47:09.3665644Z","11D912809EC7B433879B5716B01B06C23F3E5ABC912843BB6784205EA1C8FE9E"
"FormalAccuracy-v1/Runs/PerAgent-None-20260818/simulation_events.jsonl","15158263","2026-08-31T06:47:09.3514832Z","8988A19F3FC71C43D33DFDD8BA6B1E4A50A45CF3B7C3B4127688308B200D7655"
"FormalAccuracy-v1/Runs/PerAgent-None-20260819/cohort_timeseries.csv","524471","2026-08-31T06:49:29.6246852Z","DC581DD1F4AC712CAD046FEC9A391AA42C0566627B6592F6EB4F0AD8E91AF1DB"
"FormalAccuracy-v1/Runs/PerAgent-None-20260819/kingdom_timeseries.csv","699193","2026-08-31T06:49:29.6233297Z","1A998733D21E200D1D1EC112CDD3B235F55018CE67263DE613A5F50272BEDC62"
"FormalAccuracy-v1/Runs/PerAgent-None-20260819/ledger_transactions.jsonl","5552748","2026-08-31T06:49:29.6713748Z","8A876E7775D4E59B949FE70117DE0C053979EAA5C95E3770C7A83512F27C907F"
"FormalAccuracy-v1/Runs/PerAgent-None-20260819/lod_transitions.jsonl","45872","2026-08-31T06:49:29.6593484Z","43699809DF391BE532DB5BBB9F9051AB65146BE6ABB2998D8384921A42D0B867"
"FormalAccuracy-v1/Runs/PerAgent-None-20260819/npc_snapshots.csv","13449","2026-08-31T06:49:29.6246852Z","9BFFEB632E545DF43F8D2B36B13CD3B9BC7E3D5424EBA8A7F976C01AB36C0B56"
"FormalAccuracy-v1/Runs/PerAgent-None-20260819/run_manifest.json","2828","2026-08-31T06:49:29.6713748Z","8E49CFD6DC82E1C36E18038DBFEADB2B99282A96A69ECE2DAE6623F047362D0A"
"FormalAccuracy-v1/Runs/PerAgent-None-20260819/simulation_events.jsonl","15168330","2026-08-31T06:49:29.6583559Z","5F703B9F7B1E3510A74ED28F97416DF04656DBE8FC3E92AFF42C884241A49E04"
"FormalAccuracy-v1/Runs/PerAgent-None-20260820/cohort_timeseries.csv","534890","2026-08-31T06:48:07.4932826Z","7593EDA0238A76AF808E4480142DF49442C1F1C468478E37D6C6025A6DF3D154"
"FormalAccuracy-v1/Runs/PerAgent-None-20260820/kingdom_timeseries.csv","699121","2026-08-31T06:48:07.4923580Z","794B5EBF0D7998B70A6544882377991B67384F79D8DBA6DAA3E806BB72EC0462"
"FormalAccuracy-v1/Runs/PerAgent-None-20260820/ledger_transactions.jsonl","5557654","2026-08-31T06:48:07.5431489Z","936A4AE78E3D4B9C36962B453D714AA8C94C1E8DAE1BCDC09608568686E3CFE8"
"FormalAccuracy-v1/Runs/PerAgent-None-20260820/lod_transitions.jsonl","45808","2026-08-31T06:48:07.5311414Z","A0EA677279E7A57E529A957B1EC057ABFBB6E88E11E16CC5FA8D83F82AE58199"
"FormalAccuracy-v1/Runs/PerAgent-None-20260820/npc_snapshots.csv","13418","2026-08-31T06:48:07.4932826Z","B72C21AA7AE39A209D97C5050962CEA3E1B3C224C73F4848FC25EBDC95BE56EC"
"FormalAccuracy-v1/Runs/PerAgent-None-20260820/run_manifest.json","2827","2026-08-31T06:48:07.5441416Z","19C5D6271DB23ED09CF36C497A6D536033B81A687C56B5E08205D0B44FF5D5F6"
"FormalAccuracy-v1/Runs/PerAgent-None-20260820/simulation_events.jsonl","15154882","2026-08-31T06:48:07.5286346Z","14E5EB1CDE8279285D4391EC57F7001AE1131E34F4288E68758EB6007D351884"
"FormalAccuracy-v1/Runs/PerAgent-None-20260821/cohort_timeseries.csv","526612","2026-08-31T06:41:16.8377023Z","232F5000203EEA7DF3124AEC2E276AEA1A120656B122ADC2F2124AC7F1C11F9B"
"FormalAccuracy-v1/Runs/PerAgent-None-20260821/kingdom_timeseries.csv","699169","2026-08-31T06:41:16.8367806Z","61B2B47C8EFAB8474D42093DCF679CC9DFAD9A9CB3D6C3FCA4A8C72657AB7F2D"
"FormalAccuracy-v1/Runs/PerAgent-None-20260821/ledger_transactions.jsonl","5551112","2026-08-31T06:41:16.8896625Z","7141FD0A557E606DF9E43A200D8F076356E95F87D9B90866EC2755F123836E6A"
"FormalAccuracy-v1/Runs/PerAgent-None-20260821/lod_transitions.jsonl","45804","2026-08-31T06:41:16.8775598Z","11BD1FCD71EB9C06D6280DE6B427FA79242B413C31FEF782AC4E1F00EB930792"
"FormalAccuracy-v1/Runs/PerAgent-None-20260821/npc_snapshots.csv","13414","2026-08-31T06:41:16.8387251Z","B857EB5310822B486864FB4A64F8873BAE7AC68341A45577FE49FCF9CA8DDB4D"
"FormalAccuracy-v1/Runs/PerAgent-None-20260821/run_manifest.json","2824","2026-08-31T06:41:16.8896625Z","9E3BE3464D88DE6D44562749EEB710644E0AA3367E7CC8474BFDCB1B6BB72CE9"
"FormalAccuracy-v1/Runs/PerAgent-None-20260821/simulation_events.jsonl","15172823","2026-08-31T06:41:16.8746489Z","DC6644D082957DCE96CEE38CAA5B4BA00B7E0BD0CE59EB0D7E4A099C5EC9496D"
"FormalAccuracy-v1/Runs/PerAgent-None-20260822/cohort_timeseries.csv","521285","2026-08-31T06:48:51.4538766Z","3447C54313BE186D425505E16C0821616CDB7667B99A44E478ED1E0E8A3CF3DF"
"FormalAccuracy-v1/Runs/PerAgent-None-20260822/kingdom_timeseries.csv","699121","2026-08-31T06:48:51.4518775Z","FE7311C2FDD3D707F8A3FC3E3C030211148B2407568077DB908E5A3DD8C11EE1"
"FormalAccuracy-v1/Runs/PerAgent-None-20260822/ledger_transactions.jsonl","5554793","2026-08-31T06:48:51.5040873Z","B3B9A0A9EA529BE74718CC95C0E6F249D66A089B19CB3C827E0459090E4AD3F0"
"FormalAccuracy-v1/Runs/PerAgent-None-20260822/lod_transitions.jsonl","45880","2026-08-31T06:48:51.4911017Z","638E4CC405D1084D0E9BECEE676A34D33A10B375E9557AB9227478F5AE1D7160"
"FormalAccuracy-v1/Runs/PerAgent-None-20260822/npc_snapshots.csv","13448","2026-08-31T06:48:51.4538766Z","6855A1371020BEF0559A13671EDD6D4EB2A71E8F9DDC0502BC2F0878378FDF59"
"FormalAccuracy-v1/Runs/PerAgent-None-20260822/run_manifest.json","2826","2026-08-31T06:48:51.5040873Z","C9AA9791AC155C61C550D6AC53C8AE6D49D1AE0E34CDD35C69CB247774106D31"
"FormalAccuracy-v1/Runs/PerAgent-None-20260822/simulation_events.jsonl","15162728","2026-08-31T06:48:51.4890716Z","E09453DFFAC792D0D4A1E5D967D1672829F58C78842A7B97C20011E330BE83CC"
"FormalAccuracy-v1/Runs/PerAgent-None-20260823/cohort_timeseries.csv","535358","2026-08-31T06:47:13.2908265Z","739D3D30C791810F4F152AE750C474AAB44D308446DD17E06DA9D3077BE2C1E3"
"FormalAccuracy-v1/Runs/PerAgent-None-20260823/kingdom_timeseries.csv","699121","2026-08-31T06:47:13.2888267Z","DDA47B952D9532B367F7455102D2AC5BAA96F510249611774E2C3BE6E26DEBC0"
"FormalAccuracy-v1/Runs/PerAgent-None-20260823/ledger_transactions.jsonl","5556841","2026-08-31T06:47:13.3408220Z","67C31050FCDBB415F3FB37171B05CC0AFF6AEE83FAE4EB5114B805265F669C76"
"FormalAccuracy-v1/Runs/PerAgent-None-20260823/lod_transitions.jsonl","45856","2026-08-31T06:47:13.3283413Z","E3E09E11C12584FFEB029AA0D5CAAFEDA21158372BE1888C1904B123409829FD"
"FormalAccuracy-v1/Runs/PerAgent-None-20260823/npc_snapshots.csv","13448","2026-08-31T06:47:13.2908265Z","C0236A972FEE9A0461AD3C51E16B01CD176C35F88EB63401049071B93E5CB696"
"FormalAccuracy-v1/Runs/PerAgent-None-20260823/run_manifest.json","2828","2026-08-31T06:47:13.3417946Z","6855C69698A2B1B9FE8663B815F5D6A28B3D48BCBE1E62C6F7C99B1E15A4C37D"
"FormalAccuracy-v1/Runs/PerAgent-None-20260823/simulation_events.jsonl","15157144","2026-08-31T06:47:13.3264249Z","A9391E2D7FAA32D573923A6AFE3644C2CCC6D90945E53210089C998AAC050F18"
"FormalAccuracy-v1/Runs/PerAgent-None-20260824/cohort_timeseries.csv","534410","2026-08-31T06:54:50.9798652Z","F57FA89A711042C04E1412231B2089C3255B5F632C50F856E87CEE8BDBA56B58"
"FormalAccuracy-v1/Runs/PerAgent-None-20260824/kingdom_timeseries.csv","699169","2026-08-31T06:54:50.9778602Z","3A5A862DE4C1983C6B122DF66886BDD7F8B93494086599085FDFD93A83D6FE75"
"FormalAccuracy-v1/Runs/PerAgent-None-20260824/ledger_transactions.jsonl","5556431","2026-08-31T06:54:51.0294323Z","C43F6CDE9A030F4BA546AA05841D83ABEB45C5FDEBBE269935E416CB660C7AA6"
"FormalAccuracy-v1/Runs/PerAgent-None-20260824/lod_transitions.jsonl","45806","2026-08-31T06:54:51.0164226Z","6151C178C19881164EF6D0E40BAC8E3EFE8B9BFDE8325712B28B2241C4598BAF"
"FormalAccuracy-v1/Runs/PerAgent-None-20260824/npc_snapshots.csv","13410","2026-08-31T06:54:50.9798652Z","1E95D24A956B257BF00BAB4717642BCE34FD1CB269E7E1403B879CBF0E983784"
"FormalAccuracy-v1/Runs/PerAgent-None-20260824/run_manifest.json","2828","2026-08-31T06:54:51.0304303Z","F9284418481FA6E8A5BF0F21073D98295BF9CEB82CC82AD57276D4D3FAF17EB9"
"FormalAccuracy-v1/Runs/PerAgent-None-20260824/simulation_events.jsonl","15158238","2026-08-31T06:54:51.0154049Z","961075B18AC3F379690B183826B1D80CF9314E5BA3ACC4AFA82E2E748C1D8B48"
"FormalAccuracy-v1/Runs/PerAgent-None-20260825/cohort_timeseries.csv","522968","2026-08-31T06:42:17.7793239Z","285D032E4C131DB92E249088297851A4F329C1D3C8B13D1BF7186D39FD0867CE"
"FormalAccuracy-v1/Runs/PerAgent-None-20260825/kingdom_timeseries.csv","699121","2026-08-31T06:42:17.7772276Z","ACFA42767938C11578ED4DE04DD1F55E529ED66685CCE3054343F149D22D76CC"
"FormalAccuracy-v1/Runs/PerAgent-None-20260825/ledger_transactions.jsonl","5554386","2026-08-31T06:42:17.8273575Z","8E5E2248DEE74B9C3B7A165420564E4A8359BA490DA3834A2FDA5FAFA838175F"
"FormalAccuracy-v1/Runs/PerAgent-None-20260825/lod_transitions.jsonl","45806","2026-08-31T06:42:17.8147502Z","BA12F6C6271F9953057B19AE2D92CDCEA1F0AA88C51F30C65062DC81337ED5F2"
"FormalAccuracy-v1/Runs/PerAgent-None-20260825/npc_snapshots.csv","13416","2026-08-31T06:42:17.7793239Z","0FFCEB6EBC6EC78E670D1C919452F046C844AA58E585F64003C7912B2B3F74D3"
"FormalAccuracy-v1/Runs/PerAgent-None-20260825/run_manifest.json","2826","2026-08-31T06:42:17.8273575Z","C0F7F0BCBE535F31910014EA1E57A78BCFFA13277A106CF314F89E1666EFA1A0"
"FormalAccuracy-v1/Runs/PerAgent-None-20260825/simulation_events.jsonl","15163839","2026-08-31T06:42:17.8128218Z","6E668776547144CFCFC415EE4F795148B5AB28B264B7FBB97838AB6C6B339781"
"FormalAccuracy-v1/Runs/PerAgent-None-20260826/cohort_timeseries.csv","531819","2026-08-31T06:50:56.8085189Z","5E7F286601CED7EAAFEFFE7E1E945E008F25D1E9B84F47B2B1A9ECD64546F482"
"FormalAccuracy-v1/Runs/PerAgent-None-20260826/kingdom_timeseries.csv","699121","2026-08-31T06:50:56.8075174Z","59C7543D0BD8B647489E5C773E911514E8B34C09ED1D686F2A157236FBD9E88F"
"FormalAccuracy-v1/Runs/PerAgent-None-20260826/ledger_transactions.jsonl","5557249","2026-08-31T06:50:56.8597269Z","CB8DDE6B92F7D0BB324D0E3D9C9D54087DE87218E1ED5FB375D85D1775FC3276"
"FormalAccuracy-v1/Runs/PerAgent-None-20260826/lod_transitions.jsonl","45832","2026-08-31T06:50:56.8467186Z","9C23D1A47A27B3D6F75A8C4BF14F94EB32F7E12CDAF37EF63EB31C9D4D3F26E4"
"FormalAccuracy-v1/Runs/PerAgent-None-20260826/npc_snapshots.csv","13434","2026-08-31T06:50:56.8095215Z","FAEDB65F59989B958F66894F549ADAC852537A847832599371C91499955CF06E"
"FormalAccuracy-v1/Runs/PerAgent-None-20260826/run_manifest.json","2829","2026-08-31T06:50:56.8607266Z","85703EEF344641548333FF85FE0A25A9C85D69F7E64984DA339B6C861718F0F8"
"FormalAccuracy-v1/Runs/PerAgent-None-20260826/simulation_events.jsonl","15155992","2026-08-31T06:50:56.8447115Z","6DAE619ABAB3DEE910B8C4B8EA90543E73EDE9425E0CB7C57753B48EFC9D7F0D"
"FormalAccuracy-v1/Runs/PerAgent-None-20260827/cohort_timeseries.csv","531495","2026-08-31T06:47:47.6147530Z","FD1062D47D52D4C1F1660AED4E0A07DA9F8B55C4352A3C65BA0169DE5B55C2DF"
"FormalAccuracy-v1/Runs/PerAgent-None-20260827/kingdom_timeseries.csv","699121","2026-08-31T06:47:47.6127103Z","F1E4229DA5C2FFD043307B318410F020C711305EFC089311BB6F0CE95C457281"
"FormalAccuracy-v1/Runs/PerAgent-None-20260827/ledger_transactions.jsonl","5557659","2026-08-31T06:47:47.6624576Z","F78F1AD7E8651D1484671806F59BF78CA6126CDF5223CF75BD947B18471AF378"
"FormalAccuracy-v1/Runs/PerAgent-None-20260827/lod_transitions.jsonl","45878","2026-08-31T06:47:47.6504416Z","170251F0CD6BE882757D9511B931FA655B02C12477767AB411E5F7DDA33F6249"
"FormalAccuracy-v1/Runs/PerAgent-None-20260827/npc_snapshots.csv","13455","2026-08-31T06:47:47.6147530Z","78E6194101302AA25D0D37E3130FE529F2A144838E135910185BA6B798BE1F2E"
"FormalAccuracy-v1/Runs/PerAgent-None-20260827/run_manifest.json","2828","2026-08-31T06:47:47.6624576Z","955BA04943865C5175679A0E1E18E91008B19C8AC3109ABB6EA38732FD0C85A5"
"FormalAccuracy-v1/Runs/PerAgent-None-20260827/simulation_events.jsonl","15154898","2026-08-31T06:47:47.6484497Z","A90C76B5FBB1117DA0EFF3C7B7FD62E514ED7514232A8122C9A43581D302A0AE"
"FormalAccuracy-v1/Runs/PerAgent-None-20260828/cohort_timeseries.csv","517737","2026-08-31T06:45:01.0116841Z","77852AEBA3109C738EE6B6F8DFF754AD2D398EC9AF35932266A38A311FA2EE20"
"FormalAccuracy-v1/Runs/PerAgent-None-20260828/kingdom_timeseries.csv","699169","2026-08-31T06:45:01.0096824Z","FD9704B6464415375FE1F81BABB4FE49B4D8E3C4BC4638F61A4AD1CD0E2C51BD"
"FormalAccuracy-v1/Runs/PerAgent-None-20260828/ledger_transactions.jsonl","5555615","2026-08-31T06:45:01.0620548Z","F615EC88FE282BA4519443D93F41C203601CE3AFC26B8F6AC5948006AD80D595"
"FormalAccuracy-v1/Runs/PerAgent-None-20260828/lod_transitions.jsonl","45842","2026-08-31T06:45:01.0480518Z","0CCF835ED26476D39D53F74FB529FFFAF7276905DD1A372A306ACBAA4043813D"
"FormalAccuracy-v1/Runs/PerAgent-None-20260828/npc_snapshots.csv","13430","2026-08-31T06:45:01.0116841Z","6AD29BE977EA60CAEB47347B66D07719607683A146960B4AC2CDB0EF4D5F4F78"
"FormalAccuracy-v1/Runs/PerAgent-None-20260828/run_manifest.json","2829","2026-08-31T06:45:01.0620548Z","846BA8F060ADEE45D0C9CDE2A875A3236110A75855F0879DE3784753DA724B1D"
"FormalAccuracy-v1/Runs/PerAgent-None-20260828/simulation_events.jsonl","15160481","2026-08-31T06:45:01.0460502Z","00409D798D5249B9661253D7CE32254DD71E18484756884853CF5BDC6594D820"
"FormalAccuracy-v1/Runs/PerAgent-None-20260829/cohort_timeseries.csv","527955","2026-08-31T06:42:15.5764486Z","CCD9AFE38874EF2B02071E08C99F3FC3056C50C4D5C177630FD62F51F79468F7"
"FormalAccuracy-v1/Runs/PerAgent-None-20260829/kingdom_timeseries.csv","699169","2026-08-31T06:42:15.5754501Z","B3C148B511F47324064E963DFA398F52619451048903B312A85DD07DD46AB303"
"FormalAccuracy-v1/Runs/PerAgent-None-20260829/ledger_transactions.jsonl","5554389","2026-08-31T06:42:15.6266844Z","0A51320619AF05B1E058A0B8AD06F965D7AFAC9758F3F73F3F5AD31085514122"
"FormalAccuracy-v1/Runs/PerAgent-None-20260829/lod_transitions.jsonl","45810","2026-08-31T06:42:15.6139714Z","F2D9922C5774EB82AB170A6DF837C6AC4F18559965AE8B9F9F64785137BF7AA5"
"FormalAccuracy-v1/Runs/PerAgent-None-20260829/npc_snapshots.csv","13421","2026-08-31T06:42:15.5774471Z","016CC84C61A8698C0D0DE8509F3F069E33C3E1E8740629F2B0F70A92763837B6"
"FormalAccuracy-v1/Runs/PerAgent-None-20260829/run_manifest.json","2827","2026-08-31T06:42:15.6266844Z","1C1A64C5CE1093C8D99477987533D35F0C7DA091BBDDA336497F4E94512BB986"
"FormalAccuracy-v1/Runs/PerAgent-None-20260829/simulation_events.jsonl","15163860","2026-08-31T06:42:15.6119799Z","952E83BFBB1E321FC6187AD59CF4DBD0AAC2B4968C39A1E5D99994F55480F66B"
"FormalAccuracy-v1/Runs/PerAgent-None-20260830/cohort_timeseries.csv","524622","2026-08-31T06:42:51.6690971Z","BD4EA556CEFBBECC66220FEA5E558DFEB2902E1B84225FB4E3B049039F1DD5C2"
"FormalAccuracy-v1/Runs/PerAgent-None-20260830/kingdom_timeseries.csv","699121","2026-08-31T06:42:51.6670939Z","8BDBE2F1142FFBD3784969CE63218A42B9E9ABD63FAE2C35BE7E650172DFF25B"
"FormalAccuracy-v1/Runs/PerAgent-None-20260830/ledger_transactions.jsonl","5556022","2026-08-31T06:42:51.7151368Z","2112212337712245D618BD114AC6BED7A8C2496835612C92FB0FCEDD1CE1F509"
"FormalAccuracy-v1/Runs/PerAgent-None-20260830/lod_transitions.jsonl","45852","2026-08-31T06:42:51.7021340Z","0CE2EA63898B9F2F3EA32C73BC442038737338821E940C644D79FDCF8DBDF403"
"FormalAccuracy-v1/Runs/PerAgent-None-20260830/npc_snapshots.csv","13437","2026-08-31T06:42:51.6690971Z","B9AF0342C06F0AC7F375E4C311477192C0F45A1D90B492639219F8A287BB6A99"
"FormalAccuracy-v1/Runs/PerAgent-None-20260830/run_manifest.json","2828","2026-08-31T06:42:51.7151368Z","02139D3D3D917437B678B0424155F1A2CF3E278852AD7D061850F71F3309EDE4"
"FormalAccuracy-v1/Runs/PerAgent-None-20260830/simulation_events.jsonl","15159362","2026-08-31T06:42:51.7011327Z","047FAD7D327C522673670AE5CF4AA0EB638BAF626558A0D849F45BCAE50D25B5"
"FormalAccuracy-v1/Runs/PerAgent-None-20260831/cohort_timeseries.csv","535663","2026-08-31T06:43:04.9336460Z","E165879A958313D2496972C06EA548FFBAB1EA8B2367BB2B4DCE7EC1EF58D259"
"FormalAccuracy-v1/Runs/PerAgent-None-20260831/kingdom_timeseries.csv","699169","2026-08-31T06:43:04.9317183Z","173CBF7049DA6933A27ADAE348D42F3C396B2CC0519BE22BC99FEC428E55512A"
"FormalAccuracy-v1/Runs/PerAgent-None-20260831/ledger_transactions.jsonl","5551114","2026-08-31T06:43:04.9837573Z","1862BD86095C39AFC0F9CA56A15A4DA038908D4CE93C2907E2810B180DA72917"
"FormalAccuracy-v1/Runs/PerAgent-None-20260831/lod_transitions.jsonl","45832","2026-08-31T06:43:04.9706703Z","BD19C6138FDEDC338F8DCD17F3A64EBE1E8E7206B010A97B3CA5282C77B64975"
"FormalAccuracy-v1/Runs/PerAgent-None-20260831/npc_snapshots.csv","13430","2026-08-31T06:43:04.9336460Z","2C1D9683BBBE222A562C0CB990D93298EFA6E75AA9C2FA2EEE9666738C174123"
"FormalAccuracy-v1/Runs/PerAgent-None-20260831/run_manifest.json","2827","2026-08-31T06:43:04.9837573Z","F819B596EFA29506157E2332C6DC9C3CCB6647609D268A8FCAF23983E31BFE3F"
"FormalAccuracy-v1/Runs/PerAgent-None-20260831/simulation_events.jsonl","15172819","2026-08-31T06:43:04.9681207Z","39F4AC72597D017FAF408C6999220873159526833D3942FC17F4BA3AEE192F14"
"FormalAccuracy-v1/Runs/PerAgent-None-20260832/cohort_timeseries.csv","526024","2026-08-31T06:49:36.6983718Z","91D32A17CBDDD8C53EF891DEF85B7EC0A2A3CEBF5051F34AE80703412E9BFBAA"
"FormalAccuracy-v1/Runs/PerAgent-None-20260832/kingdom_timeseries.csv","699121","2026-08-31T06:49:36.6963718Z","8A3D13DE4C8102684711BB44EEDBE2B3EADFB0F0FBB62FD6A24BC0E63943FA37"
"FormalAccuracy-v1/Runs/PerAgent-None-20260832/ledger_transactions.jsonl","5556022","2026-08-31T06:49:36.7483991Z","C93ADD6F4AABCE7035E0D3456A08B63177ABCD48E30AC44B89C247CE71E8D773"
"FormalAccuracy-v1/Runs/PerAgent-None-20260832/lod_transitions.jsonl","45826","2026-08-31T06:49:36.7357227Z","7A46F98E9878457D59D1D62750FCBAE91BE026F2DAD6E6F0F6113A30B4341D9C"
"FormalAccuracy-v1/Runs/PerAgent-None-20260832/npc_snapshots.csv","13423","2026-08-31T06:49:36.6983718Z","48002D8DBF6165D392E9E3F5939AB726D66694412801FB523A41A86064D21752"
"FormalAccuracy-v1/Runs/PerAgent-None-20260832/run_manifest.json","2828","2026-08-31T06:49:36.7483991Z","BC0B0A49F085A8EA1FFF7C4C24896530FF6C6C1D4569D36D32B32872AA8906DA"
"FormalAccuracy-v1/Runs/PerAgent-None-20260832/simulation_events.jsonl","15159363","2026-08-31T06:49:36.7336033Z","9295DCD6856B9F39337F329F7E6E937C486D8472D9C854210029880CD6BB7DE1"
"FormalAccuracy-v1/Runs/PerAgent-None-20260833/cohort_timeseries.csv","526199","2026-08-31T06:45:00.0101422Z","D010031FE8C6BB02E414A3188DA1082196CEFA1BCD7608EE452601BE9C8F3D98"
"FormalAccuracy-v1/Runs/PerAgent-None-20260833/kingdom_timeseries.csv","699169","2026-08-31T06:45:00.0091513Z","93428A32CF0634FD3EB6F83FBF3CC97BA54A67FA26DB9C2BAA4BB7AD27FA0071"
"FormalAccuracy-v1/Runs/PerAgent-None-20260833/ledger_transactions.jsonl","5554386","2026-08-31T06:45:00.0604954Z","8C2E99AFED668058E7BB4CF2AFA3170C91889E24E6310B292D4AFE4423B3756F"
"FormalAccuracy-v1/Runs/PerAgent-None-20260833/lod_transitions.jsonl","45812","2026-08-31T06:45:00.0490726Z","A1C80F527EAAAE0BCA62A47B4FBC6D7B7AFED2F7BBA41D30437D9E54B0AD37A2"
"FormalAccuracy-v1/Runs/PerAgent-None-20260833/npc_snapshots.csv","13421","2026-08-31T06:45:00.0111411Z","B45B0F218EBBB1E734B73DC9D940E7316AD79013044D1693F90FF40B8DC43999"
"FormalAccuracy-v1/Runs/PerAgent-None-20260833/run_manifest.json","2828","2026-08-31T06:45:00.0614852Z","80768C32E8FD4DDFC0470B22EF1F89A32233BBC800CF21014826719EC17B6B58"
"FormalAccuracy-v1/Runs/PerAgent-None-20260833/simulation_events.jsonl","15163837","2026-08-31T06:45:00.0460695Z","2BDCA747449EA9D697C0D3E10DE6A19CA72457AA56F4738CC1371D9D5A569154"
"FormalAccuracy-v1/Runs/PerAgent-None-20260834/cohort_timeseries.csv","530820","2026-08-31T06:40:54.1038041Z","ED3A049D2588BF7D88F4CA366D0722BC47B3A60B596AB9D90023A7452F9C3896"
"FormalAccuracy-v1/Runs/PerAgent-None-20260834/kingdom_timeseries.csv","699121","2026-08-31T06:40:54.1018072Z","E560E061FF6F26CD05DD61F5022291415000B53EA4A3FC6489A19A3D465C2587"
"FormalAccuracy-v1/Runs/PerAgent-None-20260834/ledger_transactions.jsonl","5556025","2026-08-31T06:40:54.1538343Z","2B0E747F6843E7D59147F988E13F6F679BC5740FDE2B0B0C7CB4C54BD4D73685"
"FormalAccuracy-v1/Runs/PerAgent-None-20260834/lod_transitions.jsonl","45834","2026-08-31T06:40:54.1398363Z","D9DB60ABB32004DFD3DD2BB7F780C827ADE546037E4A8F59BC33FAC16E760F3E"
"FormalAccuracy-v1/Runs/PerAgent-None-20260834/npc_snapshots.csv","13428","2026-08-31T06:40:54.1038041Z","B9AD2308E9EB975F2C83E8E3E1C79704FF0F6FD5E512599F50625F99A3C9E2E5"
"FormalAccuracy-v1/Runs/PerAgent-None-20260834/run_manifest.json","2827","2026-08-31T06:40:54.1538343Z","7959C16BC1A2FC5AE2F1B036A5A3B904FCF216003244679B0B2A819D33B5F961"
"FormalAccuracy-v1/Runs/PerAgent-None-20260834/simulation_events.jsonl","15159360","2026-08-31T06:40:54.1388344Z","417CB4D69D595160FD8C471031E5347C24153D4EB98736BA4D17E90E9B5D17AE"
"FormalAccuracy-v1/Runs/PerAgent-None-20260835/cohort_timeseries.csv","524055","2026-08-31T06:41:52.1180424Z","F26A1EF8A629AA6065A1D213C79EDF922158153920BF540C8BDDCDED39D78D56"
"FormalAccuracy-v1/Runs/PerAgent-None-20260835/kingdom_timeseries.csv","699121","2026-08-31T06:41:52.1150462Z","B1742DB6334B4C895A0F20750D0CED2D4FF0AD7031EC9887F7DD6CA394FE649B"
"FormalAccuracy-v1/Runs/PerAgent-None-20260835/ledger_transactions.jsonl","5557656","2026-08-31T06:41:52.1671757Z","E3BF9515F48EE246C230DF79A2834A2D4B579C522913C2073BDC93E10D7EBB73"
"FormalAccuracy-v1/Runs/PerAgent-None-20260835/lod_transitions.jsonl","45814","2026-08-31T06:41:52.1541729Z","DC06E90BAC851DFC90896C6654FDCE6DCF585ADAFC11E7D7658B62C741528F3B"
"FormalAccuracy-v1/Runs/PerAgent-None-20260835/npc_snapshots.csv","13418","2026-08-31T06:41:52.1180424Z","7D6FF16E41F4A7E85596C4DBD6E2866C89DCD923F7038FBF7F31BD7AA5E7CFDB"
"FormalAccuracy-v1/Runs/PerAgent-None-20260835/run_manifest.json","2828","2026-08-31T06:41:52.1671757Z","C6F53B84E521780043E5E6F2C981F5598676A7E747F4D3ABC90907CADA64BA5A"
"FormalAccuracy-v1/Runs/PerAgent-None-20260835/simulation_events.jsonl","15154877","2026-08-31T06:41:52.1521634Z","36BEC3D8DB3CFE9548E83FB2D8EF14B5CC2BF05C4310604D6051306C760D5A33"
"FormalAccuracy-v1/Runs/PerAgent-None-20260836/cohort_timeseries.csv","526170","2026-08-31T06:45:45.7576649Z","A8A1D857522287B8710B7B169D0C0043A889DB7A20518052AE24786DBF0A5E42"
"FormalAccuracy-v1/Runs/PerAgent-None-20260836/kingdom_timeseries.csv","699169","2026-08-31T06:45:45.7567449Z","E403C32CBC6833FDBFCC7850BED6E1D832680BACCC68DC1C7EAE3DF6587F26CB"
"FormalAccuracy-v1/Runs/PerAgent-None-20260836/ledger_transactions.jsonl","5556836","2026-08-31T06:45:45.8062714Z","03BE425BAE9EA83E19FDF701E9978E484E3FD19EFDDAC3FF4B16EE56A7999303"
"FormalAccuracy-v1/Runs/PerAgent-None-20260836/lod_transitions.jsonl","45822","2026-08-31T06:45:45.7940275Z","DD948300985882B10D309B1241BF4D06ECB33AC0EC88D1B46634D846D57DB2FC"
"FormalAccuracy-v1/Runs/PerAgent-None-20260836/npc_snapshots.csv","13426","2026-08-31T06:45:45.7576649Z","895F241C19CF75E49A82CA7B47E2D6B08B085EE683FDEC5A0CE52D819AF8B471"
"FormalAccuracy-v1/Runs/PerAgent-None-20260836/run_manifest.json","2828","2026-08-31T06:45:45.8062714Z","3AFD1D0A4E1725FE4751F5DCCD61722643386053DF2ED6CF4FA1FED4BE0D2E18"
"FormalAccuracy-v1/Runs/PerAgent-None-20260836/simulation_events.jsonl","15157128","2026-08-31T06:45:45.7921035Z","57E35336400BBE9E0645DAD45CC6D47809D7E95E14E55423F034134202625184"
"FormalAccuracy-v1/Runs/PerAgent-None-20260837/cohort_timeseries.csv","521499","2026-08-31T06:48:13.8830549Z","EFFD4C6AA156706856A8867020D1E93C780C3F766C73F6CC8E66ABCF286269F2"
"FormalAccuracy-v1/Runs/PerAgent-None-20260837/kingdom_timeseries.csv","699121","2026-08-31T06:48:13.8811300Z","ED1D2A98FE4ED141861ACE2CCFD21E0E8FBFF9C979B6F85299E2FB1B982EF083"
"FormalAccuracy-v1/Runs/PerAgent-None-20260837/ledger_transactions.jsonl","5557658","2026-08-31T06:48:13.9332413Z","2B50143AEFC86D7CB73B302B0331D443D7645DC4A01736E613C5400122392A71"
"FormalAccuracy-v1/Runs/PerAgent-None-20260837/lod_transitions.jsonl","45836","2026-08-31T06:48:13.9196498Z","1701A6271AD4E937CCD64C05D1E178B559ED59C4F868F04C35DF0F8B67430C96"
"FormalAccuracy-v1/Runs/PerAgent-None-20260837/npc_snapshots.csv","13429","2026-08-31T06:48:13.8830549Z","1D97987441CA0910DA80C7B62B2F8E4B4FBC45CDCB4B274D0252167EC0F8AC9B"
"FormalAccuracy-v1/Runs/PerAgent-None-20260837/run_manifest.json","2827","2026-08-31T06:48:13.9332413Z","05AD4EA4028008941C3567AAA4E5B90C487D2D9162E1F5EDFE88F93B9528BB83"
"FormalAccuracy-v1/Runs/PerAgent-None-20260837/simulation_events.jsonl","15154873","2026-08-31T06:48:13.9176478Z","26E95B6961ED83D846308060A214C35408D32473E7BFF4DCBE4524FFAC9FE2A5"
"FormalAccuracy-v1/Runs/PerAgent-None-20260838/cohort_timeseries.csv","529934","2026-08-31T06:49:51.4548944Z","D3C35CEBDFE9699AE4F82E284093EE230F109DB58386F94BD394F139D039CB5C"
"FormalAccuracy-v1/Runs/PerAgent-None-20260838/kingdom_timeseries.csv","699169","2026-08-31T06:49:51.4528857Z","AC8565CE15DBD6D9D16742E806A04DB953B5BBC28437A064295DE4D597B2941C"
"FormalAccuracy-v1/Runs/PerAgent-None-20260838/ledger_transactions.jsonl","5553568","2026-08-31T06:49:51.5039214Z","11AAAF07A305E0FB8CA35F9097454E68950849BEF5E5FE339D7CF26CF2562199"
"FormalAccuracy-v1/Runs/PerAgent-None-20260838/lod_transitions.jsonl","45840","2026-08-31T06:49:51.4919119Z","5162E249C9DB70F12A020989F4E282B9250238B76176CA4222EBE5D735807F3F"
"FormalAccuracy-v1/Runs/PerAgent-None-20260838/npc_snapshots.csv","13436","2026-08-31T06:49:51.4548944Z","8F4341B18B3A75181F5513D5F9173F25BF54A718258D5C1FE1FC30D0D92E49A9"
"FormalAccuracy-v1/Runs/PerAgent-None-20260838/run_manifest.json","2829","2026-08-31T06:49:51.5039214Z","287612ECD015FD6AE2DCE412B303B0AC877E0F1515C697B644BEF25DB8A5BE7F"
"FormalAccuracy-v1/Runs/PerAgent-None-20260838/simulation_events.jsonl","15166079","2026-08-31T06:49:51.4904094Z","F15F2800F8992E48F5B99CD7F684396E332F52222EED4DEBE34C8373C8D80339"
"FormalAccuracy-v1/Runs/PerAgent-None-20260839/cohort_timeseries.csv","525190","2026-08-31T06:49:16.1240390Z","6AC0AF8C1010E4D067E24B6AC5784F7CD38F31788599535288E407A5E12E7C3C"
"FormalAccuracy-v1/Runs/PerAgent-None-20260839/kingdom_timeseries.csv","699121","2026-08-31T06:49:16.1226949Z","3DA701B6D7985D68F8351E1E2BC2238618C59264D702881F905A38ED98F9DDF2"
"FormalAccuracy-v1/Runs/PerAgent-None-20260839/ledger_transactions.jsonl","5558472","2026-08-31T06:49:16.1737441Z","E39FEC16B5919BC89A4B962B96951E4ABB493FC6CFB36B76065639F09CD435F3"
"FormalAccuracy-v1/Runs/PerAgent-None-20260839/lod_transitions.jsonl","45796","2026-08-31T06:49:16.1612275Z","FED9723E6688F460A57CD676A264D86A395CBFA01EDD97C506916530C199CF28"
"FormalAccuracy-v1/Runs/PerAgent-None-20260839/npc_snapshots.csv","13416","2026-08-31T06:49:16.1246960Z","50456FB9DAC954D8E71326DE662E403B710ED18871EDA83338AF675D9B35491A"
"FormalAccuracy-v1/Runs/PerAgent-None-20260839/run_manifest.json","2828","2026-08-31T06:49:16.1737441Z","125F50B9B45421B90A8EA93F5B7C7381196E7E88E893B28C24CEAAC321B53CFF"
"FormalAccuracy-v1/Runs/PerAgent-None-20260839/simulation_events.jsonl","15152636","2026-08-31T06:49:16.1592275Z","A1D7CFCF2D144FAC5E8D61619FFF2E0BCF42B250EF9BD9C8675164B74E681A9E"
"FormalAccuracy-v1/Runs/PerAgent-None-20260840/cohort_timeseries.csv","520707","2026-08-31T06:47:49.5894193Z","8C5ECE1BDB5DBC081215670A48237C8AF1E10931F32E89D4E071878248D3A614"
"FormalAccuracy-v1/Runs/PerAgent-None-20260840/kingdom_timeseries.csv","699121","2026-08-31T06:47:49.5879099Z","A3CB70B87C9E5DF1082F6701010C41E34F8CB7E2F75C3A6A5D9D10F68767C6AA"
"FormalAccuracy-v1/Runs/PerAgent-None-20260840/ledger_transactions.jsonl","5556434","2026-08-31T06:47:49.6390462Z","820002688EF572E5E88675D35F9927A305B1DFC3FC3E1029A4AA682650A166AD"
"FormalAccuracy-v1/Runs/PerAgent-None-20260840/lod_transitions.jsonl","45796","2026-08-31T06:47:49.6265392Z","735097ECA9468D36365465560735D8A278A534618BA13FA4E0F7669D618A0200"
"FormalAccuracy-v1/Runs/PerAgent-None-20260840/npc_snapshots.csv","13406","2026-08-31T06:47:49.5894193Z","52EA500B79092E6D0E17D51BABC56305E0B04BDF67D0E430F247416713E9E269"
"FormalAccuracy-v1/Runs/PerAgent-None-20260840/run_manifest.json","2828","2026-08-31T06:47:49.6390462Z","C475ECB2C747673933A380536AE0DA51B2B1BD755D1B57E621C828E72D85939F"
"FormalAccuracy-v1/Runs/PerAgent-None-20260840/simulation_events.jsonl","15158259","2026-08-31T06:47:49.6245399Z","38BC1C5E185BC7A14EBA7F6AA3271292584C2F8FA89755D3CF5F3F12DD515E7D"
"FormalAccuracy-v1/Runs/PerAgent-None-20260841/cohort_timeseries.csv","527655","2026-08-31T06:46:37.9503548Z","6A81C25269764404829D55B7AA4C762B489F6E8461CF4D81342F4473BD31203E"
"FormalAccuracy-v1/Runs/PerAgent-None-20260841/kingdom_timeseries.csv","699121","2026-08-31T06:46:37.9493616Z","8E914534D534BF09F0A06A805EDDFACAEAAA89972CC6443BCE271DE84D0F00B4"
"FormalAccuracy-v1/Runs/PerAgent-None-20260841/ledger_transactions.jsonl","5556020","2026-08-31T06:46:37.9994029Z","C392F5C68EF5C8FC505C70BD498FB3B24518EE943FBDD90A217B62D59997B7E6"
"FormalAccuracy-v1/Runs/PerAgent-None-20260841/lod_transitions.jsonl","45852","2026-08-31T06:46:37.9868663Z","18A1A749A4D9D8B2D112E3104A096F1E700880657592F242E6509B26859041C0"
"FormalAccuracy-v1/Runs/PerAgent-None-20260841/npc_snapshots.csv","13446","2026-08-31T06:46:37.9513563Z","102753B663852C51F3BF579703CB6D5345B5C67823EAF0013C794F1897F4108D"
"FormalAccuracy-v1/Runs/PerAgent-None-20260841/run_manifest.json","2823","2026-08-31T06:46:37.9994029Z","1ED4F6D1FB5C7AF790041F8CCAAA57D8992A94493A554FD3C86FC5D709718594"
"FormalAccuracy-v1/Runs/PerAgent-None-20260841/simulation_events.jsonl","15159370","2026-08-31T06:46:37.9838671Z","5FD7EAB029BEB2326DCA0B0F85DFE19A6072B66E74C4330C47A62EA36FCB3EB2"
"FormalAccuracy-v1/Runs/PerAgent-None-20260842/cohort_timeseries.csv","528083","2026-08-31T06:43:17.9602743Z","3C2ABEAED55A7CEF2ABA980C946B381D2EBA6FDA7DB215187AAF6CD335F108F7"
"FormalAccuracy-v1/Runs/PerAgent-None-20260842/kingdom_timeseries.csv","699169","2026-08-31T06:43:17.9581896Z","FB74C707947B83E1F5D6A80EC4F417E9BEB18EF9BE42DA0D94090B09DBBB891D"
"FormalAccuracy-v1/Runs/PerAgent-None-20260842/ledger_transactions.jsonl","5554386","2026-08-31T06:43:18.0098794Z","0A4736232269A471500F4D195B6520B508AE824977B2652C8DA06241DB8977DA"
"FormalAccuracy-v1/Runs/PerAgent-None-20260842/lod_transitions.jsonl","45798","2026-08-31T06:43:17.9969314Z","A9736288D38A9A90C9A4CC5F0E48784ED04B8A26B563AF06C8C0BB1FE57D17CE"
"FormalAccuracy-v1/Runs/PerAgent-None-20260842/npc_snapshots.csv","13411","2026-08-31T06:43:17.9602743Z","ADB1835DD53C3E0FE556BB3A9CCAD7809F85A20E453D2F1310CE244A20F03845"
"FormalAccuracy-v1/Runs/PerAgent-None-20260842/run_manifest.json","2829","2026-08-31T06:43:18.0107731Z","47A6314118F49E8C18E32EE05AD6210F82B556FCDB529116D67689918D47A892"
"FormalAccuracy-v1/Runs/PerAgent-None-20260842/simulation_events.jsonl","15163841","2026-08-31T06:43:17.9950076Z","32F57D79046A33086BFE1570A45A3CAC79FE0A630E7DF1116D74384C05AFC90D"
"FormalAccuracy-v1/Runs/PerAgent-None-20260843/cohort_timeseries.csv","524398","2026-08-31T06:41:50.1380614Z","0F74FC0DAF30CB7935C331A7C467E0F5DB8BD63201C8932BBBFC4D28AFF7C6CB"
"FormalAccuracy-v1/Runs/PerAgent-None-20260843/kingdom_timeseries.csv","699169","2026-08-31T06:41:50.1366134Z","01E92922631493910A9BD8CA1AE350ACF13B26525EDEC5322374093CF1B363FC"
"FormalAccuracy-v1/Runs/PerAgent-None-20260843/ledger_transactions.jsonl","5557659","2026-08-31T06:41:50.1874832Z","C8B1D98966C10916DA52A1F9EC1874EDCBF95EDA5D9F4ADE2BE91AF8035E6373"
"FormalAccuracy-v1/Runs/PerAgent-None-20260843/lod_transitions.jsonl","45802","2026-08-31T06:41:50.1744838Z","19BD7E240A10114986EB702BCE091E0F94E8078F226D6B98020108F47AE37C2C"
"FormalAccuracy-v1/Runs/PerAgent-None-20260843/npc_snapshots.csv","13412","2026-08-31T06:41:50.1380614Z","75471C4795DCA323173E5BC2D734CB4D03D8D2DFFE386924384699AF58EFDBE6"
"FormalAccuracy-v1/Runs/PerAgent-None-20260843/run_manifest.json","2826","2026-08-31T06:41:50.1874832Z","4C41C94AEA131083BB0F750467408A2B0BDF986E382D25EDE3D9FA5B645D8D11"
"FormalAccuracy-v1/Runs/PerAgent-None-20260843/simulation_events.jsonl","15154892","2026-08-31T06:41:50.1724838Z","D22C4FC7AEE720B6C0EBCAF144B4F9758EC83AD515220B8628B4C85ED621FE9D"
"FormalAccuracy-v1/Runs/PerAgent-None-20260844/cohort_timeseries.csv","524798","2026-08-31T06:43:59.3093418Z","8E73D7963B52DF9E81B62162B1DD3C3CB7F8A05B9767C09BD9D5B96BC1F9A025"
"FormalAccuracy-v1/Runs/PerAgent-None-20260844/kingdom_timeseries.csv","699169","2026-08-31T06:43:59.3073413Z","5E2146779BE67B6D2BB324719C4B30C9B5074BCFB0556DA558A89E656D4B71F2"
"FormalAccuracy-v1/Runs/PerAgent-None-20260844/ledger_transactions.jsonl","5552750","2026-08-31T06:43:59.3592277Z","B42BF5EFDA06024EC7A038BD349EEB361CD6D0597BC201D0DD17ABB2A682C0EC"
"FormalAccuracy-v1/Runs/PerAgent-None-20260844/lod_transitions.jsonl","45788","2026-08-31T06:43:59.3461787Z","176848BB8A4961794F67D7B7AE3B5551F538B510F1CB4509EF8C6548F354526A"
"FormalAccuracy-v1/Runs/PerAgent-None-20260844/npc_snapshots.csv","13408","2026-08-31T06:43:59.3093418Z","031AA21F521EF792764C95FBFCFCD8EBA5B449599A0A32A4F038D97D73E14A28"
"FormalAccuracy-v1/Runs/PerAgent-None-20260844/run_manifest.json","2830","2026-08-31T06:43:59.3602372Z","0BC37978AECCA558396187987E52FDFE35BAA72D2C57802CD7CADFB4FF874B89"
"FormalAccuracy-v1/Runs/PerAgent-None-20260844/simulation_events.jsonl","15168326","2026-08-31T06:43:59.3441307Z","8213424527AB29946BE1A91C649B3ECCE1F13A0A35F915C8DCDB3688CC4263F0"
"FormalAccuracy-v1/Runs/PerAgent-RepairAid-20260815/cohort_timeseries.csv","565131","2026-08-31T06:48:50.4622487Z","26D7B8AD27238A8449CCA36DE549235CC18E9A8CFC75C218FE41982704C5C758"
"FormalAccuracy-v1/Runs/PerAgent-RepairAid-20260815/kingdom_timeseries.csv","733633","2026-08-31T06:48:50.4601591Z","A99DE016270265662B8A5EEF38A4B5B149AA912729B3BD6B0F57605EA937D293"
"FormalAccuracy-v1/Runs/PerAgent-RepairAid-20260815/ledger_transactions.jsonl","5691528","2026-08-31T06:48:50.5124578Z","DEDA0F67867B53AC2A86EFA9BFDB0D88A6B6FA0C10FCF047FAEC8C7FEF7FFC5E"
"FormalAccuracy-v1/Runs/PerAgent-RepairAid-20260815/lod_transitions.jsonl","47012","2026-08-31T06:48:50.4984524Z","0D189B7328BDA4B819228373D94D1DA4D1611F5608600F92BAD74A70DE743032"
"FormalAccuracy-v1/Runs/PerAgent-RepairAid-20260815/npc_snapshots.csv","14020","2026-08-31T06:48:50.4622487Z","73C51B0A0A930C4145B81A33CEB76CFA1D76C2E32EA3D16D0A6EE06B6D3A5E9D"
"FormalAccuracy-v1/Runs/PerAgent-RepairAid-20260815/run_manifest.json","2837","2026-08-31T06:48:50.5134563Z","8680BEB8252F2AD5FAD36C73548F60BED577576323593E800B5869723DB0151C"
"FormalAccuracy-v1/Runs/PerAgent-RepairAid-20260815/simulation_events.jsonl","15583949","2026-08-31T06:48:50.4984524Z","0C101FC6C5246FD94F9C500E2D581E0DFD07CE1394C128824A7B483197EE7EC8"
"FormalAccuracy-v1/Runs/PerAgent-RepairAid-20260816/cohort_timeseries.csv","561906","2026-08-31T06:45:36.7406948Z","5A7ECBC0A3440ED6A2542CC1F0F7551E581F4BF4BD20F14715FFF6ADC27BA41E"
"FormalAccuracy-v1/Runs/PerAgent-RepairAid-20260816/kingdom_timeseries.csv","733633","2026-08-31T06:45:36.7386442Z","FB2C1105F4F3F8D8D6C670FBD508F57F2724AE9BD45C935B383E9CCAF24B51FC"
"FormalAccuracy-v1/Runs/PerAgent-RepairAid-20260816/ledger_transactions.jsonl","5691525","2026-08-31T06:45:36.7908517Z","CDFE266E0F265FB80077CD86B133B537F1B05FF310BCA38065F3FDD68F0BFA1C"
"FormalAccuracy-v1/Runs/PerAgent-RepairAid-20260816/lod_transitions.jsonl","47016","2026-08-31T06:45:36.7772243Z","D095138C61242F6C6C98A78D6D1BA7CA0A682F10FD5A94AC8896FD3740ECC752"
"FormalAccuracy-v1/Runs/PerAgent-RepairAid-20260816/npc_snapshots.csv","14018","2026-08-31T06:45:36.7406948Z","C4E59EF50A3ADF13720DDE99178E45F4B7EF041C97494C57908634E19709BB3D"
"FormalAccuracy-v1/Runs/PerAgent-RepairAid-20260816/run_manifest.json","2838","2026-08-31T06:45:36.7908517Z","4BE892946C0A73439193EF726057F1486E17EB14E6FEFFB8FE36A6574E9FCA30"
"FormalAccuracy-v1/Runs/PerAgent-RepairAid-20260816/simulation_events.jsonl","15583942","2026-08-31T06:45:36.7762431Z","345CC7315741EA83FEC8C97AF0A048CD79056511B4A774E75692AE24D27BF9BE"
"FormalAccuracy-v1/Runs/PerAgent-RepairAid-20260817/cohort_timeseries.csv","565250","2026-08-31T06:41:51.1277500Z","BDC597280BE9E9B5AAE9653AF1D09A1DACBFAF2B1487DB6E63C3321FD2009E94"
"FormalAccuracy-v1/Runs/PerAgent-RepairAid-20260817/kingdom_timeseries.csv","733633","2026-08-31T06:41:51.1257486Z","5D698547BAF88B56B69E8EBBFBBE6A8C783A60FB6777637E3D27B431CB77B66F"
"FormalAccuracy-v1/Runs/PerAgent-RepairAid-20260817/ledger_transactions.jsonl","5691530","2026-08-31T06:41:51.1787729Z","F6FB3796844BC58BACDA8A33786A6636BDCBBCB4D1264FCF74DFFC58681C4E0B"
"FormalAccuracy-v1/Runs/PerAgent-RepairAid-20260817/lod_transitions.jsonl","47026","2026-08-31T06:41:51.1652666Z","BD748F420CBCE81936324726BC2AEE1B8E09008552F53E535E93EF39BA29EDD3"
"FormalAccuracy-v1/Runs/PerAgent-RepairAid-20260817/npc_snapshots.csv","14036","2026-08-31T06:41:51.1287488Z","F871C13C356270116C8A7A4B536614C4ABDF100A53DED2AF8B3FD30EB8420543"
"FormalAccuracy-v1/Runs/PerAgent-RepairAid-20260817/run_manifest.json","2837","2026-08-31T06:41:51.1797725Z","D134748CE5CEAC4FAE48449626ECB228ACFE575C8ABD0EE50816DF33BADBA375"
"FormalAccuracy-v1/Runs/PerAgent-RepairAid-20260817/simulation_events.jsonl","15583956","2026-08-31T06:41:51.1642666Z","A43F9A35CF99F12042A2DFFB446344412CEE95FF80C2DA20B76DEEF498726144"
"FormalAccuracy-v1/Runs/PerAgent-RepairAid-20260818/cohort_timeseries.csv","563402","2026-08-31T06:49:54.4388623Z","D855AC4D25C95175E8E2E48993CB8F2BFF76F2913188C4C04EFEDD10662F5F24"
"FormalAccuracy-v1/Runs/PerAgent-RepairAid-20260818/kingdom_timeseries.csv","733633","2026-08-31T06:49:54.4373561Z","CCDA472A94AE08EED5F4FB62CFF31A95B617AF2FE6DD180CEBEE0EE3CFF063B9"
"FormalAccuracy-v1/Runs/PerAgent-RepairAid-20260818/ledger_transactions.jsonl","5691522","2026-08-31T06:49:54.4881462Z","3CDB2BAAD7AABE3C108F6D6F7E6808C178C813A2170F22636B85698D689CB061"
"FormalAccuracy-v1/Runs/PerAgent-RepairAid-20260818/lod_transitions.jsonl","47010","2026-08-31T06:49:54.4753746Z","7DE8C3DA19CB5C75E50B0BF1F1879C248DCF37CB3C27BB45A7DB0ABD2DB9F32D"
"FormalAccuracy-v1/Runs/PerAgent-RepairAid-20260818/npc_snapshots.csv","14024","2026-08-31T06:49:54.4398668Z","FD85650F8366B7E8ABD430B54AE1E06D84069C390991F0A80FE0DF21D96360EA"
"FormalAccuracy-v1/Runs/PerAgent-RepairAid-20260818/run_manifest.json","2840","2026-08-31T06:49:54.4881462Z","48ED2F99EC0CA9F735770CC27B3A7DC128396B6F5811C6FA8B29395C2FF18D67"
"FormalAccuracy-v1/Runs/PerAgent-RepairAid-20260818/simulation_events.jsonl","15583965","2026-08-31T06:49:54.4743746Z","CFF5CDB8394E35480EE0C96BB5FB09B12C6DC8386F3D4643B8E80DB387329949"
"FormalAccuracy-v1/Runs/PerAgent-RepairAid-20260819/cohort_timeseries.csv","558262","2026-08-31T06:45:56.0663156Z","78129B2D32A71AF9202AD219AACE44FB56F73B16B8442514B2BC884271CAB405"
"FormalAccuracy-v1/Runs/PerAgent-RepairAid-20260819/kingdom_timeseries.csv","733633","2026-08-31T06:45:56.0643252Z","1A4C85B2B5E2C3C6728E61BB27C7B54FC4B8EAF5D2D245A84C5D11B58B7BE1FF"
"FormalAccuracy-v1/Runs/PerAgent-RepairAid-20260819/ledger_transactions.jsonl","5690254","2026-08-31T06:45:56.1173651Z","CE7B0BEE7AC989ADC4E61FF3410023C736428E398D7A3630FF95E2DBF4216F60"
"FormalAccuracy-v1/Runs/PerAgent-RepairAid-20260819/lod_transitions.jsonl","47072","2026-08-31T06:45:56.1042752Z","EF12A688A1E95681FADBB1EBC6DB84A7144F15C7392EA054CB6ADE88FC2C39D6"
"FormalAccuracy-v1/Runs/PerAgent-RepairAid-20260819/npc_snapshots.csv","14049","2026-08-31T06:45:56.0663156Z","15258C5ED45F0FBC190D565E7D3A5538DCF3C92863802A764C8CF4CA48207C09"
"FormalAccuracy-v1/Runs/PerAgent-RepairAid-20260819/run_manifest.json","2838","2026-08-31T06:45:56.1173651Z","3F6CFE5EDA8AA3824B0DB81A4E556C18A823BE565435E15E34DA5BA9429B4C64"
"FormalAccuracy-v1/Runs/PerAgent-RepairAid-20260819/simulation_events.jsonl","15585098","2026-08-31T06:45:56.1022863Z","226C393C835732DE2290D0EA0A0DF992824CBB4D8EAD4439D82E412E2D3FDEC6"
"FormalAccuracy-v1/Runs/PerAgent-RepairAid-20260820/cohort_timeseries.csv","565562","2026-08-31T06:52:05.3101051Z","DCA4CE127D7B51BDB799CECA98DD31ED95342457C18E881354FE41FD08476958"
"FormalAccuracy-v1/Runs/PerAgent-RepairAid-20260820/kingdom_timeseries.csv","733633","2026-08-31T06:52:05.3091053Z","A251A2642FC87656F9B50CA6F5CDDBF53BAC1DA39A65A147AB9FF52487353ED8"
"FormalAccuracy-v1/Runs/PerAgent-RepairAid-20260820/ledger_transactions.jsonl","5694053","2026-08-31T06:52:05.3613383Z","1F2E0297DC3F10E478BB175E0DDE05382D2C24FF7AEE5C51479E03FE3314FB9B"
"FormalAccuracy-v1/Runs/PerAgent-RepairAid-20260820/lod_transitions.jsonl","47008","2026-08-31T06:52:05.3483329Z","B6304B4C59D627C65AFFD732743AF195C6D104957F778AE411E263BF4C49FE3C"
"FormalAccuracy-v1/Runs/PerAgent-RepairAid-20260820/npc_snapshots.csv","14018","2026-08-31T06:52:05.3111059Z","E842244791BB9FB7D49EA11307FAF7E9FD1EBE28DF7CA56509D17AB666A9A9DB"
"FormalAccuracy-v1/Runs/PerAgent-RepairAid-20260820/run_manifest.json","2837","2026-08-31T06:52:05.3623385Z","5033B1B34305AE3544B542F2031B0609927A73291210A2EACBAD2582CEC14FAB"
"FormalAccuracy-v1/Runs/PerAgent-RepairAid-20260820/simulation_events.jsonl","15581649","2026-08-31T06:52:05.3473323Z","113D1A979FE630D8EFF17EE03E70379EED6FC63A8354E1DAD899CDA6315C76F1"
"FormalAccuracy-v1/Runs/PerAgent-RepairAid-20260821/cohort_timeseries.csv","560457","2026-08-31T06:53:31.8521931Z","BA4E2DE33F6589750B1D9769FC3988EE482688D36D44B6FAFE174A29F2FA7469"
"FormalAccuracy-v1/Runs/PerAgent-RepairAid-20260821/kingdom_timeseries.csv","733633","2026-08-31T06:53:31.8511933Z","7A8B0AC33CDE683EC04390205AC38E3E4854AAC285011024ADAA2AF403AFFF4A"
"FormalAccuracy-v1/Runs/PerAgent-RepairAid-20260821/ledger_transactions.jsonl","5687722","2026-08-31T06:53:31.9061940Z","70717E839497DFE03D73AB8E962B0B448FDB71229CAF17361C2E9E5658F689D2"
"FormalAccuracy-v1/Runs/PerAgent-RepairAid-20260821/lod_transitions.jsonl","47004","2026-08-31T06:53:31.8932510Z","F31314EC306D2DD17884BFC9418083CF410CA734374EDF231DC4D979CBDF9410"
"FormalAccuracy-v1/Runs/PerAgent-RepairAid-20260821/npc_snapshots.csv","14014","2026-08-31T06:53:31.8531931Z","D51EC9F0B60BA5FBEACE726F1DC0EF3EC0E27B7580E5D7E280C3FE0C34AB4257"
"FormalAccuracy-v1/Runs/PerAgent-RepairAid-20260821/run_manifest.json","2839","2026-08-31T06:53:31.9061940Z","360644288DEB45026F0097798E44000AEBB0B7C4C6023AC11BD294FDB7F95839"
"FormalAccuracy-v1/Runs/PerAgent-RepairAid-20260821/simulation_events.jsonl","15587403","2026-08-31T06:53:31.8886567Z","A7B39623EA01347C37CA0952B4A85308573D6BC5403B26D56BF015C9FC85698E"
"FormalAccuracy-v1/Runs/PerAgent-RepairAid-20260822/cohort_timeseries.csv","554611","2026-08-31T06:51:10.8301975Z","9B04292990C9776A7035CB366D32BE8DCE8C6E6D2DBE79CB5CA3FC9ADEB1208B"
"FormalAccuracy-v1/Runs/PerAgent-RepairAid-20260822/kingdom_timeseries.csv","733633","2026-08-31T06:51:10.8281923Z","73A28CA1E0C5641067DA5B89AB9C039CF6A97BF4DDF96C2BD1EE4D105A72053A"
"FormalAccuracy-v1/Runs/PerAgent-RepairAid-20260822/ledger_transactions.jsonl","5687722","2026-08-31T06:51:10.8815747Z","FB9E297B3FDDC7F27C0F402C7EA7BD8ED24F6083FECD5CFB7A45F48D291F85FA"
"FormalAccuracy-v1/Runs/PerAgent-RepairAid-20260822/lod_transitions.jsonl","47080","2026-08-31T06:51:10.8680607Z","A76C9B5478E3AED736F1DCE41C0124B3EE84CCEE188B1B8B483A37202227AA99"
"FormalAccuracy-v1/Runs/PerAgent-RepairAid-20260822/npc_snapshots.csv","14048","2026-08-31T06:51:10.8301975Z","AE1209A03D8C54C2304E6B0B83A876447B5B1AAC0D2FBE0EEA24A888D8B74F3A"
"FormalAccuracy-v1/Runs/PerAgent-RepairAid-20260822/run_manifest.json","2838","2026-08-31T06:51:10.8815747Z","E9402E68815C7ACEBF95C54AB4962F2C7B2DDA5ACE3BE5A9CFF2219A78F9C0CA"
"FormalAccuracy-v1/Runs/PerAgent-RepairAid-20260822/simulation_events.jsonl","15587403","2026-08-31T06:51:10.8660563Z","B4C54E5738A1EE37C1C625CE77BE188D05E366EE7F43259FCF5F876BA4DC88CB"
"FormalAccuracy-v1/Runs/PerAgent-RepairAid-20260823/cohort_timeseries.csv","569893","2026-08-31T06:42:09.1702072Z","F619B86CD9D91B3648B650F8D85F39FA200F83D1E46D9280627D5F5E620E8D62"
"FormalAccuracy-v1/Runs/PerAgent-RepairAid-20260823/kingdom_timeseries.csv","733633","2026-08-31T06:42:09.1687033Z","5C242547FEEAD2D6348BA8BC6389E7C3056F7F4C9A5F941B1D89946C16704937"
"FormalAccuracy-v1/Runs/PerAgent-RepairAid-20260823/ledger_transactions.jsonl","5692791","2026-08-31T06:42:09.2235718Z","87B1016F81F67A58A0FCA5D7F9129FFBA6F494B87B67185DC98DA20FE478401A"
"FormalAccuracy-v1/Runs/PerAgent-RepairAid-20260823/lod_transitions.jsonl","47056","2026-08-31T06:42:09.2099201Z","CB5ACD35BE65584AF20CFFC40BC878BC7CDCB66D94377ED2E60FD0427CA6DEAE"
"FormalAccuracy-v1/Runs/PerAgent-RepairAid-20260823/npc_snapshots.csv","14048","2026-08-31T06:42:09.1714178Z","6861BF37E294E259197866FBA2C45C396F080B88C4BA4449E759E0990C4A12B9"
"FormalAccuracy-v1/Runs/PerAgent-RepairAid-20260823/run_manifest.json","2837","2026-08-31T06:42:09.2235718Z","101A7B0C968541D38D3220C4B8344E9FE4C61F0268316130A3C7ACD1B0B3D028"
"FormalAccuracy-v1/Runs/PerAgent-RepairAid-20260823/simulation_events.jsonl","15582817","2026-08-31T06:42:09.2079209Z","F2E1DD24DF951DD1454A14BBC89DAACF0DD22D97BF7DE72E25FA73A41661D840"
"FormalAccuracy-v1/Runs/PerAgent-RepairAid-20260824/cohort_timeseries.csv","568762","2026-08-31T06:41:15.4245118Z","4C647D4D87CA5DFDED0EF08A037CF1EED55E7239213A3FF943EB7F5E4D7E5559"
"FormalAccuracy-v1/Runs/PerAgent-RepairAid-20260824/kingdom_timeseries.csv","733633","2026-08-31T06:41:15.4225250Z","8BD8558AF80B13687840904E8E5D4F4D16AB224F60AF353B0DA23A1071BEE36F"
"FormalAccuracy-v1/Runs/PerAgent-RepairAid-20260824/ledger_transactions.jsonl","5691525","2026-08-31T06:41:15.4804558Z","BB7F1C7EBE41CB916FB9AEA31AF1A44E8E6E880DC0E79199ABD80E7C75E423CB"
"FormalAccuracy-v1/Runs/PerAgent-RepairAid-20260824/lod_transitions.jsonl","47006","2026-08-31T06:41:15.4670263Z","24CC5E94FFAB6DB15E7635C59C4B52EA255B42092EA2114C20F809620D274F5E"
"FormalAccuracy-v1/Runs/PerAgent-RepairAid-20260824/npc_snapshots.csv","14010","2026-08-31T06:41:15.4245118Z","696BC35BFE17FAE20DAC4DFC08A169A757D92C5874D7D7EA09B71BDA30DA355D"
"FormalAccuracy-v1/Runs/PerAgent-RepairAid-20260824/run_manifest.json","2832","2026-08-31T06:41:15.4804558Z","40C4BE5CA8DD13B9796A8D5BCA00915A4F5D2FD6B7FE393B4B0296A12CA4FA41"
"FormalAccuracy-v1/Runs/PerAgent-RepairAid-20260824/simulation_events.jsonl","15583940","2026-08-31T06:41:15.4660253Z","13693333B2C60323C972E6DE86A3227CEB0B8FE674911C2D0A5B1CB1ECEEC506"
"FormalAccuracy-v1/Runs/PerAgent-RepairAid-20260825/cohort_timeseries.csv","556906","2026-08-31T06:54:28.3525885Z","3E42F60E44B52E5188BDF62A0F7933B8BB24B02C24E87028D41A5A774ACB9E45"
"FormalAccuracy-v1/Runs/PerAgent-RepairAid-20260825/kingdom_timeseries.csv","733633","2026-08-31T06:54:28.3514849Z","C273FB30B5117A4DB3BE10B46EE71F2B68C17601DDE10A361E436782F13BDDA0"
"FormalAccuracy-v1/Runs/PerAgent-RepairAid-20260825/ledger_transactions.jsonl","5690260","2026-08-31T06:54:28.4027824Z","0853A20EE1D2604376877E385087E74458F843B165FD95891DB74A616DE135D5"
"FormalAccuracy-v1/Runs/PerAgent-RepairAid-20260825/lod_transitions.jsonl","47006","2026-08-31T06:54:28.3897843Z","89C13B38EA4912A748AECF5E39897B35797BE99050E22E4195239AE37BA92449"
"FormalAccuracy-v1/Runs/PerAgent-RepairAid-20260825/npc_snapshots.csv","14016","2026-08-31T06:54:28.3534955Z","30D821C1D59767D7348625691EAFDDBDE23F608EC4CB7B44CA4447A597499B23"
"FormalAccuracy-v1/Runs/PerAgent-RepairAid-20260825/run_manifest.json","2839","2026-08-31T06:54:28.4037840Z","C597EFE505F6BF80EEAD1FEF8CBB9A0D60665F455DAB68761591512A4D0E726C"
"FormalAccuracy-v1/Runs/PerAgent-RepairAid-20260825/simulation_events.jsonl","15585094","2026-08-31T06:54:28.3888737Z","03448BBB6330A419A352DA523D9C11184B582565063D8120C66D4592C42E3E50"
"FormalAccuracy-v1/Runs/PerAgent-RepairAid-20260826/cohort_timeseries.csv","566586","2026-08-31T06:42:57.7582515Z","61C4B4930C4F7C39FC7BE07294CE3D8D2E19CBA76E2C4977B32FCA0682467510"
"FormalAccuracy-v1/Runs/PerAgent-RepairAid-20260826/kingdom_timeseries.csv","733633","2026-08-31T06:42:57.7562421Z","641151D169821710DB49BDF9D1D2F3558778A0DE6C37629A55E9232E9B8ABD1A"
"FormalAccuracy-v1/Runs/PerAgent-RepairAid-20260826/ledger_transactions.jsonl","5695326","2026-08-31T06:42:57.8069163Z","51371C16781BE632A2EE2844F0641575F6E002FE9070634812F40E3501151F08"
"FormalAccuracy-v1/Runs/PerAgent-RepairAid-20260826/lod_transitions.jsonl","47032","2026-08-31T06:42:57.7940251Z","B8AE4DB235C80C94DBFFB4D4D0FA66B241E03DC00C9C433A03A0A751C6F1A692"
"FormalAccuracy-v1/Runs/PerAgent-RepairAid-20260826/npc_snapshots.csv","14034","2026-08-31T06:42:57.7582515Z","68CCB389A4CAE4C9AE8A3FC947FBA4C56BF498B2AE8CEAB4170E46C0078BDA71"
"FormalAccuracy-v1/Runs/PerAgent-RepairAid-20260826/run_manifest.json","2838","2026-08-31T06:42:57.8089160Z","C0F8A570217C722C31D424021E84556CA574741F9A75EFAF74251464AC92C745"
"FormalAccuracy-v1/Runs/PerAgent-RepairAid-20260826/simulation_events.jsonl","15580484","2026-08-31T06:42:57.7930257Z","986CE73B91D3ED2B6474EE9EDA676DF200276FED289BA879F6437CB0B586D25C"
"FormalAccuracy-v1/Runs/PerAgent-RepairAid-20260827/cohort_timeseries.csv","563866","2026-08-31T06:39:50.5319876Z","983FD1D5E383943CFA617E7A8264F4F6974A9175CB904DFB084E9081597735B0"
"FormalAccuracy-v1/Runs/PerAgent-RepairAid-20260827/kingdom_timeseries.csv","733633","2026-08-31T06:39:50.5299347Z","51A805A8CE92D80EF6504ADD6458DAF0421E8B65ABB77B7D9763C8514B6F6C27"
"FormalAccuracy-v1/Runs/PerAgent-RepairAid-20260827/ledger_transactions.jsonl","5692793","2026-08-31T06:39:50.5837120Z","5FEBAC70586F4169E3545B0FAD964B1545A5C9EE18117506243A3E63D18DF091"
"FormalAccuracy-v1/Runs/PerAgent-RepairAid-20260827/lod_transitions.jsonl","47078","2026-08-31T06:39:50.5696462Z","8A46C32574005E46BED5552F3FAB60ED6D471790F5F1F4A4FEE63865F8EBA153"
"FormalAccuracy-v1/Runs/PerAgent-RepairAid-20260827/npc_snapshots.csv","14055","2026-08-31T06:39:50.5319876Z","F4089ED91152FE6B8DA7020ECE25B887D2AC78A651AE1B453D9D5E25C6984112"
"FormalAccuracy-v1/Runs/PerAgent-RepairAid-20260827/run_manifest.json","2833","2026-08-31T06:39:50.5837120Z","1557B8C95646AA3171AF982FA002CE381F429C27132E23AC491216FEEBF47B2F"
"FormalAccuracy-v1/Runs/PerAgent-RepairAid-20260827/simulation_events.jsonl","15582817","2026-08-31T06:39:50.5677431Z","DC072CA5E88001881B2548553DC6A5B34E6DB7C7583C33E7F034A5DE08640541"
"FormalAccuracy-v1/Runs/PerAgent-RepairAid-20260828/cohort_timeseries.csv","558389","2026-08-31T06:49:14.1176140Z","37EDEA3370939FE992C2E8E7CF1EA1FEDBC6F40D48676BB49C014AD3DE5977B8"
"FormalAccuracy-v1/Runs/PerAgent-RepairAid-20260828/kingdom_timeseries.csv","733633","2026-08-31T06:49:14.1156152Z","5F5DAB6222A9B83C85103C2D7B85F5898D0DE6A7967BD72579D05B631BC5819F"
"FormalAccuracy-v1/Runs/PerAgent-RepairAid-20260828/ledger_transactions.jsonl","5690262","2026-08-31T06:49:14.1697733Z","6244DB7C29026CE23D3B29CE44E9604DBB5931A0709F59381EDB1BDDE6FB088C"
"FormalAccuracy-v1/Runs/PerAgent-RepairAid-20260828/lod_transitions.jsonl","47042","2026-08-31T06:49:14.1567202Z","7252B29DF532975B9276306039DE5613B620B3F57D7AE35DE6B5E02DE1ACF1B4"
"FormalAccuracy-v1/Runs/PerAgent-RepairAid-20260828/npc_snapshots.csv","14030","2026-08-31T06:49:14.1176140Z","0B1AECF79FB76D5EA627E917AAD2FEAE43D2FB196D822B3B247F89DF09497DA8"
"FormalAccuracy-v1/Runs/PerAgent-RepairAid-20260828/run_manifest.json","2839","2026-08-31T06:49:14.1707183Z","963BCE78CC5093AE79CEEE6EFBCE7F988F690C7540F5EE14799C45F7BB95D005"
"FormalAccuracy-v1/Runs/PerAgent-RepairAid-20260828/simulation_events.jsonl","15585089","2026-08-31T06:49:14.1557140Z","259CFD3462ADEB7E7A26E0A8B902695C8D3A65884C947456417F55E483DAE9E1"
"FormalAccuracy-v1/Runs/PerAgent-RepairAid-20260829/cohort_timeseries.csv","562058","2026-08-31T06:47:03.7087358Z","ED78B401DFDFBCB2B952C658E7CD52ACFA859898EB378AAF01104C4FE866AF5F"
"FormalAccuracy-v1/Runs/PerAgent-RepairAid-20260829/kingdom_timeseries.csv","733633","2026-08-31T06:47:03.7067374Z","DBEF33F023A1CE920FEF17C31F48A7B0DB28E22027F6C8D63EDBC6197CDB11BD"
"FormalAccuracy-v1/Runs/PerAgent-RepairAid-20260829/ledger_transactions.jsonl","5692797","2026-08-31T06:47:03.7578404Z","E50251C6FD1872FACDA2CDD01853FE156668845EBC9124F63C0354F2B4EC32F4"
"FormalAccuracy-v1/Runs/PerAgent-RepairAid-20260829/lod_transitions.jsonl","47010","2026-08-31T06:47:03.7447495Z","467CB5953BBB464FE925DA53AEBD9F4D596BA34EFE566A6C36A7D55DF6D0F321"
"FormalAccuracy-v1/Runs/PerAgent-RepairAid-20260829/npc_snapshots.csv","14021","2026-08-31T06:47:03.7087358Z","18B7E57C91A0D64F6703F0A04061CC8DC3D04AFEAB8516445D575627141623E6"
"FormalAccuracy-v1/Runs/PerAgent-RepairAid-20260829/run_manifest.json","2837","2026-08-31T06:47:03.7578404Z","B93CC6FEC10D6C84E467BA1358C54A86CDF06B746D1769C5D4BD6BE4AF0D52DD"
"FormalAccuracy-v1/Runs/PerAgent-RepairAid-20260829/simulation_events.jsonl","15582811","2026-08-31T06:47:03.7427500Z","4B9E64EB881328F84250E638CD8D35C53EE3EA70DB89228A609F00778FDD5A29"
"FormalAccuracy-v1/Runs/PerAgent-RepairAid-20260830/cohort_timeseries.csv","558818","2026-08-31T06:54:29.3462170Z","BAA252826033E693347E6C694DD49C41217B6B3A2126EA71A6C496B9503B64EE"
"FormalAccuracy-v1/Runs/PerAgent-RepairAid-20260830/kingdom_timeseries.csv","733633","2026-08-31T06:54:29.3441697Z","6B277CCA652C7A550DFB97F4420D5670B4FCC13D81EB2785A0EA231B0B91A746"
"FormalAccuracy-v1/Runs/PerAgent-RepairAid-20260830/ledger_transactions.jsonl","5692792","2026-08-31T06:54:29.3947000Z","AE941AC11F498B1C0281175E8250C6CC0C06307F68399098958591305DA13405"
"FormalAccuracy-v1/Runs/PerAgent-RepairAid-20260830/lod_transitions.jsonl","47052","2026-08-31T06:54:29.3816758Z","BB93221C8B31BF03CB4012AF4B19ECA7E24A9F72DC21782A2BE546A557D2C3F8"
"FormalAccuracy-v1/Runs/PerAgent-RepairAid-20260830/npc_snapshots.csv","14037","2026-08-31T06:54:29.3462170Z","CC5121730ACF81367A391DA7C98ECA595E2C066963AC6101E0F497F223884DA3"
"FormalAccuracy-v1/Runs/PerAgent-RepairAid-20260830/run_manifest.json","2839","2026-08-31T06:54:29.3956280Z","806060E05E4210849D5F257761D2894390FF2652AF9D68248625244A2F4689B0"
"FormalAccuracy-v1/Runs/PerAgent-RepairAid-20260830/simulation_events.jsonl","15582789","2026-08-31T06:54:29.3806999Z","210C3ACB7420599A1F14CD50CADB71FF483FB56A4352CF4F7BF307138B4A6416"
"FormalAccuracy-v1/Runs/PerAgent-RepairAid-20260831/cohort_timeseries.csv","570211","2026-08-31T06:41:27.8188698Z","26F7EAC9375AB12ABC4A99822C710F632026BF62FC93AE4A3C7FDAF5F9623608"
"FormalAccuracy-v1/Runs/PerAgent-RepairAid-20260831/kingdom_timeseries.csv","733633","2026-08-31T06:41:27.8178690Z","1655D0F089EBFE454F83838A581B0EBF48231B6734A07A2886E19433C5EC2E82"
"FormalAccuracy-v1/Runs/PerAgent-RepairAid-20260831/ledger_transactions.jsonl","5688993","2026-08-31T06:41:27.8715663Z","4CA66F5C53617C82B6F4EDCC1BC5BD59E7796233478A5884956F4163CEB63147"
"FormalAccuracy-v1/Runs/PerAgent-RepairAid-20260831/lod_transitions.jsonl","47032","2026-08-31T06:41:27.8590578Z","47A779589131FC3192DE808231F2897833920EB6381646CD3CABFA16EC3A058C"
"FormalAccuracy-v1/Runs/PerAgent-RepairAid-20260831/npc_snapshots.csv","14030","2026-08-31T06:41:27.8203769Z","D030295FD1EAF58D98B37CA3744CD16A1B4F9C7CFA87F2F686CDE2A8EE2514FB"
"FormalAccuracy-v1/Runs/PerAgent-RepairAid-20260831/run_manifest.json","2835","2026-08-31T06:41:27.8725667Z","9A8F835C5544F9F8C4E64426727670076264E1CF854FF61133A30E1F3E4EF9D7"
"FormalAccuracy-v1/Runs/PerAgent-RepairAid-20260831/simulation_events.jsonl","15586247","2026-08-31T06:41:27.8570585Z","4B43EAFC3C0093939A59C9D65AF71738EE10C7AB908ED525195080B2E1B53707"
"FormalAccuracy-v1/Runs/PerAgent-RepairAid-20260832/cohort_timeseries.csv","560297","2026-08-31T06:45:21.5073652Z","7A9D666575BE4AD352B16EFE1828AAC408F03EC6A757715C0BC114D9E93112D2"
"FormalAccuracy-v1/Runs/PerAgent-RepairAid-20260832/kingdom_timeseries.csv","733633","2026-08-31T06:45:21.5053825Z","DA05AC6A3EB26AA055C12F44C39508E2B351C44DE63B67AE45C81D0C9F77F068"
"FormalAccuracy-v1/Runs/PerAgent-RepairAid-20260832/ledger_transactions.jsonl","5692792","2026-08-31T06:45:21.5583492Z","CA3E24CD574AA2558127990142AED999A4E9D74A7C3FFEB429F752B42423CAAD"
"FormalAccuracy-v1/Runs/PerAgent-RepairAid-20260832/lod_transitions.jsonl","47026","2026-08-31T06:45:21.5446357Z","E57948F81A0BBF1E6736660FB27D089AF0591B133C90124482489C0997635ECE"
"FormalAccuracy-v1/Runs/PerAgent-RepairAid-20260832/npc_snapshots.csv","14023","2026-08-31T06:45:21.5073652Z","A8691D8B0AD1B52D4D833A3AB2281298EC7CDDD3BF3B4F1102903066A6C39DFD"
"FormalAccuracy-v1/Runs/PerAgent-RepairAid-20260832/run_manifest.json","2837","2026-08-31T06:45:21.5593481Z","7F8CB6AE4214AA1B47717613C2EA44A6AA952B418618F0DDA2A9DE78DE4E5C6B"
"FormalAccuracy-v1/Runs/PerAgent-RepairAid-20260832/simulation_events.jsonl","15582790","2026-08-31T06:45:21.5446357Z","C9A9C29E76DE4F9F3E23CB8952C706297ED338523941C617F77668073F6C6E69"
"FormalAccuracy-v1/Runs/PerAgent-RepairAid-20260833/cohort_timeseries.csv","560026","2026-08-31T06:51:26.4726684Z","FA027397A4EAAC2D75DB84F99FB31C7BC054FAC22E2A79D7567B90BFC80D8B83"
"FormalAccuracy-v1/Runs/PerAgent-RepairAid-20260833/kingdom_timeseries.csv","733633","2026-08-31T06:51:26.4716687Z","48BEDC823682FA25C03C6CE3BDA932E195029FC12EF5F58F68F4061B3987A244"
"FormalAccuracy-v1/Runs/PerAgent-RepairAid-20260833/ledger_transactions.jsonl","5690258","2026-08-31T06:51:26.5247907Z","78D918561D91E77DFF72016273EF66F484564F5B2D301913E51E4B070E1F5718"
"FormalAccuracy-v1/Runs/PerAgent-RepairAid-20260833/lod_transitions.jsonl","47012","2026-08-31T06:51:26.5114436Z","7EC2713DB2BDA56B3477949B175EC0448F1B25D76094E146B3A6F910C4698166"
"FormalAccuracy-v1/Runs/PerAgent-RepairAid-20260833/npc_snapshots.csv","14021","2026-08-31T06:51:26.4736733Z","DA98A66E2CAD1DAD9B1F23877F8D8970151B6BE8F19625AA7D3928616945DC24"
"FormalAccuracy-v1/Runs/PerAgent-RepairAid-20260833/run_manifest.json","2839","2026-08-31T06:51:26.5247907Z","73DEAC29AC93977DDF4B31C2070D7637CDC3B3281124CFB5009515890F1F8D2C"
"FormalAccuracy-v1/Runs/PerAgent-RepairAid-20260833/simulation_events.jsonl","15585092","2026-08-31T06:51:26.5093205Z","26422AB3ADE7656CFA25E62D52B778DEAB41B16A5D8825E89EFEF21A86139B19"
"FormalAccuracy-v1/Runs/PerAgent-RepairAid-20260834/cohort_timeseries.csv","565014","2026-08-31T06:45:44.7639890Z","BF4C35203DF527071FCC3124A4B3FB9D01F795134A97995762AB01A6DEFB4774"
"FormalAccuracy-v1/Runs/PerAgent-RepairAid-20260834/kingdom_timeseries.csv","733633","2026-08-31T06:45:44.7619892Z","E57CD972EA41ED61FFFAD8086A4C82CC439D716115CEA08AAF6726AC101D2055"
"FormalAccuracy-v1/Runs/PerAgent-RepairAid-20260834/ledger_transactions.jsonl","5691530","2026-08-31T06:45:44.8125670Z","A2725BFC3A2B2852689E2FA0CA040BB56038BE3883FD3CC6773689CC2F9270E6"
"FormalAccuracy-v1/Runs/PerAgent-RepairAid-20260834/lod_transitions.jsonl","47034","2026-08-31T06:45:44.7994634Z","D7873BB5556F573443F0745C2D0D662629FB9565124382F65DF987968500FA49"
"FormalAccuracy-v1/Runs/PerAgent-RepairAid-20260834/npc_snapshots.csv","14028","2026-08-31T06:45:44.7639890Z","F78CD1B58DA810475E0FEE1BEC004B746CE4916801290986801C87E0F89EFF6B"
"FormalAccuracy-v1/Runs/PerAgent-RepairAid-20260834/run_manifest.json","2839","2026-08-31T06:45:44.8135664Z","41711269AAADE53579D03E40C6FEDF0B0464867BEE4171CB83D3675A3D64A2BC"
"FormalAccuracy-v1/Runs/PerAgent-RepairAid-20260834/simulation_events.jsonl","15583939","2026-08-31T06:45:44.7986109Z","C99B993A84D3FF415FEE3DA40D2EAB9C92FDD2549AFF673D8F010BBD98D42864"
"FormalAccuracy-v1/Runs/PerAgent-RepairAid-20260835/cohort_timeseries.csv","558022","2026-08-31T06:42:05.1923009Z","64170AD22329987D0380963B9D13C8F8DAFF003280576F55189FABC204BD5ECA"
"FormalAccuracy-v1/Runs/PerAgent-RepairAid-20260835/kingdom_timeseries.csv","733633","2026-08-31T06:42:05.1903023Z","8A115657BAF494744750D8F01C495EC224CE826F9036F5D426AC3A91D90FC603"
"FormalAccuracy-v1/Runs/PerAgent-RepairAid-20260835/ledger_transactions.jsonl","5692790","2026-08-31T06:42:05.2452591Z","D555D3802B0092754BA0BF3A33FE39E5CBD3285E4F2DEF2571C6D110DE37FD7D"
"FormalAccuracy-v1/Runs/PerAgent-RepairAid-20260835/lod_transitions.jsonl","47014","2026-08-31T06:42:05.2312005Z","E090478E9D32D8AE183D53BDB54C995B68D4974D188A1280569F402F8808C899"
"FormalAccuracy-v1/Runs/PerAgent-RepairAid-20260835/npc_snapshots.csv","14018","2026-08-31T06:42:05.1932996Z","BE2DB5CA973ECFBD6D4CC7839A283F8A2C5CC04EE27C20BDE19FB697A8370AE8"
"FormalAccuracy-v1/Runs/PerAgent-RepairAid-20260835/run_manifest.json","2837","2026-08-31T06:42:05.2462484Z","0AA4C98B9EACDEA1424CE57E56E7D33FDEB502FA6069D771E2F929CAE112503D"
"FormalAccuracy-v1/Runs/PerAgent-RepairAid-20260835/simulation_events.jsonl","15582796","2026-08-31T06:42:05.2312005Z","437D0A6087DAD2B6372E810E913A81484F43CAD1C73B88D57DA2777488E3D177"
"FormalAccuracy-v1/Runs/PerAgent-RepairAid-20260836/cohort_timeseries.csv","560070","2026-08-31T06:46:47.5298503Z","7A32BBCCBD5DCEAD9323C07971503BC97900F0713CB6E22431D866E55857D9CB"
"FormalAccuracy-v1/Runs/PerAgent-RepairAid-20260836/kingdom_timeseries.csv","733633","2026-08-31T06:46:47.5283040Z","038A2870F7D7722D12702B6CE2C21D6F7F9B52C769549FA3623B7092F3FC3B49"
"FormalAccuracy-v1/Runs/PerAgent-RepairAid-20260836/ledger_transactions.jsonl","5694053","2026-08-31T06:46:47.5807862Z","E0688990E93C57FF28F7B3D7D14F8BE5C0B5E04F441D0CD376DE440002755079"
"FormalAccuracy-v1/Runs/PerAgent-RepairAid-20260836/lod_transitions.jsonl","47022","2026-08-31T06:46:47.5678746Z","30207B766442F42A69D554FB68872FBA5C43F3C899452B25AFFC154B7C1121E3"
"FormalAccuracy-v1/Runs/PerAgent-RepairAid-20260836/npc_snapshots.csv","14026","2026-08-31T06:46:47.5308655Z","1CE0FA2F00FA8B62CBC139327DCD467679DFCA9C340BCE4050E5D053D68A689D"
"FormalAccuracy-v1/Runs/PerAgent-RepairAid-20260836/run_manifest.json","2840","2026-08-31T06:46:47.5815602Z","4034CECDDCF2BFE80FF7F633F3F15C3D97F189F97CE2636144E3AD331001C5F0"
"FormalAccuracy-v1/Runs/PerAgent-RepairAid-20260836/simulation_events.jsonl","15581649","2026-08-31T06:46:47.5668765Z","466F95FD9C6B1F38F3AEB39DC1CF6FE3D51BAE982A67DCDC5D0533004323FE41"
"FormalAccuracy-v1/Runs/PerAgent-RepairAid-20260837/cohort_timeseries.csv","555011","2026-08-31T06:53:33.0622623Z","FBCB8847218CCA27EE5257728C1848F959B1DF04AB099EA18C171106EFD37636"
"FormalAccuracy-v1/Runs/PerAgent-RepairAid-20260837/kingdom_timeseries.csv","733633","2026-08-31T06:53:33.0602632Z","2A87531E442A5EEE5309E88944449C8FD43B51C1EBFB5A7C6DF7474BABFC765F"
"FormalAccuracy-v1/Runs/PerAgent-RepairAid-20260837/ledger_transactions.jsonl","5691527","2026-08-31T06:53:33.1132879Z","87FF32C31D844D1D1815962EA0996630644BD93D5B8A83E220168A59A5D4FA38"
"FormalAccuracy-v1/Runs/PerAgent-RepairAid-20260837/lod_transitions.jsonl","47036","2026-08-31T06:53:33.1002775Z","5741A9A9FF51CB3ECB787889A9C39FF893397967FB43601555E78D897DC972D5"
"FormalAccuracy-v1/Runs/PerAgent-RepairAid-20260837/npc_snapshots.csv","14029","2026-08-31T06:53:33.0622623Z","EBD82146D04155B286D19D39C198119FE6A2D0E030E3C78ACF3CF9C292302526"
"FormalAccuracy-v1/Runs/PerAgent-RepairAid-20260837/run_manifest.json","2838","2026-08-31T06:53:33.1142882Z","B6A4CF80874880DB4D5B4418A114535F5F7B4C0EAEC2B619584C70BBF0DA759E"
"FormalAccuracy-v1/Runs/PerAgent-RepairAid-20260837/simulation_events.jsonl","15583944","2026-08-31T06:53:33.1002775Z","2C963CF47B3BEFEDDFF920E1D119A6B8DFC82FF385E8462F2FBCD1F8B3B4AA80"
"FormalAccuracy-v1/Runs/PerAgent-RepairAid-20260838/cohort_timeseries.csv","564161","2026-08-31T06:50:45.8348615Z","D8B407059E9244C6BCF80148B010A071F4FB9C0B2EA1FC5D1D6C430E50851321"
"FormalAccuracy-v1/Runs/PerAgent-RepairAid-20260838/kingdom_timeseries.csv","733633","2026-08-31T06:50:45.8338647Z","D3DBD255E854E51B82001E352913923761095DB12AD023C0186819B3F1C58D15"
"FormalAccuracy-v1/Runs/PerAgent-RepairAid-20260838/ledger_transactions.jsonl","5694059","2026-08-31T06:50:45.8853868Z","44A6F4C5889474B2F32B4D506FDA1AAD9D16323D38D38BCC90D8F5EDD282A91B"
"FormalAccuracy-v1/Runs/PerAgent-RepairAid-20260838/lod_transitions.jsonl","47040","2026-08-31T06:50:45.8718825Z","44CAF029621DE988F98ED1B48DF662B7BC5579737B335CC3505F1115EAEF1CE0"
"FormalAccuracy-v1/Runs/PerAgent-RepairAid-20260838/npc_snapshots.csv","14036","2026-08-31T06:50:45.8348615Z","0770E107C03A7984F3917ACC2CBB641EC033278E5DB4828607688FF4E884FDF7"
"FormalAccuracy-v1/Runs/PerAgent-RepairAid-20260838/run_manifest.json","2837","2026-08-31T06:50:45.8864005Z","C13F4E0E8E36B0C253E66D96F0F335644139D5257B6CB6F95500AD13F87319E3"
"FormalAccuracy-v1/Runs/PerAgent-RepairAid-20260838/simulation_events.jsonl","15581637","2026-08-31T06:50:45.8718825Z","99734DF04F9CB352971C845A0285B0BF82715804576F0347DCC8D9D8838D2EDF"
"FormalAccuracy-v1/Runs/PerAgent-RepairAid-20260839/cohort_timeseries.csv","559046","2026-08-31T06:43:53.1358189Z","CDFAF08CEEEA4D6AF31BEE96F4C0629B95996294CCB6EB7586E3D008018C0DB8"
"FormalAccuracy-v1/Runs/PerAgent-RepairAid-20260839/kingdom_timeseries.csv","733633","2026-08-31T06:43:53.1337389Z","1832AC0507D243798699391A351A1D5ED01B2FA8FD9104432DEA5B8BD1134607"
"FormalAccuracy-v1/Runs/PerAgent-RepairAid-20260839/ledger_transactions.jsonl","5695320","2026-08-31T06:43:53.1867126Z","3B669E9711FF5459F762CF9FA9E5728B2468EC666D6C1AD5EC60603FACA42307"
"FormalAccuracy-v1/Runs/PerAgent-RepairAid-20260839/lod_transitions.jsonl","46996","2026-08-31T06:43:53.1736252Z","231435A6B62A1CB72E9AF8BCE0A58F32F1C381C41984463906E6D2CD35A916C7"
"FormalAccuracy-v1/Runs/PerAgent-RepairAid-20260839/npc_snapshots.csv","14016","2026-08-31T06:43:53.1358189Z","4827BA7B14F827FE935C29E1891D38B9656DA6F81CA49A83907B5D4708405300"
"FormalAccuracy-v1/Runs/PerAgent-RepairAid-20260839/run_manifest.json","2838","2026-08-31T06:43:53.1867126Z","58F50501756336E42B091F3520DE17052EFD478DBEBC4D36E6310EBD7FFBF27F"
"FormalAccuracy-v1/Runs/PerAgent-RepairAid-20260839/simulation_events.jsonl","15580497","2026-08-31T06:43:53.1716266Z","60349D38D7CB01EE9FDBDE80D848BCB4A67721EA481D279C070826BEB8A2995A"
"FormalAccuracy-v1/Runs/PerAgent-RepairAid-20260840/cohort_timeseries.csv","553967","2026-08-31T06:41:01.4378189Z","246C7432B1D66BFB57BD711BD38D71A1D489D317A65221738CED558C0080403E"
"FormalAccuracy-v1/Runs/PerAgent-RepairAid-20260840/kingdom_timeseries.csv","733633","2026-08-31T06:41:01.4358263Z","768D5035EC8A1E765DED40C95999E8B1F9A528B2B18C2ABE9048C0605E0409BC"
"FormalAccuracy-v1/Runs/PerAgent-RepairAid-20260840/ledger_transactions.jsonl","5690263","2026-08-31T06:41:01.4893578Z","6E35E8F6E41BF8E239F99CE732D9BE10F9644306D97FDD3E3A5FB741AF4923BF"
"FormalAccuracy-v1/Runs/PerAgent-RepairAid-20260840/lod_transitions.jsonl","46996","2026-08-31T06:41:01.4763573Z","E04CC31DA5A3C8402F45608FB95C66D7EBB3BB8AA5F7A7A5D88DEE13375AABD6"
"FormalAccuracy-v1/Runs/PerAgent-RepairAid-20260840/npc_snapshots.csv","14006","2026-08-31T06:41:01.4378189Z","3E02085A540383F7DD4F19F13B871FAD0224C9082E8194095B78E05EBE4C10C7"
"FormalAccuracy-v1/Runs/PerAgent-RepairAid-20260840/run_manifest.json","2838","2026-08-31T06:41:01.4893578Z","09DA39DF8551F2D08EFF9667ADAC45141105BA1A40F50C0E93728120EDCA91C9"
"FormalAccuracy-v1/Runs/PerAgent-RepairAid-20260840/simulation_events.jsonl","15585113","2026-08-31T06:41:01.4743558Z","491412ABA79AAB7325B752DDB426F18DAF55C2D07EDB48FF117ED67ADEFD7143"
"FormalAccuracy-v1/Runs/PerAgent-RepairAid-20260841/cohort_timeseries.csv","561227","2026-08-31T06:44:09.1114708Z","0C6F9B33B0D52DD67191116B8AC141A16991C42C47C9688BD231D56860DCAC25"
"FormalAccuracy-v1/Runs/PerAgent-RepairAid-20260841/kingdom_timeseries.csv","733633","2026-08-31T06:44:09.1094705Z","78242491563CA062BC89ABA900477FF8CDD087A7A7B0B56963849B962E45A114"
"FormalAccuracy-v1/Runs/PerAgent-RepairAid-20260841/ledger_transactions.jsonl","5688989","2026-08-31T06:44:09.1617179Z","A695C4E18578B5CA9AE602A9C1ED43391742050525C9F675A9F6B693205A715D"
"FormalAccuracy-v1/Runs/PerAgent-RepairAid-20260841/lod_transitions.jsonl","47052","2026-08-31T06:44:09.1486721Z","349B1892BAB271D018DB41E2E60D15D286FB49A6DFF4B342F20427499F152E1D"
"FormalAccuracy-v1/Runs/PerAgent-RepairAid-20260841/npc_snapshots.csv","14046","2026-08-31T06:44:09.1114708Z","35DC2BEA21D2D81399E5AEAE635361593B5B800251E0595A6BD0FF7BB714A443"
"FormalAccuracy-v1/Runs/PerAgent-RepairAid-20260841/run_manifest.json","2838","2026-08-31T06:44:09.1617179Z","2C8EECEEDFD1D2E3EEB14B64627E042B7EE2BDBE08B77BD56EA0C20ED44D5E4D"
"FormalAccuracy-v1/Runs/PerAgent-RepairAid-20260841/simulation_events.jsonl","15586253","2026-08-31T06:44:09.1466729Z","4ADD2183D0A006050D2941F3DFF4794E5CC2BFF8290E83AFD0C3ED35020CE21E"
"FormalAccuracy-v1/Runs/PerAgent-RepairAid-20260842/cohort_timeseries.csv","562122","2026-08-31T06:49:15.1263785Z","CCD8753B4529E00CFF3938C626537C2813225DCF95FABD53E93F5F34EEDDE691"
"FormalAccuracy-v1/Runs/PerAgent-RepairAid-20260842/kingdom_timeseries.csv","733633","2026-08-31T06:49:15.1243705Z","2AF01A98A6FF89F2DF0025A06009C2D31098E827FCC6D19308DBBF92283AFB13"
"FormalAccuracy-v1/Runs/PerAgent-RepairAid-20260842/ledger_transactions.jsonl","5690260","2026-08-31T06:49:15.1765199Z","73F5201A1931388A23F8CB99A0EBF4AA230C6BDB581B30B24EE04FFCFBE75629"
"FormalAccuracy-v1/Runs/PerAgent-RepairAid-20260842/lod_transitions.jsonl","46998","2026-08-31T06:49:15.1629073Z","5837DF7029FEC13E367A906252D9AFAD1CA7D19081BC6D606ED09176B8650003"
"FormalAccuracy-v1/Runs/PerAgent-RepairAid-20260842/npc_snapshots.csv","14011","2026-08-31T06:49:15.1263785Z","F71D5F791236B88E6596BCD6E717ED1E3A15707C5CA2F9D386518FA214BEFDB2"
"FormalAccuracy-v1/Runs/PerAgent-RepairAid-20260842/run_manifest.json","2839","2026-08-31T06:49:15.1775007Z","9DCB85BA6B542EEA950E58EA79695CA68A33472F399D26D76A7296FB5FC7F63E"
"FormalAccuracy-v1/Runs/PerAgent-RepairAid-20260842/simulation_events.jsonl","15585096","2026-08-31T06:49:15.1621116Z","B8AE4FCAC7DCF5ADF7AD6B700E55FEC401AEF74B16E5AF14017DF936DF899FA1"
"FormalAccuracy-v1/Runs/PerAgent-RepairAid-20260843/cohort_timeseries.csv","558186","2026-08-31T06:47:27.7184245Z","D8B18CD1A1DBEE9E1FCDF61EEB68C136E65D7A121E5BEE9AC57EC9C468B57BC2"
"FormalAccuracy-v1/Runs/PerAgent-RepairAid-20260843/kingdom_timeseries.csv","733633","2026-08-31T06:47:27.7164228Z","23239C01069B73D062C690B13B12BC12575EE0D3EF95F0772CAE53270AE290D1"
"FormalAccuracy-v1/Runs/PerAgent-RepairAid-20260843/ledger_transactions.jsonl","5695327","2026-08-31T06:47:27.7666290Z","32FC8A620409F20EC157FC5CC9DC1771E5D9971161333C5DFB0DEEFF5F651491"
"FormalAccuracy-v1/Runs/PerAgent-RepairAid-20260843/lod_transitions.jsonl","47002","2026-08-31T06:47:27.7546031Z","A8C31B4161EB56C4618F0868570862F88D191D52BF1DB573590DFB6265D6031D"
"FormalAccuracy-v1/Runs/PerAgent-RepairAid-20260843/npc_snapshots.csv","14012","2026-08-31T06:47:27.7184245Z","944DEC48F7F0F3C9DD1FF559109D1F0AF6B9A9ADCD954A8635036AA56B00580E"
"FormalAccuracy-v1/Runs/PerAgent-RepairAid-20260843/run_manifest.json","2839","2026-08-31T06:47:27.7676278Z","A99E3A2CA60E7C94B2719EE74EFD667E64ED2CFA9850DCFD92FBA3670001C290"
"FormalAccuracy-v1/Runs/PerAgent-RepairAid-20260843/simulation_events.jsonl","15580507","2026-08-31T06:47:27.7523885Z","E374D2ADC6F687D130C57769455342906B6A64AFA963FEBE0CA18606770AA557"
"FormalAccuracy-v1/Runs/PerAgent-RepairAid-20260844/cohort_timeseries.csv","558698","2026-08-31T06:40:52.1445115Z","5C5AB5C3CB27715EE21A10CEEDC72C977B63E09887AD80A3A7567E595B23C27A"
"FormalAccuracy-v1/Runs/PerAgent-RepairAid-20260844/kingdom_timeseries.csv","733633","2026-08-31T06:40:52.1424991Z","1CEA1848C4748403544D115497D3F77671C02474601E2B16C9459678BF136903"
"FormalAccuracy-v1/Runs/PerAgent-RepairAid-20260844/ledger_transactions.jsonl","5694059","2026-08-31T06:40:52.1920133Z","C065020830FAEEAE9D53FBF17026AF25038C8D10E0529DE32F05A08B9661C448"
"FormalAccuracy-v1/Runs/PerAgent-RepairAid-20260844/lod_transitions.jsonl","46988","2026-08-31T06:40:52.1790956Z","68C38B092A317ACC03CBD30735B1E4ABE027F6E791ED15348763B87FFC939BBA"
"FormalAccuracy-v1/Runs/PerAgent-RepairAid-20260844/npc_snapshots.csv","14008","2026-08-31T06:40:52.1445115Z","2311CA55070A666882344FA598F40614CAFD9C3A181933E52756556FC9D95D73"
"FormalAccuracy-v1/Runs/PerAgent-RepairAid-20260844/run_manifest.json","2838","2026-08-31T06:40:52.1930133Z","68435483DFEAEE0E1D103F45EE3EA4D073F68D49D4D37447DDD6098A010BAD46"
"FormalAccuracy-v1/Runs/PerAgent-RepairAid-20260844/simulation_events.jsonl","15581638","2026-08-31T06:40:52.1781133Z","D588124EFF2E3BF52228FF719998023D14BF691D62071BD69F2FF475009BE428"
"FormalAccuracy-v1/Runs/PerAgent-StateImport-20260815/cohort_timeseries.csv","580188","2026-08-31T06:53:56.0682033Z","963E29AAB04046ECEA15473E23D7A7A7D01386D390C21D146DD6C6729562C936"
"FormalAccuracy-v1/Runs/PerAgent-StateImport-20260815/kingdom_timeseries.csv","751151","2026-08-31T06:53:56.0661997Z","EF00E15BF7AF366ACE94C4288B2AF57856F2B9E2EC1A66D964DDC8378A942B90"
"FormalAccuracy-v1/Runs/PerAgent-StateImport-20260815/ledger_transactions.jsonl","5754088","2026-08-31T06:53:56.1184857Z","8BE7DEA511DB10337D9949C1E25DEB5132B5462C142500F9431FE1ECFEF46BE6"
"FormalAccuracy-v1/Runs/PerAgent-StateImport-20260815/lod_transitions.jsonl","47492","2026-08-31T06:53:56.1053985Z","F825C53C142DC3C5EAE4944083904C0446A23099D82214365A4981A4B593E029"
"FormalAccuracy-v1/Runs/PerAgent-StateImport-20260815/npc_snapshots.csv","14260","2026-08-31T06:53:56.0682033Z","7E3BF06EC828289A68B27FF7FB10023201DF3027F60EC3BC6E0E4A68BCFEDEC3"
"FormalAccuracy-v1/Runs/PerAgent-StateImport-20260815/run_manifest.json","2842","2026-08-31T06:53:56.1184857Z","DB14A7915B5F549383EB3625E5707C3082F3C1C1EBB1261BCF32353C57FA4618"
"FormalAccuracy-v1/Runs/PerAgent-StateImport-20260815/simulation_events.jsonl","15733719","2026-08-31T06:53:56.1034122Z","B329C20BF1778893701D121E523FD93372EB93F3B45BE838225ABACD084F8266"
"FormalAccuracy-v1/Runs/PerAgent-StateImport-20260816/cohort_timeseries.csv","576954","2026-08-31T06:50:59.0182479Z","3F7892E56ED2E9088E4D11CDE74435F3D6D6AADA7AC3F50EC45F5153FD57BA39"
"FormalAccuracy-v1/Runs/PerAgent-StateImport-20260816/kingdom_timeseries.csv","751151","2026-08-31T06:50:59.0172461Z","53BD4368A770C74E62D6537B288F8D7990B651A3730014D94A3733A7121E27B2"
"FormalAccuracy-v1/Runs/PerAgent-StateImport-20260816/ledger_transactions.jsonl","5755354","2026-08-31T06:50:59.0684497Z","8264DB2A54FF9405AE57F3C88A40774F9B4248FD91999DFECE0A894E01012399"
"FormalAccuracy-v1/Runs/PerAgent-StateImport-20260816/lod_transitions.jsonl","47496","2026-08-31T06:50:59.0564486Z","35F7DC9566E827BA9CA16D0048505C8A3C1F72A1B2E000D3D82A12B43E6DF9D0"
"FormalAccuracy-v1/Runs/PerAgent-StateImport-20260816/npc_snapshots.csv","14258","2026-08-31T06:50:59.0192479Z","3117BA8690A5F35310A121F9A936F74C17764A42FF00C9F24417124D41FFA06A"
"FormalAccuracy-v1/Runs/PerAgent-StateImport-20260816/run_manifest.json","2843","2026-08-31T06:50:59.0684497Z","E7AAC41CDCEB92AB1EC95893EDF7C7169086ADB3E4AF999D14F77F70FCA1BF0D"
"FormalAccuracy-v1/Runs/PerAgent-StateImport-20260816/simulation_events.jsonl","15730228","2026-08-31T06:50:59.0547696Z","56ED15580A72ECED64511F85BEECFBB9F73930E33BA91F2670C116FF48B4A306"
"FormalAccuracy-v1/Runs/PerAgent-StateImport-20260817/cohort_timeseries.csv","580398","2026-08-31T06:54:31.7457365Z","7AEDCA354F6CF16FF9B029AA995BB583AC956B4D3914FEBFA4F9767E15C1077F"
"FormalAccuracy-v1/Runs/PerAgent-StateImport-20260817/kingdom_timeseries.csv","751151","2026-08-31T06:54:31.7448227Z","5F24BF0784D8614E790BA903F47EFE37AC0237848B1D4C22C6D8220EDE6119AF"
"FormalAccuracy-v1/Runs/PerAgent-StateImport-20260817/ledger_transactions.jsonl","5756203","2026-08-31T06:54:31.7961584Z","C0A54CE42613FB4BDB729E399D1EA50807FA112232D02E8233045E6C9E01D891"
"FormalAccuracy-v1/Runs/PerAgent-StateImport-20260817/lod_transitions.jsonl","47506","2026-08-31T06:54:31.7832647Z","3C588C71163F8D42C4077BAB72A67DF63E339AC92C26109F6FEECAC9E2C3D084"
"FormalAccuracy-v1/Runs/PerAgent-StateImport-20260817/npc_snapshots.csv","14276","2026-08-31T06:54:31.7468133Z","51081EAE8EE6FE0E50B9D20E75E87E265B09D089B9FFDDD3F2CD7A2F993359EF"
"FormalAccuracy-v1/Runs/PerAgent-StateImport-20260817/run_manifest.json","2843","2026-08-31T06:54:31.7961584Z","9FD1345939F7D858A75CEDCEC70D45FE5F31801C280F92A7FAE5F2FDA1C012F3"
"FormalAccuracy-v1/Runs/PerAgent-StateImport-20260817/simulation_events.jsonl","15727922","2026-08-31T06:54:31.7806338Z","B46CD391F067F5FAF20D9B7D45C2BCDCDEF223516EFADF7ED807728F7F9D0EC5"
"FormalAccuracy-v1/Runs/PerAgent-StateImport-20260818/cohort_timeseries.csv","577203","2026-08-31T06:43:26.8488235Z","AC453BFBD40084B8291E0AD849B8A3A60C6B43431E37143AB7AB1E804917C061"
"FormalAccuracy-v1/Runs/PerAgent-StateImport-20260818/kingdom_timeseries.csv","751103","2026-08-31T06:43:26.8479080Z","AD9E6E810A21D237EF3FFD84BBC7EC2173CE4E380A06FDF1CBB76D440FF497F4"
"FormalAccuracy-v1/Runs/PerAgent-StateImport-20260818/ledger_transactions.jsonl","5756622","2026-08-31T06:43:26.8981324Z","34540EF4D6BD455FBE95186E695620885CAD0337D5008C810B98E1B11CB8FDEF"
"FormalAccuracy-v1/Runs/PerAgent-StateImport-20260818/lod_transitions.jsonl","47490","2026-08-31T06:43:26.8851336Z","223410425EAE262A283EE9B8382AD36EAFD778029CC1CBFF1FBFC22A7B1F42FC"
"FormalAccuracy-v1/Runs/PerAgent-StateImport-20260818/npc_snapshots.csv","14264","2026-08-31T06:43:26.8498228Z","9B4F324DDF7FC1C5B33772B3714BE413BDB99409330C479AC4F1F4800A400D40"
"FormalAccuracy-v1/Runs/PerAgent-StateImport-20260818/run_manifest.json","2837","2026-08-31T06:43:26.8991341Z","99FFA3062CA49AB28544BC84DA3A64B36CF1A51056012C8493E428C34192E892"
"FormalAccuracy-v1/Runs/PerAgent-StateImport-20260818/simulation_events.jsonl","15726766","2026-08-31T06:43:26.8841331Z","18AE93B2B7F59C750148B93C93A1E1FA941AED27B735D222B7F098B433D5449E"
"FormalAccuracy-v1/Runs/PerAgent-StateImport-20260819/cohort_timeseries.csv","573135","2026-08-31T06:51:17.9670864Z","24AFA72798EE64969F1BDD68D00C256EEBC830DE82E710FB55C39E7B05C55E3A"
"FormalAccuracy-v1/Runs/PerAgent-StateImport-20260819/kingdom_timeseries.csv","751175","2026-08-31T06:51:17.9650936Z","A00B659DF386535D03F2BECB0312F050EEA4D0FFEAB2138545CAF3370FBB6E56"
"FormalAccuracy-v1/Runs/PerAgent-StateImport-20260819/ledger_transactions.jsonl","5752814","2026-08-31T06:51:18.0161321Z","E9BF782A7B0BF8A4117C4CEAF1B9987793302B3D8F80BD08AF6B94B9F0DA3329"
"FormalAccuracy-v1/Runs/PerAgent-StateImport-20260819/lod_transitions.jsonl","47552","2026-08-31T06:51:18.0031254Z","DFB55AFB27EF2A7ECFFA7827E0F6258A31ECFD367397C6E8F53266D90889879B"
"FormalAccuracy-v1/Runs/PerAgent-StateImport-20260819/npc_snapshots.csv","14289","2026-08-31T06:51:17.9670864Z","CB4B10079772AF03A5A01EDFA7E87F35D16C7F93C0615DAC0359B3356DBD87B7"
"FormalAccuracy-v1/Runs/PerAgent-StateImport-20260819/run_manifest.json","2841","2026-08-31T06:51:18.0161321Z","42BB76D55DC916700523C2536547C38B010C18B0C15001B478A7B6D7173D465D"
"FormalAccuracy-v1/Runs/PerAgent-StateImport-20260819/simulation_events.jsonl","15737211","2026-08-31T06:51:18.0021248Z","8E53480DAF3E70E35CE74F3E690A64E599DBCCB7189A9A9F4E472B940BAD36CB"
"FormalAccuracy-v1/Runs/PerAgent-StateImport-20260820/cohort_timeseries.csv","584562","2026-08-31T06:42:06.1899679Z","E1E0B54D6CE6B209DAE2622C163CEA13C9509311E4F6FD7DAC5150227D6915FD"
"FormalAccuracy-v1/Runs/PerAgent-StateImport-20260820/kingdom_timeseries.csv","751103","2026-08-31T06:42:06.1889223Z","CE3E5BEEA5EB8E4B6EB40F68C2A9337DC3B34C2DEC4A554F7A11EAB2BEBCB508"
"FormalAccuracy-v1/Runs/PerAgent-StateImport-20260820/ledger_transactions.jsonl","5757888","2026-08-31T06:42:06.2431703Z","73A8300FF6CFE9F1E8BAAF0554F752B24434DB493CCDC55F13C51DA812831514"
"FormalAccuracy-v1/Runs/PerAgent-StateImport-20260820/lod_transitions.jsonl","47488","2026-08-31T06:42:06.2294344Z","2DEA49B4C35A9C01F800B9C72EEFB68D6238BE6A2D0512BFBC6467F4E3A466E2"
"FormalAccuracy-v1/Runs/PerAgent-StateImport-20260820/npc_snapshots.csv","14258","2026-08-31T06:42:06.1910231Z","473059FBD123E9093C694ADC60DB09B9E0140C806009534EC9B794EEF8EABB45"
"FormalAccuracy-v1/Runs/PerAgent-StateImport-20260820/run_manifest.json","2837","2026-08-31T06:42:06.2441017Z","E0ED2B9B9BB71CD5180B7888F918A8274401A79FF844914546E9FC22624FD11B"
"FormalAccuracy-v1/Runs/PerAgent-StateImport-20260820/simulation_events.jsonl","15723259","2026-08-31T06:42:06.2284369Z","B223BFC1FD8A050ED05A7688771BD6C718983AC71CF7C86B42FAF1CFD90FABF3"
"FormalAccuracy-v1/Runs/PerAgent-StateImport-20260821/cohort_timeseries.csv","575444","2026-08-31T06:41:57.6922300Z","418BF593B0B911F016C409A92D156AAA17EF4009C13C7F625978FF682B12E55F"
"FormalAccuracy-v1/Runs/PerAgent-StateImport-20260821/kingdom_timeseries.csv","751151","2026-08-31T06:41:57.6902079Z","262B5DFB7AD3616A222A939B2D54A372E8EB155AAF769CE095AF2983515E2129"
"FormalAccuracy-v1/Runs/PerAgent-StateImport-20260821/ledger_transactions.jsonl","5751122","2026-08-31T06:41:57.7433496Z","14038A5D174DA89B88C98B4DB276A092DA8AFB03E98B98F692576DED39611031"
"FormalAccuracy-v1/Runs/PerAgent-StateImport-20260821/lod_transitions.jsonl","47484","2026-08-31T06:41:57.7308341Z","5D5BB557DE476991D499BDB0B6BC093A388729FF4D82F527C8758D3454C07241"
"FormalAccuracy-v1/Runs/PerAgent-StateImport-20260821/npc_snapshots.csv","14254","2026-08-31T06:41:57.6922300Z","25D2248AEC62D17A6D214776DFFBEE50914B25AA77C8D428559CB23647B32314"
"FormalAccuracy-v1/Runs/PerAgent-StateImport-20260821/run_manifest.json","2839","2026-08-31T06:41:57.7443602Z","EF6BC924BF5D3271CCA84CC0CBA36D8923BC3E0338DD553DD660620F68E0C2C2"
"FormalAccuracy-v1/Runs/PerAgent-StateImport-20260821/simulation_events.jsonl","15741872","2026-08-31T06:41:57.7298347Z","93B0479158A18A7E9BBE91550419218A325B73B8201F0ADEE1A111E31A3EC8BD"
"FormalAccuracy-v1/Runs/PerAgent-StateImport-20260822/cohort_timeseries.csv","569669","2026-08-31T06:47:08.3217110Z","209BBB5BD6C1C43BB1CD6A4D83D5AB160367DB5ABC90FDBEEAD47F780D61B931"
"FormalAccuracy-v1/Runs/PerAgent-StateImport-20260822/kingdom_timeseries.csv","751103","2026-08-31T06:47:08.3192023Z","ED2C8B8C2855657C65EADCFA23BE59039E11EA7989F1FB84904F8D9B08DEF57D"
"FormalAccuracy-v1/Runs/PerAgent-StateImport-20260822/ledger_transactions.jsonl","5754929","2026-08-31T06:47:08.3729159Z","811A63D91FA1DA22D2EE3F278F1EBD0478CD09CF3E0C74BE47B1140EFFB6E9C9"
"FormalAccuracy-v1/Runs/PerAgent-StateImport-20260822/lod_transitions.jsonl","47560","2026-08-31T06:47:08.3593979Z","A1B3C4D5A6E23B97B39879CF64719017F9461C9B815C26BCD55014A6ED2287E6"
"FormalAccuracy-v1/Runs/PerAgent-StateImport-20260822/npc_snapshots.csv","14288","2026-08-31T06:47:08.3217110Z","BBAA148331AEC9B1A43D235FF06F386D1B0B1DB3BAD7131591E1330470F0923D"
"FormalAccuracy-v1/Runs/PerAgent-StateImport-20260822/run_manifest.json","2842","2026-08-31T06:47:08.3739162Z","C439F9EB42A8F1E85842FB933E57F94B75E3D4A24FC46D8AFF2D862B6473EE1C"
"FormalAccuracy-v1/Runs/PerAgent-StateImport-20260822/simulation_events.jsonl","15731391","2026-08-31T06:47:08.3584061Z","875455A439E2BD1BA05D4783B7139443031FD7505EE6048D0D121197BC5402F4"
"FormalAccuracy-v1/Runs/PerAgent-StateImport-20260823/cohort_timeseries.csv","585086","2026-08-31T06:51:27.4607633Z","02DB64B542480B186F5A2EF82DF5C1204B95765C02482FB7F410B6C61C24D79B"
"FormalAccuracy-v1/Runs/PerAgent-StateImport-20260823/kingdom_timeseries.csv","751103","2026-08-31T06:51:27.4588304Z","5D6F902D8629B378C834F45284C24F37392A21B4D23273E612A0BB6F5C51D335"
"FormalAccuracy-v1/Runs/PerAgent-StateImport-20260823/ledger_transactions.jsonl","5757047","2026-08-31T06:51:27.5107734Z","589B14E1319AFB6B0F4DFF025CD45665146ED780C513D8076553799330141448"
"FormalAccuracy-v1/Runs/PerAgent-StateImport-20260823/lod_transitions.jsonl","47536","2026-08-31T06:51:27.4977716Z","4F1B94E6DCE7EDDA586760DE82383388D24354337C7414825DF62135CD334B8A"
"FormalAccuracy-v1/Runs/PerAgent-StateImport-20260823/npc_snapshots.csv","14288","2026-08-31T06:51:27.4607633Z","B5A4A94DB24AF677E678340813EFA589B460823B0B46743A8FE25B51E359AA44"
"FormalAccuracy-v1/Runs/PerAgent-StateImport-20260823/run_manifest.json","2843","2026-08-31T06:51:27.5118181Z","2CA29704AD65C9796C00C892B670E1DD0961051E32F67B19CDD3AAB09B4A5AF5"
"FormalAccuracy-v1/Runs/PerAgent-StateImport-20260823/simulation_events.jsonl","15725605","2026-08-31T06:51:27.4957688Z","46B7CBB8BF92F5E22AF6A5F952724CBB795608139106838ED4A0A3058E47A0BA"
"FormalAccuracy-v1/Runs/PerAgent-StateImport-20260824/cohort_timeseries.csv","584026","2026-08-31T06:51:51.0403658Z","10B7AE3FB0AAD3A9BA9D00C321DD631389BBCB43607FD9EDBCA5EA76A28405EA"
"FormalAccuracy-v1/Runs/PerAgent-StateImport-20260824/kingdom_timeseries.csv","751151","2026-08-31T06:51:51.0384530Z","45843A4999E957F24062C0C505EFA8D8EAA0C97E61467F4F69D39519B9922955"
"FormalAccuracy-v1/Runs/PerAgent-StateImport-20260824/ledger_transactions.jsonl","5756623","2026-08-31T06:51:51.0912284Z","C30D80AA0536E306314EA2F6EEE4D3C8A7605DD62A4228716E55409F7D18CCF5"
"FormalAccuracy-v1/Runs/PerAgent-StateImport-20260824/lod_transitions.jsonl","47486","2026-08-31T06:51:51.0776346Z","EFDAFE0F52A658630125B07E7BCEB8F4B2C3126244C3ECFDF3F2A2B98F595C95"
"FormalAccuracy-v1/Runs/PerAgent-StateImport-20260824/npc_snapshots.csv","14250","2026-08-31T06:51:51.0403658Z","34FBBF4254CD9B32838C2426237C47206EA65B8B1A56F02B41CCB49175A26B4A"
"FormalAccuracy-v1/Runs/PerAgent-StateImport-20260824/run_manifest.json","2843","2026-08-31T06:51:51.0922353Z","52F6F1F7535B631C895169BA23A6AF0060D26EAA02AB641BA00C4B5E36924719"
"FormalAccuracy-v1/Runs/PerAgent-StateImport-20260824/simulation_events.jsonl","15726741","2026-08-31T06:51:51.0766365Z","5B0FC28394F249936FA25BB91C861B6D95920A1AF9D05FE079D51F27B537D14D"
"FormalAccuracy-v1/Runs/PerAgent-StateImport-20260825/cohort_timeseries.csv","571534","2026-08-31T06:47:28.7158464Z","AB9604A499021B6222BA538E3930FFD886CF05A28F6CED163788AACDFBC5727F"
"FormalAccuracy-v1/Runs/PerAgent-StateImport-20260825/kingdom_timeseries.csv","751127","2026-08-31T06:47:28.7138486Z","A8E512B47D05832D4E17878F7A28AA49810182298B84329AED60E5DBEA5B3497"
"FormalAccuracy-v1/Runs/PerAgent-StateImport-20260825/ledger_transactions.jsonl","5754508","2026-08-31T06:47:28.7644928Z","BDB937DF6D1F58A1589EDEBD7D11216B13F2017E394D970F8E7F9F4972CF89DC"
"FormalAccuracy-v1/Runs/PerAgent-StateImport-20260825/lod_transitions.jsonl","47486","2026-08-31T06:47:28.7523236Z","2DE08A03CCFC90054FCABB07D0CEA7E462C89312079C19574EBCA9B30AE5515A"
"FormalAccuracy-v1/Runs/PerAgent-StateImport-20260825/npc_snapshots.csv","14256","2026-08-31T06:47:28.7158464Z","053B566120FCBB37CE8FB427916B556E4FC8F8B6B6FCEA05B4EBA4D89F13A5D5"
"FormalAccuracy-v1/Runs/PerAgent-StateImport-20260825/run_manifest.json","2843","2026-08-31T06:47:28.7644928Z","68F7CCDFE51E3A2D8A74FB5503D50B56BA21C1D1EBCD8EAD73EF52428A05C463"
"FormalAccuracy-v1/Runs/PerAgent-StateImport-20260825/simulation_events.jsonl","15732547","2026-08-31T06:47:28.7503233Z","8BEC38424A21A8E6C3A7FD3F6960B28061B0E21E00C7300BF642F5E78A2030DF"
"FormalAccuracy-v1/Runs/PerAgent-StateImport-20260826/cohort_timeseries.csv","581225","2026-08-31T06:53:54.0681656Z","E7DA34826A67FA00B779889F1806EA47229654DA9EECE1616A6047721F203D62"
"FormalAccuracy-v1/Runs/PerAgent-StateImport-20260826/kingdom_timeseries.csv","751127","2026-08-31T06:53:54.0671670Z","F895A03C8B6106641BF98B3F2ACA84B99A95B3837FBB89813741F2F9F2DBCEA1"
"FormalAccuracy-v1/Runs/PerAgent-StateImport-20260826/ledger_transactions.jsonl","5757469","2026-08-31T06:53:54.1187848Z","D21FB8F5BDBD4109DC3036DC6361EE5D60D575FB9391F3D26462BBF022A69394"
"FormalAccuracy-v1/Runs/PerAgent-StateImport-20260826/lod_transitions.jsonl","47512","2026-08-31T06:53:54.1057081Z","854187A19CDE2037BD583DF0710A16994AF2771F9981BE361DC1BA4B27E09846"
"FormalAccuracy-v1/Runs/PerAgent-StateImport-20260826/npc_snapshots.csv","14274","2026-08-31T06:53:54.0681656Z","6D439FF7342A3EE22D1D6D857D4D6F2A3C5E6A792A1F2530CD01C28915BE8E6E"
"FormalAccuracy-v1/Runs/PerAgent-StateImport-20260826/run_manifest.json","2843","2026-08-31T06:53:54.1187848Z","3ECB2F8D70A0C45FEF25F571816DD689BE07AD7F405F3B83BBC748C1F249CA64"
"FormalAccuracy-v1/Runs/PerAgent-StateImport-20260826/simulation_events.jsonl","15724411","2026-08-31T06:53:54.1037006Z","06B8EE195CFA3706C9647E8798CFCF9D10E6F84843312120039D2C6ABFF746AB"
"FormalAccuracy-v1/Runs/PerAgent-StateImport-20260827/cohort_timeseries.csv","580831","2026-08-31T06:54:43.0354894Z","278688E0DBDF6DDEEEA8AB12AA4F01A167B9280449249770FF8052E252CBBD60"
"FormalAccuracy-v1/Runs/PerAgent-StateImport-20260827/kingdom_timeseries.csv","751103","2026-08-31T06:54:43.0344897Z","27C6895E874A71FA063C62E540EE6EC6F30605566A0C4DD0EEC40CF9B185B794"
"FormalAccuracy-v1/Runs/PerAgent-StateImport-20260827/ledger_transactions.jsonl","5757893","2026-08-31T06:54:43.0864004Z","BCEC0E11AB6FE1A434C212D23CE147DF435D42FB13D61E1F53ADED4CD1FBD4E8"
"FormalAccuracy-v1/Runs/PerAgent-StateImport-20260827/lod_transitions.jsonl","47558","2026-08-31T06:54:43.0728905Z","CFC1DA2D03F9AAE20777AED711D9039083BFA029FFC048E538A20D102E220274"
"FormalAccuracy-v1/Runs/PerAgent-StateImport-20260827/npc_snapshots.csv","14295","2026-08-31T06:54:43.0364905Z","DAD33A2082E97DBD1B9F681ECE8A3C66CB5C1AB9B8CBE7483A6F788FEC48EC94"
"FormalAccuracy-v1/Runs/PerAgent-StateImport-20260827/run_manifest.json","2839","2026-08-31T06:54:43.0874023Z","2D7E544B98BEABD7EB5ACB53EB77345468EE2536E43AA0C3740739E01281049B"
"FormalAccuracy-v1/Runs/PerAgent-StateImport-20260827/simulation_events.jsonl","15723275","2026-08-31T06:54:43.0723194Z","D650D4B7B7C0CBB9E27FF3205AF9CEEADA8025E48BAD0282C9D7969E3F47367F"
"FormalAccuracy-v1/Runs/PerAgent-StateImport-20260828/cohort_timeseries.csv","565785","2026-08-31T06:41:43.3307994Z","426F20EDAAF08006C34C175067217F3DD43B09A96A785E95CD6A0993BA7A1780"
"FormalAccuracy-v1/Runs/PerAgent-StateImport-20260828/kingdom_timeseries.csv","751151","2026-08-31T06:41:43.3277991Z","11F63BB51B61AF6CBC6CCC4EA7933DC67B5817BD921686C4FC35E78A2A02B992"
"FormalAccuracy-v1/Runs/PerAgent-StateImport-20260828/ledger_transactions.jsonl","5755779","2026-08-31T06:41:43.3792392Z","84DF3BE5C0B28938F236C94CD7BC16882CD046CDE4F8EE73DCCAE1CE9756C8A1"
"FormalAccuracy-v1/Runs/PerAgent-StateImport-20260828/lod_transitions.jsonl","47522","2026-08-31T06:41:43.3647272Z","54BFE1BFFFC1B4FFEB6C56A0D20BAF6A80DCF7CAD85F931C888FD1C39F5619F8"
"FormalAccuracy-v1/Runs/PerAgent-StateImport-20260828/npc_snapshots.csv","14270","2026-08-31T06:41:43.3307994Z","EC8C3168EC089A73FED80097DCCE5B78E1DCA7D27F4B7EADDF6273EF39B01D92"
"FormalAccuracy-v1/Runs/PerAgent-StateImport-20260828/run_manifest.json","2839","2026-08-31T06:41:43.3802428Z","69E8D9FCD9162061E433540151A8AEAE25D1417CC21661291995933D94066A12"
"FormalAccuracy-v1/Runs/PerAgent-StateImport-20260828/simulation_events.jsonl","15729065","2026-08-31T06:41:43.3647272Z","C4EDF3DFD375351841E5F2B089782C4B4741F9BF377F08A676C1C987406ADF49"
"FormalAccuracy-v1/Runs/PerAgent-StateImport-20260829/cohort_timeseries.csv","577011","2026-08-31T06:49:06.9995111Z","7CA630C411F2ED057FBD78BE1C2C41C132262E8027F243C3FBBEF05A2B8BBFE7"
"FormalAccuracy-v1/Runs/PerAgent-StateImport-20260829/kingdom_timeseries.csv","751151","2026-08-31T06:49:06.9975111Z","FCBD9DA30241BCFAF45517122B2948A0DD2F27FC742BDA7D4C1368F904909614"
"FormalAccuracy-v1/Runs/PerAgent-StateImport-20260829/ledger_transactions.jsonl","5754511","2026-08-31T06:49:07.0512832Z","391E1CD4C5F6517C52A1E77F0922A7C44964E0BCEBC8FF428ABE57AD647CBEDB"
"FormalAccuracy-v1/Runs/PerAgent-StateImport-20260829/lod_transitions.jsonl","47490","2026-08-31T06:49:07.0378330Z","90C60FB1C01B3ACDEF8EF2F90163FC9BC3D0ED6A197C2AFE66EE73DA0A883D98"
"FormalAccuracy-v1/Runs/PerAgent-StateImport-20260829/npc_snapshots.csv","14261","2026-08-31T06:49:06.9995111Z","24D750381FE38FAB15A64C9AA5C7453566EE5CA152B749E96C16EE8F2DCB45FF"
"FormalAccuracy-v1/Runs/PerAgent-StateImport-20260829/run_manifest.json","2844","2026-08-31T06:49:07.0512832Z","F9364258E2266FF73E68A4D0BA233EE797383EEF5E6CF064277BF153D39334B3"
"FormalAccuracy-v1/Runs/PerAgent-StateImport-20260829/simulation_events.jsonl","15732568","2026-08-31T06:49:07.0363264Z","BDFF6C6290892205A2FF18AC825AE4A6672C9555675555B6147ACA954F840288"
"FormalAccuracy-v1/Runs/PerAgent-StateImport-20260830/cohort_timeseries.csv","573300","2026-08-31T06:42:25.3695589Z","A3FAA2C10DAEB3D5EB5381ABC8E3B37ECA906AF454BC60CB8C6F884049E7DF55"
"FormalAccuracy-v1/Runs/PerAgent-StateImport-20260830/kingdom_timeseries.csv","751127","2026-08-31T06:42:25.3684789Z","85B3686C215A1E13D18AE856B762E9866341A4D3493B2562822EB584FB071240"
"FormalAccuracy-v1/Runs/PerAgent-StateImport-20260830/ledger_transactions.jsonl","5756200","2026-08-31T06:42:25.4192581Z","F194C16833483B6850CACC6340A25AC1C2EA8F9B367CA60A417DCF5329CAC211"
"FormalAccuracy-v1/Runs/PerAgent-StateImport-20260830/lod_transitions.jsonl","47532","2026-08-31T06:42:25.4071831Z","F8390ED4301B53E77B0C5A1B3C6943DDC3AEF8C05A8D5AE62CACAEC2197462A2"
"FormalAccuracy-v1/Runs/PerAgent-StateImport-20260830/npc_snapshots.csv","14277","2026-08-31T06:42:25.3695589Z","11397D2EFBA7CD8CFD0B8F11D406C9EF913D499991E60BED60C323359BBA7021"
"FormalAccuracy-v1/Runs/PerAgent-StateImport-20260830/run_manifest.json","2840","2026-08-31T06:42:25.4207914Z","D2E1ACF49DD28E861E30549AE20FB9CC62D8730015F2DFCC9131BC50638BF0A8"
"FormalAccuracy-v1/Runs/PerAgent-StateImport-20260830/simulation_events.jsonl","15727907","2026-08-31T06:42:25.4063402Z","73C8CDBC9957E727CA3DA165926B80D2663190547A96FCF3CF1C1A3D81C5EDB1"
"FormalAccuracy-v1/Runs/PerAgent-StateImport-20260831/cohort_timeseries.csv","585391","2026-08-31T06:52:06.5143292Z","A802FFB4728D9DEE2600D8069C1E37AD6248039A8065250FA8ECD50F0E7F89B0"
"FormalAccuracy-v1/Runs/PerAgent-StateImport-20260831/kingdom_timeseries.csv","751151","2026-08-31T06:52:06.5114326Z","DA396FB07D39248F6BD96E1E00A156AE1B57EA07D4329D9231551AE6D5FFE3B8"
"FormalAccuracy-v1/Runs/PerAgent-StateImport-20260831/ledger_transactions.jsonl","5751124","2026-08-31T06:52:06.5643856Z","5CB2375256F48E4BDF6D9840EFDE2ABB8E9C35EBA2BB08E64D6BBA772C31EEFD"
"FormalAccuracy-v1/Runs/PerAgent-StateImport-20260831/lod_transitions.jsonl","47512","2026-08-31T06:52:06.5512928Z","090D18888C866F95B07EB239FA0E030D5D877DBE228DFFCF0132E528F45409DE"
"FormalAccuracy-v1/Runs/PerAgent-StateImport-20260831/npc_snapshots.csv","14270","2026-08-31T06:52:06.5143292Z","128DBDD605B8245F58739CEE00421E02B5987906A73D376A2C026E9AFB707370"
"FormalAccuracy-v1/Runs/PerAgent-StateImport-20260831/run_manifest.json","2842","2026-08-31T06:52:06.5653553Z","85CB530D1991C00C0EA974F934FC97A55E5C930561E9AA106A471C3025930F03"
"FormalAccuracy-v1/Runs/PerAgent-StateImport-20260831/simulation_events.jsonl","15741868","2026-08-31T06:52:06.5502922Z","258D22D375827E0B9F6A28695FAD9E7687A5CB853F9CDB6229F85D3BC121291E"
"FormalAccuracy-v1/Runs/PerAgent-StateImport-20260832/cohort_timeseries.csv","574814","2026-08-31T06:48:34.6016692Z","CB6E49390BF6AC35FA3D9F9E35DFF4D9704F73BC91431B6B2F229279DFB31F16"
"FormalAccuracy-v1/Runs/PerAgent-StateImport-20260832/kingdom_timeseries.csv","751127","2026-08-31T06:48:34.6007680Z","97908B19741509B3A46BA5DF0567443982461221D067E96B702E2E0A5D4C9ED8"
"FormalAccuracy-v1/Runs/PerAgent-StateImport-20260832/ledger_transactions.jsonl","5756200","2026-08-31T06:48:34.6572561Z","0B702DF83F3A950D8E44C8AF78AEC1E21D8EB6537A2F8C368143FADB034D2F09"
"FormalAccuracy-v1/Runs/PerAgent-StateImport-20260832/lod_transitions.jsonl","47506","2026-08-31T06:48:34.6436021Z","8A9119E0F111F87F3C0B9539C4CA45B73D90AC9A946D1B2D2D961E9F50C004CD"
"FormalAccuracy-v1/Runs/PerAgent-StateImport-20260832/npc_snapshots.csv","14263","2026-08-31T06:48:34.6026721Z","2061308F55E3C41A41F180BEE61BFED36A8FE301EF05EB13B76B34DA09C5086F"
"FormalAccuracy-v1/Runs/PerAgent-StateImport-20260832/run_manifest.json","2842","2026-08-31T06:48:34.6581727Z","14604DDEA5DFF19706A7E1FBD18418423B67B8EF69108D601870A41851F07040"
"FormalAccuracy-v1/Runs/PerAgent-StateImport-20260832/simulation_events.jsonl","15727908","2026-08-31T06:48:34.6426026Z","6818450DAF83139442179A50D0BACD56964D003BFD0A9146C87AC1CEAE3DCC13"
"FormalAccuracy-v1/Runs/PerAgent-StateImport-20260833/cohort_timeseries.csv","575031","2026-08-31T06:49:50.2524795Z","8FBE1C0C44779967177844C86421FA932BA66DAC6A5FD6A486751E45ECE2ED41"
"FormalAccuracy-v1/Runs/PerAgent-StateImport-20260833/kingdom_timeseries.csv","751151","2026-08-31T06:49:50.2514796Z","DC1FD5EDF9AB93094A07792414604B48770E4D5D6AF95072899C2DEB727253B9"
"FormalAccuracy-v1/Runs/PerAgent-StateImport-20260833/ledger_transactions.jsonl","5754508","2026-08-31T06:49:50.3022516Z","AD5A2D2F2FA1241D6A01EBDD4D90A47BDFB11EF9ACB1A54575759CB9A259F19E"
"FormalAccuracy-v1/Runs/PerAgent-StateImport-20260833/lod_transitions.jsonl","47492","2026-08-31T06:49:50.2887428Z","94ADD1B23BF41EAFC1C0E8D6E623A035A4FF4EFC75D2736198A855D36A35C9D5"
"FormalAccuracy-v1/Runs/PerAgent-StateImport-20260833/npc_snapshots.csv","14261","2026-08-31T06:49:50.2534809Z","BF5CD95407ACAD2870E93B4A9A611774DAEE9A5ABD324DAC8DFB01137B3BAB66"
"FormalAccuracy-v1/Runs/PerAgent-StateImport-20260833/run_manifest.json","2840","2026-08-31T06:49:50.3032542Z","22845428D6CFF2E97423BACBB4525A95A67D2F1F6FF5916C741C9D5512B833FF"
"FormalAccuracy-v1/Runs/PerAgent-StateImport-20260833/simulation_events.jsonl","15732545","2026-08-31T06:49:50.2877331Z","857F9879F40FAAD9E7B4D663D6B6A1F1BDEF28DA028AE9EB3B0303075D753720"
"FormalAccuracy-v1/Runs/PerAgent-StateImport-20260834/cohort_timeseries.csv","580100","2026-08-31T06:54:30.3343307Z","3BAC3E5E8759C3A814645A11D974E60BA9CB71715C55401A80CB6104A336E056"
"FormalAccuracy-v1/Runs/PerAgent-StateImport-20260834/kingdom_timeseries.csv","751103","2026-08-31T06:54:30.3308208Z","B7FA75F641F4F3EC84E08EDA2A46AE4A0196FC99AB13EA883B0F434D42C2C14F"
"FormalAccuracy-v1/Runs/PerAgent-StateImport-20260834/ledger_transactions.jsonl","5756203","2026-08-31T06:54:30.3854639Z","A179414BB5FA64E63D142AA907230768C6AA848545C648524900797259387468"
"FormalAccuracy-v1/Runs/PerAgent-StateImport-20260834/lod_transitions.jsonl","47514","2026-08-31T06:54:30.3715030Z","F60E8F83D1B895B975676E5DF9D5C14A8626E45A9C35505192C7FFA1157031AB"
"FormalAccuracy-v1/Runs/PerAgent-StateImport-20260834/npc_snapshots.csv","14268","2026-08-31T06:54:30.3343307Z","3AA6712851D89F7DBCAA1D89593331F3E403502C304EE9E4EB465DC75A46C631"
"FormalAccuracy-v1/Runs/PerAgent-StateImport-20260834/run_manifest.json","2840","2026-08-31T06:54:30.3865422Z","6F2A234417B9CD8A595F20C25B8113347EEECA6B8AB2D6736B2A98290D82EAF6"
"FormalAccuracy-v1/Runs/PerAgent-StateImport-20260834/simulation_events.jsonl","15727905","2026-08-31T06:54:30.3703331Z","0B8AA97D472E3571035B77E0C412353D3E10719A374157A760A7432CB29A22CE"
"FormalAccuracy-v1/Runs/PerAgent-StateImport-20260835/cohort_timeseries.csv","572677","2026-08-31T06:48:36.6181676Z","128A23406C2920612EAC8E7BFE9E7B43BB1BB206F0613899FA463A5B98EC8149"
"FormalAccuracy-v1/Runs/PerAgent-StateImport-20260835/kingdom_timeseries.csv","751127","2026-08-31T06:48:36.6160186Z","24970A2C8E98A563B036A6856DFAFB3434460EC05AD05F1EDBFEB465A1ADD790"
"FormalAccuracy-v1/Runs/PerAgent-StateImport-20260835/ledger_transactions.jsonl","5757890","2026-08-31T06:48:36.6681031Z","7047ED7CBD503467E7537B0521A1509CE29115101C4E93C0A4D9DE267F30DF8F"
"FormalAccuracy-v1/Runs/PerAgent-StateImport-20260835/lod_transitions.jsonl","47494","2026-08-31T06:48:36.6550991Z","74B29DB790CC839587F13840C5753D38ADFB0B69DC143E74BA0A03F607E37C78"
"FormalAccuracy-v1/Runs/PerAgent-StateImport-20260835/npc_snapshots.csv","14258","2026-08-31T06:48:36.6181676Z","D479820A4A8B075AC804F6AE570D5A9BA66A75EB0D4D3B75FEC85DCD65F5A7D2"
"FormalAccuracy-v1/Runs/PerAgent-StateImport-20260835/run_manifest.json","2843","2026-08-31T06:48:36.6691067Z","7F0D6214E6403E45C425112FDC7B8E22A3A974C0B5B8FF51E8F799B9F18DA498"
"FormalAccuracy-v1/Runs/PerAgent-StateImport-20260835/simulation_events.jsonl","15723254","2026-08-31T06:48:36.6550991Z","839D724A643C9D77AE01ADF61C7EBA1FE0F7927636A66BE78BE9B5E5410FA8BF"
"FormalAccuracy-v1/Runs/PerAgent-StateImport-20260836/cohort_timeseries.csv","575002","2026-08-31T06:42:16.7827604Z","EA270C63EC0EE7CD7008D12EFD04CEE3EF4177AE5663E4831CE9AC5A78B7AE00"
"FormalAccuracy-v1/Runs/PerAgent-StateImport-20260836/kingdom_timeseries.csv","751151","2026-08-31T06:42:16.7818397Z","CCC6B378329860A0F14D29D7904E383CBF6A415D38D5B0CC5AC2F95FA80A0D30"
"FormalAccuracy-v1/Runs/PerAgent-StateImport-20260836/ledger_transactions.jsonl","5757042","2026-08-31T06:42:16.8320333Z","B9F9F4FA422F7F43EFD97BCD66D84E17586B9499D843AB50568E1D6C2E813307"
"FormalAccuracy-v1/Runs/PerAgent-StateImport-20260836/lod_transitions.jsonl","47502","2026-08-31T06:42:16.8184398Z","E9AD6F17D156375E2EC62D5C5F3E71A361B1902AD7EEF95F0CEA9B716A9B61FF"
"FormalAccuracy-v1/Runs/PerAgent-StateImport-20260836/npc_snapshots.csv","14266","2026-08-31T06:42:16.7837603Z","E2A7D773D5FEB1DB7460AD2B6AE6BEC28D0CE903C8A82C59EC75D43053EAE0CF"
"FormalAccuracy-v1/Runs/PerAgent-StateImport-20260836/run_manifest.json","2838","2026-08-31T06:42:16.8329817Z","5B3D348C906A1168C5DA9AD0EB2B7F6BAD3CF3225A7ED681293CF53DCB902853"
"FormalAccuracy-v1/Runs/PerAgent-StateImport-20260836/simulation_events.jsonl","15725589","2026-08-31T06:42:16.8184398Z","A1E773C5A5E2AF6AA6A949AD9DA4F1E0F448BBC0CF0CE6A191503C5B828A12EE"
"FormalAccuracy-v1/Runs/PerAgent-StateImport-20260837/cohort_timeseries.csv","569939","2026-08-31T06:42:44.2684731Z","3164231FE04A04241FD3CEF1240B0E47D207ECAE7CEDB9AB4F7F616CB4222E97"
"FormalAccuracy-v1/Runs/PerAgent-StateImport-20260837/kingdom_timeseries.csv","751103","2026-08-31T06:42:44.2664918Z","2C28F43D41282FC93DCACE13A62C28E307FFAE0D743B17272D0FAF00D13CBC6F"
"FormalAccuracy-v1/Runs/PerAgent-StateImport-20260837/ledger_transactions.jsonl","5757892","2026-08-31T06:42:44.3184955Z","62C608EAE2C95952749769710B8AE16E0234EF6E46F30569FADC069B71D92C72"
"FormalAccuracy-v1/Runs/PerAgent-StateImport-20260837/lod_transitions.jsonl","47516","2026-08-31T06:42:44.3054979Z","66CE93230BF67BD204D5B573BB730C35BCB6AC2DE48C06702787793AB5B24167"
"FormalAccuracy-v1/Runs/PerAgent-StateImport-20260837/npc_snapshots.csv","14269","2026-08-31T06:42:44.2684731Z","01EDAA06C6F61D375F28F41A0AE03BCADE24E1085F47FA4C2BF2DDFFFD6E080F"
"FormalAccuracy-v1/Runs/PerAgent-StateImport-20260837/run_manifest.json","2842","2026-08-31T06:42:44.3184955Z","2D2038F7FF6277A29E539A5227E7A945F184DB9FAFABB50FF2621FAB037C2351"
"FormalAccuracy-v1/Runs/PerAgent-StateImport-20260837/simulation_events.jsonl","15723250","2026-08-31T06:42:44.3044918Z","464E87BF6F4406E5C9E2EAA841CCF38E1260666E14E34B948578FA3AAA016CC2"
"FormalAccuracy-v1/Runs/PerAgent-StateImport-20260838/cohort_timeseries.csv","579102","2026-08-31T06:49:37.6899041Z","B1C584E55F57643116FA76D17E266453CCE93E364A4F30664539918483EE4EB9"
"FormalAccuracy-v1/Runs/PerAgent-StateImport-20260838/kingdom_timeseries.csv","751151","2026-08-31T06:49:37.6879061Z","0EAC6A12D89E31D11AEBDB1C11F060065B91C7B151F998317E58C9D102ED27BB"
"FormalAccuracy-v1/Runs/PerAgent-StateImport-20260838/ledger_transactions.jsonl","5753662","2026-08-31T06:49:37.7382760Z","8BEC6EBBDFED83B8B89A1B37D496194E09996DD7733043C464D1C6C6DC487839"
"FormalAccuracy-v1/Runs/PerAgent-StateImport-20260838/lod_transitions.jsonl","47520","2026-08-31T06:49:37.7263012Z","2AD74715FD660EF2A57E0339F2B81A8198464936BD4743F2855F52BD0463D4DC"
"FormalAccuracy-v1/Runs/PerAgent-StateImport-20260838/npc_snapshots.csv","14276","2026-08-31T06:49:37.6899041Z","68FDF018711BE5853EA8D360DE7674081D629F760BA0B1ADE0B4AC6A4B172823"
"FormalAccuracy-v1/Runs/PerAgent-StateImport-20260838/run_manifest.json","2843","2026-08-31T06:49:37.7382760Z","033DFE61D995E1FE2900345B4468848ACA3CFD4A783ACE45E1802D1E0411EE6C"
"FormalAccuracy-v1/Runs/PerAgent-StateImport-20260838/simulation_events.jsonl","15734876","2026-08-31T06:49:37.7242787Z","EFF73D85E08E169211106D1890DBC64824A237A5188DE40A71DC7CC4727E373F"
"FormalAccuracy-v1/Runs/PerAgent-StateImport-20260839/cohort_timeseries.csv","573966","2026-08-31T06:41:53.1021259Z","A6D8DAA5AC545EF1736C06B50CCD4ADB76DBBB8C8337BBA549303437BBD6060F"
"FormalAccuracy-v1/Runs/PerAgent-StateImport-20260839/kingdom_timeseries.csv","751103","2026-08-31T06:41:53.1001262Z","B6FD3BC2195D689D103C19E40C90A84AC0707415C2FA54E69F906FEC3D67ADC4"
"FormalAccuracy-v1/Runs/PerAgent-StateImport-20260839/ledger_transactions.jsonl","5758734","2026-08-31T06:41:53.1544325Z","E00F085443CF6FDC6A8CF5EF4167796654A92DE5F89809F9D9023BEBDECFB623"
"FormalAccuracy-v1/Runs/PerAgent-StateImport-20260839/lod_transitions.jsonl","47476","2026-08-31T06:41:53.1414277Z","9D178BBD49818F813EF4716AE5170E5F0CC4DD5D37238A9ECA71E1A8A96B9564"
"FormalAccuracy-v1/Runs/PerAgent-StateImport-20260839/npc_snapshots.csv","14256","2026-08-31T06:41:53.1021259Z","8BC7A972DFCA8A9E266A4FEE9814D86EA8DEC855C3EACE0DB1407293D2A3CA8C"
"FormalAccuracy-v1/Runs/PerAgent-StateImport-20260839/run_manifest.json","2842","2026-08-31T06:41:53.1544325Z","B1C8E8BC298255F5539AC6B1BC502FBEBF1014323EFC12AE845F654FE79E9FFF"
"FormalAccuracy-v1/Runs/PerAgent-StateImport-20260839/simulation_events.jsonl","15720929","2026-08-31T06:41:53.1391918Z","CF953EEEDAD6BE24543391124BA26BC158AA61AE5ED28744C31508C3FA69593D"
"FormalAccuracy-v1/Runs/PerAgent-StateImport-20260840/cohort_timeseries.csv","569035","2026-08-31T06:52:19.2565718Z","25FC96AD523D7D2EEBDF203DC0056A269B22F7037BCDC351912A3305BBF74230"
"FormalAccuracy-v1/Runs/PerAgent-StateImport-20260840/kingdom_timeseries.csv","751103","2026-08-31T06:52:19.2545643Z","4B1FAB8B85059C71766A79245890752BFD0AF601457CD15A618AF9BA2B953752"
"FormalAccuracy-v1/Runs/PerAgent-StateImport-20260840/ledger_transactions.jsonl","5756626","2026-08-31T06:52:19.3077149Z","65231BB18466D5F0BFA0F81B1DD2423AB0C6D7C70D6DE9603D205796B2D0221B"
"FormalAccuracy-v1/Runs/PerAgent-StateImport-20260840/lod_transitions.jsonl","47476","2026-08-31T06:52:19.2946028Z","2F9754C3784B71A04C5387136FB53DEC094654297C85738A43EC9F88FCD356B8"
"FormalAccuracy-v1/Runs/PerAgent-StateImport-20260840/npc_snapshots.csv","14246","2026-08-31T06:52:19.2575739Z","6CEC644BDB936785240381D5D79E889CE7F6B1A7CA88C8CBF62095157E11CFF5"
"FormalAccuracy-v1/Runs/PerAgent-StateImport-20260840/run_manifest.json","2839","2026-08-31T06:52:19.3096309Z","0BB533C34609ED7FFB1221ACA1554921AD103034C956A173F21C305B0AC3A81C"
"FormalAccuracy-v1/Runs/PerAgent-StateImport-20260840/simulation_events.jsonl","15726762","2026-08-31T06:52:19.2936033Z","24782F05090EC4856B510327E3D095FEAC017E9A1A90C653CE6CA744A13402FE"
"FormalAccuracy-v1/Runs/PerAgent-StateImport-20260841/cohort_timeseries.csv","576655","2026-08-31T06:51:58.5445682Z","C38783B34DD5B449ACF045F6BFFEAB56A04CA4820AA6447749FBC123DE483AB7"
"FormalAccuracy-v1/Runs/PerAgent-StateImport-20260841/kingdom_timeseries.csv","751103","2026-08-31T06:51:58.5425581Z","7A12524C0B421BA9B82771A72F037BD887F158CF99D64B81E03FB5719DA64743"
"FormalAccuracy-v1/Runs/PerAgent-StateImport-20260841/ledger_transactions.jsonl","5756198","2026-08-31T06:51:58.5953790Z","CEEB93C995433BCEF956221531725DC190AA5B0DBFE87253B133CF9798FE821A"
"FormalAccuracy-v1/Runs/PerAgent-StateImport-20260841/lod_transitions.jsonl","47532","2026-08-31T06:51:58.5826361Z","1AFAAAF81122534B2F8E64B1651182B3E3538692DF26614140E60A2821D27691"
"FormalAccuracy-v1/Runs/PerAgent-StateImport-20260841/npc_snapshots.csv","14286","2026-08-31T06:51:58.5445682Z","9F162851E508B432D82F504E0E8647B597C1F6E5663F97CC608D305331E847D6"
"FormalAccuracy-v1/Runs/PerAgent-StateImport-20260841/run_manifest.json","2843","2026-08-31T06:51:58.5963711Z","160D0AAA9D16958D580CD470322E614FD1CC2E6CDCBEDAC5795E197752FC1E33"
"FormalAccuracy-v1/Runs/PerAgent-StateImport-20260841/simulation_events.jsonl","15727915","2026-08-31T06:51:58.5816384Z","25E59D2A1A68764C55337964AB36A5795918F67E93220107BA43ED6F28EDCA9B"
"FormalAccuracy-v1/Runs/PerAgent-StateImport-20260842/cohort_timeseries.csv","577139","2026-08-31T06:42:45.2614259Z","4780F7017DA0991B50F38C990A4CC7F983CE8C7AADFCF1EBCA289D4287DB7311"
"FormalAccuracy-v1/Runs/PerAgent-StateImport-20260842/kingdom_timeseries.csv","751151","2026-08-31T06:42:45.2585035Z","64E53FABB0C36D6DF71D5D18EF4974ADB688ABFC3AB25C5B3592DF0E08CEB7BB"
"FormalAccuracy-v1/Runs/PerAgent-StateImport-20260842/ledger_transactions.jsonl","5754508","2026-08-31T06:42:45.3139209Z","BD4B381FC6E900355F9CC9A6EBBD7DADE774EDE1C8736FEFC5B7DAF7E8D8FB61"
"FormalAccuracy-v1/Runs/PerAgent-StateImport-20260842/lod_transitions.jsonl","47478","2026-08-31T06:42:45.3008291Z","89D76AB3FCFB07DFA782DCA702B9589B9BDA6E412183627AB2CA82F0F3AD03B5"
"FormalAccuracy-v1/Runs/PerAgent-StateImport-20260842/npc_snapshots.csv","14251","2026-08-31T06:42:45.2614259Z","CF91974C6C766C25A1E9E500046B697AF7FB48608A806EE95A8697E4384BCF3F"
"FormalAccuracy-v1/Runs/PerAgent-StateImport-20260842/run_manifest.json","2842","2026-08-31T06:42:45.3139209Z","295333C53EFC3D00845091D60246B75279634751B81B422EFD8C6539ABCD5900"
"FormalAccuracy-v1/Runs/PerAgent-StateImport-20260842/simulation_events.jsonl","15732549","2026-08-31T06:42:45.2977346Z","FBC223260BA1AA6B6662BC722795DE3AD3B70884BD677CBB5FC59DEC2CC96576"
"FormalAccuracy-v1/Runs/PerAgent-StateImport-20260843/cohort_timeseries.csv","573062","2026-08-31T06:40:53.1208537Z","31738F47672B204B83EBCD70884A36FC1A6011A1D7309488DA3E57081EA34EE1"
"FormalAccuracy-v1/Runs/PerAgent-StateImport-20260843/kingdom_timeseries.csv","751151","2026-08-31T06:40:53.1192569Z","EF07B27FC7CC64EA513F6E98A3930C0D4717DD083C6E5C5DBD21FD974803A9BA"
"FormalAccuracy-v1/Runs/PerAgent-StateImport-20260843/ledger_transactions.jsonl","5757893","2026-08-31T06:40:53.1721965Z","09A507EC7B6D923D02BEBD6792316731B62D4F06F18A1DED5B249BF7A04E3489"
"FormalAccuracy-v1/Runs/PerAgent-StateImport-20260843/lod_transitions.jsonl","47482","2026-08-31T06:40:53.1586893Z","1E7500ACF1B2EC6ED49A1C45CE56064BB10ED0377F2B9AE5677FC8E8DF79588E"
"FormalAccuracy-v1/Runs/PerAgent-StateImport-20260843/npc_snapshots.csv","14252","2026-08-31T06:40:53.1218641Z","3D212CE9A98B45171E7D4F3CF86E117B69086A93AC79D207B948345783127291"
"FormalAccuracy-v1/Runs/PerAgent-StateImport-20260843/run_manifest.json","2840","2026-08-31T06:40:53.1732069Z","7B7172EA687CC6D8F1BBAAC4894B7745EBDFD4F1DD415906C2007BE92DD2F69A"
"FormalAccuracy-v1/Runs/PerAgent-StateImport-20260843/simulation_events.jsonl","15723269","2026-08-31T06:40:53.1576895Z","EF1529D704D65B7012BCC5CFD49114BAE947DD1309533AA022631ECC9853385C"
"FormalAccuracy-v1/Runs/PerAgent-StateImport-20260844/cohort_timeseries.csv","573518","2026-08-31T06:41:40.1539411Z","00A17B2B299276046B911CB3B8FDDD9A1C50DFC748C5863131B1F8BA748888B8"
"FormalAccuracy-v1/Runs/PerAgent-StateImport-20260844/kingdom_timeseries.csv","751151","2026-08-31T06:41:40.1519403Z","2061A130C6378A9BD43980FDC0D878C9548D0B8860245A9C63353789147F31A1"
"FormalAccuracy-v1/Runs/PerAgent-StateImport-20260844/ledger_transactions.jsonl","5752816","2026-08-31T06:41:40.2046821Z","AEB314EEB5CA466A7E381479A3B5437600D097F8034DBC9664A7430D3FE63AF6"
"FormalAccuracy-v1/Runs/PerAgent-StateImport-20260844/lod_transitions.jsonl","47468","2026-08-31T06:41:40.1924676Z","09CC8D7EB0F2D1C1E3CCB16485FAB33E2104938B0E722F29FACA754BB6127C56"
"FormalAccuracy-v1/Runs/PerAgent-StateImport-20260844/npc_snapshots.csv","14248","2026-08-31T06:41:40.1539411Z","8171493C5092CD42F34D43E76E5516983A36078714AC16E2AB9F9E3141C864BB"
"FormalAccuracy-v1/Runs/PerAgent-StateImport-20260844/run_manifest.json","2841","2026-08-31T06:41:40.2046821Z","1399137C644DEDACDFDA7F3D0E4C40F33B5C865F86FB25EDBF2BB8EB594DB44A"
"FormalAccuracy-v1/Runs/PerAgent-StateImport-20260844/simulation_events.jsonl","15737207","2026-08-31T06:41:40.1904678Z","F094EC174C782B53BBAE13259C2E2F68729CBB894A903D7080138C1EDDB1E2BE"
"FormalAccuracy-v1/Runs/Proposed-HarvestCap-20260815/cohort_timeseries.csv","664473","2026-08-31T06:47:44.6680428Z","BBEB2E4F0D07D49ADBBF7EAD3F1B6D8B5BD9B06CEDC3A28E88C5909D02CE8734"
"FormalAccuracy-v1/Runs/Proposed-HarvestCap-20260815/kingdom_timeseries.csv","743713","2026-08-31T06:47:44.6659655Z","0CE19DECC7162CC55452C84A81065355E6E5D5919E5B647CC1BF75300AED2CA6"
"FormalAccuracy-v1/Runs/Proposed-HarvestCap-20260815/ledger_transactions.jsonl","8338524","2026-08-31T06:47:44.6915603Z","B5767172B0CCF77CAA4C9F719114EC85A703F6E316920F14F916B12B57F0CF43"
"FormalAccuracy-v1/Runs/Proposed-HarvestCap-20260815/lod_transitions.jsonl","41091","2026-08-31T06:47:44.6724761Z","9969214F0D09D5017531C60478B2E04B7E8B5CFCC8CDFD4867FE2B4232473375"
"FormalAccuracy-v1/Runs/Proposed-HarvestCap-20260815/npc_snapshots.csv","14172","2026-08-31T06:47:44.6680428Z","16E8D0FA745E15934A1AE18B4F797BFC16929740CBAD4E4560C59F4F0C6DDA26"
"FormalAccuracy-v1/Runs/Proposed-HarvestCap-20260815/run_manifest.json","4121","2026-08-31T06:47:44.6924809Z","6A2F8FC4792BEDC66BDA5CC28652405E1EC9A05E5C2BA05D9D759E7CBD0CA628"
"FormalAccuracy-v1/Runs/Proposed-HarvestCap-20260815/simulation_events.jsonl","1982662","2026-08-31T06:47:44.6724761Z","5437C952753235E51202FBE0EAA0E9D341266D5664F5008DE5C33B2C3A316330"
"FormalAccuracy-v1/Runs/Proposed-HarvestCap-20260816/cohort_timeseries.csv","666425","2026-08-31T06:52:36.1842865Z","7BBD6694EAD164A443DE658B8D8BE73399310D536EDC4814AB11BF56BCDE432C"
"FormalAccuracy-v1/Runs/Proposed-HarvestCap-20260816/kingdom_timeseries.csv","743713","2026-08-31T06:52:36.1822877Z","D2735059164133ECC68BF3D1883954DA8E605BC489567E71199D0719D3D8F725"
"FormalAccuracy-v1/Runs/Proposed-HarvestCap-20260816/ledger_transactions.jsonl","8311761","2026-08-31T06:52:36.2086400Z","AB99CC60D881D9C5FB687B05F1B40B368FD754132222B946BF1AD1895D646A26"
"FormalAccuracy-v1/Runs/Proposed-HarvestCap-20260816/lod_transitions.jsonl","41099","2026-08-31T06:52:36.1897966Z","C8CB476D6F29F617F8F35C60A6EE96F4F4B8A97D94465CCFC22980A0A1932DA7"
"FormalAccuracy-v1/Runs/Proposed-HarvestCap-20260816/npc_snapshots.csv","14155","2026-08-31T06:52:36.1842865Z","63FAB4BE2C5EF0130250B032B7BC8979C267A52B132D14C12400ECBFE7EF378B"
"FormalAccuracy-v1/Runs/Proposed-HarvestCap-20260816/run_manifest.json","4122","2026-08-31T06:52:36.2096426Z","D8043ABD77B18D9400EE7032AD7E3975ECB0BF4F2025A23499E9BFC0307187B1"
"FormalAccuracy-v1/Runs/Proposed-HarvestCap-20260816/simulation_events.jsonl","1990524","2026-08-31T06:52:36.1887958Z","2C12B6D908449A81C8B81BDEA771291150E25DA14092056C783C40D930EE5239"
"FormalAccuracy-v1/Runs/Proposed-HarvestCap-20260817/cohort_timeseries.csv","666061","2026-08-31T06:47:02.7455998Z","F7ABC2F6A289782BE6B1F269788993A0A7C2828CA62D18F99606A5DA0B95FC6C"
"FormalAccuracy-v1/Runs/Proposed-HarvestCap-20260817/kingdom_timeseries.csv","743713","2026-08-31T06:47:02.7436001Z","AFD7BD2422C85947490FCD2291BE9C3BD515A7E48BB19747DF8A57C775B1640F"
"FormalAccuracy-v1/Runs/Proposed-HarvestCap-20260817/ledger_transactions.jsonl","8278114","2026-08-31T06:47:02.7687997Z","BA8258D67662F896D6C49EC75D8EE8A2D16B2B2F69C898C1D24D26AF0F74208F"
"FormalAccuracy-v1/Runs/Proposed-HarvestCap-20260817/lod_transitions.jsonl","41223","2026-08-31T06:47:02.7506009Z","2643CE2ED1B32E5CC1E8F0E6F984B6090D78E8F8DD3841BC62B2558661171811"
"FormalAccuracy-v1/Runs/Proposed-HarvestCap-20260817/npc_snapshots.csv","14155","2026-08-31T06:47:02.7455998Z","ED810550A0B89C526AFFE30D06E1F34145B44F8790187B650751C1E37C45FC28"
"FormalAccuracy-v1/Runs/Proposed-HarvestCap-20260817/run_manifest.json","4119","2026-08-31T06:47:02.7687997Z","7DB486E9A16D400900F9990AAE8B2D8D0209E0D82BCABF845CD3D8E195B4A142"
"FormalAccuracy-v1/Runs/Proposed-HarvestCap-20260817/simulation_events.jsonl","1990868","2026-08-31T06:47:02.7506009Z","440F30BAB4A07107BAFFE8F248C8145E0604BFC2B9D147BF6155E01E87BD8619"
"FormalAccuracy-v1/Runs/Proposed-HarvestCap-20260818/cohort_timeseries.csv","665649","2026-08-31T06:42:03.0234064Z","9935789B73667ACD6245043353910F4E914698A0EB6E1C5DE233BA752DD22476"
"FormalAccuracy-v1/Runs/Proposed-HarvestCap-20260818/kingdom_timeseries.csv","743713","2026-08-31T06:42:03.0215752Z","770BC9859F43F45CA7CEBEE5A94490D3B793DEA1DD855137D782C516A85DC9D4"
"FormalAccuracy-v1/Runs/Proposed-HarvestCap-20260818/ledger_transactions.jsonl","8332460","2026-08-31T06:42:03.0484322Z","D3599753A76F0482F418C93FACC4574439E88834DF4C852EE4DFFB43B91CB6F1"
"FormalAccuracy-v1/Runs/Proposed-HarvestCap-20260818/lod_transitions.jsonl","41095","2026-08-31T06:42:03.0294871Z","92B7FC1967D9E63B898BBC8167CFC14C7BCB2152D59124FC8C3CEA5BFC1DD2D0"
"FormalAccuracy-v1/Runs/Proposed-HarvestCap-20260818/npc_snapshots.csv","14158","2026-08-31T06:42:03.0244076Z","3C1478278554040A970FDA3075FDB911A50F144C63146A22227792838634EE01"
"FormalAccuracy-v1/Runs/Proposed-HarvestCap-20260818/run_manifest.json","4120","2026-08-31T06:42:03.0494256Z","E3177FC9970BD6EF199D9ADB5DCB9EFF425ACC14FB717AC0943E51D944D404C7"
"FormalAccuracy-v1/Runs/Proposed-HarvestCap-20260818/simulation_events.jsonl","1987639","2026-08-31T06:42:03.0294871Z","76B8A09E090485512F943515772773F76EE74E7215D79B5D35076CC6CC8547F6"
"FormalAccuracy-v1/Runs/Proposed-HarvestCap-20260819/cohort_timeseries.csv","667174","2026-08-31T06:53:03.0373223Z","529F1FE05B1DC0F23903EACB9557DC300EF32A48AB1106C0C1D41C0FA2328DB9"
"FormalAccuracy-v1/Runs/Proposed-HarvestCap-20260819/kingdom_timeseries.csv","743713","2026-08-31T06:53:03.0357966Z","8004F75E9FF392BFC237EC677ECF285A67703F0D9D75995E2611845F7B40F915"
"FormalAccuracy-v1/Runs/Proposed-HarvestCap-20260819/ledger_transactions.jsonl","8369689","2026-08-31T06:53:03.0608888Z","BF2914F35A0A7F9996B2CC122693A30FD070EFB10215FDA0790ACCA408646766"
"FormalAccuracy-v1/Runs/Proposed-HarvestCap-20260819/lod_transitions.jsonl","41491","2026-08-31T06:53:03.0424055Z","749917F5F93F61D08AC4D03D3FDCC7BB2BA1E3A232AC169D1EB3CA2F98889CD0"
"FormalAccuracy-v1/Runs/Proposed-HarvestCap-20260819/npc_snapshots.csv","14163","2026-08-31T06:53:03.0373223Z","DC9544A4CECD3DE983DC15FDEE3AF696E85353AE6F3BAE99BFFF182323458E63"
"FormalAccuracy-v1/Runs/Proposed-HarvestCap-20260819/run_manifest.json","4123","2026-08-31T06:53:03.0618897Z","AFF603C4AFDABA2E900C4FEF2AD9C29EB8F866F68BEE3BDB37326686FCC13AFA"
"FormalAccuracy-v1/Runs/Proposed-HarvestCap-20260819/simulation_events.jsonl","1995031","2026-08-31T06:53:03.0424055Z","4A0B5CC0E0D59942A3701727BA6995435DF3F83BC54E006FBEE926AE968FE5D5"
"FormalAccuracy-v1/Runs/Proposed-HarvestCap-20260820/cohort_timeseries.csv","665570","2026-08-31T06:53:30.8877755Z","4A1FC467851D819A49D5F8B2D91DE497F017EB49BAFDC88B4391B71CDD0356D6"
"FormalAccuracy-v1/Runs/Proposed-HarvestCap-20260820/kingdom_timeseries.csv","743713","2026-08-31T06:53:30.8857865Z","1D4EC6440B057106D636B6C8FB9EBC328B9F488859B1C206FF2BB3A61CD329CC"
"FormalAccuracy-v1/Runs/Proposed-HarvestCap-20260820/ledger_transactions.jsonl","8331613","2026-08-31T06:53:30.9123406Z","6E084AC68BF96E3A24D7339EFC1255501BF123772CE56709BD8D5B21961CB71F"
"FormalAccuracy-v1/Runs/Proposed-HarvestCap-20260820/lod_transitions.jsonl","41047","2026-08-31T06:53:30.8927780Z","A0D3D58EAFFA3CA14D3252FE34F60013367EA6A9E7D2448DBFBEFFFDFC0F7D2C"
"FormalAccuracy-v1/Runs/Proposed-HarvestCap-20260820/npc_snapshots.csv","14155","2026-08-31T06:53:30.8877755Z","D97957AA19101643B518D56E0D920790C37473C2DFCC80A9198009194B5A5409"
"FormalAccuracy-v1/Runs/Proposed-HarvestCap-20260820/run_manifest.json","4121","2026-08-31T06:53:30.9133405Z","19F713FC8160E61BF4B7BFD615966983887204D545476B1A186406EFAF923D90"
"FormalAccuracy-v1/Runs/Proposed-HarvestCap-20260820/simulation_events.jsonl","1988089","2026-08-31T06:53:30.8927780Z","6796EA2FD14407B7F1214EB81CEE2EC33020ACFB3B41C27D823B8298CA60141B"
"FormalAccuracy-v1/Runs/Proposed-HarvestCap-20260821/cohort_timeseries.csv","665769","2026-08-31T06:53:14.8669331Z","7A2EDF0CA7995E6A211FB555E9265345AF9D6A7232767A370F7F86141CBCD371"
"FormalAccuracy-v1/Runs/Proposed-HarvestCap-20260821/kingdom_timeseries.csv","743713","2026-08-31T06:53:14.8649330Z","8F98CA4151C6E5DFE7831609EE4145F799EF2EB619AC75B0013CE40812AE9585"
"FormalAccuracy-v1/Runs/Proposed-HarvestCap-20260821/ledger_transactions.jsonl","8352910","2026-08-31T06:53:14.8915148Z","7157AEBA959895B9B5AF194317698622C9114026C3C4EF7215404AF8B95E031B"
"FormalAccuracy-v1/Runs/Proposed-HarvestCap-20260821/lod_transitions.jsonl","41041","2026-08-31T06:53:14.8724443Z","52636868C4EEF6232DF56B398704E3A6D60BA94DC40BC8FF76B883F2D16CBFC3"
"FormalAccuracy-v1/Runs/Proposed-HarvestCap-20260821/npc_snapshots.csv","14151","2026-08-31T06:53:14.8669331Z","D898750CE737EC698CAABC1FCE25059795620356E20E220B9CF6F188B31751CE"
"FormalAccuracy-v1/Runs/Proposed-HarvestCap-20260821/run_manifest.json","4119","2026-08-31T06:53:14.8925221Z","AE99630CAF17BF54B149178FBB356A4B41DE9EC962833BD549608CC219EB9D56"
"FormalAccuracy-v1/Runs/Proposed-HarvestCap-20260821/simulation_events.jsonl","1988266","2026-08-31T06:53:14.8724443Z","5C9A816EE483689B894979DEA3DE1EF1901F8E75E2FEA0B15DDE8B92C3E47810"
"FormalAccuracy-v1/Runs/Proposed-HarvestCap-20260822/cohort_timeseries.csv","665260","2026-08-31T06:50:29.1418477Z","85E0262823BCB455576CED63D067C342D124B187B35954958E1D97A97F3ED2B9"
"FormalAccuracy-v1/Runs/Proposed-HarvestCap-20260822/kingdom_timeseries.csv","743713","2026-08-31T06:50:29.1398406Z","1FF643D70209B34CBB65E4727D1125C4CC499E68D9ED2AB9DA611B403384968B"
"FormalAccuracy-v1/Runs/Proposed-HarvestCap-20260822/ledger_transactions.jsonl","8352198","2026-08-31T06:50:29.1659374Z","C52D7972547CD8D94ABD7CF37F340DF22BA459230BFB3E2B277DC27880DC2801"
"FormalAccuracy-v1/Runs/Proposed-HarvestCap-20260822/lod_transitions.jsonl","41528","2026-08-31T06:50:29.1468802Z","01694910D9E6C10A8AABC701DA91EF91DC42C22671413D54A42EB8441F39BF4D"
"FormalAccuracy-v1/Runs/Proposed-HarvestCap-20260822/npc_snapshots.csv","14175","2026-08-31T06:50:29.1418477Z","FEC954A5D61026D22EA02ECD6C15A9744C895F62612B94B26B490510719EF236"
"FormalAccuracy-v1/Runs/Proposed-HarvestCap-20260822/run_manifest.json","4120","2026-08-31T06:50:29.1669390Z","CF6D4581F7FAC558BDA0FA6569626A0E3C5C0139ACDBEC24DCCD4CC5CDEDA098"
"FormalAccuracy-v1/Runs/Proposed-HarvestCap-20260822/simulation_events.jsonl","1990393","2026-08-31T06:50:29.1459225Z","CA6DCEAFC06F08CF561480753F08CDD5F5EC0D788D88E7A3C9BDB185A010FC0F"
"FormalAccuracy-v1/Runs/Proposed-HarvestCap-20260823/cohort_timeseries.csv","664045","2026-08-31T06:54:16.0169149Z","BDA00BB4F14D41330C51B16D72434E6C880453063998CA05AB48AC57A68124DE"
"FormalAccuracy-v1/Runs/Proposed-HarvestCap-20260823/kingdom_timeseries.csv","743713","2026-08-31T06:54:16.0149138Z","128430EF316F1937B0D453A623C349CEF05C1AD874F61AD24F2384CDA6FD8B0B"
"FormalAccuracy-v1/Runs/Proposed-HarvestCap-20260823/ledger_transactions.jsonl","8353100","2026-08-31T06:54:16.0424804Z","94F67A8B4162D883D66C329D25DC94A27F9509B83D259E1843BD81A175B93BE0"
"FormalAccuracy-v1/Runs/Proposed-HarvestCap-20260823/lod_transitions.jsonl","41379","2026-08-31T06:54:16.0224253Z","A93EB244CFEB1BB76A1757FEE6ADEC131E827FC35443FCB6BA9DCF78AE823171"
"FormalAccuracy-v1/Runs/Proposed-HarvestCap-20260823/npc_snapshots.csv","14165","2026-08-31T06:54:16.0169149Z","0581E137531FFD95911064B30F523AE348020A009B7E3C9FA329B4F6E4B58A87"
"FormalAccuracy-v1/Runs/Proposed-HarvestCap-20260823/run_manifest.json","4121","2026-08-31T06:54:16.0441244Z","E2F363358AD418160E9B6278D2824CDB4E8E1A07498C6FA25B861AE45218EBF6"
"FormalAccuracy-v1/Runs/Proposed-HarvestCap-20260823/simulation_events.jsonl","1985428","2026-08-31T06:54:16.0224253Z","942B34EAEE75A1E30D4DD20C19B16584076AA82B5E9498A90C3A5256E60C6245"
"FormalAccuracy-v1/Runs/Proposed-HarvestCap-20260824/cohort_timeseries.csv","665673","2026-08-31T06:54:09.8569432Z","29456645406444E166F4244530BE94BC5CD10774B5175E8F38E02F723FA5FC59"
"FormalAccuracy-v1/Runs/Proposed-HarvestCap-20260824/kingdom_timeseries.csv","743713","2026-08-31T06:54:09.8549368Z","2EC5433FCE493070EA9F4356C92BE7D3D3C6F1706948592E49B5FAF8CD255F94"
"FormalAccuracy-v1/Runs/Proposed-HarvestCap-20260824/ledger_transactions.jsonl","8319524","2026-08-31T06:54:09.8816537Z","355958CA3723CC80FB233D88B54EEFCA163A211B5A5197ECDBEF3B6B4F258878"
"FormalAccuracy-v1/Runs/Proposed-HarvestCap-20260824/lod_transitions.jsonl","41041","2026-08-31T06:54:09.8629417Z","DC7680A9823B7DF572F74907FE70261EF20BCF7248DA38C20E5C351063721E14"
"FormalAccuracy-v1/Runs/Proposed-HarvestCap-20260824/npc_snapshots.csv","14162","2026-08-31T06:54:09.8569432Z","77DD6198948C4FCE6844AFD6365E60D6D8183D996C3E4CF711725BB9491B4A81"
"FormalAccuracy-v1/Runs/Proposed-HarvestCap-20260824/run_manifest.json","4122","2026-08-31T06:54:09.8825701Z","FB7F9C523C48DD88B30702434251818BB3ECB690D0E1DA761CD30ECBDAA0CFA4"
"FormalAccuracy-v1/Runs/Proposed-HarvestCap-20260824/simulation_events.jsonl","1987399","2026-08-31T06:54:09.8620458Z","A55C35E2ABB74EBEEEDFA1C1725721350EB5EE30BAEAC22F8DAC82FAC47051B7"
"FormalAccuracy-v1/Runs/Proposed-HarvestCap-20260825/cohort_timeseries.csv","666257","2026-08-31T06:52:25.1866434Z","7E689515960F59B8356EE76952C9E9C3A6ABB6D8F7A48B3FD2520CCEB5D7EA56"
"FormalAccuracy-v1/Runs/Proposed-HarvestCap-20260825/kingdom_timeseries.csv","743713","2026-08-31T06:52:25.1845562Z","5FD150DE63D3FE7335399779044E18465BF4AE6716FDF3EB55A84CFA90B158E3"
"FormalAccuracy-v1/Runs/Proposed-HarvestCap-20260825/ledger_transactions.jsonl","8335468","2026-08-31T06:52:25.2090798Z","8BDE3453424DCFCA2D388D6A87F37AEB2D316D8F61C606FEE66417EB9CFA2589"
"FormalAccuracy-v1/Runs/Proposed-HarvestCap-20260825/lod_transitions.jsonl","41051","2026-08-31T06:52:25.1915570Z","4109A52FB5D65BCDD722B23CEDF3258C26A1FF8B0E1ACE88180086A83C871B56"
"FormalAccuracy-v1/Runs/Proposed-HarvestCap-20260825/npc_snapshots.csv","14153","2026-08-31T06:52:25.1866434Z","D2F9D79FA51E5E338A4D3E303D99EC7EF1AA66EECAA4071695996F15E8BCAF64"
"FormalAccuracy-v1/Runs/Proposed-HarvestCap-20260825/run_manifest.json","4120","2026-08-31T06:52:25.2100849Z","6E47914241E31198AAD0E0D157461EB13298142F4E3388BF059FD006952F0BC7"
"FormalAccuracy-v1/Runs/Proposed-HarvestCap-20260825/simulation_events.jsonl","1989719","2026-08-31T06:52:25.1915570Z","E60F3BC7462F2861A5D8F2A7E2A370EDC0DE96F00CED9E3E92089476FC7F8858"
"FormalAccuracy-v1/Runs/Proposed-HarvestCap-20260826/cohort_timeseries.csv","665599","2026-08-31T06:44:08.1611470Z","F694D80602395418B2DD089B494001CF6119DB85251908F90EC375F83A0A7065"
"FormalAccuracy-v1/Runs/Proposed-HarvestCap-20260826/kingdom_timeseries.csv","743713","2026-08-31T06:44:08.1590629Z","DBA065F1853E78A35F26149161B4757EA68C684B1DEA104D32F7D0AB63B93595"
"FormalAccuracy-v1/Runs/Proposed-HarvestCap-20260826/ledger_transactions.jsonl","8354881","2026-08-31T06:44:08.1850773Z","E6C715A25F3F77A3360751B99D8EF62F18613251A7843D20F072AB0014786FB1"
"FormalAccuracy-v1/Runs/Proposed-HarvestCap-20260826/lod_transitions.jsonl","41318","2026-08-31T06:44:08.1661478Z","261161BF8A3734063CCB16A03CD616B2FB9EE61B94C7A093B7856117962B2ABE"
"FormalAccuracy-v1/Runs/Proposed-HarvestCap-20260826/npc_snapshots.csv","14180","2026-08-31T06:44:08.1611470Z","D8C6F25293FF074191DCA03AE8E6729CF65DBF01ABA96027CA97AE43574AB396"
"FormalAccuracy-v1/Runs/Proposed-HarvestCap-20260826/run_manifest.json","4121","2026-08-31T06:44:08.1860813Z","8043ED0C63F85FB7A2A85F617CA46DDB404D9DF5667DE2869BAAB19BB33FDD2C"
"FormalAccuracy-v1/Runs/Proposed-HarvestCap-20260826/simulation_events.jsonl","1989357","2026-08-31T06:44:08.1661478Z","2C92C3734DDD2CF295752D7FFB3943825244028F7E3775DD3EAD1C56630DB19E"
"FormalAccuracy-v1/Runs/Proposed-HarvestCap-20260827/cohort_timeseries.csv","666472","2026-08-31T06:53:20.3167114Z","4FBC3A4609D1E1E6D69493C46ABE43F4584B59BD7FDE2C872CD4449B49D7CE9D"
"FormalAccuracy-v1/Runs/Proposed-HarvestCap-20260827/kingdom_timeseries.csv","743713","2026-08-31T06:53:20.3157965Z","4F7C6A2A8D4E7DF59F18ACCD3821E78551D00AE4E72598F901DC611DA852AC1D"
"FormalAccuracy-v1/Runs/Proposed-HarvestCap-20260827/ledger_transactions.jsonl","8343525","2026-08-31T06:53:20.3431674Z","6DB762EFA4AF29283B958D04722ED7A5DF195B3C470FF05B8B4F6284694A0190"
"FormalAccuracy-v1/Runs/Proposed-HarvestCap-20260827/lod_transitions.jsonl","41608","2026-08-31T06:53:20.3233437Z","4ECF25922951DBBCB0FC133D1D144EA756BF7DF389F4577D9B9DB1E72BE012F7"
"FormalAccuracy-v1/Runs/Proposed-HarvestCap-20260827/npc_snapshots.csv","14182","2026-08-31T06:53:20.3177095Z","68CD8F119BD262D114D6831362AE5D7DAE22D96EEFB873F4CAA2B17D1F8238F4"
"FormalAccuracy-v1/Runs/Proposed-HarvestCap-20260827/run_manifest.json","4122","2026-08-31T06:53:20.3440824Z","8336743D0C436B8004A6C50EE952F4484A3EA678B91F6DB5EE5BFC1E49237C77"
"FormalAccuracy-v1/Runs/Proposed-HarvestCap-20260827/simulation_events.jsonl","1995673","2026-08-31T06:53:20.3223122Z","CD5EAE6CFE360EB4DDF512595B0F8EF0C4AC5308480150AB68A9A84A4AD74F19"
"FormalAccuracy-v1/Runs/Proposed-HarvestCap-20260828/cohort_timeseries.csv","666450","2026-08-31T06:54:36.8818164Z","5E9ACBBDA1B886CB351EE3E817C7ED4730FF25039D65DAEB35DFF1785F74275F"
"FormalAccuracy-v1/Runs/Proposed-HarvestCap-20260828/kingdom_timeseries.csv","743713","2026-08-31T06:54:36.8803953Z","DEF5BC154F3F62FC1E6097E2821434E4B7377CFD249F63F29DBC9B500AC6FA45"
"FormalAccuracy-v1/Runs/Proposed-HarvestCap-20260828/ledger_transactions.jsonl","8324335","2026-08-31T06:54:36.9063295Z","3C329F98F0F66788B447E58D2255FC86B37AFEBB9DAB2EA6AB571E775E87EE67"
"FormalAccuracy-v1/Runs/Proposed-HarvestCap-20260828/lod_transitions.jsonl","41291","2026-08-31T06:54:36.8878188Z","67F7B61FD535C6A8876FF6914A15081A308658259E4AB9ED398C9B7B5465DBA3"
"FormalAccuracy-v1/Runs/Proposed-HarvestCap-20260828/npc_snapshots.csv","14164","2026-08-31T06:54:36.8818164Z","47B620C66AFB5E34928268042B560485373FA7C6DAD248F692E755E1FE7C0C02"
"FormalAccuracy-v1/Runs/Proposed-HarvestCap-20260828/run_manifest.json","4122","2026-08-31T06:54:36.9073371Z","7DF5737D1F04DA2BE23F253DDD27F99DC3AB9D46E9A46097653613388BF12AB4"
"FormalAccuracy-v1/Runs/Proposed-HarvestCap-20260828/simulation_events.jsonl","1991726","2026-08-31T06:54:36.8868171Z","D39CC4DB364F1715BD845420A74A39C60D5ED743D3704A11EBF5BE38FD2AE69D"
"FormalAccuracy-v1/Runs/Proposed-HarvestCap-20260829/cohort_timeseries.csv","667182","2026-08-31T06:46:14.8126579Z","0513886E4D6ED6EA35CBF02C2233162EFFEE22440C8827E61F1D1014B758E5F5"
"FormalAccuracy-v1/Runs/Proposed-HarvestCap-20260829/kingdom_timeseries.csv","743713","2026-08-31T06:46:14.8117358Z","AD5061D09435B35D4264E129375B73C4F4D625658E1B56B14C0363CBAE29E33B"
"FormalAccuracy-v1/Runs/Proposed-HarvestCap-20260829/ledger_transactions.jsonl","8309730","2026-08-31T06:46:14.8379114Z","5B994C3273CB5AA2EA9A03BC75DD30FE8D78753CBE8A71583642E3B572CF889B"
"FormalAccuracy-v1/Runs/Proposed-HarvestCap-20260829/lod_transitions.jsonl","41219","2026-08-31T06:46:14.8176569Z","11F11C9063760E554E0E32C8216B8DD28F716673F9BDFDB0664A8F66CBAD4FF0"
"FormalAccuracy-v1/Runs/Proposed-HarvestCap-20260829/npc_snapshots.csv","14152","2026-08-31T06:46:14.8136571Z","5D30C3151E28E18B80784C65D6ABBF43E8C96B79761829335CD43D0DB214231C"
"FormalAccuracy-v1/Runs/Proposed-HarvestCap-20260829/run_manifest.json","4122","2026-08-31T06:46:14.8388775Z","6EE1CB814073185AE17B48BD70D3B57FC8FBE1BB265D8F0F0796132E718ADB65"
"FormalAccuracy-v1/Runs/Proposed-HarvestCap-20260829/simulation_events.jsonl","1992668","2026-08-31T06:46:14.8176569Z","392A46F76E2E3FE0A2FE8EF39D5FBF4AA6D3B8696D40112F2488DAA4F7E045D6"
"FormalAccuracy-v1/Runs/Proposed-HarvestCap-20260830/cohort_timeseries.csv","667232","2026-08-31T06:49:34.5658350Z","16C240B04E465382269EADFAE0DAA33F7EA559FA5D7A603186CDE068E5561D23"
"FormalAccuracy-v1/Runs/Proposed-HarvestCap-20260830/kingdom_timeseries.csv","743713","2026-08-31T06:49:34.5648358Z","2E41F00A0971610CF730E7C768ABCD1325F24FFE97D5163135EFE7605022E8D0"
"FormalAccuracy-v1/Runs/Proposed-HarvestCap-20260830/ledger_transactions.jsonl","8321319","2026-08-31T06:49:34.5903499Z","20E09205CDC889ADEC3EA0E8797C5630B489BA401DF4841FF362A24456B5271F"
"FormalAccuracy-v1/Runs/Proposed-HarvestCap-20260830/lod_transitions.jsonl","41374","2026-08-31T06:49:34.5723556Z","912B9EB557C15839079B4F12A470C8F81EC6827E38531230E0A13D70838E20E1"
"FormalAccuracy-v1/Runs/Proposed-HarvestCap-20260830/npc_snapshots.csv","14157","2026-08-31T06:49:34.5668346Z","BD9ECDAD3FA008865D68061117662AD52A11C296D220BB965FBCA4302493F2B6"
"FormalAccuracy-v1/Runs/Proposed-HarvestCap-20260830/run_manifest.json","4119","2026-08-31T06:49:34.5918590Z","EE5C43E08918E806AC433644394758033E88A61B3A7CCF2B2C6051A29366831C"
"FormalAccuracy-v1/Runs/Proposed-HarvestCap-20260830/simulation_events.jsonl","1995033","2026-08-31T06:49:34.5713497Z","2A7F9BE802C054E585D7B5A655662FA8DA68BA3475F061FC193B02E783915BC0"
"FormalAccuracy-v1/Runs/Proposed-HarvestCap-20260831/cohort_timeseries.csv","664793","2026-08-31T06:43:16.7789974Z","9E1C33593DA3A161CD271D6168ABABF3F923F227671DA6F3E925107A45AFF609"
"FormalAccuracy-v1/Runs/Proposed-HarvestCap-20260831/kingdom_timeseries.csv","743713","2026-08-31T06:43:16.7769974Z","781CD6E75E7F5288FD17DA53EA72669A619D57B25228D76AF2616A6E57BE265D"
"FormalAccuracy-v1/Runs/Proposed-HarvestCap-20260831/ledger_transactions.jsonl","8348583","2026-08-31T06:43:16.8025082Z","091759AD10F9F4A76FAA134E325DC46B5F89E084AB918ED080F7BDB2043F9DB1"
"FormalAccuracy-v1/Runs/Proposed-HarvestCap-20260831/lod_transitions.jsonl","41279","2026-08-31T06:43:16.7839973Z","3FC57DFFC5DFF93BE6CBB5B06AA6AF154296064DAE068EECE5F3E2CB1C5259CD"
"FormalAccuracy-v1/Runs/Proposed-HarvestCap-20260831/npc_snapshots.csv","14170","2026-08-31T06:43:16.7789974Z","8CF31078758B92E7B86F2D2CC583DCEE7005203222A3CDD400260A042694057D"
"FormalAccuracy-v1/Runs/Proposed-HarvestCap-20260831/run_manifest.json","4122","2026-08-31T06:43:16.8035110Z","FE75A702263DE057359FE3462716B0E7280CB2C94FDD8F09A01972217D3DB52D"
"FormalAccuracy-v1/Runs/Proposed-HarvestCap-20260831/simulation_events.jsonl","1986138","2026-08-31T06:43:16.7829969Z","5791E2F459CC2236220C1968C1196E4842B4F26C5EB9F9A7321782658AA3D9E6"
"FormalAccuracy-v1/Runs/Proposed-HarvestCap-20260832/cohort_timeseries.csv","666437","2026-08-31T06:50:11.5310584Z","B77AB9C0B18EE0C188066785BB5182DB1F165A78B68DA49200B7BF397AC0BB0B"
"FormalAccuracy-v1/Runs/Proposed-HarvestCap-20260832/kingdom_timeseries.csv","743713","2026-08-31T06:50:11.5290342Z","D90F087B7B933911417605BF56AF3021ECA8DEEA74C417B1171B5A9D01028ACE"
"FormalAccuracy-v1/Runs/Proposed-HarvestCap-20260832/ledger_transactions.jsonl","8342632","2026-08-31T06:50:11.5565558Z","3D243A505A7E850FD90649A64A832C69701396A6FD8BC1B54D34C16F7278EE5C"
"FormalAccuracy-v1/Runs/Proposed-HarvestCap-20260832/lod_transitions.jsonl","41193","2026-08-31T06:50:11.5365426Z","0296B813E299AD71429EA6F1673407C1E018E2423013C9EA8A02CF2D163E03CA"
"FormalAccuracy-v1/Runs/Proposed-HarvestCap-20260832/npc_snapshots.csv","14159","2026-08-31T06:50:11.5310584Z","E2B9738BE7A7291B910FACCEE5DFC61F3E70592CF2EE3A1C0ED4DE60E7FB3AF6"
"FormalAccuracy-v1/Runs/Proposed-HarvestCap-20260832/run_manifest.json","4121","2026-08-31T06:50:11.5575558Z","C2637773287F1EBEAACD6C430B019D30797D7E90C364BE4398F39116F4C4F226"
"FormalAccuracy-v1/Runs/Proposed-HarvestCap-20260832/simulation_events.jsonl","1991575","2026-08-31T06:50:11.5355413Z","9D324B410078815555CD570D45708A89078108267F2FEB9CBF263AB356B7B0EB"
"FormalAccuracy-v1/Runs/Proposed-HarvestCap-20260833/cohort_timeseries.csv","666525","2026-08-31T06:44:39.6643645Z","887E4EE51E9F8C28986A490F3488FEAAA81031F8585CE7FC09ECE2A16A037612"
"FormalAccuracy-v1/Runs/Proposed-HarvestCap-20260833/kingdom_timeseries.csv","743713","2026-08-31T06:44:39.6613651Z","25D88766AABD68A3DD906237C01210A6A87C56C9177F92417B1F2D2749D63245"
"FormalAccuracy-v1/Runs/Proposed-HarvestCap-20260833/ledger_transactions.jsonl","8349207","2026-08-31T06:44:39.6880327Z","16C39A932371534837041BEA91004125EE210773E73E18F766562B58AF315359"
"FormalAccuracy-v1/Runs/Proposed-HarvestCap-20260833/lod_transitions.jsonl","41095","2026-08-31T06:44:39.6693648Z","76E3058C24C784E193C15474E87453B91093D2C414642940DDE6E5B047A7D8E5"
"FormalAccuracy-v1/Runs/Proposed-HarvestCap-20260833/npc_snapshots.csv","14151","2026-08-31T06:44:39.6643645Z","6C0D347F25E63E1858D614C2F31E7A3C2ADD8054A96C8CEB9CD329975D3FC4BF"
"FormalAccuracy-v1/Runs/Proposed-HarvestCap-20260833/run_manifest.json","4122","2026-08-31T06:44:39.6880327Z","AC8D9412568D90FD8DC5C52764CF6E6DB357AD49D6EA3A694F3BCEBB505F4B49"
"FormalAccuracy-v1/Runs/Proposed-HarvestCap-20260833/simulation_events.jsonl","1991392","2026-08-31T06:44:39.6683647Z","272D1C9CD219959022AA9A877A054679609F1F367DA1A23F686A5B0206DEEBB1"
"FormalAccuracy-v1/Runs/Proposed-HarvestCap-20260834/cohort_timeseries.csv","665079","2026-08-31T06:40:45.8575234Z","5E64F8512FDEDBDC9258ECF17651A548CE7B1EB35EF98133F0BE353BB4B58887"
"FormalAccuracy-v1/Runs/Proposed-HarvestCap-20260834/kingdom_timeseries.csv","743713","2026-08-31T06:40:45.8565308Z","6EEA94C0C54F33BC46C14FC3093C48C9F9C16BF8A6B8819001750A91725188AC"
"FormalAccuracy-v1/Runs/Proposed-HarvestCap-20260834/ledger_transactions.jsonl","8339076","2026-08-31T06:40:45.8841228Z","9D37125C2B0D335C6B1B5E12E8F232EA7BADEC8A886025BA3B06927EDFDFD1F0"
"FormalAccuracy-v1/Runs/Proposed-HarvestCap-20260834/lod_transitions.jsonl","41277","2026-08-31T06:40:45.8645226Z","D273BEF39D1EDF4ECE26F8F639D5B06C4198A38C937D712618BD4914937E9F9A"
"FormalAccuracy-v1/Runs/Proposed-HarvestCap-20260834/npc_snapshots.csv","14163","2026-08-31T06:40:45.8586068Z","CDF975157C169D94C436EE1790CFC6877443937BB5845BC4B686E1CD334B1A4C"
"FormalAccuracy-v1/Runs/Proposed-HarvestCap-20260834/run_manifest.json","4118","2026-08-31T06:40:45.8851338Z","5AA0B6D1F48EF9384BFB1648D30226648F413C328B21F4FD9F809A3B4C4AB40E"
"FormalAccuracy-v1/Runs/Proposed-HarvestCap-20260834/simulation_events.jsonl","1988242","2026-08-31T06:40:45.8635218Z","1B89AD8FD91245AE3D95142D3DED1A3476BAAC7F5350BF4641E6693734628FEC"
"FormalAccuracy-v1/Runs/Proposed-HarvestCap-20260835/cohort_timeseries.csv","665914","2026-08-31T06:42:56.7963569Z","EF76B328ED7753922E88F94C835D7250E781E2972AA76103495E247873F104D0"
"FormalAccuracy-v1/Runs/Proposed-HarvestCap-20260835/kingdom_timeseries.csv","743713","2026-08-31T06:42:56.7943578Z","CEE108B5FA943D50A1267D86645641AC903AE432707334CCA5FF4142FAB8EFC1"
"FormalAccuracy-v1/Runs/Proposed-HarvestCap-20260835/ledger_transactions.jsonl","8310524","2026-08-31T06:42:56.8193623Z","EB210F9D6F9CF62C82CFB62FC30C016782ECFB826A7AE6B85CB1D1160802B3D0"
"FormalAccuracy-v1/Runs/Proposed-HarvestCap-20260835/lod_transitions.jsonl","41097","2026-08-31T06:42:56.8013582Z","90C4D4067F2FE5CBBC23BBED2E614EAE866A20A4A48C71B6497FCF8A242C5CEF"
"FormalAccuracy-v1/Runs/Proposed-HarvestCap-20260835/npc_snapshots.csv","14164","2026-08-31T06:42:56.7963569Z","8CF5C4A97AD693C8E859734DD96CB969967E68058703870D39373F60E1B109F6"
"FormalAccuracy-v1/Runs/Proposed-HarvestCap-20260835/run_manifest.json","4120","2026-08-31T06:42:56.8203609Z","85369C884AB997EEBCECA92540D6DEDE79A056C0C5526BB855342A058A61AABE"
"FormalAccuracy-v1/Runs/Proposed-HarvestCap-20260835/simulation_events.jsonl","1988213","2026-08-31T06:42:56.8013582Z","0AA71CFD4226F2B54B36F685CB7F301353AC4A870ED7EF825365779C1E9058D5"
"FormalAccuracy-v1/Runs/Proposed-HarvestCap-20260836/cohort_timeseries.csv","665462","2026-08-31T06:50:50.8775787Z","3C41D0FCAB7BEC2ECD5C9D6C50913512F1F4D8D2D8D02FDCA6A2E68FDCADCC40"
"FormalAccuracy-v1/Runs/Proposed-HarvestCap-20260836/kingdom_timeseries.csv","743713","2026-08-31T06:50:50.8756094Z","8245A542303D889917A62CF9A45C4DA27EC1F0B0EEB10F6110118D533D52D354"
"FormalAccuracy-v1/Runs/Proposed-HarvestCap-20260836/ledger_transactions.jsonl","8353453","2026-08-31T06:50:50.9020897Z","19110C9CDD37588B0058D549B6FF3708AE5269D237E664DB2F61A7C2B3760644"
"FormalAccuracy-v1/Runs/Proposed-HarvestCap-20260836/lod_transitions.jsonl","41143","2026-08-31T06:50:50.8840847Z","B5896E0AD68EE5F2F04D9395AEB4DDEDC66B9889992D821A598FF5BBC27FC9E4"
"FormalAccuracy-v1/Runs/Proposed-HarvestCap-20260836/npc_snapshots.csv","14155","2026-08-31T06:50:50.8775787Z","75E972532EEB3C25C0DAE5DF8ADBE83B6A7FAF1BDC9B7E67B56B8D6C4E8726E3"
"FormalAccuracy-v1/Runs/Proposed-HarvestCap-20260836/run_manifest.json","4121","2026-08-31T06:50:50.9030898Z","409D6C7301FDBC3ED07290DF11E5E7E59986D7FA167D221F3B3BEDEC9CF4DBCB"
"FormalAccuracy-v1/Runs/Proposed-HarvestCap-20260836/simulation_events.jsonl","1988859","2026-08-31T06:50:50.8825787Z","14CEAE0DCFF866E74909ADF5AB94B18EAC068331DB7C14F9518A60AF97C953B3"
"FormalAccuracy-v1/Runs/Proposed-HarvestCap-20260837/cohort_timeseries.csv","666447","2026-08-31T06:41:06.7482174Z","D5FAB1611A8A135F4942929822A1F7878ABF8A923064798E28A8A996792EA1DD"
"FormalAccuracy-v1/Runs/Proposed-HarvestCap-20260837/kingdom_timeseries.csv","743713","2026-08-31T06:41:06.7461588Z","B3FB081B4BFFBD46AC4C6FF3081D5B1C8F47761DF0A60855D0A4794E34D0DE4C"
"FormalAccuracy-v1/Runs/Proposed-HarvestCap-20260837/ledger_transactions.jsonl","8330360","2026-08-31T06:41:06.7728123Z","9F789402A2F376A1F68BDA5B967C4793BE79765A2A3A19225F8D6D655FDFFEB0"
"FormalAccuracy-v1/Runs/Proposed-HarvestCap-20260837/lod_transitions.jsonl","41235","2026-08-31T06:41:06.7542168Z","08C76801E8F64EFE1B535DE8D2F7682F6ECBC6C33209CF92F975005AE6AA7644"
"FormalAccuracy-v1/Runs/Proposed-HarvestCap-20260837/npc_snapshots.csv","14154","2026-08-31T06:41:06.7482174Z","9FDB0392BE3A7EE2C161C6366484DA00893AB2388FC991DE5F5A2538EF24A2C4"
"FormalAccuracy-v1/Runs/Proposed-HarvestCap-20260837/run_manifest.json","4120","2026-08-31T06:41:06.7738130Z","B1E04B98C7F08CB55A202E555B306DDB1D4E83F6592063D6752DCA35A6D92465"
"FormalAccuracy-v1/Runs/Proposed-HarvestCap-20260837/simulation_events.jsonl","1992867","2026-08-31T06:41:06.7532152Z","98B88BA6BC2B898C6EF1EAAF95600EA571D43E2C4BDA7ACEB83CD13CBA8BC669"
"FormalAccuracy-v1/Runs/Proposed-HarvestCap-20260838/cohort_timeseries.csv","666299","2026-08-31T06:41:12.0600544Z","ACA7ECEF583949E871C8B42C4E6D276D9FF6B4A28112E7548F3335271DFB082D"
"FormalAccuracy-v1/Runs/Proposed-HarvestCap-20260838/kingdom_timeseries.csv","743713","2026-08-31T06:41:12.0580542Z","13E6BD6EA538491AAB22D1F2251C28E6B14E1E8AAD10B4999D583CF6DB8F5EFD"
"FormalAccuracy-v1/Runs/Proposed-HarvestCap-20260838/ledger_transactions.jsonl","8366269","2026-08-31T06:41:12.0855697Z","EE5E6C8E8CAD8B39360EB3A35FD157B106E6CFEB3BABABF8492F194EC01CAEBC"
"FormalAccuracy-v1/Runs/Proposed-HarvestCap-20260838/lod_transitions.jsonl","41244","2026-08-31T06:41:12.0660534Z","1C60ADDD05FB82FC774DEEBD581B97E8F9380148E6C43C4D9D438D4B420D4411"
"FormalAccuracy-v1/Runs/Proposed-HarvestCap-20260838/npc_snapshots.csv","14175","2026-08-31T06:41:12.0610542Z","63334486C5588AFC0E8E3FBD0E1A1624CD61826126481794F05181FBBE95F019"
"FormalAccuracy-v1/Runs/Proposed-HarvestCap-20260838/run_manifest.json","4120","2026-08-31T06:41:12.0855697Z","3EBA29A413A63EEEE7AC960AA36CD8D02CABFBC68383D96E3F7B67B33B9C2453"
"FormalAccuracy-v1/Runs/Proposed-HarvestCap-20260838/simulation_events.jsonl","1991570","2026-08-31T06:41:12.0660534Z","1365BD41450868DCAF2AF4443E29E0283FDDD923466058946FE6BF10F82CAC73"
"FormalAccuracy-v1/Runs/Proposed-HarvestCap-20260839/cohort_timeseries.csv","665476","2026-08-31T06:46:30.1114110Z","87F467ACC9410F14BF48B8D4617DCB690B076FF06D9E7CF7306864A81C68ABE6"
"FormalAccuracy-v1/Runs/Proposed-HarvestCap-20260839/kingdom_timeseries.csv","743713","2026-08-31T06:46:30.1094118Z","85E5F1A94C4B966E4ECD4A71119D356B4D6727CA0557CF830C6AB8CC65A55AAB"
"FormalAccuracy-v1/Runs/Proposed-HarvestCap-20260839/ledger_transactions.jsonl","8330131","2026-08-31T06:46:30.1374239Z","3B6B9C151492D10EC553829FB723E8C1412BCE3EBDB66C3F3897603EF2216CF1"
"FormalAccuracy-v1/Runs/Proposed-HarvestCap-20260839/lod_transitions.jsonl","41000","2026-08-31T06:46:30.1164109Z","D0060B0DBD569FEF61FDE2853BAA9C468393129A3B7D99063FD8FA09DFCBEB49"
"FormalAccuracy-v1/Runs/Proposed-HarvestCap-20260839/npc_snapshots.csv","14158","2026-08-31T06:46:30.1114110Z","32038F484CFEC85F599133EEE70418A54BFA3703CE7362FB7B6F7784E510E0D6"
"FormalAccuracy-v1/Runs/Proposed-HarvestCap-20260839/run_manifest.json","4121","2026-08-31T06:46:30.1384226Z","1BF210A3E3FAE4543F2D4A7B70C49F189A732AE31D974F992FC45178DD39B45B"
"FormalAccuracy-v1/Runs/Proposed-HarvestCap-20260839/simulation_events.jsonl","1986574","2026-08-31T06:46:30.1164109Z","0FEBE0C26FE33A9C27DA04EB829060421D4879980E40227E923F660D6A4FB46B"
"FormalAccuracy-v1/Runs/Proposed-HarvestCap-20260840/cohort_timeseries.csv","665578","2026-08-31T06:43:46.3188056Z","49E1E97A97DE38548C2ECF50B2AB5E017BE7E9CDD341397196422F01A47575FD"
"FormalAccuracy-v1/Runs/Proposed-HarvestCap-20260840/kingdom_timeseries.csv","743713","2026-08-31T06:43:46.3168789Z","735639CA910CBC34313C1A4B19963885B2F341600DCCF508F56C370805772163"
"FormalAccuracy-v1/Runs/Proposed-HarvestCap-20260840/ledger_transactions.jsonl","8348278","2026-08-31T06:43:46.3440243Z","8FB49494827BB86BAEE038CEE6A44BED81377CE2AAA7EF99BA3134D61C196C80"
"FormalAccuracy-v1/Runs/Proposed-HarvestCap-20260840/lod_transitions.jsonl","40996","2026-08-31T06:43:46.3238669Z","533D56C21ED5D30C221A560A11DBC544F4C277045AB47C732A8673C4A8295057"
"FormalAccuracy-v1/Runs/Proposed-HarvestCap-20260840/npc_snapshots.csv","14150","2026-08-31T06:43:46.3188056Z","2BF3C0F64033D887EA6834EE4D7CFBB23FA48E562C90EDDBD9AC389120A2B6FB"
"FormalAccuracy-v1/Runs/Proposed-HarvestCap-20260840/run_manifest.json","4121","2026-08-31T06:43:46.3451074Z","5F4F117BBC68DA00F5870397E65283652C1ECDC71C8787637F7CF05BA4834CEA"
"FormalAccuracy-v1/Runs/Proposed-HarvestCap-20260840/simulation_events.jsonl","1988054","2026-08-31T06:43:46.3233959Z","EE6511B4DC93B0A20000DD6FD98183F1023A931FAD0780D3A6DA1EDEEB561D25"
"FormalAccuracy-v1/Runs/Proposed-HarvestCap-20260841/cohort_timeseries.csv","665896","2026-08-31T06:49:13.1550049Z","6A23EF2D40F16D0450D277EFCF282DF065149DB7987FAD42A216DC0853FB545B"
"FormalAccuracy-v1/Runs/Proposed-HarvestCap-20260841/kingdom_timeseries.csv","743713","2026-08-31T06:49:13.1530038Z","18624BD6CF5DBA0F038D1E9F16BAE553704B403A49610FC42DA9BABCEB3A6879"
"FormalAccuracy-v1/Runs/Proposed-HarvestCap-20260841/ledger_transactions.jsonl","8340945","2026-08-31T06:49:13.1805939Z","373DCFFCD7737CE0B7A964B6BA5F8C528397719DB90B4A17335EFC350AF613A4"
"FormalAccuracy-v1/Runs/Proposed-HarvestCap-20260841/lod_transitions.jsonl","41453","2026-08-31T06:49:13.1620110Z","45B5BE9DB88DBD1566D63BFDB83333DC7CEEBF74A63A46E4FF6D6579ABB81065"
"FormalAccuracy-v1/Runs/Proposed-HarvestCap-20260841/npc_snapshots.csv","14168","2026-08-31T06:49:13.1560113Z","00F8268991682913D87365AEBE359E96532B7223592B3AB20D419501A5823868"
"FormalAccuracy-v1/Runs/Proposed-HarvestCap-20260841/run_manifest.json","4121","2026-08-31T06:49:13.1815177Z","B05E6B06022B02E2885B267AAB62D00D3F0C1440E4B754A825FF40C5B0216D78"
"FormalAccuracy-v1/Runs/Proposed-HarvestCap-20260841/simulation_events.jsonl","1991355","2026-08-31T06:49:13.1610861Z","511783B75FB14009EA59CD2ADB26CA251CD9404F7C5DE75E35F3A502B7284FAC"
"FormalAccuracy-v1/Runs/Proposed-HarvestCap-20260842/cohort_timeseries.csv","665633","2026-08-31T06:54:42.0912372Z","1D4F87ED35F0DDFBDDA4AFB3ED84A72C2CE662EA968B95359979A7606B521BAB"
"FormalAccuracy-v1/Runs/Proposed-HarvestCap-20260842/kingdom_timeseries.csv","743713","2026-08-31T06:54:42.0882376Z","8B0B7448C947440C5D135751FE4AA7E08609A17382AF5200C2DFA81BB35BADCE"
"FormalAccuracy-v1/Runs/Proposed-HarvestCap-20260842/ledger_transactions.jsonl","8354304","2026-08-31T06:54:42.1142444Z","88D9F5F5332F74C00585F4F8CA912BEB201598B8804DA63EFC406A48803F8EAD"
"FormalAccuracy-v1/Runs/Proposed-HarvestCap-20260842/lod_transitions.jsonl","40998","2026-08-31T06:54:42.0962388Z","E023FCFDE55CFFB14DB371BAF6758F14A641881F34967CE36F9EBD47B5F6C568"
"FormalAccuracy-v1/Runs/Proposed-HarvestCap-20260842/npc_snapshots.csv","14152","2026-08-31T06:54:42.0912372Z","3C2B869BD75CB441F3B322970DDBE38CE16B55DD5BB6322B9849C9F356E464E5"
"FormalAccuracy-v1/Runs/Proposed-HarvestCap-20260842/run_manifest.json","4119","2026-08-31T06:54:42.1152520Z","A1F27E8289A28D462E1CD9DA2679495F5D57B9D72EF13D8D48B2579824B0F03E"
"FormalAccuracy-v1/Runs/Proposed-HarvestCap-20260842/simulation_events.jsonl","1987392","2026-08-31T06:54:42.0962388Z","1BA2A0338CE14F54093F5F07D1478306AEED3EBFDE9054802151F99ABC099251"
"FormalAccuracy-v1/Runs/Proposed-HarvestCap-20260843/cohort_timeseries.csv","665379","2026-08-31T06:54:48.0436414Z","CF83D44128D3A9A164CC62072865A1C88E1C266505A41EB3B3AF98F51E6612CA"
"FormalAccuracy-v1/Runs/Proposed-HarvestCap-20260843/kingdom_timeseries.csv","743713","2026-08-31T06:54:48.0411259Z","2F09109A8FA26570ED21DCA139FB94959810ABDC708F01ACB4BB445F4E3C04FC"
"FormalAccuracy-v1/Runs/Proposed-HarvestCap-20260843/ledger_transactions.jsonl","8333669","2026-08-31T06:54:48.0696844Z","447CCDD4781EBFBE032BD30662FF67674368485C5A29BABE9BC0CF0BA6136E81"
"FormalAccuracy-v1/Runs/Proposed-HarvestCap-20260843/lod_transitions.jsonl","40998","2026-08-31T06:54:48.0499962Z","244384E68AAA3B48384063CC63FF4E68F107BEB0C5BABE4BBC99B2913367B18C"
"FormalAccuracy-v1/Runs/Proposed-HarvestCap-20260843/npc_snapshots.csv","14165","2026-08-31T06:54:48.0436414Z","EB333E44C7843A1253FED38DC41ACC3558A1D398391CD3D86F4C571FD7030D78"
"FormalAccuracy-v1/Runs/Proposed-HarvestCap-20260843/run_manifest.json","4121","2026-08-31T06:54:48.0696844Z","DD8B872E8329FB6124845C6D775B7493A6D6CEF94141F74763D264F49EACA2ED"
"FormalAccuracy-v1/Runs/Proposed-HarvestCap-20260843/simulation_events.jsonl","1987087","2026-08-31T06:54:48.0489964Z","A78B5315F4F5753EF02DEB7A694296D78674CA93840031DDF9CCA1AD1EA0E42C"
"FormalAccuracy-v1/Runs/Proposed-HarvestCap-20260844/cohort_timeseries.csv","665648","2026-08-31T06:48:48.5417838Z","ED164C470765E490A8E7787FA6613975C9520D7B6D5D7594A373D23819ECE9F0"
"FormalAccuracy-v1/Runs/Proposed-HarvestCap-20260844/kingdom_timeseries.csv","743713","2026-08-31T06:48:48.5397726Z","6C4E2065A88E899A994E7464A49027D3F521DECF52E889D4A0442B73CD26081C"
"FormalAccuracy-v1/Runs/Proposed-HarvestCap-20260844/ledger_transactions.jsonl","8358015","2026-08-31T06:48:48.5663793Z","D9549BF0131F60A0DECF0628DCF99C8E51223E0705030282DDBD23F48104EA95"
"FormalAccuracy-v1/Runs/Proposed-HarvestCap-20260844/lod_transitions.jsonl","40989","2026-08-31T06:48:48.5468213Z","7ED704F7ADE86B2A517DC6BAF620C893AF5794BEC67D8124CDF5A8BBB4B8701C"
"FormalAccuracy-v1/Runs/Proposed-HarvestCap-20260844/npc_snapshots.csv","14150","2026-08-31T06:48:48.5417838Z","79D0CC1CE13A8EB0F6685342FD3CA911303AAB32EC165020F3DE8AE403BA1602"
"FormalAccuracy-v1/Runs/Proposed-HarvestCap-20260844/run_manifest.json","4120","2026-08-31T06:48:48.5673863Z","3EB1BE9F9A667BD8C40A88F48067C21802075C366A9E5408393AEB10F6EE2DBC"
"FormalAccuracy-v1/Runs/Proposed-HarvestCap-20260844/simulation_events.jsonl","1987384","2026-08-31T06:48:48.5468213Z","58598AA03486EE12B7E27172EABEAF39A7D260003D9A26D47BD7EDE227F21621"
"FormalAccuracy-v1/Runs/Proposed-None-20260815/cohort_timeseries.csv","622125","2026-08-31T06:42:39.1614677Z","FBF215D6E148A12318B44CC9A0CCF6A01A24FB95E80B79975592F345175C4EA2"
"FormalAccuracy-v1/Runs/Proposed-None-20260815/kingdom_timeseries.csv","699121","2026-08-31T06:42:39.1594260Z","FC7C26D3C9596F85B4F291D34404F8AA3CE529F0C23B955152C47A7B806C1851"
"FormalAccuracy-v1/Runs/Proposed-None-20260815/ledger_transactions.jsonl","8178865","2026-08-31T06:42:39.1876558Z","41C697627BB55D904200041DB3AFAF6A7E2E9C6C8D66C468684EA3F82A7B7AB4"
"FormalAccuracy-v1/Runs/Proposed-None-20260815/lod_transitions.jsonl","39651","2026-08-31T06:42:39.1675014Z","94C7BC5FF4BD97678F28A3F95FDAF2DF46D4EF0D03D44B97ED3CCEF3E4AD65E1"
"FormalAccuracy-v1/Runs/Proposed-None-20260815/npc_snapshots.csv","13452","2026-08-31T06:42:39.1624267Z","1B11FAF04AA469C86CF22134A9A4633B59ECD95BE0DF80BE3E8BCD746FC4CAEB"
"FormalAccuracy-v1/Runs/Proposed-None-20260815/run_manifest.json","4110","2026-08-31T06:42:39.1876558Z","4566F45A2447314CF01FC23A55C1E8542FE49F7DDC50923203890E5F3DBB24F8"
"FormalAccuracy-v1/Runs/Proposed-None-20260815/simulation_events.jsonl","1948007","2026-08-31T06:42:39.1665402Z","37368E14D02D7BC5B5C276A63844F9CD29995AF86B959C21DF87E3661AB77A84"
"FormalAccuracy-v1/Runs/Proposed-None-20260816/cohort_timeseries.csv","623933","2026-08-31T06:47:25.7705362Z","1287EC64B23F239CAAEC5A1ADE8BF80842398898E4213C04D416051A481CAC2E"
"FormalAccuracy-v1/Runs/Proposed-None-20260816/kingdom_timeseries.csv","699121","2026-08-31T06:47:25.7690284Z","00C9EF05D5FC299C26A17D9985113E27BD064585939DB491FEAD4C240A7B5A16"
"FormalAccuracy-v1/Runs/Proposed-None-20260816/ledger_transactions.jsonl","8152790","2026-08-31T06:47:25.7926259Z","A39314CCD1623A2B7E986CD3390A67ABC62C8D2749EFD0CF1BE57C007E209AF3"
"FormalAccuracy-v1/Runs/Proposed-None-20260816/lod_transitions.jsonl","39659","2026-08-31T06:47:25.7755406Z","5FEDC08CBD51EE15C632BD38D636639407E8A47353961520F8EF0F5F9C01F76F"
"FormalAccuracy-v1/Runs/Proposed-None-20260816/npc_snapshots.csv","13435","2026-08-31T06:47:25.7705362Z","7F9698D50D6B876763A6237F6F68DAAD906D8C2D0C5D56D07AE5B00FB6DF281A"
"FormalAccuracy-v1/Runs/Proposed-None-20260816/run_manifest.json","4110","2026-08-31T06:47:25.7941354Z","191887605A41EF3D42AF7854D0BCC3E9FA3DAA5965B4BDD337E50F5889D4BF84"
"FormalAccuracy-v1/Runs/Proposed-None-20260816/simulation_events.jsonl","1955737","2026-08-31T06:47:25.7755406Z","813274BD4BE6A69C6CB2E7F08AC4C82646B4E6CE7839A23EB9B4F98948604FA9"
"FormalAccuracy-v1/Runs/Proposed-None-20260817/cohort_timeseries.csv","623581","2026-08-31T06:40:41.1072967Z","687CBF86916326E79DE7EDD488E0229B36838EBFB42EF93D2C722F25A950899E"
"FormalAccuracy-v1/Runs/Proposed-None-20260817/kingdom_timeseries.csv","699121","2026-08-31T06:40:41.1042938Z","E84653F93F79BD11E4A10FFD10BB851A8F61329345F27EADF6F3F4452E4DD85A"
"FormalAccuracy-v1/Runs/Proposed-None-20260817/ledger_transactions.jsonl","8120023","2026-08-31T06:40:41.1300633Z","746677F88F865FBEDDF41CC1ADB9F2EF86AA65D1888099D733DF087C64042557"
"FormalAccuracy-v1/Runs/Proposed-None-20260817/lod_transitions.jsonl","39783","2026-08-31T06:40:41.1122978Z","A0C8A2F01C725456588B386533570437459272F19300FC4D730DDB0630720277"
"FormalAccuracy-v1/Runs/Proposed-None-20260817/npc_snapshots.csv","13435","2026-08-31T06:40:41.1072967Z","148EA0805C8E4E3D3B62D3FA7BB2250A5B8D17FE7D0D2BC6F3D0303C15EC71A8"
"FormalAccuracy-v1/Runs/Proposed-None-20260817/run_manifest.json","4106","2026-08-31T06:40:41.1311457Z","6E137D01B4633D10F784BAE108F357F30E9171BC0C80B9415483CAEF8CC0F8AB"
"FormalAccuracy-v1/Runs/Proposed-None-20260817/simulation_events.jsonl","1956081","2026-08-31T06:40:41.1112969Z","26797C6605CB0456D0D1449AF2E9C418CBE1B3C8F0159656B68C679E434368F9"
"FormalAccuracy-v1/Runs/Proposed-None-20260818/cohort_timeseries.csv","623205","2026-08-31T06:45:35.5828755Z","501335DD3C2A8CFBDF4E416764F0E1EE676438BE7539577AEC8041B81C98F2B6"
"FormalAccuracy-v1/Runs/Proposed-None-20260818/kingdom_timeseries.csv","699121","2026-08-31T06:45:35.5808215Z","81E514724E6FFD28C21B98E5575065843550BFF792BD81E1BDE7BDDE671A0254"
"FormalAccuracy-v1/Runs/Proposed-None-20260818/ledger_transactions.jsonl","8172937","2026-08-31T06:45:35.6086088Z","A102DC7F5DB63FF6C2CEED668193E26F255FAEE0F81AFABD2C38BC8DA7B50590"
"FormalAccuracy-v1/Runs/Proposed-None-20260818/lod_transitions.jsonl","39655","2026-08-31T06:45:35.5884314Z","090A2BF5AB2381072DA35400A4ECA04E8C4A059DEB6D8CE93FFEF2F5670B6EA6"
"FormalAccuracy-v1/Runs/Proposed-None-20260818/npc_snapshots.csv","13438","2026-08-31T06:45:35.5839020Z","5F2F39BC0B48B357D88FB60B03300EC7110DA2D44CDFCE8CB5D5851306447356"
"FormalAccuracy-v1/Runs/Proposed-None-20260818/run_manifest.json","4110","2026-08-31T06:45:35.6095236Z","64DC18864461CBC09567EA7921FC1461599AAF7E271D69995D44C0E9C27D2ED7"
"FormalAccuracy-v1/Runs/Proposed-None-20260818/simulation_events.jsonl","1952900","2026-08-31T06:45:35.5884314Z","5FFA3AFC1C1E0D4E79483462B53F81012457CA5AF8EDFE4CFB862CBE932D56DD"
"FormalAccuracy-v1/Runs/Proposed-None-20260819/cohort_timeseries.csv","624646","2026-08-31T06:54:27.4062989Z","22FC10C13FF456CB5E3E11838AE6709C168C83804975857D4E8E0E94332990EC"
"FormalAccuracy-v1/Runs/Proposed-None-20260819/kingdom_timeseries.csv","699121","2026-08-31T06:54:27.4052916Z","1BB81226F5971E3AB2552C8711C73F2E7AADEB5ACD539EA4CB4F87BBB4DAB210"
"FormalAccuracy-v1/Runs/Proposed-None-20260819/ledger_transactions.jsonl","8209198","2026-08-31T06:54:27.4308325Z","DDA831ED47089730EF392C78CFF66CDE93BB6F7ED3888B7B5C4A6B42C765A371"
"FormalAccuracy-v1/Runs/Proposed-None-20260819/lod_transitions.jsonl","40051","2026-08-31T06:54:27.4122990Z","4034950095D22E8847CBF499688701C6B3E70EB7173CE1E1D10758AB2E65F8E6"
"FormalAccuracy-v1/Runs/Proposed-None-20260819/npc_snapshots.csv","13443","2026-08-31T06:54:27.4072979Z","0266BA4A16A1E95D83727F3B1A3AAA9958C8944882778275AF5FCE187242EFFB"
"FormalAccuracy-v1/Runs/Proposed-None-20260819/run_manifest.json","4111","2026-08-31T06:54:27.4318323Z","28719BACA5EC079E3870EDE01024B8D66691AFEDB68D5121201AE7520BEECF55"
"FormalAccuracy-v1/Runs/Proposed-None-20260819/simulation_events.jsonl","1960196","2026-08-31T06:54:27.4112989Z","182F9E663A5ADF2C49F2129F4BE29A15A1B00C14983D4997A47D1A22A764610F"
"FormalAccuracy-v1/Runs/Proposed-None-20260820/cohort_timeseries.csv","623126","2026-08-31T06:49:28.6782097Z","3C62F59656822C712469A3386E55CAEA06AE64D682C0050D2E596C0ADE0A86B1"
"FormalAccuracy-v1/Runs/Proposed-None-20260820/kingdom_timeseries.csv","699121","2026-08-31T06:49:28.6762971Z","B98FEDACE9E59B6C9A0FE53FFCA78D50AFF914DE0C45F920658FB5F82A2AC81E"
"FormalAccuracy-v1/Runs/Proposed-None-20260820/ledger_transactions.jsonl","8172114","2026-08-31T06:49:28.7018126Z","2BF241B1B87B73C618A3AD5658140222ED174E905E8E571685C8FFF74FCF9B1D"
"FormalAccuracy-v1/Runs/Proposed-None-20260820/lod_transitions.jsonl","39607","2026-08-31T06:49:28.6833002Z","C2689CDC110A19F56E1164381684D28FA5FB2103EF6DD6B60104D14B38FF8182"
"FormalAccuracy-v1/Runs/Proposed-None-20260820/npc_snapshots.csv","13435","2026-08-31T06:49:28.6782097Z","75CBB0EB8114C27351A8010E77BEF80FEF03F843926B6D4ED0AE48646FC15CF3"
"FormalAccuracy-v1/Runs/Proposed-None-20260820/run_manifest.json","4109","2026-08-31T06:49:28.7028155Z","150537AA48017A0E4BBEBF1912B6BE20F96E7B4F98E577D7A57D142972093D51"
"FormalAccuracy-v1/Runs/Proposed-None-20260820/simulation_events.jsonl","1953338","2026-08-31T06:49:28.6833002Z","DDBEE9A5E1E3FE09E3596F5D3823006581FB1BBBB1CED447963464AD326621E9"
"FormalAccuracy-v1/Runs/Proposed-None-20260821/cohort_timeseries.csv","623325","2026-08-31T06:49:59.9580108Z","6CD6CEDFAA819B8E2F19189C1E9CBFEE74147EBA73F050582F4021E4B95181E9"
"FormalAccuracy-v1/Runs/Proposed-None-20260821/kingdom_timeseries.csv","699121","2026-08-31T06:49:59.9560155Z","E00393B46354FCE3B5759A4C9D0BEF0F119C6C89A9115B8747FE859AC9BC2718"
"FormalAccuracy-v1/Runs/Proposed-None-20260821/ledger_transactions.jsonl","8192859","2026-08-31T06:49:59.9825316Z","A43EB307F4F84F2749507FC93BA07024B7A3E362C2B0531CCD34B06F27D625F3"
"FormalAccuracy-v1/Runs/Proposed-None-20260821/lod_transitions.jsonl","39601","2026-08-31T06:49:59.9640092Z","F6DE583D3B38E6F1EDE7C0D552D6DAC1ADD56FF631FAABA1B62C5AA7C121DE72"
"FormalAccuracy-v1/Runs/Proposed-None-20260821/npc_snapshots.csv","13431","2026-08-31T06:49:59.9580108Z","8A5B841D8950D446DE1455F0A8BF17C95EC04161C0B9A7C9871DAB6C22CFF083"
"FormalAccuracy-v1/Runs/Proposed-None-20260821/run_manifest.json","4110","2026-08-31T06:49:59.9835376Z","F60A32351C35CF754ED3C3A913C7A6AC0F1EA9AB087DB1139931833016F2B380"
"FormalAccuracy-v1/Runs/Proposed-None-20260821/simulation_events.jsonl","1953515","2026-08-31T06:49:59.9630189Z","234525C2D4F1C2DD72743922AC618A5FE1CDE9BB9F37355573EC3FF26424284A"
"FormalAccuracy-v1/Runs/Proposed-None-20260822/cohort_timeseries.csv","622828","2026-08-31T06:49:23.7206122Z","407DAC0DE9EF6C0B04C1E1E0B04E9FEB26F95014B7E55BAF35EB0A72E9325465"
"FormalAccuracy-v1/Runs/Proposed-None-20260822/kingdom_timeseries.csv","699121","2026-08-31T06:49:23.7191090Z","46137FCD5EC4970B123FC4E085EC1F98C0304A7A56948159841FF444738507F3"
"FormalAccuracy-v1/Runs/Proposed-None-20260822/ledger_transactions.jsonl","8192155","2026-08-31T06:49:23.7441319Z","1E1F7E3C62A32F2161F875249B7E5111DE4D4E412A078677FE9BA2A89799D74A"
"FormalAccuracy-v1/Runs/Proposed-None-20260822/lod_transitions.jsonl","40088","2026-08-31T06:49:23.7257044Z","EEA09F1F6741FB53BCCE463B7F61F2B57A642C22E4A9206DBA629C82682F91E7"
"FormalAccuracy-v1/Runs/Proposed-None-20260822/npc_snapshots.csv","13455","2026-08-31T06:49:23.7206122Z","FBB6A92D0FA4CB9A2DEA0B1ABDC6D8D02C32EBDC54589E3B81995027D0100734"
"FormalAccuracy-v1/Runs/Proposed-None-20260822/run_manifest.json","4109","2026-08-31T06:49:23.7451248Z","E3326F2DA8D13D4FDBF51E5AA30E9BC56AF4151FAB3C4EB5B3A37D55C7DB046F"
"FormalAccuracy-v1/Runs/Proposed-None-20260822/simulation_events.jsonl","1955618","2026-08-31T06:49:23.7257044Z","3423C4D8173B1BDD6FDE29B14AE29D99E995966F404EB867FD8DF7F613374CED"
"FormalAccuracy-v1/Runs/Proposed-None-20260823/cohort_timeseries.csv","621697","2026-08-31T06:43:51.2047633Z","60863C8118E21A6041389C05B0BFC260988CFE0D9156003E2D05A9283BA04747"
"FormalAccuracy-v1/Runs/Proposed-None-20260823/kingdom_timeseries.csv","699121","2026-08-31T06:43:51.2027637Z","BB83648B3ED507225A16BAF62E6683945DC2AC874D94C471CDA9C324EE80C265"
"FormalAccuracy-v1/Runs/Proposed-None-20260823/ledger_transactions.jsonl","8193033","2026-08-31T06:43:51.2303678Z","621D6B236F25947FDBD175A47D3C190941D63D8DEF52BBD4D2A63553DF9E13A3"
"FormalAccuracy-v1/Runs/Proposed-None-20260823/lod_transitions.jsonl","39939","2026-08-31T06:43:51.2108156Z","C003BD272320E6FD642C59BE4361B01A890129E89979DD176B4D6F5C6E789911"
"FormalAccuracy-v1/Runs/Proposed-None-20260823/npc_snapshots.csv","13445","2026-08-31T06:43:51.2057683Z","0C9D6CED682AAC70E2A0B6A09B627069EA1F0762E60A33B78BD0DED1C645658F"
"FormalAccuracy-v1/Runs/Proposed-None-20260823/run_manifest.json","4110","2026-08-31T06:43:51.2313753Z","45423BCCF4909474278AAC4FCE4762177E2D17946601C0040CEE3FD68EFE2228"
"FormalAccuracy-v1/Runs/Proposed-None-20260823/simulation_events.jsonl","1950737","2026-08-31T06:43:51.2097673Z","B88249527C4952A43D262EB6B691AE7BC9EEED0C163CC884803FDB53DB40807C"
"FormalAccuracy-v1/Runs/Proposed-None-20260824/cohort_timeseries.csv","623229","2026-08-31T06:50:55.8623945Z","CC10E846EF859F44703642D4B8D432344732ADC957C28BA8CA2701AAA710DDEC"
"FormalAccuracy-v1/Runs/Proposed-None-20260824/kingdom_timeseries.csv","699121","2026-08-31T06:50:55.8603925Z","0DBC22F9C0B8EFBC9FDF32EA40B9FD575E9073D65A2CFBB81A79351E1E467FF8"
"FormalAccuracy-v1/Runs/Proposed-None-20260824/ledger_transactions.jsonl","8160329","2026-08-31T06:50:55.8859063Z","D750B3F15A71447271B8CED72430E74B8A358411E8557715ACE6101ED6E9C981"
"FormalAccuracy-v1/Runs/Proposed-None-20260824/lod_transitions.jsonl","39601","2026-08-31T06:50:55.8683930Z","D177CBAA465D04D1AC95FAB8BF80B0E136E1D2F45FF7ADAB5F56267502A5B5CB"
"FormalAccuracy-v1/Runs/Proposed-None-20260824/npc_snapshots.csv","13442","2026-08-31T06:50:55.8623945Z","A394AB8AA1B4F9061730DC2D8971EF6E1DA2536D02E381A2C0BEB20DAAA7B9F4"
"FormalAccuracy-v1/Runs/Proposed-None-20260824/run_manifest.json","4110","2026-08-31T06:50:55.8869226Z","D13E05D9E0479DB4A00A60C07F74CD1E9BBFF80F5D7A02471CF8094E2109E506"
"FormalAccuracy-v1/Runs/Proposed-None-20260824/simulation_events.jsonl","1952660","2026-08-31T06:50:55.8673915Z","F3400DFC6BE16830A561E7284085F8B5DFC83BEC57923300D67D662261D6C8BC"
"FormalAccuracy-v1/Runs/Proposed-None-20260825/cohort_timeseries.csv","623765","2026-08-31T06:50:05.9449440Z","26331B65FC7991239AEBBE4A09AA9B99C1A710C51E775A69B604F85AD3ECBDF9"
"FormalAccuracy-v1/Runs/Proposed-None-20260825/kingdom_timeseries.csv","699121","2026-08-31T06:50:05.9429378Z","35FDBC00EF11A3FA6D95917E2B1416F2D3451A6D7A0762797405673BD69D649B"
"FormalAccuracy-v1/Runs/Proposed-None-20260825/ledger_transactions.jsonl","8175849","2026-08-31T06:50:05.9689475Z","11B0CE90630B8DD9ACE98E199E1EF1EB5936099B9AC94C62F4CB4ED7933CE44B"
"FormalAccuracy-v1/Runs/Proposed-None-20260825/lod_transitions.jsonl","39611","2026-08-31T06:50:05.9499482Z","17F5ED41002246CC3523CC2B1C78A6298874037CCC73CBD2C36EED9BD2E69AFB"
"FormalAccuracy-v1/Runs/Proposed-None-20260825/npc_snapshots.csv","13433","2026-08-31T06:50:05.9449440Z","4F49CC368322D47DEA6DCB4F999CA0997792BA80CC76D18E5B04F28860A5CDAB"
"FormalAccuracy-v1/Runs/Proposed-None-20260825/run_manifest.json","4110","2026-08-31T06:50:05.9689475Z","E6E7C7418366EEB4F471D7B0EF0C2149E649C720F2BFABC58CB7AC9CDD7AAB4E"
"FormalAccuracy-v1/Runs/Proposed-None-20260825/simulation_events.jsonl","1954944","2026-08-31T06:50:05.9499482Z","657B788EA9BFA036476E14DC380FF513D8241A77F12FDD7DBB9D8DA0868B1EDD"
"FormalAccuracy-v1/Runs/Proposed-None-20260826/cohort_timeseries.csv","623155","2026-08-31T06:51:33.7491402Z","091678678A7218C16535C3CDB856C993EFEF6C72AA400B7E27758181E7CE1404"
"FormalAccuracy-v1/Runs/Proposed-None-20260826/kingdom_timeseries.csv","699121","2026-08-31T06:51:33.7472141Z","0D65CD4D835822EBC22FE53369D5717D3D4BD093208DE015FD905E3546F27962"
"FormalAccuracy-v1/Runs/Proposed-None-20260826/ledger_transactions.jsonl","8194766","2026-08-31T06:51:33.7729548Z","846D5A25572AB3B1DAF1E640DAE6254E438F937491390A8CE25830BD253BFD0E"
"FormalAccuracy-v1/Runs/Proposed-None-20260826/lod_transitions.jsonl","39878","2026-08-31T06:51:33.7542629Z","A343014CF0C5FC07CFF3DE6EBF3D00D230C52EDC95AF7765C8862F2BB42F3F58"
"FormalAccuracy-v1/Runs/Proposed-None-20260826/npc_snapshots.csv","13460","2026-08-31T06:51:33.7491402Z","D96ABF2F52CA75B0865E32BD83FBDC2A82CDEABA4CF2A9B57F9BE577A3EAC215"
"FormalAccuracy-v1/Runs/Proposed-None-20260826/run_manifest.json","4109","2026-08-31T06:51:33.7738012Z","7800E4AED124452FDCB625CE9C69D691AA26CE497119E9C56B535C564E1E6063"
"FormalAccuracy-v1/Runs/Proposed-None-20260826/simulation_events.jsonl","1954606","2026-08-31T06:51:33.7532373Z","39BFCE3B755197FD511667C635CB12F209D6F3AF0F70473F6299854D5374BB6B"
"FormalAccuracy-v1/Runs/Proposed-None-20260827/cohort_timeseries.csv","623968","2026-08-31T06:51:56.5953290Z","1F516FC7572484418A57D8D2E4E13A928737CF404030B8E93496911BF03ED4B9"
"FormalAccuracy-v1/Runs/Proposed-None-20260827/kingdom_timeseries.csv","699121","2026-08-31T06:51:56.5922398Z","79EBA7939F99E2D8F4CD7F96CA762924837C310154781F56AC6AA00EDB377070"
"FormalAccuracy-v1/Runs/Proposed-None-20260827/ledger_transactions.jsonl","8183722","2026-08-31T06:51:56.6193456Z","5CFD1CA64C256F82F2005E9F1B4C84CCC3C2C86394033A96A107525F0A03F508"
"FormalAccuracy-v1/Runs/Proposed-None-20260827/lod_transitions.jsonl","40168","2026-08-31T06:51:56.6002391Z","F779F9495DA64EDA5C1ABDA27045352F1009385E4487CE3A49A379BB714DA523"
"FormalAccuracy-v1/Runs/Proposed-None-20260827/npc_snapshots.csv","13462","2026-08-31T06:51:56.5953290Z","BE74288E5C7D91B1CDD8FC90BF1A5E4E2D1C7C6BFF0D0D34C41E87D26CE1068D"
"FormalAccuracy-v1/Runs/Proposed-None-20260827/run_manifest.json","4108","2026-08-31T06:51:56.6203376Z","7A351D74BADFAAD02A6554CF53517CD7751FC2BAF534B02EF6C4E0475073ACA9"
"FormalAccuracy-v1/Runs/Proposed-None-20260827/simulation_events.jsonl","1960826","2026-08-31T06:51:56.6002391Z","C7AEB6B22CF3068BD662DADFF4CD420EA15E45856895593D698380EF1EA318EC"
"FormalAccuracy-v1/Runs/Proposed-None-20260828/cohort_timeseries.csv","623946","2026-08-31T06:40:59.4897272Z","F7A333E3BE8727BF295CD369E2F630B843C5B17D0E1CECEEE29F3344174D39AA"
"FormalAccuracy-v1/Runs/Proposed-None-20260828/kingdom_timeseries.csv","699121","2026-08-31T06:40:59.4878056Z","EE30E6AADE05B5C7495132E4AFED82148D4F45B6018C298D50827F5BE08561B2"
"FormalAccuracy-v1/Runs/Proposed-None-20260828/ledger_transactions.jsonl","8165028","2026-08-31T06:40:59.5149218Z","87DA30E5ECC8A7689D129AE0A1FD8423D1E93848717BE3FC772758B0BAAE20CC"
"FormalAccuracy-v1/Runs/Proposed-None-20260828/lod_transitions.jsonl","39851","2026-08-31T06:40:59.4948381Z","87659E5DA9CEC3A2B88D8A866B5256126BA5BF5C7303C35949FEDFE925474350"
"FormalAccuracy-v1/Runs/Proposed-None-20260828/npc_snapshots.csv","13444","2026-08-31T06:40:59.4897272Z","C39FEB24321AF8D015A9BDEAD501FA01C26B16D1283100FEED5EEA91F1458C95"
"FormalAccuracy-v1/Runs/Proposed-None-20260828/run_manifest.json","4106","2026-08-31T06:40:59.5159189Z","5C1FA8AA65D75B5ECCD3628F4D2FE652DDEED554884476B9790BA3812BE2FEAD"
"FormalAccuracy-v1/Runs/Proposed-None-20260828/simulation_events.jsonl","1956927","2026-08-31T06:40:59.4948381Z","0D35DCE0D188D566D1128F25DE01D17ED92E67C0958960F7ACA9CE635F5C7DF9"
"FormalAccuracy-v1/Runs/Proposed-None-20260829/cohort_timeseries.csv","624642","2026-08-31T06:50:18.1127673Z","F7D57BC6ADB52FCEA26F99894C2A237B92DFEDC24F52E5A4DAA162973C724B48"
"FormalAccuracy-v1/Runs/Proposed-None-20260829/kingdom_timeseries.csv","699121","2026-08-31T06:50:18.1107731Z","D9619B10AE9D0E7ED8F77D7A7EB9515558731DBB28E12E19610F2D45D2708521"
"FormalAccuracy-v1/Runs/Proposed-None-20260829/ledger_transactions.jsonl","8150807","2026-08-31T06:50:18.1357016Z","4B63D32E019BD6DB131FCE1830A12090CE0EE89AFA700693E7911433AE83FAEA"
"FormalAccuracy-v1/Runs/Proposed-None-20260829/lod_transitions.jsonl","39779","2026-08-31T06:50:18.1177676Z","04B5DF051DC5F9DFABF9C4C96847E9B8B6CB06C8CA3C79C0A1B8056BB5E5CF77"
"FormalAccuracy-v1/Runs/Proposed-None-20260829/npc_snapshots.csv","13432","2026-08-31T06:50:18.1127673Z","F047807D6CA1973EA5DB37FF5EDAD3BB4F5662528676B0F8B0B970A5CFFC6450"
"FormalAccuracy-v1/Runs/Proposed-None-20260829/run_manifest.json","4110","2026-08-31T06:50:18.1367013Z","E977E66F7C78EAF067649740B876BBAE8AC7E8A853C86500005D64338A2D46E4"
"FormalAccuracy-v1/Runs/Proposed-None-20260829/simulation_events.jsonl","1957857","2026-08-31T06:50:18.1167670Z","CA944FA5E92385A925E20DED0A03CEA0C8A8243EC5C293DC69BBD9C9AE02C7B4"
"FormalAccuracy-v1/Runs/Proposed-None-20260830/cohort_timeseries.csv","624692","2026-08-31T06:45:13.5784000Z","3A296441FE15FA3BFD7043B2B0078C40198051E3518949048A5579BCDC021767"
"FormalAccuracy-v1/Runs/Proposed-None-20260830/kingdom_timeseries.csv","699121","2026-08-31T06:45:13.5754012Z","32712D17B58D0A6AE39E2512E6E0AC8C8E4EFEE4F4092990431F57F1FC4533A5"
"FormalAccuracy-v1/Runs/Proposed-None-20260830/ledger_transactions.jsonl","8162092","2026-08-31T06:45:13.6029219Z","CA4471A677E19FF9760194082806DEF0486535E8FE0D12DE37CC9F584C59D005"
"FormalAccuracy-v1/Runs/Proposed-None-20260830/lod_transitions.jsonl","39934","2026-08-31T06:45:13.5834004Z","6259C905E3E1C0B1D8CC458C3A7E1A85675FACABB404AD0334E3903BE519542B"
"FormalAccuracy-v1/Runs/Proposed-None-20260830/npc_snapshots.csv","13437","2026-08-31T06:45:13.5784000Z","FFE0FF224306B430572783DE1BC815B0AD79EF79AD41101B81DFEACFAB3AAED0"
"FormalAccuracy-v1/Runs/Proposed-None-20260830/run_manifest.json","4111","2026-08-31T06:45:13.6029219Z","10B546598CB09DF326855FCF7882D4E7DAE054E20689621F04961B7D56032700"
"FormalAccuracy-v1/Runs/Proposed-None-20260830/simulation_events.jsonl","1960186","2026-08-31T06:45:13.5834004Z","7D7FCFA1014F884E4CDC10D5BFB70041259197174B53D84C09C3F51BD8E35054"
"FormalAccuracy-v1/Runs/Proposed-None-20260831/cohort_timeseries.csv","622397","2026-08-31T06:46:05.4496919Z","09FB0FDDCB7F47297C55A2135D4B1824F250EAE9A2199095FCFC699481974A28"
"FormalAccuracy-v1/Runs/Proposed-None-20260831/kingdom_timeseries.csv","699121","2026-08-31T06:46:05.4476094Z","69D6410B1DE3A0730FD9C07D5B9C8417DD9C9DF0978BFB6B0AA7EE1B2B834739"
"FormalAccuracy-v1/Runs/Proposed-None-20260831/ledger_transactions.jsonl","8188636","2026-08-31T06:46:05.4743633Z","8ECC0CA29A1B9FF4CDEDC973D0A0D8D93653F73791888FE1A8F31B9CD4F8DC3D"
"FormalAccuracy-v1/Runs/Proposed-None-20260831/lod_transitions.jsonl","39839","2026-08-31T06:46:05.4556142Z","4C02543BE937C0F6CA87449235930E2D97689F0DED8D05A10F2D2CAB748AC581"
"FormalAccuracy-v1/Runs/Proposed-None-20260831/npc_snapshots.csv","13450","2026-08-31T06:46:05.4496919Z","3DDBADEA11C6D7B6149660428676E8864FEA555B199A12051DA7B1143F21E455"
"FormalAccuracy-v1/Runs/Proposed-None-20260831/run_manifest.json","4110","2026-08-31T06:46:05.4752647Z","812E7690043045EADEAB4EAE5DB6373CD11811443AE8B0799FB765D3160A1571"
"FormalAccuracy-v1/Runs/Proposed-None-20260831/simulation_events.jsonl","1951435","2026-08-31T06:46:05.4546090Z","CBB33F9768C090BF56E84B813AFA406F1FA78C3C4755962D2E590563600180DE"
"FormalAccuracy-v1/Runs/Proposed-None-20260832/cohort_timeseries.csv","623945","2026-08-31T06:48:19.7233450Z","C74F508D35C85D1A72BC977AB243DAE7B4F025A6D1D22F877DFE8E2051CAA8A4"
"FormalAccuracy-v1/Runs/Proposed-None-20260832/kingdom_timeseries.csv","699121","2026-08-31T06:48:19.7213544Z","11E551EEF48A943E065A11B5D39199E3D7667489BDC2238EA94F94360BD6618A"
"FormalAccuracy-v1/Runs/Proposed-None-20260832/ledger_transactions.jsonl","8182837","2026-08-31T06:48:19.7461179Z","4D07FA2831062EE022BFD95A2B58DE70B1C2473D4E5D54EEBD6CA8F20054FC03"
"FormalAccuracy-v1/Runs/Proposed-None-20260832/lod_transitions.jsonl","39753","2026-08-31T06:48:19.7283455Z","3617D85D14F5F5FFB99ED51C30613D633702CC7340081F657295B531227838BC"
"FormalAccuracy-v1/Runs/Proposed-None-20260832/npc_snapshots.csv","13439","2026-08-31T06:48:19.7233450Z","83D51801709E63B756BD4E43F7A06E699D91074C8840F6872FBE64CC907EC3B1"
"FormalAccuracy-v1/Runs/Proposed-None-20260832/run_manifest.json","4109","2026-08-31T06:48:19.7470404Z","B267FEEF4C31282444DA4B007B6F9310ED6D1029791699A3AB801778A8B5357E"
"FormalAccuracy-v1/Runs/Proposed-None-20260832/simulation_events.jsonl","1956776","2026-08-31T06:48:19.7273448Z","6AA32B08382AECC4BA7E1441D48F2062D3DFC64496778852E2EAED909E802841"
"FormalAccuracy-v1/Runs/Proposed-None-20260833/cohort_timeseries.csv","624033","2026-08-31T06:42:14.6046100Z","BC2E15E6FE479A84B8671A3866E4A6DF41AA4C493497389E111DA4F701D2F47B"
"FormalAccuracy-v1/Runs/Proposed-None-20260833/kingdom_timeseries.csv","699121","2026-08-31T06:42:14.6025649Z","042AF2812CFE9E3733B6B62F94795D6AAA13840E69A7D883A2BCA8BAD5C0F5FD"
"FormalAccuracy-v1/Runs/Proposed-None-20260833/ledger_transactions.jsonl","8189260","2026-08-31T06:42:14.6304964Z","53F30EEF86EFE1108F9AE576F90756C2716AA2B1F9AD9F9DA502EBA28BF95D88"
"FormalAccuracy-v1/Runs/Proposed-None-20260833/lod_transitions.jsonl","39655","2026-08-31T06:42:14.6106247Z","D5135946111E40DFE60DF6C139F238A7710B9652C95400755051AF8662AC95C4"
"FormalAccuracy-v1/Runs/Proposed-None-20260833/npc_snapshots.csv","13431","2026-08-31T06:42:14.6056475Z","51073001CDAFF0010BE554C13B93BEA99DE2A414EC6B8A3582B6F5418F8E5407"
"FormalAccuracy-v1/Runs/Proposed-None-20260833/run_manifest.json","4108","2026-08-31T06:42:14.6304964Z","7F1AC4D1D61517C10009DA3097F9CA0ADD2D622DA00E145667D6D4ACE6BF166C"
"FormalAccuracy-v1/Runs/Proposed-None-20260833/simulation_events.jsonl","1956593","2026-08-31T06:42:14.6106247Z","9A5AFE9EDC985B8630EFB0FC4D39B25BA8DBA775275FC23F7A94C8D31BC669E7"
"FormalAccuracy-v1/Runs/Proposed-None-20260834/cohort_timeseries.csv","622671","2026-08-31T06:41:49.1899108Z","EB450570EE6FC3F4685AB66999B5239C74FB729D28018A600893508873E748E5"
"FormalAccuracy-v1/Runs/Proposed-None-20260834/kingdom_timeseries.csv","699121","2026-08-31T06:41:49.1879178Z","93996DFD07B6A9D9956E0CEEE4ACA8F01ED860658C6F53F82C83DC418DAEDEA5"
"FormalAccuracy-v1/Runs/Proposed-None-20260834/ledger_transactions.jsonl","8179377","2026-08-31T06:41:49.2144408Z","13DC63808D0DBACF9B87E96974C26D38D5387B25EB83C6752FEF04630C7581DB"
"FormalAccuracy-v1/Runs/Proposed-None-20260834/lod_transitions.jsonl","39837","2026-08-31T06:41:49.1954150Z","9726BC3E18A1555688DD87126A1283FE48035451B0063D34171B2DCAE9BA433F"
"FormalAccuracy-v1/Runs/Proposed-None-20260834/npc_snapshots.csv","13443","2026-08-31T06:41:49.1899108Z","63AA502CD67637989E7DC0D1AAD73A4C490980EC78B10ECB87B734BBA917C905"
"FormalAccuracy-v1/Runs/Proposed-None-20260834/run_manifest.json","4105","2026-08-31T06:41:49.2154338Z","42A3F2C5A7E638210830AA4166D6C7DCB1D71E0456FCE80044D46877750FB93B"
"FormalAccuracy-v1/Runs/Proposed-None-20260834/simulation_events.jsonl","1953503","2026-08-31T06:41:49.1954150Z","6DBEE588F2AC2DD281AC22A25F96F2CBDC21D734C9E43E452C5D921224CCCEE7"
"FormalAccuracy-v1/Runs/Proposed-None-20260835/cohort_timeseries.csv","623458","2026-08-31T06:48:43.2493321Z","F553836CDC074034161210BAE131FF5B9B7F94A9D89E3D72CC35D996DFEEEBB0"
"FormalAccuracy-v1/Runs/Proposed-None-20260835/kingdom_timeseries.csv","699121","2026-08-31T06:48:43.2472386Z","BB7F1E70DC30A4C7EA3B61855143CED79DEF03DD1CB99F0C7C58840947AAD225"
"FormalAccuracy-v1/Runs/Proposed-None-20260835/ledger_transactions.jsonl","8151585","2026-08-31T06:48:43.2737524Z","727FE424AE49B94E0BD54731CDAF49099F1368E95703D379F5A9CD9773A3DA1F"
"FormalAccuracy-v1/Runs/Proposed-None-20260835/lod_transitions.jsonl","39657","2026-08-31T06:48:43.2552398Z","B7C661E8F5B03453EA96F165F98A4383E5D7140F405AF6D163ACBB072C14945E"
"FormalAccuracy-v1/Runs/Proposed-None-20260835/npc_snapshots.csv","13444","2026-08-31T06:48:43.2493321Z","197B1AE4FE6125354867FDB584DD981641D6B6AF280E39AA603695B4BEC4A4E1"
"FormalAccuracy-v1/Runs/Proposed-None-20260835/run_manifest.json","4108","2026-08-31T06:48:43.2747516Z","893D76815B7408F31FD3890B75151B901DB37DEA267305C9B55CEB7310F783C9"
"FormalAccuracy-v1/Runs/Proposed-None-20260835/simulation_events.jsonl","1953474","2026-08-31T06:48:43.2552398Z","40E8D490BED34B432F4AAF94163ADE4E8F92C6A34135B8DDA32ED31542F47F96"
"FormalAccuracy-v1/Runs/Proposed-None-20260836/cohort_timeseries.csv","623018","2026-08-31T06:47:55.2138873Z","374769A3AC886207422D37A8515DE849EEBE8528547D7ED9CA402E61BBB0E7FF"
"FormalAccuracy-v1/Runs/Proposed-None-20260836/kingdom_timeseries.csv","699121","2026-08-31T06:47:55.2128873Z","81FEE8EACB46DC40561803F676E7A21DB1A0C861571289D3345E2797467BCA53"
"FormalAccuracy-v1/Runs/Proposed-None-20260836/ledger_transactions.jsonl","8193362","2026-08-31T06:47:55.2384039Z","D7EAD6B64E12BE6B767DCA5EEA9312E541F49A5F3B366F161BC817C0B9BF195C"
"FormalAccuracy-v1/Runs/Proposed-None-20260836/lod_transitions.jsonl","39703","2026-08-31T06:47:55.2188870Z","69A63CE8CE9D58FEF86F045434EBBC9355B39BBD02388CF8BDAE9FC5B4EB38E8"
"FormalAccuracy-v1/Runs/Proposed-None-20260836/npc_snapshots.csv","13435","2026-08-31T06:47:55.2148880Z","6DC87C248200C0B934A7420522279EF10970718CDCC14F06EEE87D989CD601A5"
"FormalAccuracy-v1/Runs/Proposed-None-20260836/run_manifest.json","4110","2026-08-31T06:47:55.2393965Z","F059A66E3AC7E479A6696B5350D0E5F35BE7E6FA24652553B7EE2DCADE13792F"
"FormalAccuracy-v1/Runs/Proposed-None-20260836/simulation_events.jsonl","1954096","2026-08-31T06:47:55.2188870Z","F4A2B3DF3EE6E4AB726BA844D42E17EE624DCD4E62FD6FB1E1DD0EF72523EC7A"
"FormalAccuracy-v1/Runs/Proposed-None-20260837/cohort_timeseries.csv","623943","2026-08-31T06:51:46.9059616Z","86DE767C237C55C8D857F1769913147E0AAADBE75772FB93CAA9E644F5435F3D"
"FormalAccuracy-v1/Runs/Proposed-None-20260837/kingdom_timeseries.csv","699121","2026-08-31T06:51:46.9039588Z","F93EF01C0AAFE481C46168939C95DD0D822E458D248217DBF828879264CB9EE4"
"FormalAccuracy-v1/Runs/Proposed-None-20260837/ledger_transactions.jsonl","8170893","2026-08-31T06:51:46.9304711Z","CE2862B62FE3CB7D7361E41131B1D3AD73B1843A3BFC41018F224D4F4CEF6ED8"
"FormalAccuracy-v1/Runs/Proposed-None-20260837/lod_transitions.jsonl","39795","2026-08-31T06:51:46.9119620Z","47FAA44983D7B98DEC2C20F82ECCC3B2E1B1979F621B238902952E12EE30BF81"
"FormalAccuracy-v1/Runs/Proposed-None-20260837/npc_snapshots.csv","13434","2026-08-31T06:51:46.9069619Z","0C1E416FE46E198DA3FD41F685EB370A8CC436D6FD41EA088E573843F5F5B72D"
"FormalAccuracy-v1/Runs/Proposed-None-20260837/run_manifest.json","4110","2026-08-31T06:51:46.9314706Z","4BA527B54EB1B86CB3510D8A4F9D61BBF497106C83726EC58AED680C3405C336"
"FormalAccuracy-v1/Runs/Proposed-None-20260837/simulation_events.jsonl","1958044","2026-08-31T06:51:46.9109614Z","0EC7980E7D7DD7C314A9F495FDD6CB8B0D460CA883630EE52EBB6CB49F5E1D00"
"FormalAccuracy-v1/Runs/Proposed-None-20260838/cohort_timeseries.csv","623843","2026-08-31T06:53:25.7890564Z","746AFF20A0B58F6F28DA7D81EB2BA188696596A2B76BFF89E7955980AEC87237"
"FormalAccuracy-v1/Runs/Proposed-None-20260838/kingdom_timeseries.csv","699121","2026-08-31T06:53:25.7870604Z","1CC5382AEFF48D07CC06F05E78A2E1961ECD4203EE6D17BA91046063CCF62EFE"
"FormalAccuracy-v1/Runs/Proposed-None-20260838/ledger_transactions.jsonl","8205890","2026-08-31T06:53:25.8111811Z","638202268F34736DC86368D6C37B685DCC5106323D043C905D86A07D2D027C08"
"FormalAccuracy-v1/Runs/Proposed-None-20260838/lod_transitions.jsonl","39804","2026-08-31T06:53:25.7940498Z","7C90467C01D01B94F9707BF633EDAF7DAD8EB9C70A99B031B2DD6AFAB800767F"
"FormalAccuracy-v1/Runs/Proposed-None-20260838/npc_snapshots.csv","13455","2026-08-31T06:53:25.7890564Z","D9CBB5C79775AD2D9BA1163728534D1CC2814C7D832252A977045B04D64C07AD"
"FormalAccuracy-v1/Runs/Proposed-None-20260838/run_manifest.json","4110","2026-08-31T06:53:25.8121893Z","25C44BBC7B9A606D0CCE8354972C454314A5A185811E5AD137E54058D5E32218"
"FormalAccuracy-v1/Runs/Proposed-None-20260838/simulation_events.jsonl","1956783","2026-08-31T06:53:25.7940498Z","12134F9F0CD8C56D50CFFE1C71F840755707D8CF1C19126EA92C3D283918B666"
"FormalAccuracy-v1/Runs/Proposed-None-20260839/cohort_timeseries.csv","623032","2026-08-31T06:52:18.0905541Z","48347CA41DA8698DA49CDB5E8D19D7376116C3CF16A62472456E463A67739A4D"
"FormalAccuracy-v1/Runs/Proposed-None-20260839/kingdom_timeseries.csv","699121","2026-08-31T06:52:18.0885554Z","0E20FAD215EB8A2987265E289451B96E6165A9C5C322D6B801BDB336F8A368FB"
"FormalAccuracy-v1/Runs/Proposed-None-20260839/ledger_transactions.jsonl","8170664","2026-08-31T06:52:18.1151933Z","3F2DE03E01EB0583B0774379DE9CC7404A47C1706D451821EE3111DD861ADC59"
"FormalAccuracy-v1/Runs/Proposed-None-20260839/lod_transitions.jsonl","39560","2026-08-31T06:52:18.0965545Z","410C766A017D92DFC7E30C3F7B25BC4C041BD6560CE39EF4247233A5BAC7442C"
"FormalAccuracy-v1/Runs/Proposed-None-20260839/npc_snapshots.csv","13438","2026-08-31T06:52:18.0905541Z","B997C433A1F8AF5E8FEECE2147DAAEF59097A6150145CEAE14FD824C5F8EC726"
"FormalAccuracy-v1/Runs/Proposed-None-20260839/run_manifest.json","4110","2026-08-31T06:52:18.1161090Z","ECBE237D78A35B25A4528AF359B19D090DA2BA4965F1C132674A9632126F62A3"
"FormalAccuracy-v1/Runs/Proposed-None-20260839/simulation_events.jsonl","1951847","2026-08-31T06:52:18.0955630Z","6B8406EB10F922CC7CF209C865D866BE7E7A6DE84A1C7135162C5103BA20391E"
"FormalAccuracy-v1/Runs/Proposed-None-20260840/cohort_timeseries.csv","623134","2026-08-31T06:51:06.6550082Z","2A22702D4EB6090B125112E31C1E593D813FF7D5F5F9E23C615D651532D8729A"
"FormalAccuracy-v1/Runs/Proposed-None-20260840/kingdom_timeseries.csv","699121","2026-08-31T06:51:06.6540088Z","656DD91AA438F219F67271F3D6C951DDC687230BEEDC400CD7BF58F505701853"
"FormalAccuracy-v1/Runs/Proposed-None-20260840/ledger_transactions.jsonl","8188315","2026-08-31T06:51:06.6787399Z","DD2FBAE4E3B7108B4C5DE6D7079F482020AA8CC66177B1496F5C36E393130D83"
"FormalAccuracy-v1/Runs/Proposed-None-20260840/lod_transitions.jsonl","39556","2026-08-31T06:51:06.6610118Z","D5C4B4FEDF58DFE760879511B5F30FE4387667F2E6D29FC04F2EB8C869F949CE"
"FormalAccuracy-v1/Runs/Proposed-None-20260840/npc_snapshots.csv","13430","2026-08-31T06:51:06.6560127Z","1671AC1AC1F3090A675B7145DCA51529ABBA80A7B4D512C316B8ED53D39E95FB"
"FormalAccuracy-v1/Runs/Proposed-None-20260840/run_manifest.json","4110","2026-08-31T06:51:06.6787399Z","382E7E90EDA6D9A66F526DAC7486809148D33D9E6553D5D794ED7C61743A647C"
"FormalAccuracy-v1/Runs/Proposed-None-20260840/simulation_events.jsonl","1953303","2026-08-31T06:51:06.6600125Z","83969F50F4A18D648638D8FE62A362ADA741DA2359E85449E08876850ACB9B76"
"FormalAccuracy-v1/Runs/Proposed-None-20260841/cohort_timeseries.csv","623440","2026-08-31T06:52:30.6254511Z","BC4ED1E7E835AB5D652609E926EF1E83C989EFB9BA4F37390A08C78AF2B6F5A9"
"FormalAccuracy-v1/Runs/Proposed-None-20260841/kingdom_timeseries.csv","699121","2026-08-31T06:52:30.6235296Z","09304DC01B3978BD35AC376B999FFC95265BCD83CBAA8EB68C58DB93FDADDC6B"
"FormalAccuracy-v1/Runs/Proposed-None-20260841/ledger_transactions.jsonl","8181190","2026-08-31T06:52:30.6499595Z","6F083786E433B05F51BCE60ADDF66CFE714BA6DB920E2394759266B61ACBB26B"
"FormalAccuracy-v1/Runs/Proposed-None-20260841/lod_transitions.jsonl","40013","2026-08-31T06:52:30.6304515Z","1CF642260487DA0E38E9793AED9C60DB93172CC536DEB9BF575116941AD86B35"
"FormalAccuracy-v1/Runs/Proposed-None-20260841/npc_snapshots.csv","13448","2026-08-31T06:52:30.6254511Z","02CE06B4584A3DB2E313BE9E0B9A0650865B28767610D9F1CBCCBC4F1071F841"
"FormalAccuracy-v1/Runs/Proposed-None-20260841/run_manifest.json","4110","2026-08-31T06:52:30.6509629Z","B8A67C2EC1D3A69F98007ED036BBC50557263A53234B4FE50B3B68E2BE07F39D"
"FormalAccuracy-v1/Runs/Proposed-None-20260841/simulation_events.jsonl","1956568","2026-08-31T06:52:30.6294509Z","A1B95F43DF098FC17119AEB7BFB36716E34180B5EC27D9F1179FBA2610B3C97B"
"FormalAccuracy-v1/Runs/Proposed-None-20260842/cohort_timeseries.csv","623189","2026-08-31T06:50:23.6387437Z","35781FB2911C41A7DAEEBBC195058CA7C7F7BD2272C7BB309DF11AA4081FA66C"
"FormalAccuracy-v1/Runs/Proposed-None-20260842/kingdom_timeseries.csv","699121","2026-08-31T06:50:23.6366493Z","4B8206ADB87CE474F3B98A5DF91217421153FB59DDE0F319A06EE57A8FC97D94"
"FormalAccuracy-v1/Runs/Proposed-None-20260842/ledger_transactions.jsonl","8194197","2026-08-31T06:50:23.6618382Z","1511166DB3FA712959B4FD5FC259973D695901E20215C2C850B5D22E1104FD35"
"FormalAccuracy-v1/Runs/Proposed-None-20260842/lod_transitions.jsonl","39558","2026-08-31T06:50:23.6436611Z","44EBBE691DB4F309AF6E8CBE386388820C02BD6EABAF0D9E555BA8903ACBB227"
"FormalAccuracy-v1/Runs/Proposed-None-20260842/npc_snapshots.csv","13432","2026-08-31T06:50:23.6387437Z","B815C6A43DC7F92AEF373BB111D359847649944AE2F064082F4C71741416CFE0"
"FormalAccuracy-v1/Runs/Proposed-None-20260842/run_manifest.json","4109","2026-08-31T06:50:23.6627566Z","C78D9CF7D2DAF6E0FA7018F49D356FA3577C313A2E0CE1A2CA32928686787ED8"
"FormalAccuracy-v1/Runs/Proposed-None-20260842/simulation_events.jsonl","1952653","2026-08-31T06:50:23.6426621Z","AA9C81466A4ED05DF231F4F26DE688EADA9C9CBF55B5205EA02C59FBC755DA76"
"FormalAccuracy-v1/Runs/Proposed-None-20260843/cohort_timeseries.csv","622947","2026-08-31T06:44:26.6453294Z","E52C9D8285D9B3CEEF237BE4E1CD98C2A292FD6231F3A6FF9E7BBA1ADF2A93DF"
"FormalAccuracy-v1/Runs/Proposed-None-20260843/kingdom_timeseries.csv","699121","2026-08-31T06:44:26.6434087Z","705C3CB435FE5E009F924A86F6C42FE9794E7BDB78413D4BB41DA5ABBF9705D7"
"FormalAccuracy-v1/Runs/Proposed-None-20260843/ledger_transactions.jsonl","8174090","2026-08-31T06:44:26.6693434Z","0AE1A5644454081F56B2DC3FF4C06218A2B9754BF1E872020CFACC60DDDC8C8D"
"FormalAccuracy-v1/Runs/Proposed-None-20260843/lod_transitions.jsonl","39558","2026-08-31T06:44:26.6514249Z","8B770C7A11C9816F1965535290062E2C36B3B79C64E477E1384E137FABA4A864"
"FormalAccuracy-v1/Runs/Proposed-None-20260843/npc_snapshots.csv","13445","2026-08-31T06:44:26.6463295Z","C3889BC35BA6822A26B568073AC1D85DEE8D7A219D7971B15B16E97ADAF95A4C"
"FormalAccuracy-v1/Runs/Proposed-None-20260843/run_manifest.json","4110","2026-08-31T06:44:26.6703360Z","874347F74D20D71332CB02060F1B25D1DCEF3A873409163AB24E5C23E5D85860"
"FormalAccuracy-v1/Runs/Proposed-None-20260843/simulation_events.jsonl","1952348","2026-08-31T06:44:26.6503298Z","7BE540B2BAA6494507AB043D03D5179BD4179161DB4C9A4CBE80BFF3695FC4A1"
"FormalAccuracy-v1/Runs/Proposed-None-20260844/cohort_timeseries.csv","623204","2026-08-31T06:48:26.3002283Z","1CFB08D190EB44F9140C0F08BD588BE3EF0826BC66CBBC8F5A7AE7FADCD8F2F8"
"FormalAccuracy-v1/Runs/Proposed-None-20260844/kingdom_timeseries.csv","699121","2026-08-31T06:48:26.2982758Z","91C1F868FC3AE91E355EB87864A05187AC99DA06C0291D5C52A588A84D09CB7A"
"FormalAccuracy-v1/Runs/Proposed-None-20260844/ledger_transactions.jsonl","8197820","2026-08-31T06:48:26.3250121Z","9F141CDF4893748AE569F0E8D8438721B943502D6E07CDFFC0E13A27F2503049"
"FormalAccuracy-v1/Runs/Proposed-None-20260844/lod_transitions.jsonl","39549","2026-08-31T06:48:26.3062353Z","8662DFC0325B91E22309EBF59A1F2D8A6130E8D3FD7EA83495CF567C23F125A2"
"FormalAccuracy-v1/Runs/Proposed-None-20260844/npc_snapshots.csv","13430","2026-08-31T06:48:26.3002283Z","87A49806EB3A488B78E20F25E8BA946D8B4DA136BD2E34271DF4E9F00628FB85"
"FormalAccuracy-v1/Runs/Proposed-None-20260844/run_manifest.json","4109","2026-08-31T06:48:26.3260968Z","8E68B459BF5B04175CAA88955E0F5CD5D3ADBB6D185595F7C2409155D906A705"
"FormalAccuracy-v1/Runs/Proposed-None-20260844/simulation_events.jsonl","1952645","2026-08-31T06:48:26.3052297Z","7A51BF0CCA2FCF0831973AB4A451FE3B81D386F882B89C30F632C740522856FC"
"FormalAccuracy-v1/Runs/Proposed-RepairAid-20260815/cohort_timeseries.csv","700599","2026-08-31T06:43:11.1597741Z","7310B0B6311BEFFF12F04A7BC20F6CE6E9513D6CE06515947A2231DEA88CC8A8"
"FormalAccuracy-v1/Runs/Proposed-RepairAid-20260815/kingdom_timeseries.csv","733633","2026-08-31T06:43:11.1577819Z","F8771DF90B816DAE110A51D302BE43CDE1A238B9BDFCD1B8800E961CDDCDB3B0"
"FormalAccuracy-v1/Runs/Proposed-RepairAid-20260815/ledger_transactions.jsonl","8734466","2026-08-31T06:43:11.1850230Z","35C891D5902E400C31C42A4CC4D45D616EFF0AE5AA6AF12897BD171810823954"
"FormalAccuracy-v1/Runs/Proposed-RepairAid-20260815/lod_transitions.jsonl","40851","2026-08-31T06:43:11.1657733Z","178D36FE4D1CCFE2A8A5D6A06E78EC7A1A980E92F93CAB1BD55AEDD66A4915C1"
"FormalAccuracy-v1/Runs/Proposed-RepairAid-20260815/npc_snapshots.csv","14052","2026-08-31T06:43:11.1597741Z","7E4A4FE9552442252131F9A75A706192FDA710164BFC713F217296C089813F1D"
"FormalAccuracy-v1/Runs/Proposed-RepairAid-20260815/run_manifest.json","4119","2026-08-31T06:43:11.1860221Z","D2EAD2CAB55AF4A0A5AB27E9B009CC0B8F940428F8E6A27C1335EDAEF2A7F073"
"FormalAccuracy-v1/Runs/Proposed-RepairAid-20260815/simulation_events.jsonl","2106906","2026-08-31T06:43:11.1647822Z","92F1954430C8F51352B793BB4B39D4FF2F386C45D6CCAA8283D6F78244AFF24C"
"FormalAccuracy-v1/Runs/Proposed-RepairAid-20260816/cohort_timeseries.csv","659355","2026-08-31T06:46:46.5777578Z","ECC5BF147284EB1B87153434B162FE56C06F05BF8A551DE89808B0A0A853C11B"
"FormalAccuracy-v1/Runs/Proposed-RepairAid-20260816/kingdom_timeseries.csv","733633","2026-08-31T06:46:46.5757574Z","DF1C76B4124170896756D4E7B6A512503AFFC26A0371E707A2CE95388B569CDC"
"FormalAccuracy-v1/Runs/Proposed-RepairAid-20260816/ledger_transactions.jsonl","8574178","2026-08-31T06:46:46.6054313Z","24ADBD6F85B4BB6B0BCAB5564C7E2433CFE053A23A0B6235430EC01DFFDE516C"
"FormalAccuracy-v1/Runs/Proposed-RepairAid-20260816/lod_transitions.jsonl","40859","2026-08-31T06:46:46.5864061Z","CDD5E45273AF76B9E3E74F872464352E8EBC7EA8AD589369D7897AF2DFD31AD6"
"FormalAccuracy-v1/Runs/Proposed-RepairAid-20260816/npc_snapshots.csv","14035","2026-08-31T06:46:46.5787577Z","736425424828D633AB79C76CAE383DDFA6224330556A3A8073553353DE4A4EE8"
"FormalAccuracy-v1/Runs/Proposed-RepairAid-20260816/run_manifest.json","4119","2026-08-31T06:46:46.6064350Z","31105A1F27C3168D08841116CC2A7EFD361B60CAB84CF93968F0359ACAEF2956"
"FormalAccuracy-v1/Runs/Proposed-RepairAid-20260816/simulation_events.jsonl","1986878","2026-08-31T06:46:46.5843956Z","A924679D2094F80A2E60197198F189B31295A2AE0E494EBC5184FA8DD7B48A64"
"FormalAccuracy-v1/Runs/Proposed-RepairAid-20260817/cohort_timeseries.csv","701539","2026-08-31T06:45:28.5302997Z","8260CCE749A08119778DED5C5ED5CD0A20CF0FA1CB7F1E64D956F1087265093E"
"FormalAccuracy-v1/Runs/Proposed-RepairAid-20260817/kingdom_timeseries.csv","733633","2026-08-31T06:45:28.5288544Z","4F5530E73453FA596DFB001625E38375655F0FE45ACED8D20DFC90DB5763730D"
"FormalAccuracy-v1/Runs/Proposed-RepairAid-20260817/ledger_transactions.jsonl","8673535","2026-08-31T06:45:28.5577514Z","64D44C0FEBA44769FE5D01B9F563269B80194F77699142EDD544D3918BB3F411"
"FormalAccuracy-v1/Runs/Proposed-RepairAid-20260817/lod_transitions.jsonl","40985","2026-08-31T06:45:28.5375943Z","A074344E5097FE7190A0078E8055CD41DA030F4388BE7C346D7A1AD34E35A214"
"FormalAccuracy-v1/Runs/Proposed-RepairAid-20260817/npc_snapshots.csv","14035","2026-08-31T06:45:28.5302997Z","6359504654EB293375C87B6929FE4488B179E84AE5CA03AA4286384CB602969B"
"FormalAccuracy-v1/Runs/Proposed-RepairAid-20260817/run_manifest.json","4121","2026-08-31T06:45:28.5586747Z","391DC387D57FB8C70551950056D7E32353001B08152A8A32EBCF162918DDC04A"
"FormalAccuracy-v1/Runs/Proposed-RepairAid-20260817/simulation_events.jsonl","2112892","2026-08-31T06:45:28.5367152Z","4EACCD0E4D2F80A2800B475EFB6FB2D987B8A3F1DFCF5E12F3A2680AF8926A5E"
"FormalAccuracy-v1/Runs/Proposed-RepairAid-20260818/cohort_timeseries.csv","701924","2026-08-31T06:40:34.9386606Z","C0F9FBBC19F5764565705F7B70B2510D34D45AA86E10235E74FAC6B3271255C8"
"FormalAccuracy-v1/Runs/Proposed-RepairAid-20260818/kingdom_timeseries.csv","733633","2026-08-31T06:40:34.9366685Z","8351F4F836A9C172291FDD4CFAF285B927C16755CE6EEBE2B5316DD5AD38354A"
"FormalAccuracy-v1/Runs/Proposed-RepairAid-20260818/ledger_transactions.jsonl","8894018","2026-08-31T06:40:34.9652761Z","2696E5FED4DCFED494B44CC7C2C21146D51F0AC6CF94889A0DD465796731ED2F"
"FormalAccuracy-v1/Runs/Proposed-RepairAid-20260818/lod_transitions.jsonl","40855","2026-08-31T06:40:34.9441648Z","BE5522039D9B05FF86A6939DF76EA3AE258C1E3A547B341F5104F937A87622F8"
"FormalAccuracy-v1/Runs/Proposed-RepairAid-20260818/npc_snapshots.csv","14038","2026-08-31T06:40:34.9386606Z","8059C5CD4DB169AA34C8986E151A4D4D3A99EA3FB63CEA74157142604BF85EC1"
"FormalAccuracy-v1/Runs/Proposed-RepairAid-20260818/run_manifest.json","4119","2026-08-31T06:40:34.9662816Z","AF1809EFB01347AED1DCF7B21954D8E4753DC302C870603398AE0ED8119051C7"
"FormalAccuracy-v1/Runs/Proposed-RepairAid-20260818/simulation_events.jsonl","2111990","2026-08-31T06:40:34.9441648Z","C9589B8CCA5D6062DD9848CFD13666DCAFCC6A5DE6EEEF83BCDADC095CB3D136"
"FormalAccuracy-v1/Runs/Proposed-RepairAid-20260819/cohort_timeseries.csv","703243","2026-08-31T06:40:18.4598032Z","ABA0510C7C184B45213E034A8492FB16C7CCB1A2C8F50D67AA76ECF154F965AA"
"FormalAccuracy-v1/Runs/Proposed-RepairAid-20260819/kingdom_timeseries.csv","733633","2026-08-31T06:40:18.4578039Z","5F9A6E23314D0C0EFDAA938D6915D32BD90938B4A3F0F3D24E5688D9EFB1E6F6"
"FormalAccuracy-v1/Runs/Proposed-RepairAid-20260819/ledger_transactions.jsonl","8760282","2026-08-31T06:40:18.4853521Z","C665B6AB03973F5600839312D15A2D4E3BADE30C1DE5C6AA01D0372803A8B37B"
"FormalAccuracy-v1/Runs/Proposed-RepairAid-20260819/lod_transitions.jsonl","41251","2026-08-31T06:40:18.4648040Z","E3AE0C6682DC25530A9302F4340BDCF60BE7D3A249EB1BEA2FDC94FEE34C7D52"
"FormalAccuracy-v1/Runs/Proposed-RepairAid-20260819/npc_snapshots.csv","14043","2026-08-31T06:40:18.4598032Z","A42C2EA2F5B4481BDDC2D55C1A0806F190EE3042D75688C9AA0B369779D913A8"
"FormalAccuracy-v1/Runs/Proposed-RepairAid-20260819/run_manifest.json","4120","2026-08-31T06:40:18.4863126Z","4060432E5D9BA9C7FB13A2F1FE5D5AE9F5B678A1AFB36027FB642CDF13CFB162"
"FormalAccuracy-v1/Runs/Proposed-RepairAid-20260819/simulation_events.jsonl","2119242","2026-08-31T06:40:18.4648040Z","CBE73E34E4E1FB20F29573382E34CE97F8FEEA455E87703F6B199F4CFF6C69A8"
"FormalAccuracy-v1/Runs/Proposed-RepairAid-20260820/cohort_timeseries.csv","701049","2026-08-31T06:49:43.0832368Z","28C40112988DA10D451163DE343D74BBC1E1A564ED2DC6F6C0A59CD4E2EC1AB5"
"FormalAccuracy-v1/Runs/Proposed-RepairAid-20260820/kingdom_timeseries.csv","733633","2026-08-31T06:49:43.0812260Z","0FE5034D3056A36BAA1A0C4FAD097686D8BBDB332FFD4ADF7C72CCE4351D0662"
"FormalAccuracy-v1/Runs/Proposed-RepairAid-20260820/ledger_transactions.jsonl","8893110","2026-08-31T06:49:43.1108126Z","8D66F7E6F8CEA66DFDFF5562F3E2A8D6C151474E7F3BD7BEFB3E47038ED0CFE3"
"FormalAccuracy-v1/Runs/Proposed-RepairAid-20260820/lod_transitions.jsonl","40807","2026-08-31T06:49:43.0892274Z","85EF0104C71E817AE6723D1B31D9389EC5731160AE2990DF5762613A32AAF281"
"FormalAccuracy-v1/Runs/Proposed-RepairAid-20260820/npc_snapshots.csv","14035","2026-08-31T06:49:43.0842254Z","CC31E7F1A820F5D602408522F58FC496A41BF77D96597F04E710E6E25122E1CF"
"FormalAccuracy-v1/Runs/Proposed-RepairAid-20260820/run_manifest.json","4121","2026-08-31T06:49:43.1118038Z","1361A3E1B3E170087D5F0E383CF1993D9C30D6419EA6C4E29757FCAE6D610FD8"
"FormalAccuracy-v1/Runs/Proposed-RepairAid-20260820/simulation_events.jsonl","2110131","2026-08-31T06:49:43.0892274Z","E2A8296D62E4161F04D8DB9F78372C2E4F801E68043245FAF79ED3F467506E05"
"FormalAccuracy-v1/Runs/Proposed-RepairAid-20260821/cohort_timeseries.csv","703413","2026-08-31T06:44:45.5607242Z","5EE9327A88D40D0A1D9F2583675B133993310791D66E748E6F3E3EF293AD16A6"
"FormalAccuracy-v1/Runs/Proposed-RepairAid-20260821/kingdom_timeseries.csv","733633","2026-08-31T06:44:45.5588005Z","56E8D7930BFEC7103455EECFF4872AB9618190463D6C3863B1772C76724E2F2A"
"FormalAccuracy-v1/Runs/Proposed-RepairAid-20260821/ledger_transactions.jsonl","8744287","2026-08-31T06:44:45.5877979Z","B0846965EC95317510CC2A6EDC95C07AA3689263907F668D46A042254EFDFEC8"
"FormalAccuracy-v1/Runs/Proposed-RepairAid-20260821/lod_transitions.jsonl","40801","2026-08-31T06:44:45.5679364Z","A1137138D7A0CCDD5BCA735005D59DACEEBE732ABCE9BDBDE481CB0205CD5740"
"FormalAccuracy-v1/Runs/Proposed-RepairAid-20260821/npc_snapshots.csv","14031","2026-08-31T06:44:45.5617236Z","B7506D0BC271B389830C73E57E9D67DEBCAF8D88747D326212462816F3BBD503"
"FormalAccuracy-v1/Runs/Proposed-RepairAid-20260821/run_manifest.json","4121","2026-08-31T06:44:45.5887033Z","26FEF7935688F0FCC988A4F87B5AFF0824F76829FEBF825EA1D327EDAFA0A810"
"FormalAccuracy-v1/Runs/Proposed-RepairAid-20260821/simulation_events.jsonl","2117149","2026-08-31T06:44:45.5669321Z","673577F88F9315407AF3D9EF72007D9C1F66CDB5C9BBDE2253D43229B826028C"
"FormalAccuracy-v1/Runs/Proposed-RepairAid-20260822/cohort_timeseries.csv","701540","2026-08-31T06:46:21.0161257Z","0FCF107B11A55D4A4D53A61E23A38E06B16BB008BC87C7874F5E433F702B7DB5"
"FormalAccuracy-v1/Runs/Proposed-RepairAid-20260822/kingdom_timeseries.csv","733633","2026-08-31T06:46:21.0141268Z","28CF7CC609004296D59A9518D3BFA5E56BB7C2B5EA114C59CBD57E37A5D578D5"
"FormalAccuracy-v1/Runs/Proposed-RepairAid-20260822/ledger_transactions.jsonl","8927360","2026-08-31T06:46:21.0421760Z","A50801D45E87A6F9D13340E44C19E2833BAAED88916B573852BB22D78DB7629B"
"FormalAccuracy-v1/Runs/Proposed-RepairAid-20260822/lod_transitions.jsonl","41288","2026-08-31T06:46:21.0226350Z","AE5608C096E0EADA2B54A0810B82CF3C83B3B828004C1EB2EA1116068A360324"
"FormalAccuracy-v1/Runs/Proposed-RepairAid-20260822/npc_snapshots.csv","14055","2026-08-31T06:46:21.0171259Z","09751C7D3347862AFC194BF8595A5EB30FE86D66AF7433BBCA39946C18F5EB72"
"FormalAccuracy-v1/Runs/Proposed-RepairAid-20260822/run_manifest.json","4122","2026-08-31T06:46:21.0442640Z","854C754331A1E47BFAB1ED1716BB7AE82464ED35F59CD1EFEA6CB38430082A72"
"FormalAccuracy-v1/Runs/Proposed-RepairAid-20260822/simulation_events.jsonl","2114766","2026-08-31T06:46:21.0216334Z","C68A14BBA42A3830E3D8DD4FA6109CC69CB94BED638BE0A3C5AEAF9D6D357B15"
"FormalAccuracy-v1/Runs/Proposed-RepairAid-20260823/cohort_timeseries.csv","700165","2026-08-31T06:45:08.0224539Z","EDD392698F77AB01CA728E278FEA448D6B0462331347A0467A6E4AEB5858E83D"
"FormalAccuracy-v1/Runs/Proposed-RepairAid-20260823/kingdom_timeseries.csv","733633","2026-08-31T06:45:08.0204491Z","7276467D4E0C98CE9192B5E3BD7990833E16ED7F4634C3C5AB531B020FC4A900"
"FormalAccuracy-v1/Runs/Proposed-RepairAid-20260823/ledger_transactions.jsonl","8757742","2026-08-31T06:45:08.0500509Z","A7AD83D07BB009F2D121AF01D058A36940727F7D28CFD59469F46C20D3B998E6"
"FormalAccuracy-v1/Runs/Proposed-RepairAid-20260823/lod_transitions.jsonl","41139","2026-08-31T06:45:08.0294598Z","D0630AFDC0D233E8DF768697A9272490BF33DCC086FA47AED7586149E9ACA437"
"FormalAccuracy-v1/Runs/Proposed-RepairAid-20260823/npc_snapshots.csv","14045","2026-08-31T06:45:08.0235149Z","092076ECC7DB48948FB8D713B3CF53E50432A437361B8F995808714831EC7241"
"FormalAccuracy-v1/Runs/Proposed-RepairAid-20260823/run_manifest.json","4121","2026-08-31T06:45:08.0510512Z","9540EF6ECBF36EBBFED67FE02BE1EE83181D64FDCFF611CFFF81403DA54CB9C3"
"FormalAccuracy-v1/Runs/Proposed-RepairAid-20260823/simulation_events.jsonl","2109708","2026-08-31T06:45:08.0284589Z","EE4F9EF2913BD55BEBD54044E2934D7F2160BDCB50E11D0293D94ADCCDDFF5A2"
"FormalAccuracy-v1/Runs/Proposed-RepairAid-20260824/cohort_timeseries.csv","701933","2026-08-31T06:52:12.5858937Z","B88F9690B6F1FFC9A4D40E25F1856C7BD1A3F7E9BC1AF562052021714D1BDCED"
"FormalAccuracy-v1/Runs/Proposed-RepairAid-20260824/kingdom_timeseries.csv","733633","2026-08-31T06:52:12.5838943Z","7FFE9388E63CDD3A32861B8D92B0FC1CC356AE002944FD8FA6FB4B13D7B7CC77"
"FormalAccuracy-v1/Runs/Proposed-RepairAid-20260824/ledger_transactions.jsonl","8739764","2026-08-31T06:52:12.6118651Z","57134C8DF8F7500E0694BDD2046FC724DC3A206E57B148A4D316CFB5F9EE6B82"
"FormalAccuracy-v1/Runs/Proposed-RepairAid-20260824/lod_transitions.jsonl","40801","2026-08-31T06:52:12.5914105Z","90B23AE5181476023090CEC610FE28CCFB1746215A3DD8666974A36A1EA27A06"
"FormalAccuracy-v1/Runs/Proposed-RepairAid-20260824/npc_snapshots.csv","14042","2026-08-31T06:52:12.5858937Z","2F8B074FB5884AC1A0392E72E15AA51BBAE9761E7359BF79EA9E8EBC309B6604"
"FormalAccuracy-v1/Runs/Proposed-RepairAid-20260824/run_manifest.json","4120","2026-08-31T06:52:12.6128620Z","9956B9CA4A8415BC209D1CF662A78B71A2D7FFA72A8D080B8E5A3B2C726A9FA7"
"FormalAccuracy-v1/Runs/Proposed-RepairAid-20260824/simulation_events.jsonl","2111767","2026-08-31T06:52:12.5914105Z","A3C63E0DBD31ADB88A7879B0086A9350527F09ECB7044D8266D1FD229DBE24AB"
"FormalAccuracy-v1/Runs/Proposed-RepairAid-20260825/cohort_timeseries.csv","701740","2026-08-31T06:53:41.1434708Z","E07C3E60F0D9A4253936995FD70DA8BB345ACBC3954DAAC082931711386DEA4F"
"FormalAccuracy-v1/Runs/Proposed-RepairAid-20260825/kingdom_timeseries.csv","733633","2026-08-31T06:53:41.1414620Z","305A17CB6319E492D1096580BB5E3C860386F093561F741FF320827822E19755"
"FormalAccuracy-v1/Runs/Proposed-RepairAid-20260825/ledger_transactions.jsonl","8900912","2026-08-31T06:53:41.1715790Z","9FFB8A2C736832AEFFA57DBF5BC74EC230AD7BB02E23F674339B85A7B1A04099"
"FormalAccuracy-v1/Runs/Proposed-RepairAid-20260825/lod_transitions.jsonl","40811","2026-08-31T06:53:41.1504709Z","E0B2C1ADE817F7A01EF2CA98870CF988886DF5C8F9517CDDEC0B5A3D67929C81"
"FormalAccuracy-v1/Runs/Proposed-RepairAid-20260825/npc_snapshots.csv","14033","2026-08-31T06:53:41.1445045Z","BC94E5A8E8B3D749A65CCB2DECC2CBE24F7AD7A81A9C28BF0219FAB8097C87C2"
"FormalAccuracy-v1/Runs/Proposed-RepairAid-20260825/run_manifest.json","4120","2026-08-31T06:53:41.1724981Z","4166B5F524D577382E689E696B86794E0CC996314EFF99E38473F43137D27FA6"
"FormalAccuracy-v1/Runs/Proposed-RepairAid-20260825/simulation_events.jsonl","2111776","2026-08-31T06:53:41.1494873Z","BD6590763A44D655B68BA4C7635AE076BB5CA69A11C35B27F9B6E1CBCA295E42"
"FormalAccuracy-v1/Runs/Proposed-RepairAid-20260826/cohort_timeseries.csv","701866","2026-08-31T06:43:03.9690905Z","D4B278D0C350828F325C91750AFD596AA67D59D6A3C271EE5E45F18157538871"
"FormalAccuracy-v1/Runs/Proposed-RepairAid-20260826/kingdom_timeseries.csv","733633","2026-08-31T06:43:03.9680973Z","8598B639184C890DBB8427BFB0BC6C109F02E98332185F546B0EBC883F9C364F"
"FormalAccuracy-v1/Runs/Proposed-RepairAid-20260826/ledger_transactions.jsonl","8913386","2026-08-31T06:43:03.9961155Z","F5CA1F77C0D8CC0BF6C26ABF876FAEB2A20FA42CAE59BC76063FF423C4A79930"
"FormalAccuracy-v1/Runs/Proposed-RepairAid-20260826/lod_transitions.jsonl","41078","2026-08-31T06:43:03.9755989Z","865D03D15288585A8420D7212D4913396DB32FA1402E0DCAB1F74E62E01CAEE8"
"FormalAccuracy-v1/Runs/Proposed-RepairAid-20260826/npc_snapshots.csv","14060","2026-08-31T06:43:03.9690905Z","DE214F82795B6AE0F109D77F4C8052F49AEFE2725694CCCAC095AA84D624C14B"
"FormalAccuracy-v1/Runs/Proposed-RepairAid-20260826/run_manifest.json","4119","2026-08-31T06:43:03.9971084Z","70D0A7EF7B9FB66BCA5F68C2F448213BA04FD21E1171386AE3A1977415406563"
"FormalAccuracy-v1/Runs/Proposed-RepairAid-20260826/simulation_events.jsonl","2113709","2026-08-31T06:43:03.9746016Z","7CF7334E2BFB96967FB235982D3E39A4BD6156DF8EEC44BCE287E3E743AEEDB7"
"FormalAccuracy-v1/Runs/Proposed-RepairAid-20260827/cohort_timeseries.csv","699589","2026-08-31T06:41:25.8766503Z","2508CC3AB57B3B1433D3950339B64854BA71FBD4051B3935C5EDA79D3E2BBECF"
"FormalAccuracy-v1/Runs/Proposed-RepairAid-20260827/kingdom_timeseries.csv","733633","2026-08-31T06:41:25.8745991Z","0F16843B0D88F242085E3E2FCDE8DCBE272816C7D64A3BAA0DA6DB5853E41EF6"
"FormalAccuracy-v1/Runs/Proposed-RepairAid-20260827/ledger_transactions.jsonl","8924312","2026-08-31T06:41:25.9032395Z","6C6D3DC2FF6BD2CB58EA5D8A6E96EA52F4F73A0E6264F981A6FC3A3D6CA348D9"
"FormalAccuracy-v1/Runs/Proposed-RepairAid-20260827/lod_transitions.jsonl","41374","2026-08-31T06:41:25.8826000Z","8EDF631F2331C1E645B1DA1105A19A070DAE4F4EC6C23195A95E744A47E5041C"
"FormalAccuracy-v1/Runs/Proposed-RepairAid-20260827/npc_snapshots.csv","14062","2026-08-31T06:41:25.8775999Z","78834D2A7819E3467D053B68A9A678EABB1F4C2860EB65A17F050AA91CF0B9AC"
"FormalAccuracy-v1/Runs/Proposed-RepairAid-20260827/run_manifest.json","4119","2026-08-31T06:41:25.9041566Z","E0E2FCEDD50820775AEB73671507EF1B47C8A729B36322A1D1FED133935497A8"
"FormalAccuracy-v1/Runs/Proposed-RepairAid-20260827/simulation_events.jsonl","2110716","2026-08-31T06:41:25.8816518Z","D9DB58586149E282BF2FBFAEB73AA624A75ACE5A91A9146CA1965E8690D2EA9E"
"FormalAccuracy-v1/Runs/Proposed-RepairAid-20260828/cohort_timeseries.csv","702703","2026-08-31T06:41:33.3243839Z","C7361CB8E6C372EA61CA5EA50E85D4C3F1E257C0B9B9DC35769D3EA263C3208B"
"FormalAccuracy-v1/Runs/Proposed-RepairAid-20260828/kingdom_timeseries.csv","733633","2026-08-31T06:41:33.3224576Z","27889FABE1228DD862A2EB2AC5E41F35414309A0EE72114E1AE8812E59261366"
"FormalAccuracy-v1/Runs/Proposed-RepairAid-20260828/ledger_transactions.jsonl","8747496","2026-08-31T06:41:33.3518952Z","3A7BE1DE0262156FA138EBB1FDBFD9DE8D7E65F011F0EEA5CDF15B7200824E04"
"FormalAccuracy-v1/Runs/Proposed-RepairAid-20260828/lod_transitions.jsonl","41051","2026-08-31T06:41:33.3303836Z","F5363262D708C56F7E2EEA7F12FC7E07789C5CC0BBC0D8F5EDBA5A9BEEE87AFA"
"FormalAccuracy-v1/Runs/Proposed-RepairAid-20260828/npc_snapshots.csv","14044","2026-08-31T06:41:33.3253827Z","090CF30537358E8CEE2C5C477FBDB4696D9A732426C8381D213E49DCE337CCCB"
"FormalAccuracy-v1/Runs/Proposed-RepairAid-20260828/run_manifest.json","4118","2026-08-31T06:41:33.3528946Z","C9476FDD10DF473BC498FB70E683D3FA0DB11CA62EEF0A6BC115436763DE20CE"
"FormalAccuracy-v1/Runs/Proposed-RepairAid-20260828/simulation_events.jsonl","2116090","2026-08-31T06:41:33.3303836Z","688F995A679E0F496824C4463F2C362197CBA36514F13944954DDB68986B171B"
"FormalAccuracy-v1/Runs/Proposed-RepairAid-20260829/cohort_timeseries.csv","703433","2026-08-31T06:54:03.4278549Z","B0034C45818F33E5FE2A384259B9D5559D36470837B27706691471E83AEBDEDF"
"FormalAccuracy-v1/Runs/Proposed-RepairAid-20260829/kingdom_timeseries.csv","733633","2026-08-31T06:54:03.4258552Z","8C74490BE7257BF80F2FE2F1F41A1F5C1771969E330C285337A9F7C28B54B66C"
"FormalAccuracy-v1/Runs/Proposed-RepairAid-20260829/ledger_transactions.jsonl","8903121","2026-08-31T06:54:03.4543635Z","3C68CEC611E37919FF0FFF1DA1E38A6CF287DBAB83BDA53FE303EF5F3129085C"
"FormalAccuracy-v1/Runs/Proposed-RepairAid-20260829/lod_transitions.jsonl","40979","2026-08-31T06:54:03.4343644Z","1865FBC8B89E3917373776A18C18957BC17EDA2DD40795D63A8EF3376FB33F16"
"FormalAccuracy-v1/Runs/Proposed-RepairAid-20260829/npc_snapshots.csv","14032","2026-08-31T06:54:03.4288536Z","0601FC5B4900A6B538256375984C502EFEFFC3E72A898EF1BEE708F16BA87010"
"FormalAccuracy-v1/Runs/Proposed-RepairAid-20260829/run_manifest.json","4117","2026-08-31T06:54:03.4553694Z","CD4E38511AA8B3BCC09833361BC7A9905CCDD11E33738EFD96F0D5FDBF534EB2"
"FormalAccuracy-v1/Runs/Proposed-RepairAid-20260829/simulation_events.jsonl","2116970","2026-08-31T06:54:03.4333600Z","ED4EE57F07236C490AF751857CB611FF20D13A47F5BC9AB02576B9DFDA8F6F5A"
"FormalAccuracy-v1/Runs/Proposed-RepairAid-20260830/cohort_timeseries.csv","703465","2026-08-31T06:43:39.7459130Z","C1736368E48E9CB275BEC2CEC4AFBFAFB07D1221911919DEDBC113AEFB0F0798"
"FormalAccuracy-v1/Runs/Proposed-RepairAid-20260830/kingdom_timeseries.csv","733633","2026-08-31T06:43:39.7429926Z","D59BD79BB04FBBEA1AC851D23508630E0F0107C24FFD034D73AE00E82E10362F"
"FormalAccuracy-v1/Runs/Proposed-RepairAid-20260830/ledger_transactions.jsonl","8772528","2026-08-31T06:43:39.7704228Z","816033D2FD61409D156883EE075A4D6DF9011906D2E92F135D919EDAF90BF106"
"FormalAccuracy-v1/Runs/Proposed-RepairAid-20260830/lod_transitions.jsonl","41134","2026-08-31T06:43:39.7509124Z","BDC38BEB18D7B9DC87BBB33613CF103643BC7BD06375224D0DA1603F0CAAEF06"
"FormalAccuracy-v1/Runs/Proposed-RepairAid-20260830/npc_snapshots.csv","14037","2026-08-31T06:43:39.7459130Z","1FB2C481F73CE91A5C4B9E699F37B8FFAF6270ED63CB7BD0317BD7FEDE891910"
"FormalAccuracy-v1/Runs/Proposed-RepairAid-20260830/run_manifest.json","4121","2026-08-31T06:43:39.7714356Z","6E93D7A21B9200391BD61DE8F55E06F81ECD4C3DE20F865CBCEC814F401580EE"
"FormalAccuracy-v1/Runs/Proposed-RepairAid-20260830/simulation_events.jsonl","2119332","2026-08-31T06:43:39.7509124Z","B50C9D1E32B9E3ED0A2EDFE53F27E6D6A1637962C9319146E3C08529AF32674C"
"FormalAccuracy-v1/Runs/Proposed-RepairAid-20260831/cohort_timeseries.csv","701848","2026-08-31T06:45:20.5525531Z","C0AF6ABCB4B3919ACFAE058495F0058FA4C93EBE6409E81E4C245A73B2A880DC"
"FormalAccuracy-v1/Runs/Proposed-RepairAid-20260831/kingdom_timeseries.csv","733633","2026-08-31T06:45:20.5496308Z","3E059062F0B222B3709E624AC95AEAC8D6BFCB4B7C790B043A114209C5729FF7"
"FormalAccuracy-v1/Runs/Proposed-RepairAid-20260831/ledger_transactions.jsonl","8753539","2026-08-31T06:45:20.5790163Z","78798BD3D0959121ACAD92F16ADB5366EE3E2D7E989D576468D8427389A46602"
"FormalAccuracy-v1/Runs/Proposed-RepairAid-20260831/lod_transitions.jsonl","41039","2026-08-31T06:45:20.5585563Z","27396C90A508CE38A2E5BDA8992B6B0B0F4AAF5A192CA51412E151E801E6A7AF"
"FormalAccuracy-v1/Runs/Proposed-RepairAid-20260831/npc_snapshots.csv","14042","2026-08-31T06:45:20.5535529Z","F60FB8F62706EE23A96E1454538979FA53497C4109F1B2F90C08D9BAEF62A7DD"
"FormalAccuracy-v1/Runs/Proposed-RepairAid-20260831/run_manifest.json","4120","2026-08-31T06:45:20.5803639Z","9109072ABEA81912F4A12BD00753FA84360FF43311682A0833A42C19E37E7D6F"
"FormalAccuracy-v1/Runs/Proposed-RepairAid-20260831/simulation_events.jsonl","2112458","2026-08-31T06:45:20.5585563Z","B50B638D0123B414E60D3E496893BEBCF49BB4BCE0C7101FDA12680548378557"
"FormalAccuracy-v1/Runs/Proposed-RepairAid-20260832/cohort_timeseries.csv","703473","2026-08-31T06:44:21.0583887Z","0661686E1CDDC0B1F441D30E2C397A555F1778B568876D8A36ADBFB3051C8F01"
"FormalAccuracy-v1/Runs/Proposed-RepairAid-20260832/kingdom_timeseries.csv","733633","2026-08-31T06:44:21.0563888Z","C0084C0CC1B3A0BE70EF0E1842D57EC7C85F96EF7FE80F770F409EF9D729566B"
"FormalAccuracy-v1/Runs/Proposed-RepairAid-20260832/ledger_transactions.jsonl","8777718","2026-08-31T06:44:21.0840742Z","CA7A5A71A2127A8287703FC0F8A103E18243D3AFDF4C89E56142F8A87EE9A4BF"
"FormalAccuracy-v1/Runs/Proposed-RepairAid-20260832/lod_transitions.jsonl","40955","2026-08-31T06:44:21.0643878Z","3D91563ECDDCE85036CACBE416A80D07B60569F25EA84E4F110C42E4B977CA31"
"FormalAccuracy-v1/Runs/Proposed-RepairAid-20260832/npc_snapshots.csv","14030","2026-08-31T06:44:21.0583887Z","626E16A9F11EB94B6F9BE2116E496161A060B44F2CCB2BB92CA957355A043E8B"
"FormalAccuracy-v1/Runs/Proposed-RepairAid-20260832/run_manifest.json","4119","2026-08-31T06:44:21.0850740Z","340629223F67A9A5A7B003CD7234943E086613E21A5DA0F530D55547BFFC5E15"
"FormalAccuracy-v1/Runs/Proposed-RepairAid-20260832/simulation_events.jsonl","2118218","2026-08-31T06:44:21.0634646Z","FC8B9B3AA15DC9F6AE306F5FE37E9014046FA6E9532AA0358E2EDBE8DC9AEFBE"
"FormalAccuracy-v1/Runs/Proposed-RepairAid-20260833/cohort_timeseries.csv","702633","2026-08-31T06:53:09.2466813Z","E2A32EAD485D3CF1E5056748FECA3830387DE07FF11CC66CD834D3B3B00DEC87"
"FormalAccuracy-v1/Runs/Proposed-RepairAid-20260833/kingdom_timeseries.csv","733633","2026-08-31T06:53:09.2446807Z","858B93E04EFD473EBDF9F5D2AFCF5457226C308458C76A2F7E9C0D4373D9405A"
"FormalAccuracy-v1/Runs/Proposed-RepairAid-20260833/ledger_transactions.jsonl","8746775","2026-08-31T06:53:09.2729821Z","CBB2520607303396F593238BD502203FB79D887985E9CBB76BCC6A8F16CFEADB"
"FormalAccuracy-v1/Runs/Proposed-RepairAid-20260833/lod_transitions.jsonl","40855","2026-08-31T06:53:09.2527067Z","28B06F5EF5FB71FD7988E0AAC1CFD06584B18F279E843558AE7704BC8738EBF7"
"FormalAccuracy-v1/Runs/Proposed-RepairAid-20260833/npc_snapshots.csv","14031","2026-08-31T06:53:09.2476810Z","2EC1281FDDE434307ECE39D6415806AFAE324B2AF2A15CC23494BDC59047E1FC"
"FormalAccuracy-v1/Runs/Proposed-RepairAid-20260833/run_manifest.json","4121","2026-08-31T06:53:09.2739815Z","BD556C9C6C772ADF4274F829DCBCAD2FC4FA671DF1610EBA5BDA4765B1DB5E5A"
"FormalAccuracy-v1/Runs/Proposed-RepairAid-20260833/simulation_events.jsonl","2115594","2026-08-31T06:53:09.2527067Z","19105D3CEFBF58D8CBD8D4A96E63B95F957E178B8231081A164749E388D26D4C"
"FormalAccuracy-v1/Runs/Proposed-RepairAid-20260834/cohort_timeseries.csv","658027","2026-08-31T06:40:02.9348658Z","E5FA9392D0C3BAEB2C48A7CD7ED023CB93CB8865025DA601323A6E280247631C"
"FormalAccuracy-v1/Runs/Proposed-RepairAid-20260834/kingdom_timeseries.csv","733633","2026-08-31T06:40:02.9338660Z","1E482437695ED9AB8C1EE8C8F066D66143B3D18EF54B2077289162B53950C35E"
"FormalAccuracy-v1/Runs/Proposed-RepairAid-20260834/ledger_transactions.jsonl","8590991","2026-08-31T06:40:02.9608711Z","8B562D0CE69CC4942590589A4A52B63FEECF3B99C17A6608BBAE182741148F9A"
"FormalAccuracy-v1/Runs/Proposed-RepairAid-20260834/lod_transitions.jsonl","41037","2026-08-31T06:40:02.9408670Z","864B72225B7BCAEE215F6031274C131A705EFABB0A5AF81E3B7FFEF93DC8E0E6"
"FormalAccuracy-v1/Runs/Proposed-RepairAid-20260834/npc_snapshots.csv","14043","2026-08-31T06:40:02.9358663Z","03225B681D05C028C0E74898F23F7B918216C9C0A8F10C9566DD59AD10DB605F"
"FormalAccuracy-v1/Runs/Proposed-RepairAid-20260834/run_manifest.json","4115","2026-08-31T06:40:02.9618708Z","9A0356FD0C01C5DAF6011E772BC1DE43F1C85A133FDBD38D12F8AE165992335B"
"FormalAccuracy-v1/Runs/Proposed-RepairAid-20260834/simulation_events.jsonl","1984619","2026-08-31T06:40:02.9408670Z","10E22DE54BAC014CCB55D924B1C3AE937B11EEF65BED99D94D8F80410BC1B325"
"FormalAccuracy-v1/Runs/Proposed-RepairAid-20260835/cohort_timeseries.csv","701380","2026-08-31T06:44:14.9392791Z","0676E82BF162F9928E4F6C9A3F8C6A6917E24C8FEEC63599E9A5D0800797882B"
"FormalAccuracy-v1/Runs/Proposed-RepairAid-20260835/kingdom_timeseries.csv","733633","2026-08-31T06:44:14.9362572Z","A068FC964C068D4D95C3988F5B26F41B758E958DAF9ECDC0CF0BE2ADAFAD1EFE"
"FormalAccuracy-v1/Runs/Proposed-RepairAid-20260835/ledger_transactions.jsonl","8735392","2026-08-31T06:44:14.9646258Z","EFBA40AFD0DE01950E08FE97C91CCB0859335B9AEB7D7A76B969D6408DA57A41"
"FormalAccuracy-v1/Runs/Proposed-RepairAid-20260835/lod_transitions.jsonl","40857","2026-08-31T06:44:14.9445628Z","B5CBAB9738427BE7DED7ABAC9608A534F0F75F63022D76DE14B7351874155FA1"
"FormalAccuracy-v1/Runs/Proposed-RepairAid-20260835/npc_snapshots.csv","14044","2026-08-31T06:44:14.9392791Z","6FD8D20ED935F3385939274570A46ED81921D1927FA4B0B43683C7EDDB31A388"
"FormalAccuracy-v1/Runs/Proposed-RepairAid-20260835/run_manifest.json","4119","2026-08-31T06:44:14.9656294Z","37BBC93E0C7D60470BEA12612B3CFDD552FB74880680908423B1FDDFD3A521AE"
"FormalAccuracy-v1/Runs/Proposed-RepairAid-20260835/simulation_events.jsonl","2110267","2026-08-31T06:44:14.9445628Z","73EC2FB77839869BBF5E9D6D491C75A777E8CBABEE1DB86A37713412F6A250A8"
"FormalAccuracy-v1/Runs/Proposed-RepairAid-20260836/cohort_timeseries.csv","658396","2026-08-31T06:53:53.1216070Z","6E36488F1F49CE127388C0216F94BCB5CF83F1AD273BE3C1DA31FBFD15B5AFA6"
"FormalAccuracy-v1/Runs/Proposed-RepairAid-20260836/kingdom_timeseries.csv","733633","2026-08-31T06:53:53.1190966Z","911D0CCB0ECCAB6F0819752DB0A8729E89BBCE66C216FFB92EBF6D0815AB992D"
"FormalAccuracy-v1/Runs/Proposed-RepairAid-20260836/ledger_transactions.jsonl","8600976","2026-08-31T06:53:53.1472790Z","B42155CB1C4D71D3AD563A448CBB48680B3C1B93ED7764D93A1A96464F970D7A"
"FormalAccuracy-v1/Runs/Proposed-RepairAid-20260836/lod_transitions.jsonl","40903","2026-08-31T06:53:53.1276070Z","5D1649BD7176F2F706C1B1F4E91E9504BA6CB2E3B554472953A28920F474E38E"
"FormalAccuracy-v1/Runs/Proposed-RepairAid-20260836/npc_snapshots.csv","14035","2026-08-31T06:53:53.1226070Z","CD4FA07D7C82403AF99F6EBE1E2802FC06A1942832DBE40288EE2584DFE4FD30"
"FormalAccuracy-v1/Runs/Proposed-RepairAid-20260836/run_manifest.json","4119","2026-08-31T06:53:53.1482044Z","DCC0BEB98C8D87E10B9166C1677E8D42CCC58C6CF4949E590AE90DD8A323D5BF"
"FormalAccuracy-v1/Runs/Proposed-RepairAid-20260836/simulation_events.jsonl","1985271","2026-08-31T06:53:53.1267108Z","A9D67C6BC78DBD00CA9DE2C7FE3085976F99C7D9B66D37463A4FCCE09DAED3EF"
"FormalAccuracy-v1/Runs/Proposed-RepairAid-20260837/cohort_timeseries.csv","702689","2026-08-31T06:46:53.3143544Z","6ABA6234B5C8EA88DE90C86C2F352DC1EC81CE648C98E03A9B785DF820228261"
"FormalAccuracy-v1/Runs/Proposed-RepairAid-20260837/kingdom_timeseries.csv","733633","2026-08-31T06:46:53.3112718Z","4744ADB1D8C88A52843CE03896DBD3E98B1AA398E269295D2B1E207069653D1D"
"FormalAccuracy-v1/Runs/Proposed-RepairAid-20260837/ledger_transactions.jsonl","8754578","2026-08-31T06:46:53.3407089Z","3F575D5AF8E8E6537A57B94300C257D9CA1CF957639CF316CDA93496CE4FD9F0"
"FormalAccuracy-v1/Runs/Proposed-RepairAid-20260837/lod_transitions.jsonl","40995","2026-08-31T06:46:53.3207748Z","09ABD70663356C60163E7AF0EA8E639A7FFC094CEAD8AF329ACE76E08DBFD1FE"
"FormalAccuracy-v1/Runs/Proposed-RepairAid-20260837/npc_snapshots.csv","14034","2026-08-31T06:46:53.3152741Z","E9ECE5DE9C280CF56ECE7CE771123BDC862673C68D70F6D3AB52B510C62FD0A2"
"FormalAccuracy-v1/Runs/Proposed-RepairAid-20260837/run_manifest.json","4121","2026-08-31T06:46:53.3416316Z","D7E6893474D4C717BE1CE2B208DD531AE69055DFE0EF7844666BC3C4E24FCEBE"
"FormalAccuracy-v1/Runs/Proposed-RepairAid-20260837/simulation_events.jsonl","2117178","2026-08-31T06:46:53.3207748Z","CD43230816BFE596F0F91A2AEE1F9D32CED1B6E8B08B00D8E9767027FBF2824F"
"FormalAccuracy-v1/Runs/Proposed-RepairAid-20260838/cohort_timeseries.csv","703949","2026-08-31T06:43:23.9332097Z","9A818F185162B8455A29A3ADA14A92DD8CDEB643859E5197CEACC4410DFEE8B6"
"FormalAccuracy-v1/Runs/Proposed-RepairAid-20260838/kingdom_timeseries.csv","733633","2026-08-31T06:43:23.9307011Z","B68E510C55CC5296CE94C207973D6B711C581F4E0AF679700803C4C952D81D05"
"FormalAccuracy-v1/Runs/Proposed-RepairAid-20260838/ledger_transactions.jsonl","8759049","2026-08-31T06:43:23.9606173Z","EDA3D0A21FF64399AAF8594277E32F23092A0C7C2CA9D8480C2CE8951714E7AD"
"FormalAccuracy-v1/Runs/Proposed-RepairAid-20260838/lod_transitions.jsonl","41006","2026-08-31T06:43:23.9392109Z","747C7F8918CBEB1ABB24109412645394D4992A4FF9FDDB26B8DBFD262317B686"
"FormalAccuracy-v1/Runs/Proposed-RepairAid-20260838/npc_snapshots.csv","14038","2026-08-31T06:43:23.9342092Z","4E34E9A2C7E35B6C1525BD0146EFDE65ECBA8A9EFF318DCB9028A46D7334A91D"
"FormalAccuracy-v1/Runs/Proposed-RepairAid-20260838/run_manifest.json","4120","2026-08-31T06:43:23.9606173Z","C68FC43EC5F127B7914BC09ED2839F10C9B65801FB30D265803EB267B496FA0B"
"FormalAccuracy-v1/Runs/Proposed-RepairAid-20260838/simulation_events.jsonl","2120013","2026-08-31T06:43:23.9392109Z","463864A72BAA03802AD76FE03D58727B746E5709096982669AB5FC86E566A8A0"
"FormalAccuracy-v1/Runs/Proposed-RepairAid-20260839/cohort_timeseries.csv","701743","2026-08-31T06:52:57.5444912Z","F35BF7E62DE84C78AB67AF121E7B078D35023B35EF951392D9BE808B916D4762"
"FormalAccuracy-v1/Runs/Proposed-RepairAid-20260839/kingdom_timeseries.csv","733633","2026-08-31T06:52:57.5424914Z","97FF7A0D4B83ECED191FE322F29E2C76C84C8C9AA9B368420BB39F8C8383331D"
"FormalAccuracy-v1/Runs/Proposed-RepairAid-20260839/ledger_transactions.jsonl","8899139","2026-08-31T06:52:57.5709989Z","D9C1E5EF6F19898D25B6820271C0829AE094B0BDC708899A0DC8535EE4EEB11E"
"FormalAccuracy-v1/Runs/Proposed-RepairAid-20260839/lod_transitions.jsonl","40760","2026-08-31T06:52:57.5504971Z","9478823D05E75158036D991A51CA7D5C033AE7171893EE22B3421A8B1FFF1C4D"
"FormalAccuracy-v1/Runs/Proposed-RepairAid-20260839/npc_snapshots.csv","14038","2026-08-31T06:52:57.5444912Z","A51B965A41D7C0E9EA8F96377C659BDB1AD48702C17D677EDDBD3BDED3DBE9B9"
"FormalAccuracy-v1/Runs/Proposed-RepairAid-20260839/run_manifest.json","4120","2026-08-31T06:52:57.5720029Z","2A4C7CE5024227061D10D7F04E7A1BABA9BF23765DF2227C96CBF22C262D99AF"
"FormalAccuracy-v1/Runs/Proposed-RepairAid-20260839/simulation_events.jsonl","2110995","2026-08-31T06:52:57.5495009Z","97E52D2D3972F2171E494FA3BC898DA35C17DA54556AE73772738550411682EF"
"FormalAccuracy-v1/Runs/Proposed-RepairAid-20260840/cohort_timeseries.csv","701841","2026-08-31T06:51:17.0005937Z","81F9781E14F80E35D7F1E6BFEFE9D7298607FCDBEB062D11243D9A85CB035A8C"
"FormalAccuracy-v1/Runs/Proposed-RepairAid-20260840/kingdom_timeseries.csv","733633","2026-08-31T06:51:16.9986030Z","7AD1AD0CBDC4C06D983B2DC28133D9AA1CB5B1EC492E295599EE754BB264A83A"
"FormalAccuracy-v1/Runs/Proposed-RepairAid-20260840/ledger_transactions.jsonl","8906149","2026-08-31T06:51:17.0282353Z","DF51DDCD1A6D680C1655D520D13DDDA29BAB5AC0F2309D150B8CA73C0795E4C2"
"FormalAccuracy-v1/Runs/Proposed-RepairAid-20260840/lod_transitions.jsonl","40756","2026-08-31T06:51:17.0066153Z","D1870475A27E0BCC53C736CEDBBF757B43C5EE73CD72DA0DB3329DE423B1C381"
"FormalAccuracy-v1/Runs/Proposed-RepairAid-20260840/npc_snapshots.csv","14030","2026-08-31T06:51:17.0005937Z","697E1ADC8FDC503E160C3475A55B4B1A3100D3E0956799AD89DDE24A00843A00"
"FormalAccuracy-v1/Runs/Proposed-RepairAid-20260840/run_manifest.json","4119","2026-08-31T06:51:17.0292376Z","6906BB57C96B92EB67EF938511EF24F97BB8383C8554B09F1043AF96F04155C2"
"FormalAccuracy-v1/Runs/Proposed-RepairAid-20260840/simulation_events.jsonl","2112377","2026-08-31T06:51:17.0056252Z","181F1B011B3A4F9223528C8FDF4ACA5B9A7EADD12B391DB28E89CF12E1429C4D"
"FormalAccuracy-v1/Runs/Proposed-RepairAid-20260841/cohort_timeseries.csv","702150","2026-08-31T06:40:51.2014957Z","C037B0915D029F252A3583CE4378717365BE5BD8E74A155D4385CF43749B7DB6"
"FormalAccuracy-v1/Runs/Proposed-RepairAid-20260841/kingdom_timeseries.csv","733633","2026-08-31T06:40:51.1997538Z","426ADE1AB489A70B0A8426905DCEB0094E5EF4E20D692C32AB6165F6817F859F"
"FormalAccuracy-v1/Runs/Proposed-RepairAid-20260841/ledger_transactions.jsonl","8766867","2026-08-31T06:40:51.2284004Z","B34AA4C64AAB9BA15793D3524FD01B0CEECA3F5747B7AD0C5BDE01C8437FD973"
"FormalAccuracy-v1/Runs/Proposed-RepairAid-20260841/lod_transitions.jsonl","41213","2026-08-31T06:40:51.2085908Z","7D009446AF28DC89C43B2A93814C4CC3CDDA9E6B3DF36C43440B71A9967FB619"
"FormalAccuracy-v1/Runs/Proposed-RepairAid-20260841/npc_snapshots.csv","14048","2026-08-31T06:40:51.2024959Z","D4158E51534C25485248D8A685902ED0970E9777BF5C92134ECD717B7F06332B"
"FormalAccuracy-v1/Runs/Proposed-RepairAid-20260841/run_manifest.json","4119","2026-08-31T06:40:51.2294128Z","41A7DB3447B0D2D34AD7CFE9C45ADF3195674BF2548139949ACDA329DD604E2D"
"FormalAccuracy-v1/Runs/Proposed-RepairAid-20260841/simulation_events.jsonl","2115662","2026-08-31T06:40:51.2076737Z","AD8FB986B1EC98C1AE3BA40E32F3E758AB4E6A18670864C0235DABC392669F21"
"FormalAccuracy-v1/Runs/Proposed-RepairAid-20260842/cohort_timeseries.csv","701730","2026-08-31T06:49:48.3162281Z","C682D819E49E960A77C76FB38FAA11879DA13F57F88D248264EA63339B66DD26"
"FormalAccuracy-v1/Runs/Proposed-RepairAid-20260842/kingdom_timeseries.csv","733633","2026-08-31T06:49:48.3143182Z","4C2FADA0EBC91AFE0761841EA692154BC8036065B64933A4341743594A86E287"
"FormalAccuracy-v1/Runs/Proposed-RepairAid-20260842/ledger_transactions.jsonl","8740258","2026-08-31T06:49:48.3424919Z","102810B3FB1130883A400FD9E98B1EF8267B524CC9D6B6518D42ECCF07CDB344"
"FormalAccuracy-v1/Runs/Proposed-RepairAid-20260842/lod_transitions.jsonl","40758","2026-08-31T06:49:48.3217354Z","B2BF168493CBFE15AF8C03B354088BFDE15CED7F42A06834C2E8C745E2180A13"
"FormalAccuracy-v1/Runs/Proposed-RepairAid-20260842/npc_snapshots.csv","14032","2026-08-31T06:49:48.3172284Z","AB1BC279014C17AD9F3F302635A0019905B8534C2435DC4B513E180815BD9EEF"
"FormalAccuracy-v1/Runs/Proposed-RepairAid-20260842/run_manifest.json","4120","2026-08-31T06:49:48.3434173Z","9BD4A9CC4313A2AE44EAD5745FE0D32A02A3BCDC9BC7EB6697211ED1DE165D65"
"FormalAccuracy-v1/Runs/Proposed-RepairAid-20260842/simulation_events.jsonl","2111622","2026-08-31T06:49:48.3217354Z","FA324D17D052F4D75F65E851BE7F1438A769F55D66A67AB7203BAF0FFABD39F4"
"FormalAccuracy-v1/Runs/Proposed-RepairAid-20260843/cohort_timeseries.csv","659096","2026-08-31T06:49:02.6172071Z","D36B23AF4061330312A1F68074257AF032E9BA039A7FE60F630B1CFCF214AD52"
"FormalAccuracy-v1/Runs/Proposed-RepairAid-20260843/kingdom_timeseries.csv","733633","2026-08-31T06:49:02.6152063Z","76885F897CA5AD7273C805F0426D6EAD2C6A399D05C3DF37C481172E91FB7CC7"
"FormalAccuracy-v1/Runs/Proposed-RepairAid-20260843/ledger_transactions.jsonl","8586970","2026-08-31T06:49:02.6422681Z","C3471650FB2BA539A71F8469E35713EDAED4E87C9EE198E510E67BCC4485E413"
"FormalAccuracy-v1/Runs/Proposed-RepairAid-20260843/lod_transitions.jsonl","40758","2026-08-31T06:49:02.6235915Z","D0D347945CAEF0A461D4FF182F7BF931BE6FCBC47CCFF9456D999BC2DA2E28DF"
"FormalAccuracy-v1/Runs/Proposed-RepairAid-20260843/npc_snapshots.csv","14045","2026-08-31T06:49:02.6182063Z","F1FDD8500CD89542833D1E345DFDCF7E5B5B86A8FC24D5982280BFF60314F704"
"FormalAccuracy-v1/Runs/Proposed-RepairAid-20260843/run_manifest.json","4117","2026-08-31T06:49:02.6432683Z","B62BDF0B83A54E60E50CEF2564C745338448C5B86D069F4623450317B2E252DE"
"FormalAccuracy-v1/Runs/Proposed-RepairAid-20260843/simulation_events.jsonl","1985761","2026-08-31T06:49:02.6228041Z","515A9AD09360830ED59F354F2A71EEE1CDADDDE624831954C784454A4D2AECD3"
"FormalAccuracy-v1/Runs/Proposed-RepairAid-20260844/cohort_timeseries.csv","701743","2026-08-31T06:40:08.7442499Z","E90BB88BEABF8E36583A7C385A317C8503C9B620785D7A83E95DC9C8B32311E0"
"FormalAccuracy-v1/Runs/Proposed-RepairAid-20260844/kingdom_timeseries.csv","733633","2026-08-31T06:40:08.7422502Z","0750896ABDAAC46C5289544126C1A5B57B09B597890D66FC44180981122C16CA"
"FormalAccuracy-v1/Runs/Proposed-RepairAid-20260844/ledger_transactions.jsonl","8897561","2026-08-31T06:40:08.7685482Z","650BEF6217D534E5EFC3CB551B18F5146F697E704025C48A7947DCB8D8C146EC"
"FormalAccuracy-v1/Runs/Proposed-RepairAid-20260844/lod_transitions.jsonl","40749","2026-08-31T06:40:08.7490479Z","C9FC308A0655B838A483902FD4D61F5C720A1374D518499D8898E3C0B9D8D000"
"FormalAccuracy-v1/Runs/Proposed-RepairAid-20260844/npc_snapshots.csv","14030","2026-08-31T06:40:08.7442499Z","A60F77104681C163FEEC4C60ED19B6DF94926F5A1194C39727BABFCFCEB6A589"
"FormalAccuracy-v1/Runs/Proposed-RepairAid-20260844/run_manifest.json","4115","2026-08-31T06:40:08.7700520Z","13492C48027C6E6E107180F2C3731E00B81F33E3DD957B8AC0487CAA6E7004F6"
"FormalAccuracy-v1/Runs/Proposed-RepairAid-20260844/simulation_events.jsonl","2111609","2026-08-31T06:40:08.7490479Z","99220E2D6FF640C13B0DCADBD20FE28FE2EC8C6E0FD1C2132D3AABEFA3BA15B4"
"FormalAccuracy-v1/Runs/Proposed-StateImport-20260815/cohort_timeseries.csv","671531","2026-08-31T06:48:06.5213055Z","1A4A895F3D899DBB9B8AD2C8C42E5745342FF21CF43A99CD0EEBFA191C0A6D10"
"FormalAccuracy-v1/Runs/Proposed-StateImport-20260815/kingdom_timeseries.csv","751128","2026-08-31T06:48:06.5187981Z","3E309C5439AFC0B38E5BAD6E149CA9546D5E4DBED70C1AA2FBB02B48473A3579"
"FormalAccuracy-v1/Runs/Proposed-StateImport-20260815/ledger_transactions.jsonl","8463441","2026-08-31T06:48:06.5477349Z","4CFF8B079C823B718E3DCD3CE583147CEFFCFDC65102031F5D66CA2E0D694B37"
"FormalAccuracy-v1/Runs/Proposed-StateImport-20260815/lod_transitions.jsonl","41331","2026-08-31T06:48:06.5272049Z","04D2CF6C668309BD24058E8FF06F2C2858E653B362AE832B8990D6444C5FA87D"
"FormalAccuracy-v1/Runs/Proposed-StateImport-20260815/npc_snapshots.csv","14292","2026-08-31T06:48:06.5223056Z","0C1A6149B416176A47605DA93E66312DA7CF2BD92EA29606BDE8386B7CA5265E"
"FormalAccuracy-v1/Runs/Proposed-StateImport-20260815/run_manifest.json","4125","2026-08-31T06:48:06.5487354Z","8CBA7C0E85D189A607D9C5C5AF422BC51E7A3C144E22922217A5459AAD3BCEAE"
"FormalAccuracy-v1/Runs/Proposed-StateImport-20260815/simulation_events.jsonl","1992484","2026-08-31T06:48:06.5272049Z","F9066A65D310DAFB53C94002B2C1262390B5222E99E85EAF95FB06E09A503094"
"FormalAccuracy-v1/Runs/Proposed-StateImport-20260816/cohort_timeseries.csv","673507","2026-08-31T06:44:51.6650132Z","BB97E1C6F82B238251A54F611EDC901C84117C0DCA3B77D61DD76E43EA16C136"
"FormalAccuracy-v1/Runs/Proposed-StateImport-20260816/kingdom_timeseries.csv","751128","2026-08-31T06:44:51.6640133Z","4B2CBDC47E8CC5E1334666EB771431D988908C87376F483B76165B8B0393BD56"
"FormalAccuracy-v1/Runs/Proposed-StateImport-20260816/ledger_transactions.jsonl","8436538","2026-08-31T06:44:51.6900507Z","94D4AA0C6BE18CE4FFDA4A2391B8F05E91D5C36B97F96A5FEC88A99EA38B5FC6"
"FormalAccuracy-v1/Runs/Proposed-StateImport-20260816/lod_transitions.jsonl","41339","2026-08-31T06:44:51.6705172Z","48D0672E2918E02D486831F7F4766A1447C4D9427948FEE805B2D2582F298F0E"
"FormalAccuracy-v1/Runs/Proposed-StateImport-20260816/npc_snapshots.csv","14275","2026-08-31T06:44:51.6660134Z","620B6942648E31298E5877BD795A35003615EC0BF3ECAD06125B02F379BBFB2E"
"FormalAccuracy-v1/Runs/Proposed-StateImport-20260816/run_manifest.json","4125","2026-08-31T06:44:51.6910616Z","8061111CC89C709CD661916D72B404A89A94F5602D24CCFDAFDEDF1FCADFAE1F"
"FormalAccuracy-v1/Runs/Proposed-StateImport-20260816/simulation_events.jsonl","2000368","2026-08-31T06:44:51.6705172Z","08A6582BF40BCA9268CA92CE123B5B599CFE186B30DF0C731AE986ED0CF453F5"
"FormalAccuracy-v1/Runs/Proposed-StateImport-20260817/cohort_timeseries.csv","673141","2026-08-31T06:41:38.1844065Z","0C48A6246CB59C3A9A9D0CF9CD0429578F3FC1F8A481B499417B555A6C81B0F5"
"FormalAccuracy-v1/Runs/Proposed-StateImport-20260817/kingdom_timeseries.csv","751128","2026-08-31T06:41:38.1824021Z","8169C9AACA9CEC78DDA9C818A571BD0B05E39AF6B49E99CCB68CBA98F8EC2C7F"
"FormalAccuracy-v1/Runs/Proposed-StateImport-20260817/ledger_transactions.jsonl","8402751","2026-08-31T06:41:38.2086207Z","38321F234E97C401B158EB4B4A0D5A15C3E8A5B20A9C1CF6C3411806755C141A"
"FormalAccuracy-v1/Runs/Proposed-StateImport-20260817/lod_transitions.jsonl","41463","2026-08-31T06:41:38.1904085Z","8D3DA053C632970E86F5F89FEB988E620AF997101D06012EAE21B4E9463DA657"
"FormalAccuracy-v1/Runs/Proposed-StateImport-20260817/npc_snapshots.csv","14275","2026-08-31T06:41:38.1844065Z","5629FFC3F8F7CDD7F38AA34AFF6D0A6975DEE9606225E1C283C25535B74ABE1D"
"FormalAccuracy-v1/Runs/Proposed-StateImport-20260817/run_manifest.json","4124","2026-08-31T06:41:38.2096235Z","5FDD1E3460B31123DDF0F7DDBE56A6BFA39AD7379AD1D4F4BE4B56EA653A24B4"
"FormalAccuracy-v1/Runs/Proposed-StateImport-20260817/simulation_events.jsonl","2000712","2026-08-31T06:41:38.1894071Z","E8E97B0CB5A8AB4F4E47B52AF1A47E4E8A42E73A7E5DA44BC29C0ECDA768F429"
"FormalAccuracy-v1/Runs/Proposed-StateImport-20260818/cohort_timeseries.csv","672723","2026-08-31T06:44:57.0445946Z","F5962662BC0A1347C6DC4142A5974C6BCB0ADD13EF10FF5BB780B619BD94CAAF"
"FormalAccuracy-v1/Runs/Proposed-StateImport-20260818/kingdom_timeseries.csv","751128","2026-08-31T06:44:57.0425895Z","7BA2FBF665E70F7FFA45416A7C5B710394F2E54217CB5DBC5F362C29A81CF925"
"FormalAccuracy-v1/Runs/Proposed-StateImport-20260818/ledger_transactions.jsonl","8457353","2026-08-31T06:44:57.0708368Z","8BCB5CD5C48BC798A3A45540A63B7FF43874D8DA8DB20B4B22F44DAD932B8DEB"
"FormalAccuracy-v1/Runs/Proposed-StateImport-20260818/lod_transitions.jsonl","41335","2026-08-31T06:44:57.0505954Z","4F7F3A3D9E7CC0FE6D47106FF29CFECF9605E79F533D953440889E9570792822"
"FormalAccuracy-v1/Runs/Proposed-StateImport-20260818/npc_snapshots.csv","14278","2026-08-31T06:44:57.0455947Z","E345529062998796F6CF47C2BC0CC3F50E430E7CCE000EEA84DC5D4C0BB257E4"
"FormalAccuracy-v1/Runs/Proposed-StateImport-20260818/run_manifest.json","4125","2026-08-31T06:44:57.0718404Z","74122AFFA895B29014A8626D5ECD3A18054EC9F529827B8B3E6317E422DB0F14"
"FormalAccuracy-v1/Runs/Proposed-StateImport-20260818/simulation_events.jsonl","1997475","2026-08-31T06:44:57.0505954Z","F291DF01167C646384C0AB5C4EE258E9DD2F7F4AF2967F3061CC6F84BF0F7C15"
"FormalAccuracy-v1/Runs/Proposed-StateImport-20260819/cohort_timeseries.csv","674262","2026-08-31T06:50:44.8855868Z","D1D19BDF0F6F7AAB5A264724671EF78A412DC534DC92FF28059307DC8C8FB211"
"FormalAccuracy-v1/Runs/Proposed-StateImport-20260819/kingdom_timeseries.csv","751128","2026-08-31T06:50:44.8835004Z","E5563D46D27F4D5B765391F097B92416913A155B4FB364FD3AF5B2CE35FA09F2"
"FormalAccuracy-v1/Runs/Proposed-StateImport-20260819/ledger_transactions.jsonl","8494734","2026-08-31T06:50:44.9115289Z","89DD82F4DF15AB6B9F17565ABF7078BDCDB1D7C7A70132EC00EE924C50673CCF"
"FormalAccuracy-v1/Runs/Proposed-StateImport-20260819/lod_transitions.jsonl","41731","2026-08-31T06:50:44.8905783Z","B207327A78FDCA7338A1811ECCCDA2BB3B9ABC02CD75520854F9380991E33AE6"
"FormalAccuracy-v1/Runs/Proposed-StateImport-20260819/npc_snapshots.csv","14283","2026-08-31T06:50:44.8855868Z","76B22BC6320849A11B5AD85D88F963CE0AAC964B7720E836E9F6D629D3B4F164"
"FormalAccuracy-v1/Runs/Proposed-StateImport-20260819/run_manifest.json","4127","2026-08-31T06:50:44.9115289Z","E537E4FF2258FC884AE7D2A26CB7CF7BAF490C7A45BAFC6F7694191E1C894D50"
"FormalAccuracy-v1/Runs/Proposed-StateImport-20260819/simulation_events.jsonl","2004883","2026-08-31T06:50:44.8905783Z","08DF047EFE7C5BCA8BE7A73BEA5B00C0D256B27AFAD3DCACEFBF71191F4F486C"
"FormalAccuracy-v1/Runs/Proposed-StateImport-20260820/cohort_timeseries.csv","672644","2026-08-31T06:50:35.7748613Z","14F990E9E5C0D16D3DC990A3D92D63474499D0B0DED888F0193EB2829657EA75"
"FormalAccuracy-v1/Runs/Proposed-StateImport-20260820/kingdom_timeseries.csv","751128","2026-08-31T06:50:35.7728544Z","3737763A26C9E97DB84F1750E611D2BA8B6AB31916202AA7C73B54702F578874"
"FormalAccuracy-v1/Runs/Proposed-StateImport-20260820/ledger_transactions.jsonl","8456478","2026-08-31T06:50:35.7995377Z","82B7E96036400B12ABA930E2E41CCE055C802F635A0449C5A24D10E3CDA5BA84"
"FormalAccuracy-v1/Runs/Proposed-StateImport-20260820/lod_transitions.jsonl","41287","2026-08-31T06:50:35.7798656Z","1475E1950C373E4763D61898224041FDD86023B69E84EFA65E31FF1F15C773D1"
"FormalAccuracy-v1/Runs/Proposed-StateImport-20260820/npc_snapshots.csv","14275","2026-08-31T06:50:35.7748613Z","DD1388E8AC28560B4AE8CB46C43F658A54845116ACFA878C4D96FA2E959C33A8"
"FormalAccuracy-v1/Runs/Proposed-StateImport-20260820/run_manifest.json","4124","2026-08-31T06:50:35.8004607Z","CDB3A4B3FDBC6913324CBC6FD754C169C170074DD59E97136D800EAEAA7723E3"
"FormalAccuracy-v1/Runs/Proposed-StateImport-20260820/simulation_events.jsonl","1997927","2026-08-31T06:50:35.7798656Z","959716B5664B3B21AB763A66B72A191160F5482422E33FEC69CC1115EE1CA6AA"
"FormalAccuracy-v1/Runs/Proposed-StateImport-20260821/cohort_timeseries.csv","672843","2026-08-31T06:52:51.8543708Z","FF6739797ABB518F1ADEB4B6C795B6374587626EE2F8F9AAA1987AD8019C9BEE"
"FormalAccuracy-v1/Runs/Proposed-StateImport-20260821/kingdom_timeseries.csv","751128","2026-08-31T06:52:51.8533709Z","6D4AF278B20A8D95579D7EFD6F376C460153926A667489BB3667B33D69E13419"
"FormalAccuracy-v1/Runs/Proposed-StateImport-20260821/ledger_transactions.jsonl","8477875","2026-08-31T06:52:51.8798830Z","555372563875B227CEBE7D6EB77F415BF82D113C3451D7511CA3AA8488CC7A39"
"FormalAccuracy-v1/Runs/Proposed-StateImport-20260821/lod_transitions.jsonl","41281","2026-08-31T06:52:51.8603767Z","948E6A08574204E3137E33DECFD62FC7351972CF04CD4C78BD5A1D96E8B6B2C6"
"FormalAccuracy-v1/Runs/Proposed-StateImport-20260821/npc_snapshots.csv","14271","2026-08-31T06:52:51.8553703Z","777E3D9BBF51A4B9B8AEC893C57334572CDEAC6FD3589E15340F9B1EA9BE7636"
"FormalAccuracy-v1/Runs/Proposed-StateImport-20260821/run_manifest.json","4126","2026-08-31T06:52:51.8808884Z","D582FAD294673160D350A091A5D6E664ADD6312272C4451AE4E0A28024085C9B"
"FormalAccuracy-v1/Runs/Proposed-StateImport-20260821/simulation_events.jsonl","1998104","2026-08-31T06:52:51.8593769Z","D32A563D62FF95BE51854D046C7FEBAB05024FBB7FF8FDB58705A110DC118FFC"
"FormalAccuracy-v1/Runs/Proposed-StateImport-20260822/cohort_timeseries.csv","672332","2026-08-31T06:39:56.4441998Z","77F7BE623A7BAE0029F5274EB56F74BC97D1E6D31B52D73ECE091C2547F086DA"
"FormalAccuracy-v1/Runs/Proposed-StateImport-20260822/kingdom_timeseries.csv","751128","2026-08-31T06:39:56.4421194Z","576453AA327EC38BE5C561EC97AD8F148EAA7CF1F15CB12AF49CC2CAB1A03CBD"
"FormalAccuracy-v1/Runs/Proposed-StateImport-20260822/ledger_transactions.jsonl","8477179","2026-08-31T06:39:56.4691221Z","828316AA372D58038AC9A4142B9E1B113433A0ABA950C0A9F14E5B5BC59F77E8"
"FormalAccuracy-v1/Runs/Proposed-StateImport-20260822/lod_transitions.jsonl","41768","2026-08-31T06:39:56.4501183Z","405DC5FAEF78262851E289492267B229803F6730F02D1F7B78A77719C0DE3052"
"FormalAccuracy-v1/Runs/Proposed-StateImport-20260822/npc_snapshots.csv","14295","2026-08-31T06:39:56.4451193Z","BD83E74CACD7FCDEA4F5C6FEB32E43E515E2B90157A1369660D7C92B3E6392C0"
"FormalAccuracy-v1/Runs/Proposed-StateImport-20260822/run_manifest.json","4122","2026-08-31T06:39:56.4707647Z","BA4427CD4ED06F634F3F5EC4A983673182042C69872DBC7D329712BCAB5C3BC8"
"FormalAccuracy-v1/Runs/Proposed-StateImport-20260822/simulation_events.jsonl","2000235","2026-08-31T06:39:56.4501183Z","56B1704F9AEE8310B367FFA3B0CD28308A9B446E07AF580140670044BE922F50"
"FormalAccuracy-v1/Runs/Proposed-StateImport-20260823/cohort_timeseries.csv","671103","2026-08-31T06:40:23.7991236Z","ACBF672FBE70480C54B239E68F514263599C9DA2AE4F4983F375FB17DBDAEC94"
"FormalAccuracy-v1/Runs/Proposed-StateImport-20260823/kingdom_timeseries.csv","751128","2026-08-31T06:40:23.7971251Z","40F51EA2219359D7F252C0A6FD16E7F71203B598E61B7FB8462BE560A2B0888A"
"FormalAccuracy-v1/Runs/Proposed-StateImport-20260823/ledger_transactions.jsonl","8478093","2026-08-31T06:40:23.8241306Z","372D697F95B7C7D64021D414A16D9FE37B238414600C015FC1323CBBD9DC0920"
"FormalAccuracy-v1/Runs/Proposed-StateImport-20260823/lod_transitions.jsonl","41619","2026-08-31T06:40:23.8051230Z","078C938FC6076C225430276D254CAD0E009E024FDBC274DC497513CC7027667B"
"FormalAccuracy-v1/Runs/Proposed-StateImport-20260823/npc_snapshots.csv","14285","2026-08-31T06:40:23.8001446Z","FDEA33DC3AD03716986801CE9A75D6FB0271E2A1C90A7DB7C6E8BF2B52F8613A"
"FormalAccuracy-v1/Runs/Proposed-StateImport-20260823/run_manifest.json","4123","2026-08-31T06:40:23.8251372Z","0B6DB556730E3DE3195C8618926B84DD1A549F0E8B3C62A0058A5B713F096A6D"
"FormalAccuracy-v1/Runs/Proposed-StateImport-20260823/simulation_events.jsonl","1995256","2026-08-31T06:40:23.8041906Z","C5E5EFA5C914992767792B04CAD3147EA779528FABF2D3ED72A1B942930B8D94"
"FormalAccuracy-v1/Runs/Proposed-StateImport-20260824/cohort_timeseries.csv","672747","2026-08-31T06:42:50.4905827Z","A8F3CA0D02276BDC1BBEB8C4B353A4FD261A10B88614885A321061CCD08B58D3"
"FormalAccuracy-v1/Runs/Proposed-StateImport-20260824/kingdom_timeseries.csv","751128","2026-08-31T06:42:50.4895819Z","9E4B8CB6A04A6558D8D5B986D2583475ECDC3839A9FCBAE9670F4342978763ED"
"FormalAccuracy-v1/Runs/Proposed-StateImport-20260824/ledger_transactions.jsonl","8444337","2026-08-31T06:42:50.5172103Z","F640603228E6A6199EF22EB9B6A49090A27C1DE4BBA979422C46A249FA616A6E"
"FormalAccuracy-v1/Runs/Proposed-StateImport-20260824/lod_transitions.jsonl","41281","2026-08-31T06:42:50.4970916Z","BB9381098A47F91FA4AC046C0F7A0728936ACD5286275F8FB9801DA5A5DC8906"
"FormalAccuracy-v1/Runs/Proposed-StateImport-20260824/npc_snapshots.csv","14282","2026-08-31T06:42:50.4905827Z","7C5CE243308626F8F239FEF3A3EB09748C0F9DFB35759BF7CE3633D34492B39E"
"FormalAccuracy-v1/Runs/Proposed-StateImport-20260824/run_manifest.json","4124","2026-08-31T06:42:50.5184297Z","E44DFC82B1AF4D8046807C28D00EC106A16DDE81DD912658A5D916CE4E69414C"
"FormalAccuracy-v1/Runs/Proposed-StateImport-20260824/simulation_events.jsonl","1997235","2026-08-31T06:42:50.4961355Z","0DD303924874DBDFCFFDCDB6D60074FF0918E361AF03D76B4AAACEAD8A747D8C"
"FormalAccuracy-v1/Runs/Proposed-StateImport-20260825/cohort_timeseries.csv","673339","2026-08-31T06:53:47.3466924Z","BFAEFC9AB91889CFA8A012F8317F99F4D016BDE5B6E282B80D9F101240F0B03D"
"FormalAccuracy-v1/Runs/Proposed-StateImport-20260825/kingdom_timeseries.csv","751128","2026-08-31T06:53:47.3446914Z","A04AA205CC4DC6C16D3342F8639284709E06A211B0B3B9B04C11F7582B34A576"
"FormalAccuracy-v1/Runs/Proposed-StateImport-20260825/ledger_transactions.jsonl","8460369","2026-08-31T06:53:47.3721230Z","C4426FA68239940A241A2A5081E5DA012008D79492CA10E91A24F2B82465EF16"
"FormalAccuracy-v1/Runs/Proposed-StateImport-20260825/lod_transitions.jsonl","41291","2026-08-31T06:53:47.3526921Z","8DA4935F21012AE7195F8C5E7DC4C27D1D0C411917917F535F98DF566F4463AB"
"FormalAccuracy-v1/Runs/Proposed-StateImport-20260825/npc_snapshots.csv","14273","2026-08-31T06:53:47.3466924Z","025C668E4AB703BE79E1378CF7F0FE552CD86EA75E257278528E8827999DBF37"
"FormalAccuracy-v1/Runs/Proposed-StateImport-20260825/run_manifest.json","4123","2026-08-31T06:53:47.3731719Z","0CAF5D5AADFFFC69C51D4F4F94ED02F322A7CB3D31CE271F77398C29D97C2FB1"
"FormalAccuracy-v1/Runs/Proposed-StateImport-20260825/simulation_events.jsonl","1999561","2026-08-31T06:53:47.3516930Z","5FD0E63952B49DC92BDFBBE6532713261A2CC23E2FF5112E883A5C330F3275D8"
"FormalAccuracy-v1/Runs/Proposed-StateImport-20260826/cohort_timeseries.csv","672673","2026-08-31T06:47:36.2104457Z","30999CC9CFBC07AB9D27BEEA3DF265F1A0B8B798C85B20BC38616FCF710A2793"
"FormalAccuracy-v1/Runs/Proposed-StateImport-20260826/kingdom_timeseries.csv","751128","2026-08-31T06:47:36.2084446Z","E854AA0F91373A1B64707A51AFC1C5B7DB47790AB9A22E835D23FEE1B1B2D183"
"FormalAccuracy-v1/Runs/Proposed-StateImport-20260826/ledger_transactions.jsonl","8479882","2026-08-31T06:47:36.2361346Z","92CE44F4A456DEFCB3B23051DD815230757C7D34EA6FE9EF2FB37BD0102066EB"
"FormalAccuracy-v1/Runs/Proposed-StateImport-20260826/lod_transitions.jsonl","41558","2026-08-31T06:47:36.2154596Z","559EEC1BB58EBF953E5583AF425FCA4D9154E8AFCD0CE5A03A884E752AA2A072"
"FormalAccuracy-v1/Runs/Proposed-StateImport-20260826/npc_snapshots.csv","14300","2026-08-31T06:47:36.2104457Z","01F453187CF19B999DEBC7D9E3C6BD5ABCDCBEE890D1F9EB7F34E6996641B1E7"
"FormalAccuracy-v1/Runs/Proposed-StateImport-20260826/run_manifest.json","4126","2026-08-31T06:47:36.2370576Z","2D6085EE52FF8F78885D6446679F534A48085633F1801B5CADB7EE6A2F3D32D0"
"FormalAccuracy-v1/Runs/Proposed-StateImport-20260826/simulation_events.jsonl","1999195","2026-08-31T06:47:36.2154596Z","96F1AD4350446E634CBA99F8990DBD6527E5C416746C4B26C36D22651BDBB2A8"
"FormalAccuracy-v1/Runs/Proposed-StateImport-20260827/cohort_timeseries.csv","673556","2026-08-31T06:42:31.6099595Z","7B845CB5D32D9FA7347F1EB704E1079200676BEDF3D70CE3181E0C5724767194"
"FormalAccuracy-v1/Runs/Proposed-StateImport-20260827/kingdom_timeseries.csv","751128","2026-08-31T06:42:31.6085686Z","39247F761D6343FB65FF15B3C98CCD6258CD6533A756E39DF815485EC262A04D"
"FormalAccuracy-v1/Runs/Proposed-StateImport-20260827/ledger_transactions.jsonl","8468474","2026-08-31T06:42:31.6354913Z","04FC532AAD7F8D115E0CE3BED661643CE0E13142D769D815A83C974AAFDFC604"
"FormalAccuracy-v1/Runs/Proposed-StateImport-20260827/lod_transitions.jsonl","41848","2026-08-31T06:42:31.6159587Z","29934B2CBC2983FCF7BB03C31D2533846198E1B3EE0A2EE3750D2C94003DA76D"
"FormalAccuracy-v1/Runs/Proposed-StateImport-20260827/npc_snapshots.csv","14302","2026-08-31T06:42:31.6109585Z","D049A9368D92F673C09A2C7F1D8D7820AA99270EB963963A64F2BE4F3B11B0A8"
"FormalAccuracy-v1/Runs/Proposed-StateImport-20260827/run_manifest.json","4121","2026-08-31T06:42:31.6363780Z","B8DD69ED935C825F728379E0C366B81BC1F657DF369C00C68757EED329B18EE4"
"FormalAccuracy-v1/Runs/Proposed-StateImport-20260827/simulation_events.jsonl","2005527","2026-08-31T06:42:31.6149566Z","7F9057F541B2D62538C7906A4BCB28A9F95A9EC84E68486B96D6DB2D1FD31F05"
"FormalAccuracy-v1/Runs/Proposed-StateImport-20260828/cohort_timeseries.csv","673534","2026-08-31T06:46:35.8189682Z","D02B98E97AEECFE7CDDA310ECBFBF33FF7F32D51DE1BB26EE9F27881B4D2B568"
"FormalAccuracy-v1/Runs/Proposed-StateImport-20260828/kingdom_timeseries.csv","751128","2026-08-31T06:46:35.8169667Z","AE765E1985CAF6C7BFF8F018E8066CF340672D2A8E966C3A419C3AF1F8712EE8"
"FormalAccuracy-v1/Runs/Proposed-StateImport-20260828/ledger_transactions.jsonl","8449184","2026-08-31T06:46:35.8429290Z","39C2503C225DC145C3CA355639058CE04E1CDF98B68CC7EE0D9BA9FC0BB9F35A"
"FormalAccuracy-v1/Runs/Proposed-StateImport-20260828/lod_transitions.jsonl","41531","2026-08-31T06:46:35.8244775Z","A97929429BE75BCA01A2DAF8AAA5F9D86C58D6B01706DBCDD85E28F7236AFCB5"
"FormalAccuracy-v1/Runs/Proposed-StateImport-20260828/npc_snapshots.csv","14284","2026-08-31T06:46:35.8189682Z","1D5ECD271E5EAA266B26DB9D920B1DA56B4B6631620E7602504157463D02D370"
"FormalAccuracy-v1/Runs/Proposed-StateImport-20260828/run_manifest.json","4125","2026-08-31T06:46:35.8444326Z","95A3AAEAD875CD23D72E6DB2DE44FF84D8B658E0D63FB7C4FCD27B2B4F5C366E"
"FormalAccuracy-v1/Runs/Proposed-StateImport-20260828/simulation_events.jsonl","2001572","2026-08-31T06:46:35.8234764Z","539C02ADA9DDE3E6BF313BF25085917FBCCCE50387F36DF5CA3BEBB1A1436084"
"FormalAccuracy-v1/Runs/Proposed-StateImport-20260829/cohort_timeseries.csv","674272","2026-08-31T06:52:46.7205754Z","F83F3F992FEA3707B275FB60468F28B872855BE2493ADE66548B1B700C018A61"
"FormalAccuracy-v1/Runs/Proposed-StateImport-20260829/kingdom_timeseries.csv","751128","2026-08-31T06:52:46.7190707Z","7D2853A0E619B318F7166F4D097AAA9B7E2720469BD8506F7595413B20F5557D"
"FormalAccuracy-v1/Runs/Proposed-StateImport-20260829/ledger_transactions.jsonl","8434515","2026-08-31T06:52:46.7457430Z","4BE0361D3EADA12C06013619B1E232CA5132F276E1448EF178860B225B4E4E4B"
"FormalAccuracy-v1/Runs/Proposed-StateImport-20260829/lod_transitions.jsonl","41459","2026-08-31T06:52:46.7255796Z","188ACACEB0A0E85A77A5D764BC5DCFD72FDD8A5C6BCD207E29577D916ED90C25"
"FormalAccuracy-v1/Runs/Proposed-StateImport-20260829/npc_snapshots.csv","14272","2026-08-31T06:52:46.7215806Z","B38D360234D176F88260ADE8A55CE294E645CC9B377C43D81122C0CC2EC244CA"
"FormalAccuracy-v1/Runs/Proposed-StateImport-20260829/run_manifest.json","4126","2026-08-31T06:52:46.7466713Z","E9098A59B64C62199793FAA21D9311BAC519C7030345CF29AFF33E306A4168BD"
"FormalAccuracy-v1/Runs/Proposed-StateImport-20260829/simulation_events.jsonl","2002516","2026-08-31T06:52:46.7255796Z","496377933932A1CB15328DAE7A3A9C4906FD9C465BD07B2858408B1D2835B053"
"FormalAccuracy-v1/Runs/Proposed-StateImport-20260830/cohort_timeseries.csv","674322","2026-08-31T06:43:34.1824882Z","D824F218169001DC504D5E532AD8485849C8873039A0A92F0015B75390C41FFD"
"FormalAccuracy-v1/Runs/Proposed-StateImport-20260830/kingdom_timeseries.csv","751128","2026-08-31T06:43:34.1794856Z","77F0F4784F87884C3F7061DFA351433C9B80C5E9FD002475CD3F1275B62D67D1"
"FormalAccuracy-v1/Runs/Proposed-StateImport-20260830/ledger_transactions.jsonl","8446164","2026-08-31T06:43:34.2080974Z","712B4A24BFA1775891CCA74545A83F2482E43413A01D2A4366E077636049CDA3"
"FormalAccuracy-v1/Runs/Proposed-StateImport-20260830/lod_transitions.jsonl","41614","2026-08-31T06:43:34.1874977Z","9FD8A1706C5D6650A8EDAB5DD5958ABAE2327AB25DDB27C3D4F6FF68B8D751FD"
"FormalAccuracy-v1/Runs/Proposed-StateImport-20260830/npc_snapshots.csv","14277","2026-08-31T06:43:34.1824882Z","21CE18B7AC9AB8F3300E29D7E16754D5A81500684EEFF94185E00A9F20A65126"
"FormalAccuracy-v1/Runs/Proposed-StateImport-20260830/run_manifest.json","4126","2026-08-31T06:43:34.2080974Z","66829804C762AAC219867A663C7D87FB8CF9B2C539E8BB2AB6DAA17867DE2E8C"
"FormalAccuracy-v1/Runs/Proposed-StateImport-20260830/simulation_events.jsonl","2004887","2026-08-31T06:43:34.1874977Z","C76D6F3A2AEAEA5FF38B7D900960111E861B9831489BBE7FDFBE02221FBC127A"
"FormalAccuracy-v1/Runs/Proposed-StateImport-20260831/cohort_timeseries.csv","671859","2026-08-31T06:51:41.7421164Z","0F468F1D71A59BDFCC2FF02885F4A9D58BEDA6CF8BBBD362D72E07311FA7D6D6"
"FormalAccuracy-v1/Runs/Proposed-StateImport-20260831/kingdom_timeseries.csv","751128","2026-08-31T06:51:41.7401154Z","97AC20300938D19EBB89F6D0A542B86BCB7B299DE3C6A6E1F879E33E1FD52FBB"
"FormalAccuracy-v1/Runs/Proposed-StateImport-20260831/ledger_transactions.jsonl","8473556","2026-08-31T06:51:41.7661343Z","4E4577A2D1369C31A10AB5F2F56311A421E7A4F8990F3B7EAFE408EB0C643AAE"
"FormalAccuracy-v1/Runs/Proposed-StateImport-20260831/lod_transitions.jsonl","41519","2026-08-31T06:51:41.7471291Z","456E49D21C7C1750B7C494B464D50B786DE1F2CE5422A25637E2AB9524A17867"
"FormalAccuracy-v1/Runs/Proposed-StateImport-20260831/npc_snapshots.csv","14290","2026-08-31T06:51:41.7421164Z","EB43304EAD261B74D5D4147A04FA8C5F11884CA26FD0F80FFEC04221D0F8A7D6"
"FormalAccuracy-v1/Runs/Proposed-StateImport-20260831/run_manifest.json","4122","2026-08-31T06:51:41.7671381Z","221E901FE630781AA18FE1A8FDFA7019BE8C6629B658F8C8FEF049010A8E0E82"
"FormalAccuracy-v1/Runs/Proposed-StateImport-20260831/simulation_events.jsonl","1995968","2026-08-31T06:51:41.7471291Z","1F2967DF8E7BAC74D40ADDB33BB5D77A10E36567E7E34FFA91B92ADA3DAA18B3"
"FormalAccuracy-v1/Runs/Proposed-StateImport-20260832/cohort_timeseries.csv","673519","2026-08-31T06:51:23.5561410Z","77E6ADBEFBA33DA4C2E63293DF01DAA7ACAEF99B8E8517766BCB90B7C4AB6335"
"FormalAccuracy-v1/Runs/Proposed-StateImport-20260832/kingdom_timeseries.csv","751128","2026-08-31T06:51:23.5541254Z","A3E1C32230B16CE10BAAB972378E8E9F4FAB3090D5798332650826584B51E233"
"FormalAccuracy-v1/Runs/Proposed-StateImport-20260832/ledger_transactions.jsonl","8467557","2026-08-31T06:51:23.5814890Z","609D9FFD38ED27CC4B10B89D1FACEFC406186D83027B02A1C50FC46C144641A5"
"FormalAccuracy-v1/Runs/Proposed-StateImport-20260832/lod_transitions.jsonl","41433","2026-08-31T06:51:23.5621402Z","676A2F712A33FF1F3F94E3FA6D2EDCAF17133237AB06F4D1C8CE6E4D091E9BFD"
"FormalAccuracy-v1/Runs/Proposed-StateImport-20260832/npc_snapshots.csv","14279","2026-08-31T06:51:23.5561410Z","127693E3401719D666DA151E3A7ACA1CA649E97097456E5C6F5EDDB203355722"
"FormalAccuracy-v1/Runs/Proposed-StateImport-20260832/run_manifest.json","4124","2026-08-31T06:51:23.5820036Z","0B304406A101E9BC626B651BAB259DD83CD08CE77FC333BF6A7E3ABE603F0951"
"FormalAccuracy-v1/Runs/Proposed-StateImport-20260832/simulation_events.jsonl","2001421","2026-08-31T06:51:23.5611407Z","97C5D7902C20A7F2266561737920A6F3242086C26FD1F7C212FEFBB1ADE1067A"
"FormalAccuracy-v1/Runs/Proposed-StateImport-20260833/cohort_timeseries.csv","673607","2026-08-31T06:44:32.1206484Z","7DC39651C9C91C93EE714F01D0F58FFF1E6D717CA034958BE19E55444ACFD3F0"
"FormalAccuracy-v1/Runs/Proposed-StateImport-20260833/kingdom_timeseries.csv","751128","2026-08-31T06:44:32.1192256Z","8CDC91188C9DBA82C7F5708EB6CAF914DC47E54E893BD4986FA60F2BD986388C"
"FormalAccuracy-v1/Runs/Proposed-StateImport-20260833/ledger_transactions.jsonl","8474156","2026-08-31T06:44:32.1464007Z","7DF19607058F87E804C437B0077129152647FC2D92A9938BCE957B25F021981C"
"FormalAccuracy-v1/Runs/Proposed-StateImport-20260833/lod_transitions.jsonl","41335","2026-08-31T06:44:32.1267412Z","6EC4B1933CC158FC3F43F0786E1FB2DA5440BFEF8F2120FA23CBCC4BEAF2949D"
"FormalAccuracy-v1/Runs/Proposed-StateImport-20260833/npc_snapshots.csv","14271","2026-08-31T06:44:32.1217381Z","76F7724912838CBB976BD719D4019AA63013AB9E46DA82857F63A67F9405941A"
"FormalAccuracy-v1/Runs/Proposed-StateImport-20260833/run_manifest.json","4125","2026-08-31T06:44:32.1473342Z","CBBA829096383C5B03C4B88FF3DD4DA9DD7A50EB6059E7A08FE2F7B9D2EA952B"
"FormalAccuracy-v1/Runs/Proposed-StateImport-20260833/simulation_events.jsonl","2001238","2026-08-31T06:44:32.1267412Z","B874FFE2EB8C629E76EAEF317136A662D6067124A3F012E9F438AC1D2FE71B42"
"FormalAccuracy-v1/Runs/Proposed-StateImport-20260834/cohort_timeseries.csv","672147","2026-08-31T06:45:55.1012037Z","F429FB793312EE78EC9BB4629CE7021CFCBB2232768B0E43E89D49A6AAD47F31"
"FormalAccuracy-v1/Runs/Proposed-StateImport-20260834/kingdom_timeseries.csv","751128","2026-08-31T06:45:55.0991708Z","48ABC209859D3AC52C42E1AB3AC9DAC7033D76C0D8BF877E406D798032B2E5B5"
"FormalAccuracy-v1/Runs/Proposed-StateImport-20260834/ledger_transactions.jsonl","8463989","2026-08-31T06:45:55.1267555Z","1B883414E9684F4368EC51188C8591F2EE82E2473D9B2049435702CFBF946651"
"FormalAccuracy-v1/Runs/Proposed-StateImport-20260834/lod_transitions.jsonl","41517","2026-08-31T06:45:55.1061354Z","3A3D89AEA1825E433CF231D811D1D23C0DA39551B90EACCBB86B79BE03FC3C5D"
"FormalAccuracy-v1/Runs/Proposed-StateImport-20260834/npc_snapshots.csv","14283","2026-08-31T06:45:55.1012037Z","8182A2357EB0BE3342FFF87107D5266A069F8B018383D7335C537D81CC7A4B4C"
"FormalAccuracy-v1/Runs/Proposed-StateImport-20260834/run_manifest.json","4126","2026-08-31T06:45:55.1277203Z","7A5B21C8FA0D97D2616CFB640D236F662E399EC9701B403F6B69E457ABE97D42"
"FormalAccuracy-v1/Runs/Proposed-StateImport-20260834/simulation_events.jsonl","1998078","2026-08-31T06:45:55.1061354Z","079C9651D8E7142DFF6E26D28EE9BB518EDA2BBCD609A513CDB323391E9C34BC"
"FormalAccuracy-v1/Runs/Proposed-StateImport-20260835/cohort_timeseries.csv","672990","2026-08-31T06:52:04.3670257Z","BB1945E6821B1011BA8ECFBED260EC9238801E63C077813DE90875FF32D5E1FB"
"FormalAccuracy-v1/Runs/Proposed-StateImport-20260835/kingdom_timeseries.csv","751128","2026-08-31T06:52:04.3650328Z","A4EB100CFDEA68CB076792F573454FAE0DD87CB775A9D7C417D612F5BDADE3C9"
"FormalAccuracy-v1/Runs/Proposed-StateImport-20260835/ledger_transactions.jsonl","8435321","2026-08-31T06:52:04.3920885Z","8A9D0DD744F51745C11F8178402A2942B99FF936485E4A7A5EC31FF0ECE05A39"
"FormalAccuracy-v1/Runs/Proposed-StateImport-20260835/lod_transitions.jsonl","41337","2026-08-31T06:52:04.3725583Z","709C0D8AA1117BA6ADE0EAC5E2A775A7046B3988C7D144DE1E1FBC06FC2622E8"
"FormalAccuracy-v1/Runs/Proposed-StateImport-20260835/npc_snapshots.csv","14284","2026-08-31T06:52:04.3670257Z","5843AC57DFC6FE14374E7A5F00D3CCE9FE5F54FECDCE55698BAEA5EF65FD5489"
"FormalAccuracy-v1/Runs/Proposed-StateImport-20260835/run_manifest.json","4126","2026-08-31T06:52:04.3930922Z","4B71E6D1FA5181BB49A2F6D787782B5748D5DA1F20A3288DF6F0889FFE7D41F1"
"FormalAccuracy-v1/Runs/Proposed-StateImport-20260835/simulation_events.jsonl","1998049","2026-08-31T06:52:04.3715563Z","C74D31957BF39567A512BA45EA4A6D247D3C7CE04BB0F1AE920A164C4E30F9E4"
"FormalAccuracy-v1/Runs/Proposed-StateImport-20260836/cohort_timeseries.csv","672536","2026-08-31T06:48:32.6243740Z","0D95BC6C3945F0434246558CB0F4B55E93343DCB219497A419EADAA53B9F117F"
"FormalAccuracy-v1/Runs/Proposed-StateImport-20260836/kingdom_timeseries.csv","751128","2026-08-31T06:48:32.6223850Z","BA4EA972784FAF5F45517CDCCB95AC0C85474F161FBCA2109298B606E8C8C815"
"FormalAccuracy-v1/Runs/Proposed-StateImport-20260836/ledger_transactions.jsonl","8478426","2026-08-31T06:48:32.6488799Z","1A393BB18A298EF92D9DC54E8562AB37AE0A09F3086B1761166C459BE7F3977D"
"FormalAccuracy-v1/Runs/Proposed-StateImport-20260836/lod_transitions.jsonl","41383","2026-08-31T06:48:32.6293736Z","1EB9A920AD59EAB1507580EAA04FC89644269446346252712FB5BC150C83D816"
"FormalAccuracy-v1/Runs/Proposed-StateImport-20260836/npc_snapshots.csv","14275","2026-08-31T06:48:32.6243740Z","533B063F5A77B0A020FEA8CE4DDFE6FF18248F19E422AD5C1710C996C9C4876E"
"FormalAccuracy-v1/Runs/Proposed-StateImport-20260836/run_manifest.json","4126","2026-08-31T06:48:32.6498863Z","7F94FFCF9AF1A1EDB26C61695E25F90074592A16B6E953DE4AFDB7C93BCFC402"
"FormalAccuracy-v1/Runs/Proposed-StateImport-20260836/simulation_events.jsonl","1998699","2026-08-31T06:48:32.6293736Z","C316934F137D4F51EFDC9DF0AE4E3569ABE6E02ADE96F228AE1C936524DE9C08"
"FormalAccuracy-v1/Runs/Proposed-StateImport-20260837/cohort_timeseries.csv","673531","2026-08-31T06:42:24.4141796Z","99DE153E2C947A6DB1F8C14D87A988315EFB53482CA699D8C39CA09C40872D08"
"FormalAccuracy-v1/Runs/Proposed-StateImport-20260837/kingdom_timeseries.csv","751128","2026-08-31T06:42:24.4131283Z","8788C850A9EA489C65AFBB8A0BD21EB2732B5D2E69FABFABB451725423F09954"
"FormalAccuracy-v1/Runs/Proposed-StateImport-20260837/ledger_transactions.jsonl","8455229","2026-08-31T06:42:24.4406570Z","3E3A07397C170D4AEB7FDE286675FEA5690FAD188346F7D39A512319BC0EF664"
"FormalAccuracy-v1/Runs/Proposed-StateImport-20260837/lod_transitions.jsonl","41475","2026-08-31T06:42:24.4206322Z","BDEF9222709165C192DA50C1B2C477477B4E7A2719D4579038B46AA75EC10412"
"FormalAccuracy-v1/Runs/Proposed-StateImport-20260837/npc_snapshots.csv","14274","2026-08-31T06:42:24.4151705Z","E46DEF9C335359465ADA9A09630E3FD8F49681569720520274DE2C3EC8B6D410"
"FormalAccuracy-v1/Runs/Proposed-StateImport-20260837/run_manifest.json","4123","2026-08-31T06:42:24.4416594Z","3812129F6E22DE0F8379D446A509C30CC09BBFB22FA9BB4F2CD5642D7CEE9F97"
"FormalAccuracy-v1/Runs/Proposed-StateImport-20260837/simulation_events.jsonl","2002717","2026-08-31T06:42:24.4191284Z","0AC0D5C9D0EF48DADE0CCDBCE6DC548BC4C28C3DD3C0CAE451481D75E19FAF62"
"FormalAccuracy-v1/Runs/Proposed-StateImport-20260838/cohort_timeseries.csv","673375","2026-08-31T06:47:18.9854866Z","325ADF0C2C1780A88EE6FB40BF917FE27FA856C4FFAC2EE742889F9CF3A411ED"
"FormalAccuracy-v1/Runs/Proposed-StateImport-20260838/kingdom_timeseries.csv","751128","2026-08-31T06:47:18.9834779Z","E6E4FF8C01108D0239A40B5F2D61BBB42C8F06349D533894D84FA17A44E35344"
"FormalAccuracy-v1/Runs/Proposed-StateImport-20260838/ledger_transactions.jsonl","8491306","2026-08-31T06:47:19.0105810Z","2A68662A9D2011569D01E48AC6A0D11FD5399DDCA9BEA0DEADBE459A30911822"
"FormalAccuracy-v1/Runs/Proposed-StateImport-20260838/lod_transitions.jsonl","41484","2026-08-31T06:47:18.9914871Z","ABE803EA57C4C919CA5A0CE9BAEF811AE331130BAFB70B82424EF6C3C257CA07"
"FormalAccuracy-v1/Runs/Proposed-StateImport-20260838/npc_snapshots.csv","14295","2026-08-31T06:47:18.9854866Z","0FFF9D9EB342085AC4D9CBE4389DA0603519AE760BDAD075B8DF359DA06CC77E"
"FormalAccuracy-v1/Runs/Proposed-StateImport-20260838/run_manifest.json","4124","2026-08-31T06:47:19.0115931Z","D3FBDCE9C37E455ED48CD2D80CE7090015C33AB12E7FBCCDBBF424F75D933C91"
"FormalAccuracy-v1/Runs/Proposed-StateImport-20260838/simulation_events.jsonl","2001414","2026-08-31T06:47:18.9904864Z","7DDF002D87C5614E314EBCBE7526168FE8A6948D3F9CC490190B6D2A1CB0C549"
"FormalAccuracy-v1/Runs/Proposed-StateImport-20260839/cohort_timeseries.csv","672550","2026-08-31T06:48:56.9096629Z","DA266CA894DEEF629286779DD8965B9897B87577F40FB44F36375C1E8677D50B"
"FormalAccuracy-v1/Runs/Proposed-StateImport-20260839/kingdom_timeseries.csv","751128","2026-08-31T06:48:56.9067461Z","EBFEE9CEC6BFE252B590D00410AD9E6AB118E748758FE4A907B91A57D0749BC3"
"FormalAccuracy-v1/Runs/Proposed-StateImport-20260839/ledger_transactions.jsonl","8455016","2026-08-31T06:48:56.9336182Z","D81B3E985BFEE0492D3FB16B9702CEEE36504FD38A3FC660C7AA07B00DF82111"
"FormalAccuracy-v1/Runs/Proposed-StateImport-20260839/lod_transitions.jsonl","41240","2026-08-31T06:48:56.9146655Z","B7CCAC189D99528A260D430AC2ADE2907104459D00A1C7AB2F75EBD61411B68F"
"FormalAccuracy-v1/Runs/Proposed-StateImport-20260839/npc_snapshots.csv","14278","2026-08-31T06:48:56.9096629Z","F478450EDC6E416930E6D1782174473DD710893950EE6BC1646A945725935720"
"FormalAccuracy-v1/Runs/Proposed-StateImport-20260839/run_manifest.json","4125","2026-08-31T06:48:56.9343929Z","89F5EC15D0AFFEBC29421FB11AC56DA942A477DAF332189E05ECE4B9E4E6ED45"
"FormalAccuracy-v1/Runs/Proposed-StateImport-20260839/simulation_events.jsonl","1996408","2026-08-31T06:48:56.9137783Z","C30FAFC76E44DAB0B5F7E41DDAE879C597963533116D4DC1597CA6E886E8C6B6"
"FormalAccuracy-v1/Runs/Proposed-StateImport-20260840/cohort_timeseries.csv","672652","2026-08-31T06:52:41.4035619Z","FC4E6C2796B4099258AECD9521735117F67E3E65646A2A91C34175BF6A3099A2"
"FormalAccuracy-v1/Runs/Proposed-StateImport-20260840/kingdom_timeseries.csv","751128","2026-08-31T06:52:41.4015610Z","D0C8B555D345C54102A3F24C77C66865A1524C08547D853806F156D9C8FFA63B"
"FormalAccuracy-v1/Runs/Proposed-StateImport-20260840/ledger_transactions.jsonl","8473227","2026-08-31T06:52:41.4281637Z","3D21DE08248F4802A9E594A203067F80474726447BC8ECB9C48500D6D5AAB730"
"FormalAccuracy-v1/Runs/Proposed-StateImport-20260840/lod_transitions.jsonl","41236","2026-08-31T06:52:41.4096639Z","00B953E54B3964BB13B5A23091DD43BF016851F5B4030D82EC9C774EDB4758B4"
"FormalAccuracy-v1/Runs/Proposed-StateImport-20260840/npc_snapshots.csv","14270","2026-08-31T06:52:41.4046482Z","22F0DC25873710D29FDCE425A782647B73E4FC9049324772EDED8357BFA1C9CC"
"FormalAccuracy-v1/Runs/Proposed-StateImport-20260840/run_manifest.json","4124","2026-08-31T06:52:41.4291631Z","2400AF3F47F125DE078C60F8C8D91DC796136566C5732316BA88D169F72D1866"
"FormalAccuracy-v1/Runs/Proposed-StateImport-20260840/simulation_events.jsonl","1997892","2026-08-31T06:52:41.4086560Z","9795711EE7BB304783EB3594391F843EDAE3360178A756C10088B8065A57B474"
"FormalAccuracy-v1/Runs/Proposed-StateImport-20260841/cohort_timeseries.csv","672972","2026-08-31T06:45:41.8157867Z","E1B064D5C5838274B574878A3593BC869294150FCEA6E50299E63EBE8C2AD59B"
"FormalAccuracy-v1/Runs/Proposed-StateImport-20260841/kingdom_timeseries.csv","751128","2026-08-31T06:45:41.8138658Z","C18C6ED5E21529C620DC12A9B10A6429799292311A782BB9D245DAA47E38D891"
"FormalAccuracy-v1/Runs/Proposed-StateImport-20260841/ledger_transactions.jsonl","8465886","2026-08-31T06:45:41.8398908Z","0F0E2AB4BB294E74371CCC5BE12F56C218134E168B92C46B3A1A614535F12293"
"FormalAccuracy-v1/Runs/Proposed-StateImport-20260841/lod_transitions.jsonl","41693","2026-08-31T06:45:41.8223823Z","66FC09780FE81B6348DC8A53A42B21EE198A1269D97218EB5D7316C54DE73A96"
"FormalAccuracy-v1/Runs/Proposed-StateImport-20260841/npc_snapshots.csv","14288","2026-08-31T06:45:41.8157867Z","B601296A73C9AA9354EB75D800E542966023A6B23A846B374C678BD27E219BE9"
"FormalAccuracy-v1/Runs/Proposed-StateImport-20260841/run_manifest.json","4126","2026-08-31T06:45:41.8408906Z","9C5717919D72ACF048083DB5035977EA1A77D94E7E271EC52E6C239AA45D1A8D"
"FormalAccuracy-v1/Runs/Proposed-StateImport-20260841/simulation_events.jsonl","2001199","2026-08-31T06:45:41.8203696Z","E2AED2CA8BC9B665D2686E73751AA1CF8308C9D0288990CFB4CA0BCE7D48EA01"
"FormalAccuracy-v1/Runs/Proposed-StateImport-20260842/cohort_timeseries.csv","672707","2026-08-31T06:39:49.5798111Z","2EBB14D6D6050E3A4B93DEF43852BFEEF7B70671EDF2645E3D6748498DDD2878"
"FormalAccuracy-v1/Runs/Proposed-StateImport-20260842/kingdom_timeseries.csv","751128","2026-08-31T06:39:49.5767006Z","28FA91603CDED4D6853FB2E4A7597052934FF79217295A96FBF81E16CB45ED99"
"FormalAccuracy-v1/Runs/Proposed-StateImport-20260842/ledger_transactions.jsonl","8479285","2026-08-31T06:39:49.6051892Z","DA6DCDC5283BE14D3DEC765286CE1AD8C268FF5F224D4804E6164951DD33900B"
"FormalAccuracy-v1/Runs/Proposed-StateImport-20260842/lod_transitions.jsonl","41238","2026-08-31T06:39:49.5860526Z","BC02F61A5CC6BE8708294FF84E3946FECBF04F921D5ACE7FA4F46A75EE6BA775"
"FormalAccuracy-v1/Runs/Proposed-StateImport-20260842/npc_snapshots.csv","14272","2026-08-31T06:39:49.5798111Z","1FB246078BD04F69AEAEF439FBD3B4BB63B3EB9228A87DAC4196818B48794F21"
"FormalAccuracy-v1/Runs/Proposed-StateImport-20260842/run_manifest.json","4120","2026-08-31T06:39:49.6061966Z","6086C13F27844A4C0E908376298A6872BBD4BD323AC8766DDCE6DF1AA8B34C38"
"FormalAccuracy-v1/Runs/Proposed-StateImport-20260842/simulation_events.jsonl","1997228","2026-08-31T06:39:49.5850522Z","E65398634BA8196AB736FC6E76D2C5119BEAABC4183F1911ED8343B55293AC07"
"FormalAccuracy-v1/Runs/Proposed-StateImport-20260843/cohort_timeseries.csv","672451","2026-08-31T06:40:29.0042871Z","AE31E4D97F32E7B4AE29971B34658060FC0AAAA0EE7F6DD18B7D9D08C1C49FE8"
"FormalAccuracy-v1/Runs/Proposed-StateImport-20260843/kingdom_timeseries.csv","751128","2026-08-31T06:40:29.0012975Z","A1DB2090A8CB69019EA4B0D1E1DC01CDD42744D38B9CC0126E4FA17860076A5B"
"FormalAccuracy-v1/Runs/Proposed-StateImport-20260843/ledger_transactions.jsonl","8458546","2026-08-31T06:40:29.0287892Z","D8D9F802E5CBECEB26186161383B1EB993CD05BC85C6406E9ED5E2D04A44B281"
"FormalAccuracy-v1/Runs/Proposed-StateImport-20260843/lod_transitions.jsonl","41238","2026-08-31T06:40:29.0092929Z","AC9EEE0AFF1AE90F1C2A44BAAB8FA779E9C3C2099E54F81C4FCFA34984BDFD3B"
"FormalAccuracy-v1/Runs/Proposed-StateImport-20260843/npc_snapshots.csv","14285","2026-08-31T06:40:29.0042871Z","962C107B7D9A412E58B997BFF4831EA98DE2FA6C77A0EE429140B4DA3DF23A77"
"FormalAccuracy-v1/Runs/Proposed-StateImport-20260843/run_manifest.json","4123","2026-08-31T06:40:29.0297153Z","BAF14C1D51FF6FC0560C41E5D2883E1A32FE0D161D2523F24FA0D3CB57B1037B"
"FormalAccuracy-v1/Runs/Proposed-StateImport-20260843/simulation_events.jsonl","1996923","2026-08-31T06:40:29.0092929Z","ABC6F6B63B31878077AC1B492B8AB37985944E2B78888E43F9EF8A6DA8FA63A3"
"FormalAccuracy-v1/Runs/Proposed-StateImport-20260844/cohort_timeseries.csv","672722","2026-08-31T06:48:00.7821306Z","44DBF2BDB6EE69FE55D2F6B84AA8D37073DF598068C48A6546FAC6CD401BEB90"
"FormalAccuracy-v1/Runs/Proposed-StateImport-20260844/kingdom_timeseries.csv","751128","2026-08-31T06:48:00.7796972Z","5DEFCA10C7B6B7A083FB8B6EEB02A1B869F3E92E1B32E3BD49E68B9FD14997CF"
"FormalAccuracy-v1/Runs/Proposed-StateImport-20260844/ledger_transactions.jsonl","8483020","2026-08-31T06:48:00.8071428Z","BB4E2EE35640B033C7A9497F82D7EE0E6445A26D31AD63674FC985D63E2993C0"
"FormalAccuracy-v1/Runs/Proposed-StateImport-20260844/lod_transitions.jsonl","41229","2026-08-31T06:48:00.7871938Z","7B44651D55D563E2D58656B87E52FFCA40D5469B5A6CBA0A7BCA53B917B15911"
"FormalAccuracy-v1/Runs/Proposed-StateImport-20260844/npc_snapshots.csv","14270","2026-08-31T06:48:00.7821306Z","495E5765363688AD7C0B621C45F489FAE8B2C24BB73708F6D589D905A7FC22EB"
"FormalAccuracy-v1/Runs/Proposed-StateImport-20260844/run_manifest.json","4124","2026-08-31T06:48:00.8081412Z","25B5BAA776ABA062E56578E943EFE76FCA4126A128320AEF1CE2CE7A1253DD33"
"FormalAccuracy-v1/Runs/Proposed-StateImport-20260844/simulation_events.jsonl","1997220","2026-08-31T06:48:00.7871938Z","5B25959959C4B87C895B44401CFB985815A0DE1E2578681DDCFCED944B477D64"
"FormalAccuracy-v1/Runs/Simple-HarvestCap-20260815/cohort_timeseries.csv","104586","2026-08-31T06:54:30.7871452Z","6EBEE4143486F33876815292FB3892B2F7525F8CBE592575EED32C647C1FCFB2"
"FormalAccuracy-v1/Runs/Simple-HarvestCap-20260815/kingdom_timeseries.csv","729546","2026-08-31T06:54:30.7861456Z","225B510CFD630A04701CB5F6754CE28B4B79F5338F526221FD5B35DB6A05EB9A"
"FormalAccuracy-v1/Runs/Simple-HarvestCap-20260815/ledger_transactions.jsonl","5509330","2026-08-31T06:54:30.8011461Z","7DB3C003FE2000B4671C8DD787DEDACBB86A0DB8ACEB4C65BF9A93F12EB282A9"
"FormalAccuracy-v1/Runs/Simple-HarvestCap-20260815/lod_transitions.jsonl","46734","2026-08-31T06:54:30.7881460Z","8275C29D84C4AFCF20C687466FA59DF3F9C020488F509B8BBEC60839307EE014"
"FormalAccuracy-v1/Runs/Simple-HarvestCap-20260815/npc_snapshots.csv","13703","2026-08-31T06:54:30.7871452Z","EBE732C567289DB9F869679D109BA8010023F0845347FCB1D74B54C7855B9527"
"FormalAccuracy-v1/Runs/Simple-HarvestCap-20260815/run_manifest.json","2853","2026-08-31T06:54:30.8011461Z","A27691044926119EFB3DA9700ADB8B19F801A38CBC64081E27154F7C8AF04EBA"
"FormalAccuracy-v1/Runs/Simple-HarvestCap-20260815/simulation_events.jsonl","103506","2026-08-31T06:54:30.7881460Z","EBF52FB6340328802C201FB91267D64BA0B71A02CFB4886E66A8F915B1CD47C9"
"FormalAccuracy-v1/Runs/Simple-HarvestCap-20260816/cohort_timeseries.csv","103327","2026-08-31T06:43:34.3917566Z","E085D357B5F89154F9C2E91B9952C63F1B3C704CC68CAF303BA62D660E8A06DA"
"FormalAccuracy-v1/Runs/Simple-HarvestCap-20260816/kingdom_timeseries.csv","729469","2026-08-31T06:43:34.3908083Z","437275D4E8DDFDF4BAD138B85D020877D5C76C8B80ADDE2E395109CF73505172"
"FormalAccuracy-v1/Runs/Simple-HarvestCap-20260816/ledger_transactions.jsonl","5494893","2026-08-31T06:43:34.4073540Z","A55936EA292EBB74A00357D79C68EF638EA09B922159DC8EFCB255B3683A363A"
"FormalAccuracy-v1/Runs/Simple-HarvestCap-20260816/lod_transitions.jsonl","46739","2026-08-31T06:43:34.3932608Z","BE39EE5D023307FEB6712159C1437129A143A9145A779E46A1D5E132DE5F82E3"
"FormalAccuracy-v1/Runs/Simple-HarvestCap-20260816/npc_snapshots.csv","13709","2026-08-31T06:43:34.3917566Z","A4E8A04B058DB8A6235A901151DBDDED7276EADAF1EC6E1E30BA1CEA3B9F0A0F"
"FormalAccuracy-v1/Runs/Simple-HarvestCap-20260816/run_manifest.json","2853","2026-08-31T06:43:34.4073540Z","57B68073EF15097B00F2E48E1616A09B1E365FBA8CB111E0E977347985F3C812"
"FormalAccuracy-v1/Runs/Simple-HarvestCap-20260816/simulation_events.jsonl","105031","2026-08-31T06:43:34.3917566Z","C74B5D1F734DC731036ABE7E915882DF7FE6C36EB81009AD94BB3936BC7854F3"
"FormalAccuracy-v1/Runs/Simple-HarvestCap-20260817/cohort_timeseries.csv","105839","2026-08-31T06:45:58.5091082Z","F608B2F589CB42668FD70A93908B490BED8EFEB64F34A50F29E40BDE30E0BB50"
"FormalAccuracy-v1/Runs/Simple-HarvestCap-20260817/kingdom_timeseries.csv","729469","2026-08-31T06:45:58.5091082Z","AA8377AEF207585FD146C4D7AF1681384808025D5B8B33EAB2AE48B446FC0999"
"FormalAccuracy-v1/Runs/Simple-HarvestCap-20260817/ledger_transactions.jsonl","5494877","2026-08-31T06:45:58.5227346Z","2F03FE16A1DA88AA05B2C20BDB07E2DD958DEBEF3AC4A6E36FC57765F59D9C32"
"FormalAccuracy-v1/Runs/Simple-HarvestCap-20260817/lod_transitions.jsonl","46733","2026-08-31T06:45:58.5100277Z","F934A8553F35C5D60B3A2E444C7144C0B730530E2055A8FFCC10FAD7B74CE976"
"FormalAccuracy-v1/Runs/Simple-HarvestCap-20260817/npc_snapshots.csv","13707","2026-08-31T06:45:58.5091082Z","783239BA5B6ECB98768979514706FAB1D00C62ED76B5E26E61AE4750A919873D"
"FormalAccuracy-v1/Runs/Simple-HarvestCap-20260817/run_manifest.json","2854","2026-08-31T06:45:58.5227346Z","0133E3EE5120BD196DAED9DD25642E03861960F3AB532A9F7D14EBFB4B00D9E2"
"FormalAccuracy-v1/Runs/Simple-HarvestCap-20260817/simulation_events.jsonl","105022","2026-08-31T06:45:58.5100277Z","121CC5AE708DC8773E4351CD263AC8A47C7228131A6BDC01704B1F3B9E41F88B"
"FormalAccuracy-v1/Runs/Simple-HarvestCap-20260818/cohort_timeseries.csv","103963","2026-08-31T06:47:05.3632324Z","18E0634FE965D7C96D60E25945322B8C58F3EE9F495D04ADF876CC41F946D6C6"
"FormalAccuracy-v1/Runs/Simple-HarvestCap-20260818/kingdom_timeseries.csv","729469","2026-08-31T06:47:05.3632324Z","4A454C43D6B752D71E66DDE612AD0D56E78BC6BCCD5562BBF480D91E9D462C8B"
"FormalAccuracy-v1/Runs/Simple-HarvestCap-20260818/ledger_transactions.jsonl","5494893","2026-08-31T06:47:05.3777931Z","D3D759DD78EE0EBF58EA8F1FD9DFADC212296FC21D8D3675E65CB4BF9DC90FDC"
"FormalAccuracy-v1/Runs/Simple-HarvestCap-20260818/lod_transitions.jsonl","46739","2026-08-31T06:47:05.3652329Z","74B948BD3FD675FA9735D84CEA45A3EB4738DDF731FF87376DF93743B762C308"
"FormalAccuracy-v1/Runs/Simple-HarvestCap-20260818/npc_snapshots.csv","13711","2026-08-31T06:47:05.3642330Z","864BC10C937966BB9EF661D6B23C548436E6A98C1D77AFC702A641295DD06526"
"FormalAccuracy-v1/Runs/Simple-HarvestCap-20260818/run_manifest.json","2856","2026-08-31T06:47:05.3777931Z","972346B9C09A3C45B8F88D39023C79989685B1618BE06F2F8A1DF8BB98747844"
"FormalAccuracy-v1/Runs/Simple-HarvestCap-20260818/simulation_events.jsonl","105031","2026-08-31T06:47:05.3652329Z","ACDFA008A4B45EE6FD34504B5217B9DD1841223307DE96B020B159DF27DCD56A"
"FormalAccuracy-v1/Runs/Simple-HarvestCap-20260819/cohort_timeseries.csv","104594","2026-08-31T06:40:24.0097589Z","A4906C74DE8A180DB666B8409BFB4E2DF0A147BE8EA53392A8D7B5DC270DC57C"
"FormalAccuracy-v1/Runs/Simple-HarvestCap-20260819/kingdom_timeseries.csv","729546","2026-08-31T06:40:24.0097589Z","17A8AE199ABFD2713795C8F999B72E0C95F634CC9C6851E1283E84BDBA91D549"
"FormalAccuracy-v1/Runs/Simple-HarvestCap-20260819/ledger_transactions.jsonl","5509330","2026-08-31T06:40:24.0242964Z","CB1C925931AEB372E5F106E232D4761C17F35FF09F407739FA0802295536C453"
"FormalAccuracy-v1/Runs/Simple-HarvestCap-20260819/lod_transitions.jsonl","46734","2026-08-31T06:40:24.0117597Z","19F2D058A6CFD134A3D550D0C7600D530555848D61A99FDB18C3E2BE1659F042"
"FormalAccuracy-v1/Runs/Simple-HarvestCap-20260819/npc_snapshots.csv","13707","2026-08-31T06:40:24.0107594Z","9A0DE098B3A7C8DA7D51748F6F7492BEC7B2EA3780B399CF14D584913E0ED8DD"
"FormalAccuracy-v1/Runs/Simple-HarvestCap-20260819/run_manifest.json","2852","2026-08-31T06:40:24.0242964Z","790070BA5B72C81B61DBA07035798C1E813931ACD802383B458F4F06AEB16FF8"
"FormalAccuracy-v1/Runs/Simple-HarvestCap-20260819/simulation_events.jsonl","103506","2026-08-31T06:40:24.0107594Z","5B7229C7DD92CABA0F557E390D1086ECF2C0B62AD3CC130A66D0F7AF4B917777"
"FormalAccuracy-v1/Runs/Simple-HarvestCap-20260820/cohort_timeseries.csv","104583","2026-08-31T06:50:23.8427266Z","A0B0F5F19723FF236ADF88140F2216517922BF5A97420CC8941129B793111029"
"FormalAccuracy-v1/Runs/Simple-HarvestCap-20260820/kingdom_timeseries.csv","729469","2026-08-31T06:50:23.8417183Z","437A76235F2BCC93A564C88DFF6CD9DAD6BC145028CDDD29401C6B81CA20E875"
"FormalAccuracy-v1/Runs/Simple-HarvestCap-20260820/ledger_transactions.jsonl","5494893","2026-08-31T06:50:23.8567620Z","D98D9F8A154472AE9862628BAD125B0ADE405C531F7BB27D0E59709213B5550F"
"FormalAccuracy-v1/Runs/Simple-HarvestCap-20260820/lod_transitions.jsonl","46737","2026-08-31T06:50:23.8427266Z","C66DC60D28AE35086062CBC2AF40DE7F66A2592C89AF1BAB26576CE3841DC7AD"
"FormalAccuracy-v1/Runs/Simple-HarvestCap-20260820/npc_snapshots.csv","13709","2026-08-31T06:50:23.8427266Z","6A60180C6132938FDC07D4ABD30B30601DD3C4A1C790393E967F6781A594C99E"
"FormalAccuracy-v1/Runs/Simple-HarvestCap-20260820/run_manifest.json","2853","2026-08-31T06:50:23.8577682Z","C4D65CE6FCCB2F0C076169A540CDA8FBF77E3D8DE9627E7519C2CF5E4BDAA4DF"
"FormalAccuracy-v1/Runs/Simple-HarvestCap-20260820/simulation_events.jsonl","105028","2026-08-31T06:50:23.8427266Z","8E4B55DE98AE9DC3D9BC8D9722ACE2C9C485CBCE4CFA030DA458EB0B61D5F7F3"
"FormalAccuracy-v1/Runs/Simple-HarvestCap-20260821/cohort_timeseries.csv","103958","2026-08-31T06:46:39.1872371Z","4ED7941AEEA1D739AB33AA5969B8CC31BDD767C5AD2CD56B1BCE67656BF50E4B"
"FormalAccuracy-v1/Runs/Simple-HarvestCap-20260821/kingdom_timeseries.csv","729546","2026-08-31T06:46:39.1863213Z","01CCB6A72C77D0A546E6345DCB6478C4FC959A1FCA4650EFCA5F578C9B50BE2F"
"FormalAccuracy-v1/Runs/Simple-HarvestCap-20260821/ledger_transactions.jsonl","5509322","2026-08-31T06:46:39.2008766Z","0E5744066E8DD4DC4553CB7720080A6FD154202B68BEB22F9565F673872870F7"
"FormalAccuracy-v1/Runs/Simple-HarvestCap-20260821/lod_transitions.jsonl","46732","2026-08-31T06:46:39.1882350Z","DF6A399C4BDA08441C0C2610540504F2818C73798C7778D8EC4D2A2AEBB6EBAC"
"FormalAccuracy-v1/Runs/Simple-HarvestCap-20260821/npc_snapshots.csv","13701","2026-08-31T06:46:39.1872371Z","6B18F7CB4B099DDF684DCC9194E6894AD7E321635F96BE60C667A4394AA2445E"
"FormalAccuracy-v1/Runs/Simple-HarvestCap-20260821/run_manifest.json","2855","2026-08-31T06:46:39.2018807Z","E57B676EA7DCA79E272C16066CF8A6DDD746089B372D21C1FF47AC8C29CD3520"
"FormalAccuracy-v1/Runs/Simple-HarvestCap-20260821/simulation_events.jsonl","103503","2026-08-31T06:46:39.1882350Z","D7336F378CC0FAEBC7922F4BA3EC9AD6D6B6404453644D2F9349FA0418789136"
"FormalAccuracy-v1/Runs/Simple-HarvestCap-20260822/cohort_timeseries.csv","103978","2026-08-31T06:41:20.3414253Z","240BA726AD161CADE77E4B4626F9AF5BB5B6ABC748EFA1C258C0050D90CCC765"
"FormalAccuracy-v1/Runs/Simple-HarvestCap-20260822/kingdom_timeseries.csv","729469","2026-08-31T06:41:20.3405093Z","88EE30A9B3DA855409C71E23C3F3BFC59382A64540DEDC5C7F9ADA436A623D7A"
"FormalAccuracy-v1/Runs/Simple-HarvestCap-20260822/ledger_transactions.jsonl","5493630","2026-08-31T06:41:20.3554239Z","AFA0CFF5AF6AA0A2266AED68AA544FD8E69DBC27B9F42DD8499A36A1F7AB5C15"
"FormalAccuracy-v1/Runs/Simple-HarvestCap-20260822/lod_transitions.jsonl","46734","2026-08-31T06:41:20.3424238Z","69D82CD0EF6ACCD6BC93562C11F99AB3D6F62F8C99E24C87E431E4DA1A762FA3"
"FormalAccuracy-v1/Runs/Simple-HarvestCap-20260822/npc_snapshots.csv","13704","2026-08-31T06:41:20.3414253Z","C65A22C2108FFEBC504246A908A9F556CA6AC0EB46D187B1A5624531785D22ED"
"FormalAccuracy-v1/Runs/Simple-HarvestCap-20260822/run_manifest.json","2851","2026-08-31T06:41:20.3554239Z","3C94ED62599CC0FC0206C0AE8F3FF58FACF8566FEA6F841310625994E67228CC"
"FormalAccuracy-v1/Runs/Simple-HarvestCap-20260822/simulation_events.jsonl","104273","2026-08-31T06:41:20.3414253Z","9C7882C4DA4EFB5567ED80E2DB4BCE1D1D8620348EB6E863F1ABDC6F81DF94A6"
"FormalAccuracy-v1/Runs/Simple-HarvestCap-20260823/cohort_timeseries.csv","105842","2026-08-31T06:46:36.0294260Z","7C6372AC3E622858D37D3CDC2C23C3E5826E96EED36656C699F3D4BF3982B207"
"FormalAccuracy-v1/Runs/Simple-HarvestCap-20260823/kingdom_timeseries.csv","729475","2026-08-31T06:46:36.0285041Z","D66C786C20E554E26313F13A391C6A17B1CFD8C4FE7FBEB446478CAC7B865490"
"FormalAccuracy-v1/Runs/Simple-HarvestCap-20260823/ledger_transactions.jsonl","5499518","2026-08-31T06:46:36.0437663Z","7738A6E2E7E1A622F323E9628582967EFE64C72A7710758A00DA8AB8D1EF0A89"
"FormalAccuracy-v1/Runs/Simple-HarvestCap-20260823/lod_transitions.jsonl","46732","2026-08-31T06:46:36.0304267Z","A01560183FD4FAA536A982DD65F17FFFB4793D919319DB8BD881AC934B67D841"
"FormalAccuracy-v1/Runs/Simple-HarvestCap-20260823/npc_snapshots.csv","13708","2026-08-31T06:46:36.0294260Z","0C3E435E9B4B5E4F5790D75418B75F5C72AA84F09B5E87772B0300AE4E216DAD"
"FormalAccuracy-v1/Runs/Simple-HarvestCap-20260823/run_manifest.json","2855","2026-08-31T06:46:36.0437663Z","3B470AEE5A1FC56FC36E4EC8FBE02BD80F2EEC140BE50971AFB4EF30A179EA53"
"FormalAccuracy-v1/Runs/Simple-HarvestCap-20260823/simulation_events.jsonl","104270","2026-08-31T06:46:36.0304267Z","9FAD458C4DD60CC9893074BDF61750F7C6188778349CA9760DBE1E88A6B4EAB2"
"FormalAccuracy-v1/Runs/Simple-HarvestCap-20260824/cohort_timeseries.csv","104550","2026-08-31T06:40:08.9515412Z","6A09EDFD409152B911085CD72112D36EE66F36409A294FC9E49C24C8E959FCEE"
"FormalAccuracy-v1/Runs/Simple-HarvestCap-20260824/kingdom_timeseries.csv","729469","2026-08-31T06:40:08.9505413Z","7F54A6D2BA195879059320DFF3CDB72B2D4FD4331657DB8D734CAE141D6F5658"
"FormalAccuracy-v1/Runs/Simple-HarvestCap-20260824/ledger_transactions.jsonl","5498653","2026-08-31T06:40:08.9672971Z","9D3D2F1626727DA6ECE931320144ADA713CB68C9DB5139E12DE11F1D9B836B40"
"FormalAccuracy-v1/Runs/Simple-HarvestCap-20260824/lod_transitions.jsonl","46738","2026-08-31T06:40:08.9535410Z","FEF94FE23BE614D35A4D2E032C6EFB54B58FA899CAA4B7D01D97A7F130D9F5CE"
"FormalAccuracy-v1/Runs/Simple-HarvestCap-20260824/npc_snapshots.csv","13720","2026-08-31T06:40:08.9525414Z","337A564794D46D814116FD79755D70DF54EE9CE73B416BD361B4C3C4C54360A0"
"FormalAccuracy-v1/Runs/Simple-HarvestCap-20260824/run_manifest.json","2852","2026-08-31T06:40:08.9672971Z","4BD121F0697D2CA12568250EDF63EAC75272FCF1A0112D15A47C82B513782C27"
"FormalAccuracy-v1/Runs/Simple-HarvestCap-20260824/simulation_events.jsonl","107279","2026-08-31T06:40:08.9525414Z","35ADF29E24A6C65718C60D4DBABF83FB1C0D8315B8C3B7A0C470DCCAEB5ED7D4"
"FormalAccuracy-v1/Runs/Simple-HarvestCap-20260825/cohort_timeseries.csv","104580","2026-08-31T06:47:49.8323901Z","737F88989FDE7FCB417D2DE0A06F06AA9276499A323464029B6ACF56FA2FEA51"
"FormalAccuracy-v1/Runs/Simple-HarvestCap-20260825/kingdom_timeseries.csv","729469","2026-08-31T06:47:49.8313937Z","7C1F9673A9E2113B3F678911802A3B8A410E9941B93D087A3ECE9849E35E30D8"
"FormalAccuracy-v1/Runs/Simple-HarvestCap-20260825/ledger_transactions.jsonl","5496143","2026-08-31T06:47:49.8459116Z","B68095A8D079A41D435954FBFBADBBE966383BE75A1194A34CBD278902258B96"
"FormalAccuracy-v1/Runs/Simple-HarvestCap-20260825/lod_transitions.jsonl","46736","2026-08-31T06:47:49.8333860Z","D3F0393D6BA28EEBA44984D1FF29FA4B968CF5FEFA80024BAFD50E2E34BC5FE2"
"FormalAccuracy-v1/Runs/Simple-HarvestCap-20260825/npc_snapshots.csv","13710","2026-08-31T06:47:49.8323901Z","C5742CE71449C8DE0E8E97642B84CBE290E8E350B3CD9E269540341F80B8B49E"
"FormalAccuracy-v1/Runs/Simple-HarvestCap-20260825/run_manifest.json","2856","2026-08-31T06:47:49.8469121Z","D7909C0F7E20F8FBA3A2E6561C41C3C86BA773BB976A1DB4B775F92A1675CC19"
"FormalAccuracy-v1/Runs/Simple-HarvestCap-20260825/simulation_events.jsonl","105777","2026-08-31T06:47:49.8333860Z","392E171B02D380C8FE8CC65AF6B4C463D720E86C7D13196366787F0ECDD224CF"
"FormalAccuracy-v1/Runs/Simple-HarvestCap-20260826/cohort_timeseries.csv","104565","2026-08-31T06:54:30.5894949Z","65012CBD9D69E2EE3551EBD1D76705A0723208821B677E477136788CEF154418"
"FormalAccuracy-v1/Runs/Simple-HarvestCap-20260826/kingdom_timeseries.csv","729469","2026-08-31T06:54:30.5894949Z","36A5197CB690A1654D0071846844377E96381CF1EA34CF1B94BBB53D6C6524B5"
"FormalAccuracy-v1/Runs/Simple-HarvestCap-20260826/ledger_transactions.jsonl","5497406","2026-08-31T06:54:30.6034946Z","2CB2496964ABFFC184427F055E65E4455759F8330A3D7B78B85AB0A8D98C66D8"
"FormalAccuracy-v1/Runs/Simple-HarvestCap-20260826/lod_transitions.jsonl","46741","2026-08-31T06:54:30.5904932Z","CAB169A329465F37F46DA0AAAF17D396DEE26FC37F2E59DCF9FF25C9635A7A8C"
"FormalAccuracy-v1/Runs/Simple-HarvestCap-20260826/npc_snapshots.csv","13719","2026-08-31T06:54:30.5904932Z","162A3DFB021545C19B6C6551BA453666BF75363A01B69DE2974F9FCD00FBC6E8"
"FormalAccuracy-v1/Runs/Simple-HarvestCap-20260826/run_manifest.json","2855","2026-08-31T06:54:30.6044935Z","3E22F1FE1107920E185B52A8FDDF382AA17F0E729F9D3E0490C2447BE4C8C591"
"FormalAccuracy-v1/Runs/Simple-HarvestCap-20260826/simulation_events.jsonl","106535","2026-08-31T06:54:30.5904932Z","8AA33DB2C5923DB465C01646211E8B1E512D774E2AE8B8F1DA1FC5ECB3A79915"
"FormalAccuracy-v1/Runs/Simple-HarvestCap-20260827/cohort_timeseries.csv","104580","2026-08-31T06:50:29.5689559Z","49D8EC11D396A1BFCB843D47B3A3EF3663E410BC9E677E4C6AA339B6A8AA6A3F"
"FormalAccuracy-v1/Runs/Simple-HarvestCap-20260827/kingdom_timeseries.csv","729469","2026-08-31T06:50:29.5679693Z","23D1D844C9B23C64B0B123994FBBC1CB52F0CFE038558977C481A09DC2EBBB77"
"FormalAccuracy-v1/Runs/Simple-HarvestCap-20260827/ledger_transactions.jsonl","5496159","2026-08-31T06:50:29.5823008Z","D18A2744A4F86BC2218B1583663822DFE5898DA78D57B105CA128D166F77ADBD"
"FormalAccuracy-v1/Runs/Simple-HarvestCap-20260827/lod_transitions.jsonl","46742","2026-08-31T06:50:29.5689559Z","9C5DC491DC86DC34C5AB8C25F5A8B0635859C585D40FEA6A6B417A406E2D44AA"
"FormalAccuracy-v1/Runs/Simple-HarvestCap-20260827/npc_snapshots.csv","13720","2026-08-31T06:50:29.5689559Z","C60A907BB6B3F429C2A607C632757FA7D75476F1F2A05F8C75E08962B917F37E"
"FormalAccuracy-v1/Runs/Simple-HarvestCap-20260827/run_manifest.json","2855","2026-08-31T06:50:29.5823008Z","705A752C5ED2134330B7A0BAA07CE92BCBB851FB1AE7CC5479516C4DEB45DD82"
"FormalAccuracy-v1/Runs/Simple-HarvestCap-20260827/simulation_events.jsonl","105786","2026-08-31T06:50:29.5689559Z","79CC28A543F61FA0F0339755529AF3FB27CC2BC7E5AD90621C07C7D3C77C1596"
"FormalAccuracy-v1/Runs/Simple-HarvestCap-20260828/cohort_timeseries.csv","105820","2026-08-31T06:43:05.1821340Z","D6FDAFC1F2AD4A45FE11F57EEABD58BD957B39DF95EBAA201A5B508EAD56C1E5"
"FormalAccuracy-v1/Runs/Simple-HarvestCap-20260828/kingdom_timeseries.csv","729469","2026-08-31T06:43:05.1821340Z","9465522B0C80A8C982BA949B8FF08104E1B55D6278D4225BF9AF35F087AC055A"
"FormalAccuracy-v1/Runs/Simple-HarvestCap-20260828/ledger_transactions.jsonl","5496141","2026-08-31T06:43:05.1966483Z","EF1A1A8D2E4B4B029EF144BF5FBBC68D4E486F3DEC4850E7B8ABF4A6A4685811"
"FormalAccuracy-v1/Runs/Simple-HarvestCap-20260828/lod_transitions.jsonl","46736","2026-08-31T06:43:05.1833878Z","F34C29AF18E22927CCA6D511A4C2E460BE553FC7ECD7FE9096342F8DA08F9C0A"
"FormalAccuracy-v1/Runs/Simple-HarvestCap-20260828/npc_snapshots.csv","13713","2026-08-31T06:43:05.1821340Z","3F8F34FF1CBE482B3A1687BFF71F7D11DC4E683D9D41A40F8EB51635EDE7C4D5"
"FormalAccuracy-v1/Runs/Simple-HarvestCap-20260828/run_manifest.json","2855","2026-08-31T06:43:05.1966483Z","C6B7E44A67CF70238A4F1FB3956EC9882EE526ADDDEC9FA33EEB8679B0B36B95"
"FormalAccuracy-v1/Runs/Simple-HarvestCap-20260828/simulation_events.jsonl","105775","2026-08-31T06:43:05.1833878Z","5F717C6667E759DEC320BD6785E37CB452BE87DB7968BD8ECEB96CD86DF3F1B7"
"FormalAccuracy-v1/Runs/Simple-HarvestCap-20260829/cohort_timeseries.csv","104591","2026-08-31T06:49:07.2532566Z","2B8FF36C2E6404C78555BED9BA64E733B6C3914EA5609CD5235B09E847E843AA"
"FormalAccuracy-v1/Runs/Simple-HarvestCap-20260829/kingdom_timeseries.csv","729469","2026-08-31T06:49:07.2523455Z","97E396ED593B975352E53C69F6C134E1A23DDF79818A3E18B2698B6188F181CB"
"FormalAccuracy-v1/Runs/Simple-HarvestCap-20260829/ledger_transactions.jsonl","5494875","2026-08-31T06:49:07.2662711Z","7CE2719D5FD54093A931D49A4ABA265E42F7DF15D238B30E9465A33AD17D554B"
"FormalAccuracy-v1/Runs/Simple-HarvestCap-20260829/lod_transitions.jsonl","46733","2026-08-31T06:49:07.2542560Z","E6A52396C548A5A8F306CFA8EF5566F0DB2C366734C6FA473D2E70DE0986744E"
"FormalAccuracy-v1/Runs/Simple-HarvestCap-20260829/npc_snapshots.csv","13708","2026-08-31T06:49:07.2532566Z","887B560502D802E8BEF09A3D7FB680DB2E95C5998298F4E3C3389DC7C4CACBF0"
"FormalAccuracy-v1/Runs/Simple-HarvestCap-20260829/run_manifest.json","2854","2026-08-31T06:49:07.2673465Z","A203816722A63C9371C8C0058E7E0F169E9EFF28D2CB3219A3FAF76F78813491"
"FormalAccuracy-v1/Runs/Simple-HarvestCap-20260829/simulation_events.jsonl","105020","2026-08-31T06:49:07.2542560Z","0EE0E776E301D756814E0FE6DD9206C9758F7829A84BAF8CC2D69A7A0E1118DF"
"FormalAccuracy-v1/Runs/Simple-HarvestCap-20260830/cohort_timeseries.csv","103959","2026-08-31T06:44:45.9778454Z","577C61F23B99A0916BA06E09FBB2AFF521F533F0F06F028A49EDEA40CBDE42C0"
"FormalAccuracy-v1/Runs/Simple-HarvestCap-20260830/kingdom_timeseries.csv","729469","2026-08-31T06:44:45.9768458Z","F9E936387D8E6943B9845BE7B34C5F9B5EB05840C30B94CE28654F81BA47F58D"
"FormalAccuracy-v1/Runs/Simple-HarvestCap-20260830/ledger_transactions.jsonl","5494885","2026-08-31T06:44:45.9916766Z","A60147BFE462BA60271C6372855F313A9D5613B19074ECDB87779BE26D7B25C5"
"FormalAccuracy-v1/Runs/Simple-HarvestCap-20260830/lod_transitions.jsonl","46735","2026-08-31T06:44:45.9788469Z","DECF4C7491CE16E091B09AC452083546AD82166E4FCE31A335E5345A28F6DA16"
"FormalAccuracy-v1/Runs/Simple-HarvestCap-20260830/npc_snapshots.csv","13710","2026-08-31T06:44:45.9778454Z","1869794DFED488EE74BA7C30DEC00CA9B8A6D297E016330EA3125D1A9D809DFD"
"FormalAccuracy-v1/Runs/Simple-HarvestCap-20260830/run_manifest.json","2854","2026-08-31T06:44:45.9916766Z","8589C64BEF672A2484F8A1B57B1624A5D9DB52BD09897937A04BAC8136D1622D"
"FormalAccuracy-v1/Runs/Simple-HarvestCap-20260830/simulation_events.jsonl","105025","2026-08-31T06:44:45.9778454Z","8D3EBE5A1D7C313C26890E32F3CA6D77DB65BFF9FEE9E32B006EB38C9C5925EF"
"FormalAccuracy-v1/Runs/Simple-HarvestCap-20260831/cohort_timeseries.csv","104582","2026-08-31T06:47:19.1935949Z","94A47FB3F706A0C6CE4C1E76CB96C8D06379D7423AB1C7DD80D73ACAFEE29BE2"
"FormalAccuracy-v1/Runs/Simple-HarvestCap-20260831/kingdom_timeseries.csv","729546","2026-08-31T06:47:19.1935949Z","C439A94DBC521CF998AF588E53ABE3A3BCF99B3931787EF9E3253D1EC6B9DEE3"
"FormalAccuracy-v1/Runs/Simple-HarvestCap-20260831/ledger_transactions.jsonl","5509322","2026-08-31T06:47:19.2080186Z","AC1C86CE3B38830E304CF51520B04AB1A0B5FF30486A5528D0921DEC3ABDECFC"
"FormalAccuracy-v1/Runs/Simple-HarvestCap-20260831/lod_transitions.jsonl","46732","2026-08-31T06:47:19.1945932Z","9B420F506387B04BCE2259A9F237B25B5840E1E3CAB9D3A6EA6EC9710245E680"
"FormalAccuracy-v1/Runs/Simple-HarvestCap-20260831/npc_snapshots.csv","13701","2026-08-31T06:47:19.1935949Z","52EC5623C8B7A71C954CD18508FEBF35B0F01A438781EBF163C18C19102AD3B1"
"FormalAccuracy-v1/Runs/Simple-HarvestCap-20260831/run_manifest.json","2855","2026-08-31T06:47:19.2080186Z","0FDD4E5CC481D874239619CC9E2337A9ADB52EBB37D9265A2AD6D7F14EDFC16C"
"FormalAccuracy-v1/Runs/Simple-HarvestCap-20260831/simulation_events.jsonl","103503","2026-08-31T06:47:19.1945932Z","71D57D7AA16C904F7540EC59403F1B6A4C517DD127D9232847C61B520A699C81"
"FormalAccuracy-v1/Runs/Simple-HarvestCap-20260832/cohort_timeseries.csv","105190","2026-08-31T06:41:15.6777104Z","94D8B22F866435827372ECDD7395EDF534E0E048F531B03BF9405666866532BE"
"FormalAccuracy-v1/Runs/Simple-HarvestCap-20260832/kingdom_timeseries.csv","729469","2026-08-31T06:41:15.6777104Z","3458ACE97C0E39AA9915B89D9B556C496FFFF20B5F6B24E83993597CD464862F"
"FormalAccuracy-v1/Runs/Simple-HarvestCap-20260832/ledger_transactions.jsonl","5498653","2026-08-31T06:41:15.6913114Z","333ED41C05B03143AA87A4666315FF456C3409BCBD1E45909547E04FCAB75666"
"FormalAccuracy-v1/Runs/Simple-HarvestCap-20260832/lod_transitions.jsonl","46738","2026-08-31T06:41:15.6786243Z","304CFD0F2C365BAC8464D75F4F5334BB49921742BA0EF92765C3678A4A7D4B24"
"FormalAccuracy-v1/Runs/Simple-HarvestCap-20260832/npc_snapshots.csv","13722","2026-08-31T06:41:15.6777104Z","A6D64485E9EBB470B30C89DC75DDC0FED9AB6A14A21DBA765D1D742AEE117EA1"
"FormalAccuracy-v1/Runs/Simple-HarvestCap-20260832/run_manifest.json","2852","2026-08-31T06:41:15.6913114Z","95E9AC647AE1756A4767CCFE86F2014EDFA2990A6F81247BA29A50438009082E"
"FormalAccuracy-v1/Runs/Simple-HarvestCap-20260832/simulation_events.jsonl","107279","2026-08-31T06:41:15.6786243Z","6D4A7683B18AFF381823B5C3CF0FA220C92A7D85856082306F5D4254AD7919F2"
"FormalAccuracy-v1/Runs/Simple-HarvestCap-20260833/cohort_timeseries.csv","103334","2026-08-31T06:54:03.6386095Z","ADF327E675E0374C1AA1A2567417B68284FE40A71D61D2FFF615F54DE464C456"
"FormalAccuracy-v1/Runs/Simple-HarvestCap-20260833/kingdom_timeseries.csv","729475","2026-08-31T06:54:03.6386095Z","FD926C608C2D274E4152B774E366782274D54C6A6B07094446D761B6909FCBD7"
"FormalAccuracy-v1/Runs/Simple-HarvestCap-20260833/ledger_transactions.jsonl","5499526","2026-08-31T06:54:03.6516323Z","A65B6AF83CF6BC20F41A373430856AA9D47C68450BE34F45204927ECB6940C93"
"FormalAccuracy-v1/Runs/Simple-HarvestCap-20260833/lod_transitions.jsonl","46734","2026-08-31T06:54:03.6395310Z","48E94A92168464010F8B9D491AB8059E8E37F645358E38A300A22A3C2D53BA87"
"FormalAccuracy-v1/Runs/Simple-HarvestCap-20260833/npc_snapshots.csv","13701","2026-08-31T06:54:03.6386095Z","86D97092D89DB7A6D29EAF8CE8F946130CE34858E52494B8CB6FDD8A4DA84640"
"FormalAccuracy-v1/Runs/Simple-HarvestCap-20260833/run_manifest.json","2856","2026-08-31T06:54:03.6516323Z","4F38B79FF2C070D8FBC9730662193664B4706854D1DF440C6E80C01B791752ED"
"FormalAccuracy-v1/Runs/Simple-HarvestCap-20260833/simulation_events.jsonl","104273","2026-08-31T06:54:03.6395310Z","40D956910D4AEDC9F0D121D227B985735C1FBD2BBF6B0974B93ABAC83F9FC139"
"FormalAccuracy-v1/Runs/Simple-HarvestCap-20260834/cohort_timeseries.csv","105214","2026-08-31T06:54:51.2305688Z","4FCFDF40AA8E47A23B42EFFAE9C7FED628CD8E76DC28879C970846FBC9EC3603"
"FormalAccuracy-v1/Runs/Simple-HarvestCap-20260834/kingdom_timeseries.csv","729475","2026-08-31T06:54:51.2300452Z","A1DE7882CD17914ACD5F1C01588A0229F92502AD6141690137E0400CD65C4BDD"
"FormalAccuracy-v1/Runs/Simple-HarvestCap-20260834/ledger_transactions.jsonl","5499518","2026-08-31T06:54:51.2475775Z","511E04B980D0F7831DBD022C2F2290B68E8B260F91DC6C3DA11159F4E07C3462"
"FormalAccuracy-v1/Runs/Simple-HarvestCap-20260834/lod_transitions.jsonl","46732","2026-08-31T06:54:51.2315767Z","92FFEAABA6356E181BAA3B1065541D5EDB0B3BAF4155E57E7B189012A6BBE120"
"FormalAccuracy-v1/Runs/Simple-HarvestCap-20260834/npc_snapshots.csv","13703","2026-08-31T06:54:51.2305688Z","F3DCBA88AEC001274CE704DC05475B5487B38FC3D7E9BFAE14C749C90F36C419"
"FormalAccuracy-v1/Runs/Simple-HarvestCap-20260834/run_manifest.json","2854","2026-08-31T06:54:51.2475775Z","3CF25CDA354435A171B6D5C287AFB8653DE4CA709D78F1AB873CCB38782F0CE0"
"FormalAccuracy-v1/Runs/Simple-HarvestCap-20260834/simulation_events.jsonl","104270","2026-08-31T06:54:51.2315767Z","81714E5E901DD4F35B03E5768518E41E37D6666EDCA43FB105A0E33398210666"
"FormalAccuracy-v1/Runs/Simple-HarvestCap-20260835/cohort_timeseries.csv","103963","2026-08-31T06:53:03.2483909Z","FC7E776F345E9992C4F6083B9C09ACD9B17997906DD03D6EE6C876C275A345BF"
"FormalAccuracy-v1/Runs/Simple-HarvestCap-20260835/kingdom_timeseries.csv","729469","2026-08-31T06:53:03.2473903Z","52BD3686D810138AE09F23D7F102AEF9BF004CFED151F5E5AFF549C404C610D6"
"FormalAccuracy-v1/Runs/Simple-HarvestCap-20260835/ledger_transactions.jsonl","5494885","2026-08-31T06:53:03.2624831Z","3667CDFD93619859BD1100A432615773A30DAF371BFDC2F085C6FADAA4AA73B0"
"FormalAccuracy-v1/Runs/Simple-HarvestCap-20260835/lod_transitions.jsonl","46735","2026-08-31T06:53:03.2493914Z","21D9ABBFB13584B804CBCE3ADE8728E763302821274D3E6A9E534CC99F12C3A2"
"FormalAccuracy-v1/Runs/Simple-HarvestCap-20260835/npc_snapshots.csv","13711","2026-08-31T06:53:03.2483909Z","CB1C59C03BB6776C9E3AD228DC7D17B5216DC85C92D49B6D4EBC463B06FEA204"
"FormalAccuracy-v1/Runs/Simple-HarvestCap-20260835/run_manifest.json","2853","2026-08-31T06:53:03.2633973Z","24AECAB11552D8D3821EE222D446F5DE29F1A081B061357AE0A45C0293C15FB5"
"FormalAccuracy-v1/Runs/Simple-HarvestCap-20260835/simulation_events.jsonl","105025","2026-08-31T06:53:03.2493914Z","FA528BCE4619CD54E6F3EC8105C071CDF9992DC626D2CAAF38ED73671E0D7E5A"
"FormalAccuracy-v1/Runs/Simple-HarvestCap-20260836/cohort_timeseries.csv","104596","2026-08-31T06:45:59.8963533Z","C1EC7EE92429F406E18FF3CDA3F4DDCAD25A7C6606154026E85C55694A05D8B3"
"FormalAccuracy-v1/Runs/Simple-HarvestCap-20260836/kingdom_timeseries.csv","729469","2026-08-31T06:45:59.8943544Z","E4124D4A6EAE5CF4C3C58672F61E96FF2D19FB7F9F3514554110B2FC069DAA21"
"FormalAccuracy-v1/Runs/Simple-HarvestCap-20260836/ledger_transactions.jsonl","5496143","2026-08-31T06:45:59.9094443Z","8EB10AC51E0E4D1D0980D373758E843E55CD3C0BFD8BD593AB9C336D5653230C"
"FormalAccuracy-v1/Runs/Simple-HarvestCap-20260836/lod_transitions.jsonl","46736","2026-08-31T06:45:59.8973541Z","8B7568284BBA85BFB4B225BDA62B05A87829EF44FDEAD1E270D5E9707BC03388"
"FormalAccuracy-v1/Runs/Simple-HarvestCap-20260836/npc_snapshots.csv","13712","2026-08-31T06:45:59.8963533Z","CE38E37969A01EAA4F93B9BFD1025FD3764896EAEF09957FCFE551A70A25CE24"
"FormalAccuracy-v1/Runs/Simple-HarvestCap-20260836/run_manifest.json","2855","2026-08-31T06:45:59.9094443Z","9813A07B4779FE0D278CF8903E0E88DCDA7E3A25DA06D3B10BD94EEABD71BAF4"
"FormalAccuracy-v1/Runs/Simple-HarvestCap-20260836/simulation_events.jsonl","105777","2026-08-31T06:45:59.8963533Z","CB52EB9171131101ED636C5E3DB4BCA45460D5B56D421CDBFFF2BF69895DE222"
"FormalAccuracy-v1/Runs/Simple-HarvestCap-20260837/cohort_timeseries.csv","104587","2026-08-31T06:54:52.4252488Z","6C5B607F33145C1AC6C6CFA414E1A7D1483F615497DE55AE3D9EB9FEE1BA0849"
"FormalAccuracy-v1/Runs/Simple-HarvestCap-20260837/kingdom_timeseries.csv","729469","2026-08-31T06:54:52.4242494Z","4C5B414BA0736ECCA7E9AB13F487ED84B509D5931B8003D80CBB6D3762E2B3C2"
"FormalAccuracy-v1/Runs/Simple-HarvestCap-20260837/ledger_transactions.jsonl","5494885","2026-08-31T06:54:52.4402604Z","CFF6F7C8F1C672E45CCC53CAB9362B63D811ED9D9C0A9ADFFC0DFA3D75C7845E"
"FormalAccuracy-v1/Runs/Simple-HarvestCap-20260837/lod_transitions.jsonl","46735","2026-08-31T06:54:52.4262494Z","5CAD8B3BF54ED3EA86DEEFCAA89733E69927AACC031EAD1BE7499557BDDB5673"
"FormalAccuracy-v1/Runs/Simple-HarvestCap-20260837/npc_snapshots.csv","13713","2026-08-31T06:54:52.4252488Z","4CED960C3499784C58BC1DC8F230E9CD16C0516985FE8ACF286CE29757AACB75"
"FormalAccuracy-v1/Runs/Simple-HarvestCap-20260837/run_manifest.json","2856","2026-08-31T06:54:52.4402604Z","BED856356CBDE03FBD410E3B29C9261BA998E959D70E82EBA8C2866195CB846B"
"FormalAccuracy-v1/Runs/Simple-HarvestCap-20260837/simulation_events.jsonl","105025","2026-08-31T06:54:52.4262494Z","4EE095714ABB4543C092C7FD0677F7D55E3B4FE144AA30CBCB8AFAE6C410C59A"
"FormalAccuracy-v1/Runs/Simple-HarvestCap-20260838/cohort_timeseries.csv","104598","2026-08-31T06:49:05.0409872Z","9BDE9918856E416F90EC3F165D91C637BB998BE863DF3690A08FFB09E6901CE3"
"FormalAccuracy-v1/Runs/Simple-HarvestCap-20260838/kingdom_timeseries.csv","729546","2026-08-31T06:49:05.0409872Z","AFE284DF81386EB40DCC5496CF81270DF822C3819CA2F9E93058855FACC5A42B"
"FormalAccuracy-v1/Runs/Simple-HarvestCap-20260838/ledger_transactions.jsonl","5509346","2026-08-31T06:49:05.0558568Z","7AF675CE82653B105465F16FCDE6B5426041E8DF49DA72D49AA0DAB6C385B4AD"
"FormalAccuracy-v1/Runs/Simple-HarvestCap-20260838/lod_transitions.jsonl","46738","2026-08-31T06:49:05.0434982Z","9E1246C74CE4D43B504B25D87FCD28F3CF4D70B74A56B53A249AC438BF7A7DAB"
"FormalAccuracy-v1/Runs/Simple-HarvestCap-20260838/npc_snapshots.csv","13707","2026-08-31T06:49:05.0424920Z","B922A7BD37A273B99CFC880BCE175DA7A7B45ECD5A413ED75CD8E43230A7526C"
"FormalAccuracy-v1/Runs/Simple-HarvestCap-20260838/run_manifest.json","2856","2026-08-31T06:49:05.0568542Z","E4E783E54E185038C73C8609CE5266287AF484FC89323FFF93904C87E58BEE70"
"FormalAccuracy-v1/Runs/Simple-HarvestCap-20260838/simulation_events.jsonl","103512","2026-08-31T06:49:05.0424920Z","1E513ED8332277E7AD11FD0C7CC5AE84404D91688F077DF702E9101F9A7A2885"
"FormalAccuracy-v1/Runs/Simple-HarvestCap-20260839/cohort_timeseries.csv","104583","2026-08-31T06:43:41.5666925Z","A584C9100CDE153F630A832E35A8E9C952E2CF12369825017AF07A1BBADB3A49"
"FormalAccuracy-v1/Runs/Simple-HarvestCap-20260839/kingdom_timeseries.csv","729469","2026-08-31T06:43:41.5656946Z","EA10AF5A25F84E8E0468B44C4F134493154E47CF6C40BC35825E8F2B24539230"
"FormalAccuracy-v1/Runs/Simple-HarvestCap-20260839/ledger_transactions.jsonl","5494901","2026-08-31T06:43:41.5812130Z","5DFCCC7A1A9AE912211CB1D2BB726C86B93D48B752CDC13AF99566ADF1D31844"
"FormalAccuracy-v1/Runs/Simple-HarvestCap-20260839/lod_transitions.jsonl","46741","2026-08-31T06:43:41.5676940Z","EC08F1FDF03A08DA29CD78A027A30198839306635C8F8120728D07CB796AC37F"
"FormalAccuracy-v1/Runs/Simple-HarvestCap-20260839/npc_snapshots.csv","13713","2026-08-31T06:43:41.5666925Z","CBC3D04B09D8F045683DBEAA7A757E471B99C48D9C95AC1B9955780B3D415255"
"FormalAccuracy-v1/Runs/Simple-HarvestCap-20260839/run_manifest.json","2855","2026-08-31T06:43:41.5812130Z","29121267AAC1891F809487401CE9663700CC10ACB9963E2C76FDEB4F814BB62C"
"FormalAccuracy-v1/Runs/Simple-HarvestCap-20260839/simulation_events.jsonl","105034","2026-08-31T06:43:41.5676940Z","371133CE3C45D798C5509F7FCAAE6EC8A49F1891460C9CD23741F20152A24350"
"FormalAccuracy-v1/Runs/Simple-HarvestCap-20260840/cohort_timeseries.csv","105222","2026-08-31T06:42:58.0103478Z","1D51F558A04DC1946A87324D911A7CAF1358971560B395C0CE01332BC46C91E0"
"FormalAccuracy-v1/Runs/Simple-HarvestCap-20260840/kingdom_timeseries.csv","729469","2026-08-31T06:42:58.0093483Z","6F59B726EB9A169AD34035C7CB8710B05E685E751ED4CD10015478D289959224"
"FormalAccuracy-v1/Runs/Simple-HarvestCap-20260840/ledger_transactions.jsonl","5493622","2026-08-31T06:42:58.0249912Z","6EC4EAFF37976D1BA2B77BF734B9FF666FFCF262A34D918F01096990C4B2AD19"
"FormalAccuracy-v1/Runs/Simple-HarvestCap-20260840/lod_transitions.jsonl","46732","2026-08-31T06:42:58.0113475Z","C4CA11C10F825B04724E73DF0DEABB387A0542CBA1616EF0BAA43684DE975E3D"
"FormalAccuracy-v1/Runs/Simple-HarvestCap-20260840/npc_snapshots.csv","13704","2026-08-31T06:42:58.0103478Z","548F178656B18CD2C5A90CCCC8B0DCA8B0FD5CF4DC6FB34EE6893FCBD27EBE96"
"FormalAccuracy-v1/Runs/Simple-HarvestCap-20260840/run_manifest.json","2854","2026-08-31T06:42:58.0249912Z","CFC2C4C97562B29E4775F904C95E497F6D076D9208D43FE595C19ED990ADDE9A"
"FormalAccuracy-v1/Runs/Simple-HarvestCap-20260840/simulation_events.jsonl","104270","2026-08-31T06:42:58.0113475Z","5E7AB7D75208314A98A52A340ED2F40DA5B640CAA76861DC610938CFBA9516FC"
"FormalAccuracy-v1/Runs/Simple-HarvestCap-20260841/cohort_timeseries.csv","103970","2026-08-31T06:43:39.9550183Z","0D1DE09AEFD8DAC77B983BED800DC1FA229D8934F6B6ECBF564481BEB9EF95C5"
"FormalAccuracy-v1/Runs/Simple-HarvestCap-20260841/kingdom_timeseries.csv","729469","2026-08-31T06:43:39.9540297Z","37EB42555CEFDD1B2342A63F60AB0F914EBB1E8C5F9A6503626C0E6F0D0368F6"
"FormalAccuracy-v1/Runs/Simple-HarvestCap-20260841/ledger_transactions.jsonl","5493630","2026-08-31T06:43:39.9680290Z","6F6FE6118F647EB6D9F1656E88B181CC7CA8C3A5618F72705E7C99EE1033EE49"
"FormalAccuracy-v1/Runs/Simple-HarvestCap-20260841/lod_transitions.jsonl","46734","2026-08-31T06:43:39.9560255Z","6A6B85220D6D0EA5FF5951FB926F4E1F186B77F88CFA65819D80E07E2CC53112"
"FormalAccuracy-v1/Runs/Simple-HarvestCap-20260841/npc_snapshots.csv","13702","2026-08-31T06:43:39.9550183Z","49C22CDE82E9866DA29B6C629FF7824A96C77F93881F1DAFCDEDFE9CD88472BC"
"FormalAccuracy-v1/Runs/Simple-HarvestCap-20260841/run_manifest.json","2855","2026-08-31T06:43:39.9680290Z","11913BA16564103EBCFABF943B738725A8AC4E61BEDA9CC0333CE2C2515B087C"
"FormalAccuracy-v1/Runs/Simple-HarvestCap-20260841/simulation_events.jsonl","104273","2026-08-31T06:43:39.9550183Z","1F0D6ECFBB84958B1978B619B20A94B3223DB12CB62010136B354BF5C49D6DFA"
"FormalAccuracy-v1/Runs/Simple-HarvestCap-20260842/cohort_timeseries.csv","103950","2026-08-31T06:51:27.7103469Z","F429DC2AECC905F80AD19788315DD70463B32D30671A62310482D9BA9E80253A"
"FormalAccuracy-v1/Runs/Simple-HarvestCap-20260842/kingdom_timeseries.csv","729475","2026-08-31T06:51:27.7103469Z","6754EAA6E4809FF78061422EFD0E50CF06A7A1266CEE61DAF48829C502F1A151"
"FormalAccuracy-v1/Runs/Simple-HarvestCap-20260842/ledger_transactions.jsonl","5499526","2026-08-31T06:51:27.7239368Z","4154EBCFFEFD17B65EEDF44B25A9E6F476C9D00757D6B496D7D3D782F5030BD9"
"FormalAccuracy-v1/Runs/Simple-HarvestCap-20260842/lod_transitions.jsonl","46734","2026-08-31T06:51:27.7112575Z","3E7AD03FC2DBCAB9818946AA959D80BABF32DAAD7B9A424C180A8156221E8570"
"FormalAccuracy-v1/Runs/Simple-HarvestCap-20260842/npc_snapshots.csv","13702","2026-08-31T06:51:27.7112575Z","814899F867E7DA6903ED0D4686A49A0E9164CA74B4801FFC180B251C8F6F8F8B"
"FormalAccuracy-v1/Runs/Simple-HarvestCap-20260842/run_manifest.json","2851","2026-08-31T06:51:27.7248642Z","46871E6EE56BE10FF9EF3F739ABFA1EC42F40576E6B58030E5DFD9A8C3E73F19"
"FormalAccuracy-v1/Runs/Simple-HarvestCap-20260842/simulation_events.jsonl","104273","2026-08-31T06:51:27.7112575Z","96D056D90955F3676EF2F5627180FE3180CA61BF204756887F88A0B9956E5D97"
"FormalAccuracy-v1/Runs/Simple-HarvestCap-20260843/cohort_timeseries.csv","105211","2026-08-31T06:44:01.7522303Z","649F633E1EB07B7C50F56B9A634528D377428B9B2F809C169D2F993C55A20A72"
"FormalAccuracy-v1/Runs/Simple-HarvestCap-20260843/kingdom_timeseries.csv","729469","2026-08-31T06:44:01.7522303Z","FC2E0A519E68BDB8688DDB794C7C88C827E6B2E6DBA04B3392733CF3B629C945"
"FormalAccuracy-v1/Runs/Simple-HarvestCap-20260843/ledger_transactions.jsonl","5494893","2026-08-31T06:44:01.7663163Z","A2B12F9E43FDAA8B5A274A73D97404584D07CED62BD03D8BADBACEFEC3DB976F"
"FormalAccuracy-v1/Runs/Simple-HarvestCap-20260843/lod_transitions.jsonl","46739","2026-08-31T06:44:01.7532312Z","25A9F29BC4D17231BB4C1BD8F44A6B7E7D42348BBD07C9EE0DFF648560C33C85"
"FormalAccuracy-v1/Runs/Simple-HarvestCap-20260843/npc_snapshots.csv","13714","2026-08-31T06:44:01.7532312Z","60B607CFDB41B3C5AC884E35B28C497262215E1F16B9E5CCB89540B9F371FD5D"
"FormalAccuracy-v1/Runs/Simple-HarvestCap-20260843/run_manifest.json","2856","2026-08-31T06:44:01.7663163Z","531814AEB46EEF28860267771E6B5C3FC96B2DD49C1BE0494EB557A4BD05D8C0"
"FormalAccuracy-v1/Runs/Simple-HarvestCap-20260843/simulation_events.jsonl","105031","2026-08-31T06:44:01.7532312Z","FF8CA6FE6E2F572B8B120E2B3694712B3757456EE7D2A050474894346FD1DA24"
"FormalAccuracy-v1/Runs/Simple-HarvestCap-20260844/cohort_timeseries.csv","103951","2026-08-31T06:45:59.6982101Z","C1B5A6D16D1A2E7D95B7814C9A94A3D79A9AC30433A116202E9B5102FB9DBB4D"
"FormalAccuracy-v1/Runs/Simple-HarvestCap-20260844/kingdom_timeseries.csv","729469","2026-08-31T06:45:59.6972107Z","3355A68E0A5612BE7215E86B974ECDB9AE19F564D8D5C6D9C8B48F111248A564"
"FormalAccuracy-v1/Runs/Simple-HarvestCap-20260844/ledger_transactions.jsonl","5494877","2026-08-31T06:45:59.7112152Z","43F0BFEEDC004906BBC17A2167D2B59DA982B99715E07B7C1938892D02409C50"
"FormalAccuracy-v1/Runs/Simple-HarvestCap-20260844/lod_transitions.jsonl","46733","2026-08-31T06:45:59.6992106Z","49E1BB4C33C84E4062D4E80D983869612EE193B03C850C96942938378C546BE0"
"FormalAccuracy-v1/Runs/Simple-HarvestCap-20260844/npc_snapshots.csv","13704","2026-08-31T06:45:59.6982101Z","75857691DC647DD3C90A7EECA70AFF02F9C478D97311A3A0782303B4AA2C768C"
"FormalAccuracy-v1/Runs/Simple-HarvestCap-20260844/run_manifest.json","2855","2026-08-31T06:45:59.7122142Z","3B90D0962B6D869474C8558C5F6D72AF4549319CEE0BE37097E9A78C728F9445"
"FormalAccuracy-v1/Runs/Simple-HarvestCap-20260844/simulation_events.jsonl","105022","2026-08-31T06:45:59.6982101Z","720034D9B3CD1DE5EA39A9956D031FB94A59EEB53DF7F1E4426B85962E3AF76C"
"FormalAccuracy-v1/Runs/Simple-None-20260815/cohort_timeseries.csv","96666","2026-08-31T06:41:15.8810014Z","FB79C615FD5496AB5B22979B29F1B267F486DFB0D17D307043122AE0A31F1031"
"FormalAccuracy-v1/Runs/Simple-None-20260815/kingdom_timeseries.csv","686040","2026-08-31T06:41:15.8810014Z","86D3996053E238862695A37D61F633096B8269DE83F8AF19C8F10B37D68093A9"
"FormalAccuracy-v1/Runs/Simple-None-20260815/ledger_transactions.jsonl","5511176","2026-08-31T06:41:15.8945164Z","0BF063FF768FF1C9DA526D869345F266B5D2E4334E5C25DCAB82C6067B888C62"
"FormalAccuracy-v1/Runs/Simple-None-20260815/lod_transitions.jsonl","45294","2026-08-31T06:41:15.8819182Z","2E8A86757CA0DDC1598BD02EB5A58A8D1E77B17908BF1B02EA0369F17D9102A3"
"FormalAccuracy-v1/Runs/Simple-None-20260815/npc_snapshots.csv","12983","2026-08-31T06:41:15.8810014Z","71B8531972D53DFB1F14323B821B55571A087C68F924151E6818F7AABD79617D"
"FormalAccuracy-v1/Runs/Simple-None-20260815/run_manifest.json","2841","2026-08-31T06:41:15.8945164Z","43D522126F169B5F4DC0491FC81F5890ABA0982EF003C552F7CA85D8573E02FC"
"FormalAccuracy-v1/Runs/Simple-None-20260815/simulation_events.jsonl","90182","2026-08-31T06:41:15.8819182Z","9D4B8A822050C03E857A648A1737D5F5EFE2BCCAECC0815D228D951F9221A9B5"
"FormalAccuracy-v1/Runs/Simple-None-20260816/cohort_timeseries.csv","95498","2026-08-31T06:43:11.3807801Z","F348E9119FE55AC9D67DE2EC133C7DAC8656E006252509636FB2723BEFBAAB54"
"FormalAccuracy-v1/Runs/Simple-None-20260816/kingdom_timeseries.csv","685968","2026-08-31T06:43:11.3797921Z","BD7C46EFBA7ED1C0E571CC033D06DB2ADA0E0070585389A4C9470FA7AB63677B"
"FormalAccuracy-v1/Runs/Simple-None-20260816/ledger_transactions.jsonl","5511600","2026-08-31T06:43:11.3953155Z","F66342520E8123E57275F128F57B6A7106253023F66CD5913C30419F23BEB91F"
"FormalAccuracy-v1/Runs/Simple-None-20260816/lod_transitions.jsonl","45298","2026-08-31T06:43:11.3817806Z","3E61388529B88E14AEE8CE17B01E04F577997262F7009F0E8194EA7B31718C85"
"FormalAccuracy-v1/Runs/Simple-None-20260816/npc_snapshots.csv","12985","2026-08-31T06:43:11.3807801Z","225AE10A9E69D17EB30BF6E37F19DE7E52BBADD761E8A0507345365EBD058F6E"
"FormalAccuracy-v1/Runs/Simple-None-20260816/run_manifest.json","2842","2026-08-31T06:43:11.3953155Z","D9F1989C230044460E3232109C7BF85E030CDB2B463F0CE53BCD9AE3C7A9FA51"
"FormalAccuracy-v1/Runs/Simple-None-20260816/simulation_events.jsonl","90558","2026-08-31T06:43:11.3807801Z","DFCDCF32AC98B27FCD07631B87AE8E3114FF9C0FDF75BB612948B83252C8A154"
"FormalAccuracy-v1/Runs/Simple-None-20260817/cohort_timeseries.csv","97234","2026-08-31T06:40:29.2151888Z","2D3FDC045F88FC3844808AC316A716BD374447C6DB7BE0026A8F76C08B15DCEC"
"FormalAccuracy-v1/Runs/Simple-None-20260817/kingdom_timeseries.csv","685968","2026-08-31T06:40:29.2151888Z","422AFD3AB538AA6520B0FCF804D8106D74B72E61FBABF220593952CD61B1328B"
"FormalAccuracy-v1/Runs/Simple-None-20260817/ledger_transactions.jsonl","5511584","2026-08-31T06:40:29.2296674Z","698ABBAA908FC5C054B38C0DDA3F1A1BD477E17B0CD49590A6E2C58691D171C7"
"FormalAccuracy-v1/Runs/Simple-None-20260817/lod_transitions.jsonl","45292","2026-08-31T06:40:29.2171919Z","35495BE2DA0BA37BCB70D82732AADE7D83B9E1BBA94EB036EF829E79A6EFFBA4"
"FormalAccuracy-v1/Runs/Simple-None-20260817/npc_snapshots.csv","12983","2026-08-31T06:40:29.2151888Z","6C3999068E794D536474535CF911749BD2EDBD0693EB821D1AC64B2FF69CC81B"
"FormalAccuracy-v1/Runs/Simple-None-20260817/run_manifest.json","2842","2026-08-31T06:40:29.2296674Z","EF6151E89B4DC6E87330371E1B5EB5ED5C23A8058DFC0C9F604DD023F458F20F"
"FormalAccuracy-v1/Runs/Simple-None-20260817/simulation_events.jsonl","90549","2026-08-31T06:40:29.2161880Z","0C2BA3D8FAC1047E59CBBF0E508E2CC4E32A290A46B09726407002B9DCB308E0"
"FormalAccuracy-v1/Runs/Simple-None-20260818/cohort_timeseries.csv","95502","2026-08-31T06:43:57.3796947Z","014BB70DA31A61BB232B686D079D0F2E81C5241C8366470C5A108DC67ED0BC26"
"FormalAccuracy-v1/Runs/Simple-None-20260818/kingdom_timeseries.csv","685968","2026-08-31T06:43:57.3793508Z","5411693D6C343E46B991A3969413F721E108624856551E0C6322C7852E427F33"
"FormalAccuracy-v1/Runs/Simple-None-20260818/ledger_transactions.jsonl","5511600","2026-08-31T06:43:57.3945129Z","D110E15501FA76B8F3C716B8FE43DD7277F42AAC6CC9A4F82E9F8266E57E328B"
"FormalAccuracy-v1/Runs/Simple-None-20260818/lod_transitions.jsonl","45298","2026-08-31T06:43:57.3807141Z","9146B82DA5930F20DDD891CDACF04025445B0FD9FBFC55B8D1433107858140D8"
"FormalAccuracy-v1/Runs/Simple-None-20260818/npc_snapshots.csv","12987","2026-08-31T06:43:57.3796947Z","D4A6C34C469A4C6BC4B2E16C1165CBBD21D4419DD7AA2371009E5C1033AFD4A5"
"FormalAccuracy-v1/Runs/Simple-None-20260818/run_manifest.json","2844","2026-08-31T06:43:57.3945129Z","3C3B6CCC296131F0B75D58CABD072472BD313E426AFE3127B7E38E2C7BC26995"
"FormalAccuracy-v1/Runs/Simple-None-20260818/simulation_events.jsonl","90558","2026-08-31T06:43:57.3807141Z","41E85895D24A700DA2AEA5E88723DD4792322DCCFB67A4EE10CD5643E5E46800"
"FormalAccuracy-v1/Runs/Simple-None-20260819/cohort_timeseries.csv","96670","2026-08-31T06:41:54.3394024Z","96305E6F46B374988E23A68E3E4A0CE0F794E10AD14F8287CA3BB1A30B6F4D91"
"FormalAccuracy-v1/Runs/Simple-None-20260819/kingdom_timeseries.csv","686040","2026-08-31T06:41:54.3394024Z","B8B04E1615355B325AFE5DA2079410820C9DBF73453AE8D3CD103E53C13C582E"
"FormalAccuracy-v1/Runs/Simple-None-20260819/ledger_transactions.jsonl","5511176","2026-08-31T06:41:54.3550117Z","58CA85DEB502B8EB8DDB5CA77D39F3F6C1A71479003E749824A4BCE5E2328584"
"FormalAccuracy-v1/Runs/Simple-None-20260819/lod_transitions.jsonl","45294","2026-08-31T06:41:54.3424056Z","93BC9B935A3CD83F1A706FAEE455FF826E9BF3D51397AC7897A9288FF30ED7F9"
"FormalAccuracy-v1/Runs/Simple-None-20260819/npc_snapshots.csv","12987","2026-08-31T06:41:54.3404055Z","F1DE94DBAB83B61F73986A2F82CB83A3D4BD0042C7ED980FCE183BAA5ACD4894"
"FormalAccuracy-v1/Runs/Simple-None-20260819/run_manifest.json","2841","2026-08-31T06:41:54.3550117Z","E0E2EFE2F463C7B7204F462E50E105C48A8DCA15A36982964CC2FEA245C806AF"
"FormalAccuracy-v1/Runs/Simple-None-20260819/simulation_events.jsonl","90182","2026-08-31T06:41:54.3414051Z","B5B8CC5776E19A00681C63ED3CA45437F541086EAAEAE468916FB7F3B1F709D3"
"FormalAccuracy-v1/Runs/Simple-None-20260820/cohort_timeseries.csv","96074","2026-08-31T06:43:40.1610757Z","7D0EC9EC3E8B2111BD89F5A36A3200F30DBFD96822673245ECEEF4039FEB5CA7"
"FormalAccuracy-v1/Runs/Simple-None-20260820/kingdom_timeseries.csv","685968","2026-08-31T06:43:40.1600818Z","AED7B47F3FDCEFDEA0C7D238980AC583869A14E78CB563720F25BB2A19CCDF02"
"FormalAccuracy-v1/Runs/Simple-None-20260820/ledger_transactions.jsonl","5511592","2026-08-31T06:43:40.1756166Z","056462265944B075AE1A89E3B7BCDBEDABEC7561F286219451502AF373BCC00E"
"FormalAccuracy-v1/Runs/Simple-None-20260820/lod_transitions.jsonl","45296","2026-08-31T06:43:40.1630784Z","4843CD23AE9F1ACE8997D6E64F475FF7FDD526E88FB8D33C505C766D767B2509"
"FormalAccuracy-v1/Runs/Simple-None-20260820/npc_snapshots.csv","12985","2026-08-31T06:43:40.1620792Z","DEB7ABDB198986CF077BA1232E30B0FFAD3D19B5F6310B3BC7AB252D9BA66A2C"
"FormalAccuracy-v1/Runs/Simple-None-20260820/run_manifest.json","2843","2026-08-31T06:43:40.1756166Z","22BF183261163B7028238EC6720D8B78E1CCE414521D3629C2D97010CA51F704"
"FormalAccuracy-v1/Runs/Simple-None-20260820/simulation_events.jsonl","90555","2026-08-31T06:43:40.1620792Z","F31294C617834FCA169B769FDA1E9EF973FB95F297533356B243615B05425E08"
"FormalAccuracy-v1/Runs/Simple-None-20260821/cohort_timeseries.csv","96078","2026-08-31T06:40:36.1347707Z","ED29769EE80D2B51385A479FC6C2AEC5E916A34AA6E3760EE015C0E4BFB06183"
"FormalAccuracy-v1/Runs/Simple-None-20260821/kingdom_timeseries.csv","686040","2026-08-31T06:40:36.1338327Z","0A9E7CC1985C48A6868EDE6258C3B44238774C1BCC402E265CFD9B83FA2D304C"
"FormalAccuracy-v1/Runs/Simple-None-20260821/ledger_transactions.jsonl","5511171","2026-08-31T06:40:36.1492794Z","8577EA1500E7CB798A5E05A6F9D58EF68D2F48494F0C2966A7AF9796469359CF"
"FormalAccuracy-v1/Runs/Simple-None-20260821/lod_transitions.jsonl","45292","2026-08-31T06:40:36.1357709Z","E23057FD5D40026D14723D7F3FDC1CC3D6C94A22FBEE1460FF56FF86A8B584C9"
"FormalAccuracy-v1/Runs/Simple-None-20260821/npc_snapshots.csv","12981","2026-08-31T06:40:36.1347707Z","61D452856D27B8BF968462BF24B182EC305404D26563416E50AEE409FCFED12F"
"FormalAccuracy-v1/Runs/Simple-None-20260821/run_manifest.json","2840","2026-08-31T06:40:36.1492794Z","58A901B5E0C2F12F6594CEA684E4C0986223EDD5329DB7BE2C29B34B98E1B813"
"FormalAccuracy-v1/Runs/Simple-None-20260821/simulation_events.jsonl","90179","2026-08-31T06:40:36.1357709Z","00EC8166ED26B708C1D2D8AC0686305B72F9C87A74EB697B1B309179C15024EF"
"FormalAccuracy-v1/Runs/Simple-None-20260822/cohort_timeseries.csv","96082","2026-08-31T06:45:22.7423306Z","3F5CF11ABD5ACC76B9DAA8458A36A2A35B389D4F5413DADAFE8265DBD6A6B602"
"FormalAccuracy-v1/Runs/Simple-None-20260822/kingdom_timeseries.csv","685968","2026-08-31T06:45:22.7423306Z","1AF711F5AFBF6A69A0BF69D9DD166CFDE3D8EF00B996072ECE1B32295AA8163B"
"FormalAccuracy-v1/Runs/Simple-None-20260822/ledger_transactions.jsonl","5511588","2026-08-31T06:45:22.7563452Z","D8897FD9130637C2D571103C6434A702F2C6449092BE5B2FFD571FBE3C096602"
"FormalAccuracy-v1/Runs/Simple-None-20260822/lod_transitions.jsonl","45294","2026-08-31T06:45:22.7433446Z","F814CF17ABFD1830E1F9D78922592A6267E1E0AAD8CBD68E74F62D7336619188"
"FormalAccuracy-v1/Runs/Simple-None-20260822/npc_snapshots.csv","12984","2026-08-31T06:45:22.7423306Z","E9A41698F4AA51B807DD273A28394A98922915110792425D652C181058C0C407"
"FormalAccuracy-v1/Runs/Simple-None-20260822/run_manifest.json","2844","2026-08-31T06:45:22.7573443Z","F517E67AC7F3185A6A72B9A96F36E4B3FDC25D7DDDCB7F124FF915C2B9A64739"
"FormalAccuracy-v1/Runs/Simple-None-20260822/simulation_events.jsonl","90552","2026-08-31T06:45:22.7433446Z","A8C24BBE1CAE7A9D04A3220791446A095EE50117659AA114984E466AE3E4D092"
"FormalAccuracy-v1/Runs/Simple-None-20260823/cohort_timeseries.csv","97238","2026-08-31T06:45:58.3026544Z","4A431530A81915C04D1D474E84DF2EE56979A09E5013DB29767A03A9B4A02B9F"
"FormalAccuracy-v1/Runs/Simple-None-20260823/kingdom_timeseries.csv","685968","2026-08-31T06:45:58.3026544Z","6988CC448EB7F27D0A1D747E91E48EF5B4F85911AB91AF416ECE14A97FAA54CE"
"FormalAccuracy-v1/Runs/Simple-None-20260823/ledger_transactions.jsonl","5511584","2026-08-31T06:45:58.3177770Z","507CC6EA8287463B9FFB1B2B611D92B36546FFE1B0A5AF7B1D4E151D77BF7295"
"FormalAccuracy-v1/Runs/Simple-None-20260823/lod_transitions.jsonl","45292","2026-08-31T06:45:58.3037877Z","A1F513530649AA977DEB77B20BB849B248D84D416BCF30A36FE66E58C359D605"
"FormalAccuracy-v1/Runs/Simple-None-20260823/npc_snapshots.csv","12987","2026-08-31T06:45:58.3037877Z","138796FA9E5283B8BCE7DD41D1ED20FD64D63C9E03FDB0F69BE147EC79CE362E"
"FormalAccuracy-v1/Runs/Simple-None-20260823/run_manifest.json","2844","2026-08-31T06:45:58.3188392Z","F3CE642493CD697A24D77DB8C015B7B229FF5FDEDB6B285B815E7AAA2053D8C7"
"FormalAccuracy-v1/Runs/Simple-None-20260823/simulation_events.jsonl","90549","2026-08-31T06:45:58.3037877Z","84692FBDC86AF98E74F5FA219C981A1190DBC6BB1913C5B50DF5FC698DDDBAFF"
"FormalAccuracy-v1/Runs/Simple-None-20260824/cohort_timeseries.csv","96082","2026-08-31T06:42:15.8274647Z","0A9AF91A0E00097BE9E8CC2FA93E778BD60D7B7C5F4804857E53384E6DA74052"
"FormalAccuracy-v1/Runs/Simple-None-20260824/kingdom_timeseries.csv","685968","2026-08-31T06:42:15.8274647Z","B3832347E5409A6F623195748D842EB489DE9840E4C0401A9D9188505F243956"
"FormalAccuracy-v1/Runs/Simple-None-20260824/ledger_transactions.jsonl","5511588","2026-08-31T06:42:15.8419763Z","ED2EAFF3636B89CBD731B7AEB46015D8E9A5AE7E6E3ACE1A4CE8F333786F7E20"
"FormalAccuracy-v1/Runs/Simple-None-20260824/lod_transitions.jsonl","45294","2026-08-31T06:42:15.8294646Z","630FE95159388DA42A9B13F4CAE1F3B38D836D8BA299A3503773EF9BBD97F9D1"
"FormalAccuracy-v1/Runs/Simple-None-20260824/npc_snapshots.csv","12984","2026-08-31T06:42:15.8287446Z","F4E2B037AB8E13E21404C2375B0C50FF8E8103C4081EFE2105EFCB1EEDA65477"
"FormalAccuracy-v1/Runs/Simple-None-20260824/run_manifest.json","2842","2026-08-31T06:42:15.8419763Z","C18BCF3A21E7F1B1CF4DC52A7E109AE7ED865338675A5FA25F5BA7BF7D6565B9"
"FormalAccuracy-v1/Runs/Simple-None-20260824/simulation_events.jsonl","90552","2026-08-31T06:42:15.8294646Z","98F67D0753A9D54D4B26919F482FBD0195129B27E09D6A5A3222E21920651626"
"FormalAccuracy-v1/Runs/Simple-None-20260825/cohort_timeseries.csv","96074","2026-08-31T06:53:32.1114125Z","CEDC6C3C2ECBFD12218A5AB47170F8A758345F4D1213E13B4E0D9F31B209D205"
"FormalAccuracy-v1/Runs/Simple-None-20260825/kingdom_timeseries.csv","685968","2026-08-31T06:53:32.1090892Z","F0C50647BE7350B03E2298BB52A701D79F46B70611348260A63049C214FE7489"
"FormalAccuracy-v1/Runs/Simple-None-20260825/ledger_transactions.jsonl","5511588","2026-08-31T06:53:32.1259141Z","1C69D86B786A81AB43CF9738E728B728BD0CBB8225E1157DFB24FE4F56A9D589"
"FormalAccuracy-v1/Runs/Simple-None-20260825/lod_transitions.jsonl","45294","2026-08-31T06:53:32.1124067Z","E472768129012261DE64931FE7319F5317E741C0C22E15D22C374F1CF488B3E0"
"FormalAccuracy-v1/Runs/Simple-None-20260825/npc_snapshots.csv","12982","2026-08-31T06:53:32.1124067Z","1B53D924C4DC55A21EB5018C6520FE033AE9F46DF29E65B00B2A55D23EDACD95"
"FormalAccuracy-v1/Runs/Simple-None-20260825/run_manifest.json","2843","2026-08-31T06:53:32.1269146Z","EE672B728B74C45DD6E2EDF4F17783C7739D8B9A5907D1AE9EC084E615734953"
"FormalAccuracy-v1/Runs/Simple-None-20260825/simulation_events.jsonl","90552","2026-08-31T06:53:32.1124067Z","F4190FD51DE27A1C5D073C998EF456363EDD7014FC31DD15F5F688B572414C0A"
"FormalAccuracy-v1/Runs/Simple-None-20260826/cohort_timeseries.csv","96074","2026-08-31T06:45:22.9433849Z","5300028318DF76C7510D836744AEDFFB51E222A8042B067318545F41A7ED545B"
"FormalAccuracy-v1/Runs/Simple-None-20260826/kingdom_timeseries.csv","685968","2026-08-31T06:45:22.9433849Z","F96757D75356020976930CFF061F4B2E727205276E3756F1B6B64966610C5E33"
"FormalAccuracy-v1/Runs/Simple-None-20260826/ledger_transactions.jsonl","5511600","2026-08-31T06:45:22.9579855Z","7C6FE9890AC20E93BC647196531BB79AE07A10ED2A041D1E146D58B904AA1EC4"
"FormalAccuracy-v1/Runs/Simple-None-20260826/lod_transitions.jsonl","45298","2026-08-31T06:45:22.9448893Z","0F7FD76DD370F532E314F2214B45D1768059ABD4469A9DD042DC8D861A113BCA"
"FormalAccuracy-v1/Runs/Simple-None-20260826/npc_snapshots.csv","12987","2026-08-31T06:45:22.9448893Z","91D40EEB998F992FCF1F772FD4E565D300756EF712726D3879BC82C81EB5D329"
"FormalAccuracy-v1/Runs/Simple-None-20260826/run_manifest.json","2842","2026-08-31T06:45:22.9589811Z","BE541A6645C63CFD0818A2424E7810021ED3C22A5B09581CDBB096BF1B71B572"
"FormalAccuracy-v1/Runs/Simple-None-20260826/simulation_events.jsonl","90558","2026-08-31T06:45:22.9448893Z","A01F9480C608DF7C506B57A9DB58CB871C4FDD0A5E38C87C7B4C6A0A2731EF86"
"FormalAccuracy-v1/Runs/Simple-None-20260827/cohort_timeseries.csv","96078","2026-08-31T06:45:46.2206213Z","685A45B4EE4305E964B0E79C885596BC55ACB1123F790BEEEC885308EAA20B67"
"FormalAccuracy-v1/Runs/Simple-None-20260827/kingdom_timeseries.csv","685968","2026-08-31T06:45:46.2191147Z","CB9E3D611F7172B73B2C4EA6C1872519A5105E65D6E41896801F77B575732B04"
"FormalAccuracy-v1/Runs/Simple-None-20260827/ledger_transactions.jsonl","5511604","2026-08-31T06:45:46.2346331Z","C81C2D00E140A412941343DA5E9D1A3306833435A65BA99DD40D85BCF714A960"
"FormalAccuracy-v1/Runs/Simple-None-20260827/lod_transitions.jsonl","45300","2026-08-31T06:45:46.2216272Z","8E1E1EDCEB1721016556F413C60777C84BFE2435BD912C36D5E93235D5AF6F2D"
"FormalAccuracy-v1/Runs/Simple-None-20260827/npc_snapshots.csv","12992","2026-08-31T06:45:46.2206213Z","90EDBE1646F436A95B85A6A5F10149F1A7E35A9D987038A79A4DA26C7A2FB55D"
"FormalAccuracy-v1/Runs/Simple-None-20260827/run_manifest.json","2843","2026-08-31T06:45:46.2356336Z","2A0096D5BA34E55DDAA28B0162855FAA9D32BCC8BAEC970350118AB5E56723FE"
"FormalAccuracy-v1/Runs/Simple-None-20260827/simulation_events.jsonl","90561","2026-08-31T06:45:46.2216272Z","82DBD1B84AABDCDEC2146D065B24614AC5BA5699619751FBE5A7E6F970FDC8C2"
"FormalAccuracy-v1/Runs/Simple-None-20260828/cohort_timeseries.csv","96654","2026-08-31T06:49:50.5065250Z","FCC0CC2609AFDFB9527E850289DD086FE4C6101F41073AF1D317C3F2F5468B55"
"FormalAccuracy-v1/Runs/Simple-None-20260828/kingdom_timeseries.csv","685968","2026-08-31T06:49:50.5055258Z","CD3CABAAAF314B427BF4F40C5302478F7DED7AE816C84373E05A070345123FB0"
"FormalAccuracy-v1/Runs/Simple-None-20260828/ledger_transactions.jsonl","5511588","2026-08-31T06:49:50.5210358Z","D1C19FA3009B2D3829B77A3A22F7F5D6DCDAEBEACDCE43043BD63CFBAB9822AB"
"FormalAccuracy-v1/Runs/Simple-None-20260828/lod_transitions.jsonl","45294","2026-08-31T06:49:50.5075252Z","25010761014DE12DD2880352C53A5A2F475FA8E0DC83A4AD49C3A682B4B8C8C3"
"FormalAccuracy-v1/Runs/Simple-None-20260828/npc_snapshots.csv","12984","2026-08-31T06:49:50.5065250Z","C0D5DC14BC21FC43F2A66D66FD0DCD460F54A006DC7A2755947208704BB9350C"
"FormalAccuracy-v1/Runs/Simple-None-20260828/run_manifest.json","2843","2026-08-31T06:49:50.5220390Z","B32410BB2DA48096195BEB911E47E89949C7296A3DDF6FF02124B91341FFF312"
"FormalAccuracy-v1/Runs/Simple-None-20260828/simulation_events.jsonl","90552","2026-08-31T06:49:50.5065250Z","5A0BBF97DDD0B957F633A8FE8D149AF4F3C1C802CBCD7DACB029CA4EEC49AAE6"
"FormalAccuracy-v1/Runs/Simple-None-20260829/cohort_timeseries.csv","96658","2026-08-31T06:42:32.8011019Z","59D2B8A311DCF1DCB5331AC51C9C225EB11B33708EB5EAC0979CD5FB5E2C428C"
"FormalAccuracy-v1/Runs/Simple-None-20260829/kingdom_timeseries.csv","685968","2026-08-31T06:42:32.8001880Z","0727C1D04EECC22CB81EA7E301F43B579BB6AAFAB19154BF709B62C17FC5B118"
"FormalAccuracy-v1/Runs/Simple-None-20260829/ledger_transactions.jsonl","5511584","2026-08-31T06:42:32.8152015Z","D6DEEBEA66BEA6FF2B7FE6D90895B3B057968FD55254E4C42591200C31509508"
"FormalAccuracy-v1/Runs/Simple-None-20260829/lod_transitions.jsonl","45292","2026-08-31T06:42:32.8031010Z","9E9AF796FD8CBB50465A4B0DFB8CD25BEC4FF9C65AA718D11AF31CB2467BBD67"
"FormalAccuracy-v1/Runs/Simple-None-20260829/npc_snapshots.csv","12984","2026-08-31T06:42:32.8011019Z","49ED585ECBF557C6BC16404B025750189FD1122A1DF53B0AF3F0C3FF64175F3B"
"FormalAccuracy-v1/Runs/Simple-None-20260829/run_manifest.json","2840","2026-08-31T06:42:32.8152015Z","951D356F7E3EB3FEDA5AF74A870ED8628BB532A068B868DA10347245E15B1F52"
"FormalAccuracy-v1/Runs/Simple-None-20260829/simulation_events.jsonl","90549","2026-08-31T06:42:32.8021010Z","CA9166E8F9FF1C9198C69FF12D65679A7E0346B5C7EDC978EE733A75F2186EA6"
"FormalAccuracy-v1/Runs/Simple-None-20260830/cohort_timeseries.csv","96078","2026-08-31T06:41:13.2666520Z","66DFAB57D18BA583B3858E3DD22510FEFFA0ECCC574AF055860455490AA56BC7"
"FormalAccuracy-v1/Runs/Simple-None-20260830/kingdom_timeseries.csv","685968","2026-08-31T06:41:13.2656618Z","CD2658E144FA7161D93618F5828503BAD17992C7A036D12FE66E664589EBB731"
"FormalAccuracy-v1/Runs/Simple-None-20260830/ledger_transactions.jsonl","5511588","2026-08-31T06:41:13.2801613Z","2D4A1C5011E721324DF270351FBB0D84726DF09A3A6D3D60EEF11CE85E78D23F"
"FormalAccuracy-v1/Runs/Simple-None-20260830/lod_transitions.jsonl","45294","2026-08-31T06:41:13.2676528Z","3B3D57EBF2D8032C0E38C5A02A5397AA1A910203BEA1CA34EB275A1ECB65BFFA"
"FormalAccuracy-v1/Runs/Simple-None-20260830/npc_snapshots.csv","12987","2026-08-31T06:41:13.2666520Z","61A7BC40394FE7864AA26699376BD090383E3D449686CBF1FF2B74F53584753F"
"FormalAccuracy-v1/Runs/Simple-None-20260830/run_manifest.json","2840","2026-08-31T06:41:13.2801613Z","0FBA6BB20A7F1BF6C20D27CAABE4256E19CA6D195FA0E43447F25A083590AA98"
"FormalAccuracy-v1/Runs/Simple-None-20260830/simulation_events.jsonl","90552","2026-08-31T06:41:13.2666520Z","B21E68EF916A932D307A40355D1C908B7B14DFB0BB5274C6255491F0D4701277"
"FormalAccuracy-v1/Runs/Simple-None-20260831/cohort_timeseries.csv","96658","2026-08-31T06:44:01.5510105Z","110525CD6C8FC0D50C461277F8DD0BD0A0B8BE7A401F683B9D925A0CB2BB2254"
"FormalAccuracy-v1/Runs/Simple-None-20260831/kingdom_timeseries.csv","686040","2026-08-31T06:44:01.5500203Z","5DDE35D4B7B838AB5F4CB07E6EE6937A79AC2A7943BDB0BD13553EFBE6FA7798"
"FormalAccuracy-v1/Runs/Simple-None-20260831/ledger_transactions.jsonl","5511171","2026-08-31T06:44:01.5650382Z","A0C58CF0F70F51181A8C945BE70C9D3E2D5C1C841B59ECD2F2498C42590CB6BC"
"FormalAccuracy-v1/Runs/Simple-None-20260831/lod_transitions.jsonl","45292","2026-08-31T06:44:01.5519410Z","89971F78EDC992329647C1DED4B38707C5BFBC67F181AB60517151D38BFF0545"
"FormalAccuracy-v1/Runs/Simple-None-20260831/npc_snapshots.csv","12981","2026-08-31T06:44:01.5514377Z","24A9AEBB2AAA836E0F4A0FD0F33CC1B598A271C26033D33470C250AA3C72E616"
"FormalAccuracy-v1/Runs/Simple-None-20260831/run_manifest.json","2844","2026-08-31T06:44:01.5650382Z","0733537D612192BEB466F21ED21A0460933D6AF0557ADEEB313F041F84B640C0"
"FormalAccuracy-v1/Runs/Simple-None-20260831/simulation_events.jsonl","90179","2026-08-31T06:44:01.5514377Z","7E69CB82DFF84118A5CB8979AFC4ACD65643608FCB22726111AFB6D4E9E01E12"
"FormalAccuracy-v1/Runs/Simple-None-20260832/cohort_timeseries.csv","96662","2026-08-31T06:41:55.5344532Z","B380F3A5607F5272C359E3ACB4946C337504A1BFF3987B3298CD5D809014D64D"
"FormalAccuracy-v1/Runs/Simple-None-20260832/kingdom_timeseries.csv","685968","2026-08-31T06:41:55.5344532Z","E9E3801391A323EA639ECE8878DD39A2FCADCDCAF5BB41EBC447B78E42C445CA"
"FormalAccuracy-v1/Runs/Simple-None-20260832/ledger_transactions.jsonl","5511588","2026-08-31T06:41:55.5494603Z","86A441759F13C8DFF8B2500059DCE1F027F4DDC5D1B65BE76F5836ECEB3A47F9"
"FormalAccuracy-v1/Runs/Simple-None-20260832/lod_transitions.jsonl","45294","2026-08-31T06:41:55.5364537Z","32EAC1416FBA0C10A3A0C0B418818B1CDB93A0BFD8F8BA7B5A601BBB260D58B9"
"FormalAccuracy-v1/Runs/Simple-None-20260832/npc_snapshots.csv","12986","2026-08-31T06:41:55.5354542Z","1290F45928BE2FA3C3097C1648B2F958DC7A453E6F7FD180FAB8AD567B83F0D8"
"FormalAccuracy-v1/Runs/Simple-None-20260832/run_manifest.json","2842","2026-08-31T06:41:55.5494603Z","86DC5CE2F7DF27BAF718F2B327F2E31DDFFBF849CAB3DD67ED786AD99F82B4B7"
"FormalAccuracy-v1/Runs/Simple-None-20260832/simulation_events.jsonl","90552","2026-08-31T06:41:55.5364537Z","EEF2F8CEDCBD31BE2ECC4BE60436AA7180BDE5FB3B2B0F4148EDC119419FF342"
"FormalAccuracy-v1/Runs/Simple-None-20260833/cohort_timeseries.csv","95502","2026-08-31T06:42:03.2372919Z","7B858810D48F8E4364BA80BCCEEFBC3AE1F2084150B1E95098B0AFE0DD45190F"
"FormalAccuracy-v1/Runs/Simple-None-20260833/kingdom_timeseries.csv","685968","2026-08-31T06:42:03.2362923Z","1A15C43BA061280518E72C00A62FE4A434395A7CD28907D86D3DDC751DDCFA7A"
"FormalAccuracy-v1/Runs/Simple-None-20260833/ledger_transactions.jsonl","5511588","2026-08-31T06:42:03.2513574Z","ECBA13FEE8CF82B916B47AD0662F52BE3799751CA5107655F78FB98FECBABD20"
"FormalAccuracy-v1/Runs/Simple-None-20260833/lod_transitions.jsonl","45294","2026-08-31T06:42:03.2382936Z","E353A0289BAEE1FE07670F3870B934EF5EA8A548B2BD83052D3C2CD12C15AAC8"
"FormalAccuracy-v1/Runs/Simple-None-20260833/npc_snapshots.csv","12981","2026-08-31T06:42:03.2372919Z","38CD795BF436503FD3D0B1AAE7FA902C4B9A09EA1FC2685C446BFAAFDDB13294"
"FormalAccuracy-v1/Runs/Simple-None-20260833/run_manifest.json","2841","2026-08-31T06:42:03.2513574Z","D52FED732936F72BF651647B1EB3BBD3A94768D79DE7056CE0A4A7A8EB77814E"
"FormalAccuracy-v1/Runs/Simple-None-20260833/simulation_events.jsonl","90552","2026-08-31T06:42:03.2372919Z","78D68A67A9BF911E15D0F107B3CA02684714518E9D9F65C826C8AF8E3E9BFCA7"
"FormalAccuracy-v1/Runs/Simple-None-20260834/cohort_timeseries.csv","97234","2026-08-31T06:54:21.4460372Z","DFA9D204AB6A3A8853095AB7B2F8F1AC129951421326A9F2EA46DB6BE5E38C4C"
"FormalAccuracy-v1/Runs/Simple-None-20260834/kingdom_timeseries.csv","685968","2026-08-31T06:54:21.4450389Z","D8D3041D1CBFBCC353F23F8B3344AEA2A68D76AA4C192C8C7CB3963EC12D118C"
"FormalAccuracy-v1/Runs/Simple-None-20260834/ledger_transactions.jsonl","5511584","2026-08-31T06:54:21.4602355Z","7E54FE19B2DB72EEBF7E56D28941A3494BC77BE9B9887A3A2FAF6EA573141927"
"FormalAccuracy-v1/Runs/Simple-None-20260834/lod_transitions.jsonl","45292","2026-08-31T06:54:21.4470384Z","937CB88340E559C726BF63687A2BB1E3D063189D86620C7E6A38E7A664623626"
"FormalAccuracy-v1/Runs/Simple-None-20260834/npc_snapshots.csv","12983","2026-08-31T06:54:21.4470384Z","072271884032FDF13957564A4D23F44DDA2EDAC3DEB8E4BC2A28A70C75242335"
"FormalAccuracy-v1/Runs/Simple-None-20260834/run_manifest.json","2843","2026-08-31T06:54:21.4612344Z","2AB55240AD38A5976B43168D1313F7EA67AE4E7D6A20E757299BAD458E90AC94"
"FormalAccuracy-v1/Runs/Simple-None-20260834/simulation_events.jsonl","90549","2026-08-31T06:54:21.4470384Z","4D0299BC9960B7A92626983045FA6F7D3F1A9D6794F4B93E9837A6A2B34A7057"
"FormalAccuracy-v1/Runs/Simple-None-20260835/cohort_timeseries.csv","96082","2026-08-31T06:41:42.3992443Z","060BA444A6F9D98EDADF04C988936585EC01E75F6391E7B8D01C499B26595339"
"FormalAccuracy-v1/Runs/Simple-None-20260835/kingdom_timeseries.csv","685968","2026-08-31T06:41:42.3982164Z","2AA47EAD7B8531BA2D3E5B398008A95C8DC3C02C3227A4582BCF2B89C92C8FC2"
"FormalAccuracy-v1/Runs/Simple-None-20260835/ledger_transactions.jsonl","5511588","2026-08-31T06:41:42.4132228Z","A6C7C01D1563B5AF3CC82F751818218531CD70A3B7F946B71CAA01C190725B33"
"FormalAccuracy-v1/Runs/Simple-None-20260835/lod_transitions.jsonl","45294","2026-08-31T06:41:42.4002173Z","B1A2CBBE2A60241683DE394F491C1ECA11E27F0E17DDC61BEDC59FCF65513747"
"FormalAccuracy-v1/Runs/Simple-None-20260835/npc_snapshots.csv","12987","2026-08-31T06:41:42.3992443Z","A44D70A79873FF291129ADB3DDFF08A09059BE21227EE34BC8632F9D0203F104"
"FormalAccuracy-v1/Runs/Simple-None-20260835/run_manifest.json","2840","2026-08-31T06:41:42.4132228Z","8EEDDC7E861D5C50AEFFFBB1AA7B6E445C185F083BAE0E82D5E230330FBD5DB4"
"FormalAccuracy-v1/Runs/Simple-None-20260835/simulation_events.jsonl","90552","2026-08-31T06:41:42.3992443Z","6B0DFF790A0D6D4F3D738F145AC8A64E487279275E85D15261600642904793E3"
"FormalAccuracy-v1/Runs/Simple-None-20260836/cohort_timeseries.csv","96090","2026-08-31T06:47:04.9532698Z","3D6C8132FB32C701AE2E3BBDD5CA1D15B2C25EB8674437771DE4B5E5990E8E7C"
"FormalAccuracy-v1/Runs/Simple-None-20260836/kingdom_timeseries.csv","685968","2026-08-31T06:47:04.9532698Z","D60D7F955A78C19576469DFEC2A182E7C3E58A505B9715E4EFF53C37BDD9826D"
"FormalAccuracy-v1/Runs/Simple-None-20260836/ledger_transactions.jsonl","5511588","2026-08-31T06:47:04.9691986Z","8FFD060E322D9E9CCA1D265E5F47A31768E37B3861405733829F366ADB509369"
"FormalAccuracy-v1/Runs/Simple-None-20260836/lod_transitions.jsonl","45294","2026-08-31T06:47:04.9551949Z","DA6BA34279056C4B12957C9429B17BF570422568E015A59A8A2B2DE5EE774466"
"FormalAccuracy-v1/Runs/Simple-None-20260836/npc_snapshots.csv","12984","2026-08-31T06:47:04.9541949Z","B32B2B0B023F3A6834A83542589D26F04E67C99121DA7528A5E4E6C55043C684"
"FormalAccuracy-v1/Runs/Simple-None-20260836/run_manifest.json","2844","2026-08-31T06:47:04.9691986Z","06B010F115DDB6EFE2BF170F325E6DCDAFE18DD326A89DF07E8F6001D93BC717"
"FormalAccuracy-v1/Runs/Simple-None-20260836/simulation_events.jsonl","90552","2026-08-31T06:47:04.9551949Z","3C14C3F8CED0004FDEB864CAB3505675592924BFA8251A50BFED4A46EFC22062"
"FormalAccuracy-v1/Runs/Simple-None-20260837/cohort_timeseries.csv","96082","2026-08-31T06:46:30.3261494Z","BFFC07E3E0D098EE1440ECE966BA09D2A312FED9E2628AEEAFC75779D03FDAC3"
"FormalAccuracy-v1/Runs/Simple-None-20260837/kingdom_timeseries.csv","685968","2026-08-31T06:46:30.3251518Z","76C4DA34D391C3E872062CD87F29DCDD224CF6CED1AC25903D5A53DA8489012C"
"FormalAccuracy-v1/Runs/Simple-None-20260837/ledger_transactions.jsonl","5511588","2026-08-31T06:46:30.3406564Z","B0548D3F144DCCA3C3D5BEBA128ABCA40127220AC4CBDAAA86FC50C8E640C7BF"
"FormalAccuracy-v1/Runs/Simple-None-20260837/lod_transitions.jsonl","45294","2026-08-31T06:46:30.3271501Z","EA0082AC3F5BA50005F2EA4C65CF5EF0E78ACEB108F467D6B9BA94394D7E12E6"
"FormalAccuracy-v1/Runs/Simple-None-20260837/npc_snapshots.csv","12988","2026-08-31T06:46:30.3261494Z","EDA22EE772D485B209FA46AA5D608C76B361E35C85F81F4ED3979B95BA2A6FC6"
"FormalAccuracy-v1/Runs/Simple-None-20260837/run_manifest.json","2843","2026-08-31T06:46:30.3406564Z","BFC108660B946004BF3EE18004E45FB79C3B7F32EB856730C754906CA0289E0B"
"FormalAccuracy-v1/Runs/Simple-None-20260837/simulation_events.jsonl","90552","2026-08-31T06:46:30.3261494Z","CBCC41EB79FCFC52108CFAD64B4DF97E26A8CE22799353F7DC39C54F17D9463F"
"FormalAccuracy-v1/Runs/Simple-None-20260838/cohort_timeseries.csv","96670","2026-08-31T06:50:00.1660535Z","B1971606AB02CE10ABB9A108B0EE98CBD3F6DE635381001AF8580D8672871AA0"
"FormalAccuracy-v1/Runs/Simple-None-20260838/kingdom_timeseries.csv","686040","2026-08-31T06:50:00.1651348Z","8E1244A12293EE17F01A83F234332FD52B49E65B6CD552F8B7D53E09197551A0"
"FormalAccuracy-v1/Runs/Simple-None-20260838/ledger_transactions.jsonl","5511188","2026-08-31T06:50:00.1798109Z","3222AA047A8FF828C8547AEB934A70CFAE1111B06C4C2C0C2003CD6C5F427CFE"
"FormalAccuracy-v1/Runs/Simple-None-20260838/lod_transitions.jsonl","45298","2026-08-31T06:50:00.1670519Z","C7B3249CADCD6E2B71EB86B67C097062E81A968015F1AD0B26BA50E6A12D1DD4"
"FormalAccuracy-v1/Runs/Simple-None-20260838/npc_snapshots.csv","12987","2026-08-31T06:50:00.1660535Z","70D80570ED039EC85E837019C0B0A569F5B37DFA61FB3ED42A61233F20669091"
"FormalAccuracy-v1/Runs/Simple-None-20260838/run_manifest.json","2842","2026-08-31T06:50:00.1798109Z","C26372CD07593B718F4149A1D09F0FBFD3BD0317D237F63C6238A40BF30FBB30"
"FormalAccuracy-v1/Runs/Simple-None-20260838/simulation_events.jsonl","90188","2026-08-31T06:50:00.1660535Z","6FA5B5948E2092D1CBFBCC260D64A3AB07CA333A3F724E16BC0FC829527DE548"
"FormalAccuracy-v1/Runs/Simple-None-20260839/cohort_timeseries.csv","96074","2026-08-31T06:47:19.4013895Z","9D43BEE06E080F88A5A6F5FC4901119815696076636ED7FF9A27B2336DCE522B"
"FormalAccuracy-v1/Runs/Simple-None-20260839/kingdom_timeseries.csv","685968","2026-08-31T06:47:19.4004647Z","4A70F7DD509B0A814EF9351E370F9729E39BD4364B5EF5DC8E93DA2C75B6C056"
"FormalAccuracy-v1/Runs/Simple-None-20260839/ledger_transactions.jsonl","5511604","2026-08-31T06:47:19.4143912Z","08C673C82701F9C6F785140F8515D726BBC7F74A704C124F404FF961D87BFAAC"
"FormalAccuracy-v1/Runs/Simple-None-20260839/lod_transitions.jsonl","45300","2026-08-31T06:47:19.4023881Z","3F0CC40C6C559E0E775B0EBD7DE01D5534768DE4384AC00FE71EC9CE6134C66D"
"FormalAccuracy-v1/Runs/Simple-None-20260839/npc_snapshots.csv","12989","2026-08-31T06:47:19.4013895Z","9B6E9FAE799754FA59C086D49E823207004B9AD2714EFEDF4D5C027DDC70FE8A"
"FormalAccuracy-v1/Runs/Simple-None-20260839/run_manifest.json","2843","2026-08-31T06:47:19.4143912Z","1141A848898CEF84F8F2AC5D46B903F13CC11A05E1D5E8626061735191A1087A"
"FormalAccuracy-v1/Runs/Simple-None-20260839/simulation_events.jsonl","90561","2026-08-31T06:47:19.4013895Z","E93E91B1A97AC42B885D730F4E09959A7CE747B2320A4EAACA4FBD37E480C542"
"FormalAccuracy-v1/Runs/Simple-None-20260840/cohort_timeseries.csv","97234","2026-08-31T06:42:50.7020504Z","5772CE730E03C9C6D130E972A52CEF293EE6A930B29E48353955D4BF9277520D"
"FormalAccuracy-v1/Runs/Simple-None-20260840/kingdom_timeseries.csv","685968","2026-08-31T06:42:50.7011343Z","C06973336925A4E1F6215935A2C6F2886B5DDFE14CE72119C37C4BF55DDBC806"
"FormalAccuracy-v1/Runs/Simple-None-20260840/ledger_transactions.jsonl","5511584","2026-08-31T06:42:50.7150526Z","FD59A883F1D4DEE844DDC3686038F24B13E5480A5E024BAEDF5605FCA4BE22F8"
"FormalAccuracy-v1/Runs/Simple-None-20260840/lod_transitions.jsonl","45292","2026-08-31T06:42:50.7030501Z","F3CE52F9B639591073F3ECCACDC7C7CA48C5BD4AB14BD01CAE1B1502E572A7A3"
"FormalAccuracy-v1/Runs/Simple-None-20260840/npc_snapshots.csv","12984","2026-08-31T06:42:50.7020504Z","CC8E621A2FADF637FED8620018DEFA2EB2DFFEDC08864E508DC6F5C416D50F9C"
"FormalAccuracy-v1/Runs/Simple-None-20260840/run_manifest.json","2844","2026-08-31T06:42:50.7160524Z","C87214ECA0EEDFFCDC2027A2CEAF4FF1741DD1CAE222B55696EA87FAA19E8047"
"FormalAccuracy-v1/Runs/Simple-None-20260840/simulation_events.jsonl","90549","2026-08-31T06:42:50.7030501Z","ABA6A6E06DD9A76D2A3107D37853BC0D0EE1EB80B8102861BF73C107605F7D8D"
"FormalAccuracy-v1/Runs/Simple-None-20260841/cohort_timeseries.csv","96074","2026-08-31T06:50:00.3701784Z","8AD517FDF16FA0E8D3726D0D157047D4DAC6D9464A5538EEAF57AD0B26BCB228"
"FormalAccuracy-v1/Runs/Simple-None-20260841/kingdom_timeseries.csv","685968","2026-08-31T06:50:00.3691787Z","7AD879BF80ED3A9A0178EE602F4BE62BC3D29244AE9DF48BE1568E6DE9B1B623"
"FormalAccuracy-v1/Runs/Simple-None-20260841/ledger_transactions.jsonl","5511588","2026-08-31T06:50:00.3835346Z","994C11A62025C01115DD623A18155339611BAFE5FE00579DB5C68A2790085097"
"FormalAccuracy-v1/Runs/Simple-None-20260841/lod_transitions.jsonl","45294","2026-08-31T06:50:00.3701784Z","226BF87B6A3C60ECA4697C671C1A3D2B962C08F0DEAA975B18BB4418FE25EB0D"
"FormalAccuracy-v1/Runs/Simple-None-20260841/npc_snapshots.csv","12982","2026-08-31T06:50:00.3701784Z","CE6028449BB3F3345869689609DF37B8AF0D08400A282749748E929DE226E300"
"FormalAccuracy-v1/Runs/Simple-None-20260841/run_manifest.json","2841","2026-08-31T06:50:00.3844522Z","542385A0F7A0B27EF0FE705C8BA926700C8500ACCA4B8630A75C096F2307CAB5"
"FormalAccuracy-v1/Runs/Simple-None-20260841/simulation_events.jsonl","90552","2026-08-31T06:50:00.3701784Z","F5A25D68DF8A346E0497DA3E1C96AA108E518EA82005AC15228D2BA106D6F598"
"FormalAccuracy-v1/Runs/Simple-None-20260842/cohort_timeseries.csv","96070","2026-08-31T06:45:49.8457504Z","EFABA583F7D4CFC2349399011F3BA87DFD5BD66789F7C2E9C12676C93E56487E"
"FormalAccuracy-v1/Runs/Simple-None-20260842/kingdom_timeseries.csv","685968","2026-08-31T06:45:49.8457504Z","E596DC48A1BA7B64F5FA495241D7864714D521407C1D2C61FB947398E910B43B"
"FormalAccuracy-v1/Runs/Simple-None-20260842/ledger_transactions.jsonl","5511588","2026-08-31T06:45:49.8607557Z","6094D592C0CCC4CAF545B927ABD1DF7823A7727858011456BEB671AE18503582"
"FormalAccuracy-v1/Runs/Simple-None-20260842/lod_transitions.jsonl","45294","2026-08-31T06:45:49.8477535Z","37144BD352D845EF7908A4E095BB63A3D5DF2AF55D75E68AC78598756EDEF38A"
"FormalAccuracy-v1/Runs/Simple-None-20260842/npc_snapshots.csv","12982","2026-08-31T06:45:49.8467513Z","EE39C8A62327C611611A69651ED1A0035E178D0895E575E8BE955C6926DB629A"
"FormalAccuracy-v1/Runs/Simple-None-20260842/run_manifest.json","2844","2026-08-31T06:45:49.8617557Z","F36A5962D06161FEED873E220412FDB0141D677968EA9FCAFC0CA4621914504A"
"FormalAccuracy-v1/Runs/Simple-None-20260842/simulation_events.jsonl","90552","2026-08-31T06:45:49.8467513Z","63A8921B844607736E52CA4A907E4655DB4AD89F1ED64185C06EF5C5835F89FB"
"FormalAccuracy-v1/Runs/Simple-None-20260843/cohort_timeseries.csv","96662","2026-08-31T06:46:07.6372823Z","28BB3459DB358BB6C9F2B1998F1A32267BC9192E51AD54CBC85E7284CF733C72"
"FormalAccuracy-v1/Runs/Simple-None-20260843/kingdom_timeseries.csv","685968","2026-08-31T06:46:07.6357786Z","A1A056E181DFC190FF9BA7F70C52F473493838DAFA0F882C335598CEA82136DB"
"FormalAccuracy-v1/Runs/Simple-None-20260843/ledger_transactions.jsonl","5511600","2026-08-31T06:46:07.6502875Z","1BB323C4A0BA08715CEEA55956BFF46533EAD9789E11B04E6E5FE6ADEC9286E8"
"FormalAccuracy-v1/Runs/Simple-None-20260843/lod_transitions.jsonl","45298","2026-08-31T06:46:07.6382878Z","1BF7EF8FEA9B9CE2283A69BEE22CAFE0105A11F690D903847FD88C3D8B7453A2"
"FormalAccuracy-v1/Runs/Simple-None-20260843/npc_snapshots.csv","12990","2026-08-31T06:46:07.6372823Z","DEA5240503A9C1019C5206EF026C4C25B6EA0ACA8756F4BF816DD289B4274F8B"
"FormalAccuracy-v1/Runs/Simple-None-20260843/run_manifest.json","2842","2026-08-31T06:46:07.6512926Z","798CB436A4F359580836AA22C729E2FEE81355255D9714B1DAFC1FFC379C09E7"
"FormalAccuracy-v1/Runs/Simple-None-20260843/simulation_events.jsonl","90558","2026-08-31T06:46:07.6382878Z","6342DEEDB568025D13401ECC6DFF6FAC0E15A5DACC210398CC18F7E1CEE5ACE8"
"FormalAccuracy-v1/Runs/Simple-None-20260844/cohort_timeseries.csv","96646","2026-08-31T06:52:25.3899786Z","9114978A558C02ADF96D1A0108463B01875D786B87E410903754CD1E1C3E440B"
"FormalAccuracy-v1/Runs/Simple-None-20260844/kingdom_timeseries.csv","685968","2026-08-31T06:52:25.3889802Z","84B5C84763371E6A21BC91D98CCEBBDA2345370007F565C582EA175C4F76C77B"
"FormalAccuracy-v1/Runs/Simple-None-20260844/ledger_transactions.jsonl","5511584","2026-08-31T06:52:25.4029763Z","EE6C6319CD617EDE342B47CC51F3172B31F29570D903B3D1EA72BCD948EDAF98"
"FormalAccuracy-v1/Runs/Simple-None-20260844/lod_transitions.jsonl","45292","2026-08-31T06:52:25.3909767Z","A408785A56AFBDB3DB016BF2AD22EA832F36F7838BDD4FE5B4CF6643FAADFE3A"
"FormalAccuracy-v1/Runs/Simple-None-20260844/npc_snapshots.csv","12981","2026-08-31T06:52:25.3899786Z","12D557414FA1D64B796BD431B11174308B20E1BC63DE385A5EB252D5AAF19757"
"FormalAccuracy-v1/Runs/Simple-None-20260844/run_manifest.json","2844","2026-08-31T06:52:25.4040809Z","87DB5556987A7BA95FB69D5E79128E71A3D35BA040B9E61AF2FB5D151187E266"
"FormalAccuracy-v1/Runs/Simple-None-20260844/simulation_events.jsonl","90549","2026-08-31T06:52:25.3909767Z","DA54C7024056B1898B9FB0274CC6E707A952BB06824E529910961F93D34A4676"
"FormalAccuracy-v1/Runs/Simple-RepairAid-20260815/cohort_timeseries.csv","103274","2026-08-31T06:54:37.0927726Z","06871E4EB355160F6313AE4EF69F2338ED7A10C26B749527D5716A11EC3E2F29"
"FormalAccuracy-v1/Runs/Simple-RepairAid-20260815/kingdom_timeseries.csv","720552","2026-08-31T06:54:37.0917678Z","B0D9F7557DFB59F25DF2874347E8F1BB2103593821E997CE42A8FDAE223297EC"
"FormalAccuracy-v1/Runs/Simple-RepairAid-20260815/ledger_transactions.jsonl","5642938","2026-08-31T06:54:37.1088442Z","342B37BC757BC681247D089E900EBF48ADA070A3E53238F3F9C15E7E837A57F7"
"FormalAccuracy-v1/Runs/Simple-RepairAid-20260815/lod_transitions.jsonl","46494","2026-08-31T06:54:37.0937730Z","D0ACC626CAA822F21FFF31C09B5C86BC055DB5B2028AA230CB67A3EA0DD83AFE"
"FormalAccuracy-v1/Runs/Simple-RepairAid-20260815/npc_snapshots.csv","13583","2026-08-31T06:54:37.0927726Z","1DA56977AB01BABBE78D41B151167D7E0FFF6ECEA7CAFF017FDC87AC7D74DFC4"
"FormalAccuracy-v1/Runs/Simple-RepairAid-20260815/run_manifest.json","2853","2026-08-31T06:54:37.1088442Z","D041553CE4DAFEA96B9412CEA2BE2FFF1F287CB68A931E35B529CC16F9BE30A2"
"FormalAccuracy-v1/Runs/Simple-RepairAid-20260815/simulation_events.jsonl","93398","2026-08-31T06:54:37.0927726Z","2874F0D49E0F2E6647C8ED6BA24E1C910CC33928BE512374F68D228E2B362831"
"FormalAccuracy-v1/Runs/Simple-RepairAid-20260816/cohort_timeseries.csv","103270","2026-08-31T06:43:41.3602766Z","8078BFAEDC43A0140D568E74F87E7BA1F80E4F77FDF3464B10A78FE7557AD9C8"
"FormalAccuracy-v1/Runs/Simple-RepairAid-20260816/kingdom_timeseries.csv","720552","2026-08-31T06:43:41.3592933Z","DFDC7D1EF5925A6B70D9890D6DA0FC0E0DC3AD45AD16DBCC57F1FDECB5110374"
"FormalAccuracy-v1/Runs/Simple-RepairAid-20260816/ledger_transactions.jsonl","5642950","2026-08-31T06:43:41.3766895Z","067D78F2D1DB6923A0B5EA257EEE565B96BDE6F516158875A33C7AB2659CC7F6"
"FormalAccuracy-v1/Runs/Simple-RepairAid-20260816/lod_transitions.jsonl","46498","2026-08-31T06:43:41.3622791Z","134E7B9712B784810B64531ED777D63210F1A6E0673C3C45F9FFD5FF33BA35E8"
"FormalAccuracy-v1/Runs/Simple-RepairAid-20260816/npc_snapshots.csv","13588","2026-08-31T06:43:41.3602766Z","DDEA9419DFA2A20A67DA5F2967D449CC6E9F65505FB06A54E2380AB2D884C246"
"FormalAccuracy-v1/Runs/Simple-RepairAid-20260816/run_manifest.json","2854","2026-08-31T06:43:41.3776806Z","1960880DB80E21EE0EBBD90FF649EC6DEBAA5933F3DA0F6528684C6CCE548AD1"
"FormalAccuracy-v1/Runs/Simple-RepairAid-20260816/simulation_events.jsonl","93404","2026-08-31T06:43:41.3612797Z","66BD72AFEC7E2F21BDA740EF465A6E1697E2A00A8CE34448EF58A7003986741C"
"FormalAccuracy-v1/Runs/Simple-RepairAid-20260817/cohort_timeseries.csv","103882","2026-08-31T06:47:05.1574450Z","5E08FC4D2A81B2716AC2A2761ED5BB162B9C3BD698EED54C7D66A4241B45EBA7"
"FormalAccuracy-v1/Runs/Simple-RepairAid-20260817/kingdom_timeseries.csv","720552","2026-08-31T06:47:05.1563572Z","0D14E972EC27CBE584DC3917DA0E30B996EDA753BEBB792ED3693FE80082EB00"
"FormalAccuracy-v1/Runs/Simple-RepairAid-20260817/ledger_transactions.jsonl","5642934","2026-08-31T06:47:05.1718630Z","E544E99D5D6468BA3CAF5F3D23877343B3972AA8B66F8F14B5AF702AD10E2BC9"
"FormalAccuracy-v1/Runs/Simple-RepairAid-20260817/lod_transitions.jsonl","46492","2026-08-31T06:47:05.1583567Z","A46DF805D260B57C2913B8B99F1AD933C22A9B7661ECBCF1329D1205951B70C1"
"FormalAccuracy-v1/Runs/Simple-RepairAid-20260817/npc_snapshots.csv","13583","2026-08-31T06:47:05.1583567Z","D167BE35ED328E8A344AD687222DD7E584E105604C523FDBF94C3BF8FAD180BF"
"FormalAccuracy-v1/Runs/Simple-RepairAid-20260817/run_manifest.json","2853","2026-08-31T06:47:05.1718630Z","E92E49CC67C0A5555CCDCB8FB8B15525F24F51DF05AC8CBF917D2F1B111462D0"
"FormalAccuracy-v1/Runs/Simple-RepairAid-20260817/simulation_events.jsonl","93395","2026-08-31T06:47:05.1583567Z","68E086861C5705B045E96BFEC7B1CC207D829CE93CD8249B2476B985D13C6C91"
"FormalAccuracy-v1/Runs/Simple-RepairAid-20260818/cohort_timeseries.csv","102034","2026-08-31T06:53:56.5322118Z","B747E73E010787FF0DBC246EC4FEBDA73273FE0D3622C990F45C1C7F9D88BEA3"
"FormalAccuracy-v1/Runs/Simple-RepairAid-20260818/kingdom_timeseries.csv","720552","2026-08-31T06:53:56.5322118Z","EB1F0DC37713472B9510EB72F70DDBB67905368578C93DFB6B2D0092E5655B1E"
"FormalAccuracy-v1/Runs/Simple-RepairAid-20260818/ledger_transactions.jsonl","5642950","2026-08-31T06:53:56.5477326Z","D7972080190FCD2C54BBF9194BA521018C130E40E86747455829209A339D73CD"
"FormalAccuracy-v1/Runs/Simple-RepairAid-20260818/lod_transitions.jsonl","46498","2026-08-31T06:53:56.5337178Z","411F61638EB12FEE0B9041FB90201CBCB33D62BEF3F463D00C6FBDD780CA4ED5"
"FormalAccuracy-v1/Runs/Simple-RepairAid-20260818/npc_snapshots.csv","13589","2026-08-31T06:53:56.5322118Z","2E4FBA8CFDEE86D6014CF95DD0B7037A4BDD0980542759088CB50E2CC0FA4869"
"FormalAccuracy-v1/Runs/Simple-RepairAid-20260818/run_manifest.json","2850","2026-08-31T06:53:56.5477326Z","7A6DC5337F8B43C5F5C35503F60F8EC850A4AC93CC92FA5E6367246AD13BF991"
"FormalAccuracy-v1/Runs/Simple-RepairAid-20260818/simulation_events.jsonl","93404","2026-08-31T06:53:56.5337178Z","E5B34F67AD9695FB43B1CDB2794246B22577730AF8B4437296F1BCE3B91B4626"
"FormalAccuracy-v1/Runs/Simple-RepairAid-20260819/cohort_timeseries.csv","103278","2026-08-31T06:53:47.7589984Z","149D5769F12CB329DE80B83E281C1EED5CD3F9E334A440B70FF67F22279B0E2C"
"FormalAccuracy-v1/Runs/Simple-RepairAid-20260819/kingdom_timeseries.csv","720552","2026-08-31T06:53:47.7580435Z","508B9F855FBA782B6020672DE0B41C06D1B38770D3EC1CE4DC46200F25B64835"
"FormalAccuracy-v1/Runs/Simple-RepairAid-20260819/ledger_transactions.jsonl","5642938","2026-08-31T06:53:47.7725996Z","829B8976FAE5E67A1EC98C7E7640577CBBC4E621D4B7914422131F0122873FC2"
"FormalAccuracy-v1/Runs/Simple-RepairAid-20260819/lod_transitions.jsonl","46494","2026-08-31T06:53:47.7599979Z","8451F7EC4DF3B8101FD5AC56FAB6A4415C37285D44961E9229FDCCBED58DD71F"
"FormalAccuracy-v1/Runs/Simple-RepairAid-20260819/npc_snapshots.csv","13587","2026-08-31T06:53:47.7589984Z","8E5E975FDDBF50F97B527702D3BA03A4C5EF9CDE17729290A7D095890D52F86B"
"FormalAccuracy-v1/Runs/Simple-RepairAid-20260819/run_manifest.json","2853","2026-08-31T06:53:47.7735988Z","577F1BF09EF617826BB11AA3C807D3114A1ED649E4EA54EA7F8FF877A4FF788E"
"FormalAccuracy-v1/Runs/Simple-RepairAid-20260819/simulation_events.jsonl","93398","2026-08-31T06:53:47.7589984Z","D06B7256150B922F89BABADFA06EF3CD4E37A15CA557FF16CCF4D2E2559AFFC8"
"FormalAccuracy-v1/Runs/Simple-RepairAid-20260820/cohort_timeseries.csv","103262","2026-08-31T06:44:32.3347790Z","B8B0C00BAE96132BE9403AD0DBDFF850F06E5943AF4596ED620668D2105A57DC"
"FormalAccuracy-v1/Runs/Simple-RepairAid-20260820/kingdom_timeseries.csv","720552","2026-08-31T06:44:32.3337957Z","D443C20ECEB025B956A1432D2AF76C94F4618C162C5EB5DE33532B578C7B4D3C"
"FormalAccuracy-v1/Runs/Simple-RepairAid-20260820/ledger_transactions.jsonl","5642942","2026-08-31T06:44:32.3498519Z","264D116A6B62FFE3EF9F5FF21EEF1A6615DEAC2A9D10C2CAB46A8E2BCF081D02"
"FormalAccuracy-v1/Runs/Simple-RepairAid-20260820/lod_transitions.jsonl","46496","2026-08-31T06:44:32.3366702Z","756682737A11ADCB927A66152617B9F6F9A830C0FB88171554AD7F020DAA2222"
"FormalAccuracy-v1/Runs/Simple-RepairAid-20260820/npc_snapshots.csv","13585","2026-08-31T06:44:32.3347790Z","F8A17D3D90996CF65E4D08020B0F7FB881CD34FD24B97318C847E6730021B113"
"FormalAccuracy-v1/Runs/Simple-RepairAid-20260820/run_manifest.json","2854","2026-08-31T06:44:32.3498519Z","B947BF934ABF6068D0F7A269599E9F31F8616E529D1F8BE73C80563462148EA0"
"FormalAccuracy-v1/Runs/Simple-RepairAid-20260820/simulation_events.jsonl","93401","2026-08-31T06:44:32.3356698Z","B05ACF914FABA0B82A3008D91812FCEA4F110A7B6DA47E5AA7760735E3DD1556"
"FormalAccuracy-v1/Runs/Simple-RepairAid-20260821/cohort_timeseries.csv","102654","2026-08-31T06:53:47.5594101Z","9FC667082CE470C3EB28991955945E1824631C24CBC3F37E359F701125413620"
"FormalAccuracy-v1/Runs/Simple-RepairAid-20260821/kingdom_timeseries.csv","720552","2026-08-31T06:53:47.5584108Z","978FE8F0944806319D2EB02588F2C6EC658E0643AD939A5621B7027CCD7968B8"
"FormalAccuracy-v1/Runs/Simple-RepairAid-20260821/ledger_transactions.jsonl","5642934","2026-08-31T06:53:47.5729503Z","5629AD6B75A7EDAB269C7124C9F6519F8E40AEB668D677A1212ABDF5613CE6F0"
"FormalAccuracy-v1/Runs/Simple-RepairAid-20260821/lod_transitions.jsonl","46492","2026-08-31T06:53:47.5604113Z","051524ABA7C3B8570CB5384B6795935891147963D069E5E9D03B61A9FCCCDE64"
"FormalAccuracy-v1/Runs/Simple-RepairAid-20260821/npc_snapshots.csv","13581","2026-08-31T06:53:47.5594101Z","BB0690AFB1E3D7F2D799D06F1102F08EAB2FE850CCAE1FCBB804DA60D2F1A107"
"FormalAccuracy-v1/Runs/Simple-RepairAid-20260821/run_manifest.json","2854","2026-08-31T06:53:47.5739284Z","A798F115C3FD42830BC1C5214FB2199B70DA4977BA0272033C9A125951D410AC"
"FormalAccuracy-v1/Runs/Simple-RepairAid-20260821/simulation_events.jsonl","93395","2026-08-31T06:53:47.5594101Z","B488FB8FCD313C20800248A46CB805B195431CB154AEF5FB446D29718FF8FA5B"
"FormalAccuracy-v1/Runs/Simple-RepairAid-20260822/cohort_timeseries.csv","103278","2026-08-31T06:41:55.7380640Z","F77ABE7CB7D868C3AF0EA644ADCF5193965C278D13C62AD1C902B71D34BE3158"
"FormalAccuracy-v1/Runs/Simple-RepairAid-20260822/kingdom_timeseries.csv","720552","2026-08-31T06:41:55.7370628Z","ED403425059287A8B9CCAE8F267E2DC286E549E1371F5E2AB599D569B0C8D1D3"
"FormalAccuracy-v1/Runs/Simple-RepairAid-20260822/ledger_transactions.jsonl","5642938","2026-08-31T06:41:55.7521458Z","7AE9C48A1622A7753B1233B3D70CD74C9AEB60FDF626E4A6F6F1F03A328457C5"
"FormalAccuracy-v1/Runs/Simple-RepairAid-20260822/lod_transitions.jsonl","46494","2026-08-31T06:41:55.7390638Z","D924A4C8CF6490EF359812F9E1F642665C6ACD1BB9922ED67D46D1F5AF5F8060"
"FormalAccuracy-v1/Runs/Simple-RepairAid-20260822/npc_snapshots.csv","13585","2026-08-31T06:41:55.7380640Z","81AFDFEBCF8AFE080400126E9DCC94A44322B1854FE7C725AFF2C256AC20450A"
"FormalAccuracy-v1/Runs/Simple-RepairAid-20260822/run_manifest.json","2852","2026-08-31T06:41:55.7531115Z","D5606290EDADC7D6725D3BAFAE768420AEA169BBB3D3EC462F079C50BF7DD0D0"
"FormalAccuracy-v1/Runs/Simple-RepairAid-20260822/simulation_events.jsonl","93398","2026-08-31T06:41:55.7390638Z","92840E8CD0431A53300DF23E806EE3319E4BCB13C7A99CFD7A946C3E5F7B12D4"
"FormalAccuracy-v1/Runs/Simple-RepairAid-20260823/cohort_timeseries.csv","104498","2026-08-31T06:50:57.0662395Z","B2D4036E68A64334159D4C6FC29BE7604927E032DAD7D11802741E8E2AD7397E"
"FormalAccuracy-v1/Runs/Simple-RepairAid-20260823/kingdom_timeseries.csv","720552","2026-08-31T06:50:57.0662395Z","1F5F0DF9E9781DC7C1DD29199CBC918B7780125ECE478EDD8256916998E1A3C7"
"FormalAccuracy-v1/Runs/Simple-RepairAid-20260823/ledger_transactions.jsonl","5642934","2026-08-31T06:50:57.0809380Z","70ABA42B91B297DA96889BDB98F606C00CE03E0CB4C8346D0730F83DB2FB45E4"
"FormalAccuracy-v1/Runs/Simple-RepairAid-20260823/lod_transitions.jsonl","46492","2026-08-31T06:50:57.0672407Z","42EE16B5A3F7966CAD4C1558A4723A7430ED12C7DC8762DCB98FF83C5C68EE49"
"FormalAccuracy-v1/Runs/Simple-RepairAid-20260823/npc_snapshots.csv","13585","2026-08-31T06:50:57.0672407Z","346C293C812A3EF447E6B95B44506891FF56BCD25B94195C844E49D72C03C9C5"
"FormalAccuracy-v1/Runs/Simple-RepairAid-20260823/run_manifest.json","2853","2026-08-31T06:50:57.0809380Z","82C2E6E512FE2A7F0A7B69AE60931B1233663E64441426FEB873554927B8AFC3"
"FormalAccuracy-v1/Runs/Simple-RepairAid-20260823/simulation_events.jsonl","93395","2026-08-31T06:50:57.0672407Z","A89AC73A4D8AE8D238A66CC2BB0F38D76FB56B53DC6D294FB5AFD73F24A75E37"
"FormalAccuracy-v1/Runs/Simple-RepairAid-20260824/cohort_timeseries.csv","103274","2026-08-31T06:42:33.0047704Z","6043CBF0B73051680BEBB708CD6446217E164B967D465FD4FE30AE04D8CD171F"
"FormalAccuracy-v1/Runs/Simple-RepairAid-20260824/kingdom_timeseries.csv","720552","2026-08-31T06:42:33.0025975Z","3E18D478C3E58310E03F2F290C739B388FB4C78C9A7774D94A6464E2A51E1745"
"FormalAccuracy-v1/Runs/Simple-RepairAid-20260824/ledger_transactions.jsonl","5642938","2026-08-31T06:42:33.0188733Z","C00F2BB85E94DE40122BE3815A58B59B27BCC17400BBB803BA3C7C59B324DECF"
"FormalAccuracy-v1/Runs/Simple-RepairAid-20260824/lod_transitions.jsonl","46494","2026-08-31T06:42:33.0057754Z","1BCBDC79A58ECB3CBE1686F572E9F723F23525CD8465922B624A7BB47140CE7D"
"FormalAccuracy-v1/Runs/Simple-RepairAid-20260824/npc_snapshots.csv","13585","2026-08-31T06:42:33.0047704Z","F3A96ADC2D9946814324C8DDE61C113D57C33E32784A0D2DF58DC69D3E57973E"
"FormalAccuracy-v1/Runs/Simple-RepairAid-20260824/run_manifest.json","2851","2026-08-31T06:42:33.0188733Z","6120ED31FEF736952B6776FD15E649D5EC38B201356C426F1BE1DA70A8C0355F"
"FormalAccuracy-v1/Runs/Simple-RepairAid-20260824/simulation_events.jsonl","93398","2026-08-31T06:42:33.0057754Z","2F615653B00D6B5B52A3998E0D4A860CE71748A3ADCC3C1026CB9C7FB9D78CDB"
"FormalAccuracy-v1/Runs/Simple-RepairAid-20260825/cohort_timeseries.csv","102650","2026-08-31T06:54:16.2299254Z","A5F81D9CFDAE60C20B79D99E9F0B3D5A2CD301616F67BD241D39DC30ACD85F07"
"FormalAccuracy-v1/Runs/Simple-RepairAid-20260825/kingdom_timeseries.csv","720552","2026-08-31T06:54:16.2289087Z","07653EB8049D729FF3148CB119D09692BE13A45C3E97E65A4E3947AF553FEE2E"
"FormalAccuracy-v1/Runs/Simple-RepairAid-20260825/ledger_transactions.jsonl","5642938","2026-08-31T06:54:16.2445890Z","82E35BDA69B995ACC6EF79FE12F322C6B19BBCCDFC352DBD315FED0831D1A29C"
"FormalAccuracy-v1/Runs/Simple-RepairAid-20260825/lod_transitions.jsonl","46494","2026-08-31T06:54:16.2310019Z","6C14A2FBFDDA5E8DEDF6C173B10A4C524A687B216AFCA2936C9F65525062E348"
"FormalAccuracy-v1/Runs/Simple-RepairAid-20260825/npc_snapshots.csv","13585","2026-08-31T06:54:16.2299254Z","8727A364EBD831153692275AC56CD0DB638BA282281F999AB7280EAEBB6E41B8"
"FormalAccuracy-v1/Runs/Simple-RepairAid-20260825/run_manifest.json","2854","2026-08-31T06:54:16.2455909Z","3F5A014B540CEECE9A655FCB5C10C24478C3297A5EAB3A002A717C3767B889D1"
"FormalAccuracy-v1/Runs/Simple-RepairAid-20260825/simulation_events.jsonl","93398","2026-08-31T06:54:16.2308017Z","2629C31FA0732FFA8249451C0ABAD832B59C2BEB3C756A1993F1D14B9AD07673"
"FormalAccuracy-v1/Runs/Simple-RepairAid-20260826/cohort_timeseries.csv","102646","2026-08-31T06:53:35.3052681Z","603B86E5EE46523C60E5DEED1F1B2D440D61E592AEB07F4F7084AA0441526EA8"
"FormalAccuracy-v1/Runs/Simple-RepairAid-20260826/kingdom_timeseries.csv","720552","2026-08-31T06:53:35.3042742Z","38318CF17986B9D1F87B66C4D180D76766E7A6E4BEA36B15DE5CCAFFD4639F28"
"FormalAccuracy-v1/Runs/Simple-RepairAid-20260826/ledger_transactions.jsonl","5642950","2026-08-31T06:53:35.3192730Z","0EF08E9DA75C662406514A9ABB9FD3DAF91DCF6D702690B178DB26A531A9FFC9"
"FormalAccuracy-v1/Runs/Simple-RepairAid-20260826/lod_transitions.jsonl","46498","2026-08-31T06:53:35.3062735Z","950002C67E95798E9F2A641EDBC0BFEE8BACB153A95BE68757DB9D689B63CF9E"
"FormalAccuracy-v1/Runs/Simple-RepairAid-20260826/npc_snapshots.csv","13586","2026-08-31T06:53:35.3052681Z","B24CFFDD9A89BD6297E7845F4E0B7123416A84D60C8B06E48CAC3F298AE82164"
"FormalAccuracy-v1/Runs/Simple-RepairAid-20260826/run_manifest.json","2853","2026-08-31T06:53:35.3202732Z","51AEE392CD1FFB65B09A8025FC3F9170FC71EAC4B715F0863F0DBADB91AFAF94"
"FormalAccuracy-v1/Runs/Simple-RepairAid-20260826/simulation_events.jsonl","93404","2026-08-31T06:53:35.3052681Z","9A452DC6BE0F80D93ED8EB3DA87AC1353524FE757B22C676E5526DDCBD8661D7"
"FormalAccuracy-v1/Runs/Simple-RepairAid-20260827/cohort_timeseries.csv","104502","2026-08-31T06:41:28.0748956Z","A06D14C577B5DC83D738A3B6352BD57A73990F11F201DE97C734AFFF918E623C"
"FormalAccuracy-v1/Runs/Simple-RepairAid-20260827/kingdom_timeseries.csv","720552","2026-08-31T06:41:28.0748956Z","750B5FD637FEF23EF72C9E9841E76F9C65EC6D72E14F6AEEB781D873D446DC90"
"FormalAccuracy-v1/Runs/Simple-RepairAid-20260827/ledger_transactions.jsonl","5642954","2026-08-31T06:41:28.0897075Z","8FF538466F9774053328ECEF196C3E08D4DF34F99018213CD4DC34D3FC20CB26"
"FormalAccuracy-v1/Runs/Simple-RepairAid-20260827/lod_transitions.jsonl","46500","2026-08-31T06:41:28.0758969Z","DD83E44B2DFC6F447B856B4268F1A1C5B0B78A9B97F16A0D70CFDEFB6C744B03"
"FormalAccuracy-v1/Runs/Simple-RepairAid-20260827/npc_snapshots.csv","13593","2026-08-31T06:41:28.0748956Z","7642DA63AAABA181B93739852D69054E57F9D21D9DC0A3F5C31624D52CF93333"
"FormalAccuracy-v1/Runs/Simple-RepairAid-20260827/run_manifest.json","2852","2026-08-31T06:41:28.0897075Z","3C3AA70F484A6902DD0F1BB032CEBFCA3E3E84862B60D95182B053EACE3C69D1"
"FormalAccuracy-v1/Runs/Simple-RepairAid-20260827/simulation_events.jsonl","93407","2026-08-31T06:41:28.0758969Z","7FFB25D1C745F9C9BF6309427CCB1854CF9ADB6AC235CE54F4BD7D5835F27979"
"FormalAccuracy-v1/Runs/Simple-RepairAid-20260828/cohort_timeseries.csv","103886","2026-08-31T06:45:50.0526695Z","D946B8156C68596EC950A16D24EBCAA8C48DCB701B18112B605BBD7FB54BC73B"
"FormalAccuracy-v1/Runs/Simple-RepairAid-20260828/kingdom_timeseries.csv","720552","2026-08-31T06:45:50.0517664Z","06ADA8AC6764DADB36D788B2146C62E68E19FBEDB2BA79689D1F342F668AA589"
"FormalAccuracy-v1/Runs/Simple-RepairAid-20260828/ledger_transactions.jsonl","5642938","2026-08-31T06:45:50.0676886Z","08470C72F131B627804A02F33D2201DD3EEA0C134B296672875285955DCF7124"
"FormalAccuracy-v1/Runs/Simple-RepairAid-20260828/lod_transitions.jsonl","46494","2026-08-31T06:45:50.0536767Z","DE7451F1507527544F0BC8124204ED11F657D252B0667F0CB98C81458543DC48"
"FormalAccuracy-v1/Runs/Simple-RepairAid-20260828/npc_snapshots.csv","13585","2026-08-31T06:45:50.0526695Z","9BDEAED32B7D033FFB29301E30FA29BDEE128FB2E8C8BD0F43289451F1CA07EA"
"FormalAccuracy-v1/Runs/Simple-RepairAid-20260828/run_manifest.json","2854","2026-08-31T06:45:50.0676886Z","05723788A341E023E90556EC9DC21D82EB762AC3324FD9A84D1ACD4959D52B2B"
"FormalAccuracy-v1/Runs/Simple-RepairAid-20260828/simulation_events.jsonl","93398","2026-08-31T06:45:50.0536767Z","359316F583C645668674EF76369B55915B9D031510A63670B07D8D1B0333478F"
"FormalAccuracy-v1/Runs/Simple-RepairAid-20260829/cohort_timeseries.csv","102654","2026-08-31T06:48:38.0760670Z","D248CB5A073C40EEF2468927637D6FBCC4E8ECA68923F967557635478DA02A24"
"FormalAccuracy-v1/Runs/Simple-RepairAid-20260829/kingdom_timeseries.csv","720552","2026-08-31T06:48:38.0750670Z","C2EB084018E7EE3EC537823CD59B90283159761BD04C610C55BD94EDD59D0469"
"FormalAccuracy-v1/Runs/Simple-RepairAid-20260829/ledger_transactions.jsonl","5642934","2026-08-31T06:48:38.0900745Z","81868A4344073F1B1763DD341D223D4A59B2DB7350795A73806B90720A50910F"
"FormalAccuracy-v1/Runs/Simple-RepairAid-20260829/lod_transitions.jsonl","46492","2026-08-31T06:48:38.0770687Z","22EE09FC92A7A5E487AE6B9278033B68BAEAFC403F57A061304FC49870AD39E7"
"FormalAccuracy-v1/Runs/Simple-RepairAid-20260829/npc_snapshots.csv","13582","2026-08-31T06:48:38.0760670Z","BAE9811B3F52197ADB5AAC5A6719D7CF8D788458FC456626335BC185E877E566"
"FormalAccuracy-v1/Runs/Simple-RepairAid-20260829/run_manifest.json","2854","2026-08-31T06:48:38.0900745Z","4AF1ED6033A09EE82092184F325EDBD5CE47FA26B04D529DF5F3985B73DDBC84"
"FormalAccuracy-v1/Runs/Simple-RepairAid-20260829/simulation_events.jsonl","93395","2026-08-31T06:48:38.0770687Z","6330431C8621E9487398F97C0C15D1555C2E6E9147319C8077CB36F9A241B16C"
"FormalAccuracy-v1/Runs/Simple-RepairAid-20260830/cohort_timeseries.csv","102026","2026-08-31T06:45:47.4224028Z","A2F7FA59089B3E79C38A8FF0C620AB6AE3BC2BBA7556686E17AE15934657FDF3"
"FormalAccuracy-v1/Runs/Simple-RepairAid-20260830/kingdom_timeseries.csv","720552","2026-08-31T06:45:47.4212607Z","83C5DBBE29A3DF0C6D747C40EE9F047C344F7E1B0C575EA5688DA3BB73933451"
"FormalAccuracy-v1/Runs/Simple-RepairAid-20260830/ledger_transactions.jsonl","5642938","2026-08-31T06:45:47.4373781Z","B12EEF7511B43B017C4D227D7E08E66607F23CCC08D56FCE1C2A3453C62DC206"
"FormalAccuracy-v1/Runs/Simple-RepairAid-20260830/lod_transitions.jsonl","46494","2026-08-31T06:45:47.4242717Z","8737E95DFF16E4AC926CC3A49AB16DF61083ABAEF57676BB51B45F320DBEDF8A"
"FormalAccuracy-v1/Runs/Simple-RepairAid-20260830/npc_snapshots.csv","13586","2026-08-31T06:45:47.4224028Z","A6593ED95E36806F9E77D86CD8BF8DAFC1B5A5186895F3B6242EEA05ED0570D6"
"FormalAccuracy-v1/Runs/Simple-RepairAid-20260830/run_manifest.json","2852","2026-08-31T06:45:47.4373781Z","ADB147A665A2573EEB7AB509627B192F6D33F21CCCFB7FF037A3D489A60D3CD0"
"FormalAccuracy-v1/Runs/Simple-RepairAid-20260830/simulation_events.jsonl","93398","2026-08-31T06:45:47.4233509Z","DDCFC7FA4EADC68C8CF667C7696B4B49516124FDB024F7055D01DCFCC527C196"
"FormalAccuracy-v1/Runs/Simple-RepairAid-20260831/cohort_timeseries.csv","103274","2026-08-31T06:40:29.4224652Z","75F9A9F7D1B49FBD725026A856848C9A0D5B58EA29FB38546CDF5860ADFAA021"
"FormalAccuracy-v1/Runs/Simple-RepairAid-20260831/kingdom_timeseries.csv","720552","2026-08-31T06:40:29.4214652Z","8B7B51E28F0ECDD401BB4774FBE7235A7B26CE847B49A32BF693B28CE5C6BD49"
"FormalAccuracy-v1/Runs/Simple-RepairAid-20260831/ledger_transactions.jsonl","5642934","2026-08-31T06:40:29.4360528Z","2B773685AFDE542B0CF78EE9D1E1DCD0D7235F009D802A9D2F3B94BFCC977171"
"FormalAccuracy-v1/Runs/Simple-RepairAid-20260831/lod_transitions.jsonl","46492","2026-08-31T06:40:29.4234642Z","E5D61676101A9D7FBD7BA9AC39C0C82BE06B6499546BD9C6986EC9831D0CD1F8"
"FormalAccuracy-v1/Runs/Simple-RepairAid-20260831/npc_snapshots.csv","13581","2026-08-31T06:40:29.4224652Z","AEB3D808A25CFE951BA0561B89AEFF474035226B20F641FD5262F9DCB9B85CBC"
"FormalAccuracy-v1/Runs/Simple-RepairAid-20260831/run_manifest.json","2852","2026-08-31T06:40:29.4360528Z","8E86FEAB66E965BA74E32E9A5835E16A90EAA580260AE391F70A5916EF17EA7C"
"FormalAccuracy-v1/Runs/Simple-RepairAid-20260831/simulation_events.jsonl","93395","2026-08-31T06:40:29.4224652Z","13E0FB51129C8741F88E2A8A47EFA6FF43F45D9F22C488B7FC29945D94D55A81"
"FormalAccuracy-v1/Runs/Simple-RepairAid-20260832/cohort_timeseries.csv","102034","2026-08-31T06:40:36.3413243Z","A4344FDCC38C07EAC187655E124C83FBA2D8C329C45B6640BE9443D091F8CFE7"
"FormalAccuracy-v1/Runs/Simple-RepairAid-20260832/kingdom_timeseries.csv","720552","2026-08-31T06:40:36.3403324Z","1DD3F2715796945C41433EE826D8775BAF270AFA5973535B77434E6B94E75A20"
"FormalAccuracy-v1/Runs/Simple-RepairAid-20260832/ledger_transactions.jsonl","5642938","2026-08-31T06:40:36.3555964Z","82B65435F1442FE141B1AE63B285EE3180693967BAF173598AB5D15250221EC3"
"FormalAccuracy-v1/Runs/Simple-RepairAid-20260832/lod_transitions.jsonl","46494","2026-08-31T06:40:36.3423248Z","274AF6A0C19193F1EC10DC537FFF23EE57624D3E4093EBE4B2D148247E9D6F5D"
"FormalAccuracy-v1/Runs/Simple-RepairAid-20260832/npc_snapshots.csv","13582","2026-08-31T06:40:36.3413243Z","E7B19F0771B3C330E74A728CF175E37F9D7CC86C5F28029AE85DC06C1EE7BF18"
"FormalAccuracy-v1/Runs/Simple-RepairAid-20260832/run_manifest.json","2852","2026-08-31T06:40:36.3555964Z","DA735F97B666F867EB4D82D1CE8272B5E57E88ED0C95D623EC02574862BCEE6E"
"FormalAccuracy-v1/Runs/Simple-RepairAid-20260832/simulation_events.jsonl","93398","2026-08-31T06:40:36.3423248Z","1E329C4357649D8ED99DA562B60402C0F61AE25B884621A44F799FDA1EE8BDF5"
"FormalAccuracy-v1/Runs/Simple-RepairAid-20260833/cohort_timeseries.csv","103266","2026-08-31T06:51:08.8584657Z","101307F5CAE9F12BC2FCD8A504CC7A852F4A0D733054213F5EB1C6BDFEE37CC7"
"FormalAccuracy-v1/Runs/Simple-RepairAid-20260833/kingdom_timeseries.csv","720552","2026-08-31T06:51:08.8584657Z","71CC068244C97ED0D14B5B32E7C62930683CC56095FB2EB66EEB02ED00513902"
"FormalAccuracy-v1/Runs/Simple-RepairAid-20260833/ledger_transactions.jsonl","5642938","2026-08-31T06:51:08.8730186Z","EF797EB70C13CED5E4C323590DA0D89AC47D71F8175B373149235090725313E6"
"FormalAccuracy-v1/Runs/Simple-RepairAid-20260833/lod_transitions.jsonl","46494","2026-08-31T06:51:08.8593857Z","825997F6C47CE96E4EFF33C0598523B00FE47BA493064D46EB449E36CDD17AEF"
"FormalAccuracy-v1/Runs/Simple-RepairAid-20260833/npc_snapshots.csv","13583","2026-08-31T06:51:08.8584657Z","7BA2BA020A5F261542B4B080A35898E9270B70C6D0BE4A63980B99FB91A2F824"
"FormalAccuracy-v1/Runs/Simple-RepairAid-20260833/run_manifest.json","2852","2026-08-31T06:51:08.8741467Z","6F38632AADC9EC57C6B53D2628B7D435AD281F764CBADD252319306017163BEC"
"FormalAccuracy-v1/Runs/Simple-RepairAid-20260833/simulation_events.jsonl","93398","2026-08-31T06:51:08.8593857Z","361153F9084E1FA50FAE3BE42F310A4A7D3F72B9E39C14B6EB24BBBDA5445D6A"
"FormalAccuracy-v1/Runs/Simple-RepairAid-20260834/cohort_timeseries.csv","103270","2026-08-31T06:43:27.1014836Z","E9CFEB038F712B1F855609D36E3E974A23D7512A8809B964D443C389C0646289"
"FormalAccuracy-v1/Runs/Simple-RepairAid-20260834/kingdom_timeseries.csv","720552","2026-08-31T06:43:27.1004822Z","0EC6BDE16A3BFA54B0CA0988DD5E7C562960067AC3BCF6305CF18AE80DA21885"
"FormalAccuracy-v1/Runs/Simple-RepairAid-20260834/ledger_transactions.jsonl","5642934","2026-08-31T06:43:27.1164862Z","B42E585F824526C7650D9F606D57961F4BE6236E5C4308357520580340F9AD8D"
"FormalAccuracy-v1/Runs/Simple-RepairAid-20260834/lod_transitions.jsonl","46492","2026-08-31T06:43:27.1024813Z","9D88D70B62D22CF60C1F8465523571F82F905AC0931A28A79F5B0E933F52C630"
"FormalAccuracy-v1/Runs/Simple-RepairAid-20260834/npc_snapshots.csv","13582","2026-08-31T06:43:27.1024813Z","82F0C2434B3481E42FC1B458693F03AE352D8611A386A4A1D7F1DCD0A0B07355"
"FormalAccuracy-v1/Runs/Simple-RepairAid-20260834/run_manifest.json","2854","2026-08-31T06:43:27.1174858Z","D06EBD1B8BE8B442434DE26AE8CA81B1C058D18AA78FAB697ADB0D343693EE88"
"FormalAccuracy-v1/Runs/Simple-RepairAid-20260834/simulation_events.jsonl","93395","2026-08-31T06:43:27.1024813Z","0BB7EA0C4F8B761263495698819ED4D6A4E5BC7F9CC3715A9A2B84611072B25D"
"FormalAccuracy-v1/Runs/Simple-RepairAid-20260835/cohort_timeseries.csv","102654","2026-08-31T06:40:10.3636793Z","F31AA52E58BC9BA385C1993C5617931F2BAAD176DAAA5BD593EC5334352DEBC8"
"FormalAccuracy-v1/Runs/Simple-RepairAid-20260835/kingdom_timeseries.csv","720552","2026-08-31T06:40:10.3627565Z","BD6BC86DAE5BF9B0D678DE3F52126646A506EE1429D9C05EAF45C7FA80527576"
"FormalAccuracy-v1/Runs/Simple-RepairAid-20260835/ledger_transactions.jsonl","5642938","2026-08-31T06:40:10.3781870Z","B255876BABDFBC4C919FA09B46371094C75B529772BD9CD4FC51EE58206C9699"
"FormalAccuracy-v1/Runs/Simple-RepairAid-20260835/lod_transitions.jsonl","46494","2026-08-31T06:40:10.3646790Z","3677E9C566E4389973F39BE266303CE268745DB754FBC421404D7881540D828D"
"FormalAccuracy-v1/Runs/Simple-RepairAid-20260835/npc_snapshots.csv","13586","2026-08-31T06:40:10.3636793Z","0C96AB2E90EBC5FBC27D2985915FD74183EE46FF9C92BEEA01652AF402B3FF7E"
"FormalAccuracy-v1/Runs/Simple-RepairAid-20260835/run_manifest.json","2851","2026-08-31T06:40:10.3793971Z","53437C2AC309D210E2BE341CBDC20064A9ABA7469FEFD775B9984B6818D06BF1"
"FormalAccuracy-v1/Runs/Simple-RepairAid-20260835/simulation_events.jsonl","93398","2026-08-31T06:40:10.3646790Z","D928972C4E2C0E40B59050A7569460FCC1314FA5D3DEB28F252AA72B3741251F"
"FormalAccuracy-v1/Runs/Simple-RepairAid-20260836/cohort_timeseries.csv","103282","2026-08-31T06:49:07.4611841Z","C341987CC959584327A3E6E2FFFBB6FDC00A9F29E4DC88C46E98C795DF208337"
"FormalAccuracy-v1/Runs/Simple-RepairAid-20260836/kingdom_timeseries.csv","720552","2026-08-31T06:49:07.4611841Z","F8CC595A6522DD05FD933339BC2677CBD737FFB888708AC912557CFF46BF408E"
"FormalAccuracy-v1/Runs/Simple-RepairAid-20260836/ledger_transactions.jsonl","5642938","2026-08-31T06:49:07.4757005Z","B13A510B30F356C47ABC7949935DB5F9AFDF00D7655491AAEFBD60087C0AD27A"
"FormalAccuracy-v1/Runs/Simple-RepairAid-20260836/lod_transitions.jsonl","46494","2026-08-31T06:49:07.4621813Z","F4535B098FE6F7576108A511E1704C7E87DF5EDCB9E802E1A6CD57C53B148D9C"
"FormalAccuracy-v1/Runs/Simple-RepairAid-20260836/npc_snapshots.csv","13586","2026-08-31T06:49:07.4621813Z","356AD1776FCB658E4DB3421CB2C0487EA1B84D56ACC5DA34A455246E0C2917D3"
"FormalAccuracy-v1/Runs/Simple-RepairAid-20260836/run_manifest.json","2853","2026-08-31T06:49:07.4757005Z","4BD9B8D676CF81980EE9EC1E3D9446E23E887F676AEDDD1BA9B514A3BBDEADD3"
"FormalAccuracy-v1/Runs/Simple-RepairAid-20260836/simulation_events.jsonl","93398","2026-08-31T06:49:07.4621813Z","C91C8E43F34C6805467F47772EB9B82F607BAA7182BC069FF813E143DBC017FC"
"FormalAccuracy-v1/Runs/Simple-RepairAid-20260837/cohort_timeseries.csv","103890","2026-08-31T06:45:46.0112083Z","97015E2D2ADD4AE8ECFFFDD8F8A3E01E9E424B16D9B416288BA92CCA28FA5956"
"FormalAccuracy-v1/Runs/Simple-RepairAid-20260837/kingdom_timeseries.csv","720552","2026-08-31T06:45:46.0102079Z","3618E655B0E5EA734E2149314396E36CB38C524BCF318A560876E0358C0C632E"
"FormalAccuracy-v1/Runs/Simple-RepairAid-20260837/ledger_transactions.jsonl","5642938","2026-08-31T06:45:46.0267304Z","4BCCC95FFB5F78FE2C3C844E885BBC53565CC61671D948012C8E0829BFAC5DDC"
"FormalAccuracy-v1/Runs/Simple-RepairAid-20260837/lod_transitions.jsonl","46494","2026-08-31T06:45:46.0122083Z","B6E5548158D9A94514ECDF982BCCA773E7A45C1D3A5B6DAA013D4A2428766590"
"FormalAccuracy-v1/Runs/Simple-RepairAid-20260837/npc_snapshots.csv","13586","2026-08-31T06:45:46.0112083Z","ED67B270E2C41C2D1A1CC3D16F43559DA4E7824631A1CA823698D80225B368F1"
"FormalAccuracy-v1/Runs/Simple-RepairAid-20260837/run_manifest.json","2853","2026-08-31T06:45:46.0267304Z","9BBA22A994CAA51DFD525D4ADAA830D770189640744D462EF4F794363EA988A6"
"FormalAccuracy-v1/Runs/Simple-RepairAid-20260837/simulation_events.jsonl","93398","2026-08-31T06:45:46.0122083Z","9BF53ED995966878D132C3EB967F449B595A6714F954F8AF7ED16562B4210E5B"
"FormalAccuracy-v1/Runs/Simple-RepairAid-20260838/cohort_timeseries.csv","103278","2026-08-31T06:40:09.1610501Z","BC05DAF5643923B83EEECD468C850C69AEC41FB9B9F8ADCD90271BBAFBEEF0A4"
"FormalAccuracy-v1/Runs/Simple-RepairAid-20260838/kingdom_timeseries.csv","720552","2026-08-31T06:40:09.1601646Z","0513719990CB94ED666C7869097E213C7DCBA5AD68EA61C43C33F092F29C355B"
"FormalAccuracy-v1/Runs/Simple-RepairAid-20260838/ledger_transactions.jsonl","5642950","2026-08-31T06:40:09.1747106Z","921A9BE7F4CA15E082F7D55AF2D5CA0E3BFBD6ED0E7CFC41C400D275B5A22866"
"FormalAccuracy-v1/Runs/Simple-RepairAid-20260838/lod_transitions.jsonl","46498","2026-08-31T06:40:09.1610501Z","B47489E40B307E8D83473AD6E8AFD0436CF6AF4AE6ABAF786E8D0DB081D89E7A"
"FormalAccuracy-v1/Runs/Simple-RepairAid-20260838/npc_snapshots.csv","13587","2026-08-31T06:40:09.1610501Z","8A943A358F336CC5DA041CEAC2CCEBDC235B32460513FACF5939A18FB3EDAA39"
"FormalAccuracy-v1/Runs/Simple-RepairAid-20260838/run_manifest.json","2847","2026-08-31T06:40:09.1757150Z","442CA676BB2A87025B2D27564EB41C7DAF420AAF674A55BABE7D820375E91097"
"FormalAccuracy-v1/Runs/Simple-RepairAid-20260838/simulation_events.jsonl","93404","2026-08-31T06:40:09.1610501Z","2376AA32534BE4677C68B6DD0957B88E63CE9DC5C70F789C5A92DD7976B3E068"
"FormalAccuracy-v1/Runs/Simple-RepairAid-20260839/cohort_timeseries.csv","104502","2026-08-31T06:48:11.7221770Z","9C143EEBC7FCA9EE3898685B36ED2A46B002D497E199C77D5E1FB906B49969E6"
"FormalAccuracy-v1/Runs/Simple-RepairAid-20260839/kingdom_timeseries.csv","720552","2026-08-31T06:48:11.7211761Z","88D8D611F36CAACA5FC51F3AFA7A9506D9A75745ECE01369C16E520C801257CF"
"FormalAccuracy-v1/Runs/Simple-RepairAid-20260839/ledger_transactions.jsonl","5642954","2026-08-31T06:48:11.7349922Z","E80DF683290EB234F5C74527063064246E9F2FA6A7FF9BB8312B1CAEFA280768"
"FormalAccuracy-v1/Runs/Simple-RepairAid-20260839/lod_transitions.jsonl","46500","2026-08-31T06:48:11.7234586Z","C29085FC75FAB49BEA901D8DF2BB8ECEF95892A7C4F9A5D279BF8F4CCB589917"
"FormalAccuracy-v1/Runs/Simple-RepairAid-20260839/npc_snapshots.csv","13593","2026-08-31T06:48:11.7221770Z","27E82817FBEE1C36BA996715F2906A85E2D2BCE1B09A04AA44B9F52645909479"
"FormalAccuracy-v1/Runs/Simple-RepairAid-20260839/run_manifest.json","2852","2026-08-31T06:48:11.7359926Z","928B7A01E0FB67E3B5F78602883D67342C0EDE984165DF75C62B0A9A878D65AC"
"FormalAccuracy-v1/Runs/Simple-RepairAid-20260839/simulation_events.jsonl","93407","2026-08-31T06:48:11.7231769Z","D4EDB863977A3B4E963B5627AC47A2FF6C5F3884DE34B7892FB42B76C52C86BD"
"FormalAccuracy-v1/Runs/Simple-RepairAid-20260840/cohort_timeseries.csv","102646","2026-08-31T06:51:58.7956086Z","779E19AAC936D7531AFC38185DA04F6D3C40E353D931E9EE0360CD2356508F69"
"FormalAccuracy-v1/Runs/Simple-RepairAid-20260840/kingdom_timeseries.csv","720552","2026-08-31T06:51:58.7946092Z","47E5CDF0D295196ACD41E3217006527CF380911CB38D7C23F590A3854F3E2780"
"FormalAccuracy-v1/Runs/Simple-RepairAid-20260840/ledger_transactions.jsonl","5642934","2026-08-31T06:51:58.8096272Z","A0DB8BF35E6185A4CFC68590DFFE9507C48F5D5F78043179C1EF8026FC2C79E6"
"FormalAccuracy-v1/Runs/Simple-RepairAid-20260840/lod_transitions.jsonl","46492","2026-08-31T06:51:58.7966092Z","9B0CA3DEA255817479F2FCABC6F65C3F56F7A634E565CE2B787C0E1868463FFB"
"FormalAccuracy-v1/Runs/Simple-RepairAid-20260840/npc_snapshots.csv","13582","2026-08-31T06:51:58.7956086Z","278BC05CF5AB8CED81E1231DCC21F29946E61D620528E590B5DD4FF2D0D1C9F4"
"FormalAccuracy-v1/Runs/Simple-RepairAid-20260840/run_manifest.json","2854","2026-08-31T06:51:58.8106259Z","5D89CD54102C471ACFE06F248991D4FE718645FD853CB7B53759877FCE51DAE2"
"FormalAccuracy-v1/Runs/Simple-RepairAid-20260840/simulation_events.jsonl","93395","2026-08-31T06:51:58.7956086Z","1EA397373B3CCE7A08E58E08E89A2777A53E96D2C01A71F9A1DDE93EC000F6A4"
"FormalAccuracy-v1/Runs/Simple-RepairAid-20260841/cohort_timeseries.csv","102030","2026-08-31T06:42:40.3705260Z","D604DD1BF1ED3212E9B3E755FB301EA5014A67DFE7D6ED368C73B523C8DC0363"
"FormalAccuracy-v1/Runs/Simple-RepairAid-20260841/kingdom_timeseries.csv","720552","2026-08-31T06:42:40.3690203Z","9524611BDCFAD5AA3002037AE8B8B2C1543BA9AB1B2AF1F347FCE86B8566D27A"
"FormalAccuracy-v1/Runs/Simple-RepairAid-20260841/ledger_transactions.jsonl","5642938","2026-08-31T06:42:40.3845321Z","7B1F60F23151E860027BCC319803DB08C3CFC2058BD355DA68421CEA72EA3613"
"FormalAccuracy-v1/Runs/Simple-RepairAid-20260841/lod_transitions.jsonl","46494","2026-08-31T06:42:40.3715322Z","738A88D1C1FBADCABA3094AF96F6C0D7188DA58A0820E747F62144695560DEE2"
"FormalAccuracy-v1/Runs/Simple-RepairAid-20260841/npc_snapshots.csv","13580","2026-08-31T06:42:40.3705260Z","95A5A7E7F19363B15A2FF438F7DEE5EF4D6786B5DC5AE590F878722BD36EB6B6"
"FormalAccuracy-v1/Runs/Simple-RepairAid-20260841/run_manifest.json","2853","2026-08-31T06:42:40.3855324Z","FDB9361D85EEEF62B11824FF23AD166D8337799BD9203603AD065F6DE6F31904"
"FormalAccuracy-v1/Runs/Simple-RepairAid-20260841/simulation_events.jsonl","93398","2026-08-31T06:42:40.3715322Z","428589EDA65BA5F6542E9AFC9F4393A7F73A5951A0A7D43AB894CEB4E9F4CA2F"
"FormalAccuracy-v1/Runs/Simple-RepairAid-20260842/cohort_timeseries.csv","103258","2026-08-31T06:52:19.7217880Z","57603E3DEB50CA9AE32B8247CBC90841128EA4E797CC14EE00304B23D2B71B6B"
"FormalAccuracy-v1/Runs/Simple-RepairAid-20260842/kingdom_timeseries.csv","720552","2026-08-31T06:52:19.7217880Z","C87B7E75B4D4DB9E5A17C7B2D3259C27677F3EC0E76884375668EBB200775EB8"
"FormalAccuracy-v1/Runs/Simple-RepairAid-20260842/ledger_transactions.jsonl","5642938","2026-08-31T06:52:19.7362080Z","B8DDE216F020C3834D570AB79502874151AE98E3DDE2F1DB1C1F92041C0F2F24"
"FormalAccuracy-v1/Runs/Simple-RepairAid-20260842/lod_transitions.jsonl","46494","2026-08-31T06:52:19.7226988Z","EA8BB5FD0306F4996BEDBC1ECA72A9468E4CDCCC75C0B769C77B7CB66AAFABC7"
"FormalAccuracy-v1/Runs/Simple-RepairAid-20260842/npc_snapshots.csv","13586","2026-08-31T06:52:19.7226988Z","F4E2EC1C8C5E2A5370B1F7183D16F5C29200536B454CD9EF7F9EA675CDBC2574"
"FormalAccuracy-v1/Runs/Simple-RepairAid-20260842/run_manifest.json","2854","2026-08-31T06:52:19.7362080Z","AA8E1F650461C436DBC3A31F563FE76C0AFB3242DC11663340E0532ED3166092"
"FormalAccuracy-v1/Runs/Simple-RepairAid-20260842/simulation_events.jsonl","93398","2026-08-31T06:52:19.7226988Z","062705525CB1E923874925B7F53993C9E4E80292737AB884F6C38BB15690A379"
"FormalAccuracy-v1/Runs/Simple-RepairAid-20260843/cohort_timeseries.csv","103886","2026-08-31T06:40:10.5724844Z","F6E6DAFFC4AF7479E705438B6A85931D0B532D54FC6846D4132201AE69CADF69"
"FormalAccuracy-v1/Runs/Simple-RepairAid-20260843/kingdom_timeseries.csv","720552","2026-08-31T06:40:10.5714832Z","DFE4EA732CDA765869C12373D32A4BB677201AA1C819FDE90CA10055E22BDE8C"
"FormalAccuracy-v1/Runs/Simple-RepairAid-20260843/ledger_transactions.jsonl","5642950","2026-08-31T06:40:10.5866690Z","52F5D6A9A70861DDCF431C07B17D09C441457DF16DEEE2288864A3E646C8FAD1"
"FormalAccuracy-v1/Runs/Simple-RepairAid-20260843/lod_transitions.jsonl","46498","2026-08-31T06:40:10.5734825Z","8F095840F50A7731EE5A58D18CD6043AAFCC9FF14D044748F4BAB8B72A56DC44"
"FormalAccuracy-v1/Runs/Simple-RepairAid-20260843/npc_snapshots.csv","13591","2026-08-31T06:40:10.5724844Z","EEE4D2128A6F1121E0253443017F025F186C4123424AFA45344DA16B607D0BD8"
"FormalAccuracy-v1/Runs/Simple-RepairAid-20260843/run_manifest.json","2850","2026-08-31T06:40:10.5876738Z","9A97918C930D63BE05570203564B283913DF2A60F4F19B13BA9BCE763961D853"
"FormalAccuracy-v1/Runs/Simple-RepairAid-20260843/simulation_events.jsonl","93404","2026-08-31T06:40:10.5724844Z","05DF6A612FCEB6A61101258B7ADA0C310F6337A66EAFD56D83514D9762A4CA98"
"FormalAccuracy-v1/Runs/Simple-RepairAid-20260844/cohort_timeseries.csv","102026","2026-08-31T06:45:35.7895026Z","DDA72B8D3A79EF2AE2DA7B45D8F6DBA1891D66221ED751CE627EC0561D960DB2"
"FormalAccuracy-v1/Runs/Simple-RepairAid-20260844/kingdom_timeseries.csv","720552","2026-08-31T06:45:35.7885039Z","D6127903F0FD75D4DA0601D05B1408B0539E92E8D91B3A8A88EF947BB30F0E49"
"FormalAccuracy-v1/Runs/Simple-RepairAid-20260844/ledger_transactions.jsonl","5642934","2026-08-31T06:45:35.8030175Z","AE0FB18DACF87EF9CA7A9E6305F740D606286AFCF94B809265932D952C70ED20"
"FormalAccuracy-v1/Runs/Simple-RepairAid-20260844/lod_transitions.jsonl","46492","2026-08-31T06:45:35.7905029Z","EA05CBE7746D0D6BDBF47179B366EDDE117F79B939C8FBD52E8C03701AEE260B"
"FormalAccuracy-v1/Runs/Simple-RepairAid-20260844/npc_snapshots.csv","13581","2026-08-31T06:45:35.7895026Z","13A7203A58CE27CDE60EF1B87645C355465FD7E3ACACDF65AFD3FD997D3ED52B"
"FormalAccuracy-v1/Runs/Simple-RepairAid-20260844/run_manifest.json","2854","2026-08-31T06:45:35.8030175Z","AA3933FD338596939FD0948FF95BF11E9591592EA64BA1E6E2BC2A53334EC55E"
"FormalAccuracy-v1/Runs/Simple-RepairAid-20260844/simulation_events.jsonl","93395","2026-08-31T06:45:35.7895026Z","DD84C6CC59729A968F4D58224CCFA81C56829137A3337C94A43B8974F59E229D"
"FormalAccuracy-v1/Runs/Simple-StateImport-20260815/cohort_timeseries.csv","105906","2026-08-31T06:49:35.7530473Z","768029A90AA37F0A81E814E6B7F95BB44D6860E6C58136E1FCD5AEB7773BF525"
"FormalAccuracy-v1/Runs/Simple-StateImport-20260815/kingdom_timeseries.csv","736847","2026-08-31T06:49:35.7521279Z","0CAD9883785CDBF5FD177380BB184354926E36067E61D977E581F7D16F72D30C"
"FormalAccuracy-v1/Runs/Simple-StateImport-20260815/ledger_transactions.jsonl","5733559","2026-08-31T06:49:35.7660503Z","BB4C82E48445C30A33740E5739005B8C21D18AC8D55371C136ED45B04A6D58E4"
"FormalAccuracy-v1/Runs/Simple-StateImport-20260815/lod_transitions.jsonl","46974","2026-08-31T06:49:35.7540475Z","9B17DCB86DEEC84024B8E5316F34A118E11EC2BD4FF2F92D6D892DEC80FB4829"
"FormalAccuracy-v1/Runs/Simple-StateImport-20260815/npc_snapshots.csv","13823","2026-08-31T06:49:35.7530473Z","6E830D038AA4649F7218985C4CF45A5E7F9480DC90B8A44A87EEE465138BB151"
"FormalAccuracy-v1/Runs/Simple-StateImport-20260815/run_manifest.json","2856","2026-08-31T06:49:35.7670534Z","85216522456111BF43545DAAC03FD1357F57E4A6EA238475AB96F9ACA0A1F55C"
"FormalAccuracy-v1/Runs/Simple-StateImport-20260815/simulation_events.jsonl","98185","2026-08-31T06:49:35.7530473Z","FA91ADED44242C31EE284E59EE17B0C497537AE292D82776092B7CF78B163BBB"
"FormalAccuracy-v1/Runs/Simple-StateImport-20260816/cohort_timeseries.csv","104618","2026-08-31T06:53:09.4640456Z","13685FA5E4637AEBD1129AD77B42C7FA5B27DE59274846CC1DDF2903CDA262CE"
"FormalAccuracy-v1/Runs/Simple-StateImport-20260816/kingdom_timeseries.csv","736774","2026-08-31T06:53:09.4640456Z","214FBC1967CF60268333EB039CD70FEB4A0254CB66C719990468FDA231E3CF69"
"FormalAccuracy-v1/Runs/Simple-StateImport-20260816/ledger_transactions.jsonl","5733999","2026-08-31T06:53:09.4789851Z","BBA739191FE6F0BD911CDD9353FCB12C12BDC5D4A303AA454DFC1E9F1663DCCF"
"FormalAccuracy-v1/Runs/Simple-StateImport-20260816/lod_transitions.jsonl","46978","2026-08-31T06:53:09.4650511Z","6336141846BDEE20A9C6CFF6E2E3C3A45620D78365B1F7472693ED4C6662FE1F"
"FormalAccuracy-v1/Runs/Simple-StateImport-20260816/npc_snapshots.csv","13825","2026-08-31T06:53:09.4650511Z","402BC2238EA668000393B6E6C40A66CBC415260725C8880B5B6FF27E5E4F6ACE"
"FormalAccuracy-v1/Runs/Simple-StateImport-20260816/run_manifest.json","2856","2026-08-31T06:53:09.4799853Z","CEC0A72F164B91EC6AB07A17FD5F59FF0DCD62E33EC22DA506572CC9ADD66169"
"FormalAccuracy-v1/Runs/Simple-StateImport-20260816/simulation_events.jsonl","98575","2026-08-31T06:53:09.4650511Z","4A7A1D6E9DB6937C55E0120845414AD39073CE3263418DFAC1F9AA332799AAF8"
"FormalAccuracy-v1/Runs/Simple-StateImport-20260817/cohort_timeseries.csv","106522","2026-08-31T06:41:13.4745417Z","D5D13D015B786B4E86BA0C2AC17F1B5A35D5CFD8590D2C763DCD90DB1A6F47AE"
"FormalAccuracy-v1/Runs/Simple-StateImport-20260817/kingdom_timeseries.csv","736774","2026-08-31T06:41:13.4735434Z","B7F5666E9302CC0AE171C9D97543E695AE0FCFFC1BEF261D2D7A0D82DAD24A13"
"FormalAccuracy-v1/Runs/Simple-StateImport-20260817/ledger_transactions.jsonl","5733975","2026-08-31T06:41:13.4895428Z","FABCFB3AD3676E5D1A73DDD1A31845ECC0239717CC4E4F8D6075B118358337DA"
"FormalAccuracy-v1/Runs/Simple-StateImport-20260817/lod_transitions.jsonl","46972","2026-08-31T06:41:13.4755433Z","F3EB688FBA6C58B425383B4EAAFEC48A10B55452E9BD9CC2F6EEAE6CA01F586A"
"FormalAccuracy-v1/Runs/Simple-StateImport-20260817/npc_snapshots.csv","13823","2026-08-31T06:41:13.4745417Z","8F145B207E0F69AB4639402E58EC0D7A1C53B97E18E5D3C79EE00FF4EABC5704"
"FormalAccuracy-v1/Runs/Simple-StateImport-20260817/run_manifest.json","2856","2026-08-31T06:41:13.4895428Z","51CF304639366CB75CC5B7FFE553AA801676B6012BB1F79C6A69A5B27D5E9AD4"
"FormalAccuracy-v1/Runs/Simple-StateImport-20260817/simulation_events.jsonl","98566","2026-08-31T06:41:13.4755433Z","E13BDA025852F1796BA46EC23BB008066EEE81B49FE018291185FBC2797DDB37"
"FormalAccuracy-v1/Runs/Simple-StateImport-20260818/cohort_timeseries.csv","104630","2026-08-31T06:44:46.1838756Z","090EDFC0705235315234E3477263D4136450048F525FF13198FAA662629BEB3C"
"FormalAccuracy-v1/Runs/Simple-StateImport-20260818/kingdom_timeseries.csv","736774","2026-08-31T06:44:46.1813645Z","B8CA6CD7D31B62C157371B6A088D60452F3D6CAC6764F25143654794F0E771F4"
"FormalAccuracy-v1/Runs/Simple-StateImport-20260818/ledger_transactions.jsonl","5733999","2026-08-31T06:44:46.1978746Z","979A063F807004EB52D730F8D6F00A05EAC48DFB55CE6A43AD96A2274039F2BD"
"FormalAccuracy-v1/Runs/Simple-StateImport-20260818/lod_transitions.jsonl","46978","2026-08-31T06:44:46.1848754Z","3D6CFF68804148FDE253AA5D9441CC4B09C83F79102FB538E60664F16CE10B9E"
"FormalAccuracy-v1/Runs/Simple-StateImport-20260818/npc_snapshots.csv","13827","2026-08-31T06:44:46.1838756Z","B661335942ED0DF66A1F98DB23D4B439EFF02DB7F24D19120A5C304072266514"
"FormalAccuracy-v1/Runs/Simple-StateImport-20260818/run_manifest.json","2857","2026-08-31T06:44:46.1978746Z","AC9D41A995FF68397928300286FA9DD052825AFFFA55EDDF1D033690764E5DA5"
"FormalAccuracy-v1/Runs/Simple-StateImport-20260818/simulation_events.jsonl","98575","2026-08-31T06:44:46.1838756Z","606EB06EA50E40D260DFE8836BDC7432A7C31F4DAC1851090D820543D82D604A"
"FormalAccuracy-v1/Runs/Simple-StateImport-20260819/cohort_timeseries.csv","105910","2026-08-31T06:49:04.8382886Z","EBD12CA584E347298C34E0A176798E9AFD69BA9E00A7B494D9DE05CBC34888A4"
"FormalAccuracy-v1/Runs/Simple-StateImport-20260819/kingdom_timeseries.csv","736847","2026-08-31T06:49:04.8372884Z","FC93FF3BE2E9B7C7E47AAE5D63E41E4358E4AE572EC00F5980AEF1C9B938E42D"
"FormalAccuracy-v1/Runs/Simple-StateImport-20260819/ledger_transactions.jsonl","5733559","2026-08-31T06:49:04.8527981Z","3F6BB0EBF7EEDD9A17CD3419C29002DB5F234BC592561763D5CDBCA91A2AE048"
"FormalAccuracy-v1/Runs/Simple-StateImport-20260819/lod_transitions.jsonl","46974","2026-08-31T06:49:04.8392892Z","07144EF4CAAC0C8EDFDF603FC08F549715569B935D7574682D5764C57C8458E9"
"FormalAccuracy-v1/Runs/Simple-StateImport-20260819/npc_snapshots.csv","13827","2026-08-31T06:49:04.8382886Z","9CE8888BE475AC9E064A0818705E4445AB2DB859A76E014172AEB31634E15040"
"FormalAccuracy-v1/Runs/Simple-StateImport-20260819/run_manifest.json","2854","2026-08-31T06:49:04.8537971Z","47921AF0932F07D2D00EEC0657BB0E93C6057B895B9E8CDD9B81D193DC0DBE83"
"FormalAccuracy-v1/Runs/Simple-StateImport-20260819/simulation_events.jsonl","98185","2026-08-31T06:49:04.8392892Z","8011E0B60E3839F306CAC147ECDB935186AE1A4FFDAA2205E3F70F68FFDE63ED"
"FormalAccuracy-v1/Runs/Simple-StateImport-20260820/cohort_timeseries.csv","105258","2026-08-31T06:52:05.5633474Z","4A09C6294962C6C9F4CC9F7F422FBB35E6B222D301DA19F4DABEF0AFDACAB704"
"FormalAccuracy-v1/Runs/Simple-StateImport-20260820/kingdom_timeseries.csv","736775","2026-08-31T06:52:05.5623541Z","FBFCA9828B4473C8DA9F1DA76E5CE4C178546754D14621DF7FF36569AB29DB82"
"FormalAccuracy-v1/Runs/Simple-StateImport-20260820/ledger_transactions.jsonl","5733991","2026-08-31T06:52:05.5778534Z","0485B010B745EDFDA7173DB3C087454BBB70F0CC65DBF876715DEE2EF9EBC2FB"
"FormalAccuracy-v1/Runs/Simple-StateImport-20260820/lod_transitions.jsonl","46976","2026-08-31T06:52:05.5643475Z","3DE4B554124D22CB42408FC3AB2679DBB41473D1E58852D073895DDC2C3040BD"
"FormalAccuracy-v1/Runs/Simple-StateImport-20260820/npc_snapshots.csv","13825","2026-08-31T06:52:05.5633474Z","965A0AC60F1CB3ACE7346EE84E801444CAB663116F04FC5A920C514585D642B5"
"FormalAccuracy-v1/Runs/Simple-StateImport-20260820/run_manifest.json","2857","2026-08-31T06:52:05.5778534Z","68F8698372C46A3B7A13B8D433E18B42E4D8A64847406DA35BE8211DAF93F53B"
"FormalAccuracy-v1/Runs/Simple-StateImport-20260820/simulation_events.jsonl","98573","2026-08-31T06:52:05.5643475Z","CBD571A2388C10AAEBD542ABE79C150DE38ACAE98DA82AD39BEE1F650CCB6A26"
"FormalAccuracy-v1/Runs/Simple-StateImport-20260821/cohort_timeseries.csv","105262","2026-08-31T06:46:30.5341562Z","75C62FC58064543FF0DA19C47E03197867ED557AA2C5D8C8F1338AC06AD197E8"
"FormalAccuracy-v1/Runs/Simple-StateImport-20260821/kingdom_timeseries.csv","736847","2026-08-31T06:46:30.5331552Z","E71D7A8CFE10CC409A1D27B4069008FE987574D6CA2D75BF1D9B6AD64561CDCC"
"FormalAccuracy-v1/Runs/Simple-StateImport-20260821/ledger_transactions.jsonl","5733551","2026-08-31T06:46:30.5483793Z","6314EADF2C6D7762A0A0021130503B6CEEB5FF3D259EFA446FFCC4CBF77BB1B9"
"FormalAccuracy-v1/Runs/Simple-StateImport-20260821/lod_transitions.jsonl","46972","2026-08-31T06:46:30.5341562Z","12B87FFF16DAFF6CFF5AF1B9356D084868FF902BB43D38AA005AC302999ECC38"
"FormalAccuracy-v1/Runs/Simple-StateImport-20260821/npc_snapshots.csv","13821","2026-08-31T06:46:30.5341562Z","2F1DB95736A8937061C0E98990A0471437D3E85E1DE9367B81AABF586BA380AB"
"FormalAccuracy-v1/Runs/Simple-StateImport-20260821/run_manifest.json","2857","2026-08-31T06:46:30.5493791Z","152D972583EEF658C0621C146801B0258A61F9797AD508457C9B5C6FC0467756"
"FormalAccuracy-v1/Runs/Simple-StateImport-20260821/simulation_events.jsonl","98182","2026-08-31T06:46:30.5341562Z","97F0CF3653EDDE4C67D354FC29D8709355E34023AD2B5C6D7A6B648AF381DFED"
"FormalAccuracy-v1/Runs/Simple-StateImport-20260822/cohort_timeseries.csv","105258","2026-08-31T06:43:28.2918838Z","0E330BCDAAF32808CC1E73BE76F563E83B40454A22F48AEF4F862544F32F3D11"
"FormalAccuracy-v1/Runs/Simple-StateImport-20260822/kingdom_timeseries.csv","736774","2026-08-31T06:43:28.2909801Z","90411004CAECEB45E05B773690E9791B6EEB9C4C91464941C1FAF4B7825D50D7"
"FormalAccuracy-v1/Runs/Simple-StateImport-20260822/ledger_transactions.jsonl","5733983","2026-08-31T06:43:28.3069420Z","3BCFF62F1872505BDC06F7BD47EB68D9447334EBD6A0DDE4DBEDB62A585B9084"
"FormalAccuracy-v1/Runs/Simple-StateImport-20260822/lod_transitions.jsonl","46974","2026-08-31T06:43:28.2928824Z","98BFF990D657CE3FBB84D957F9CCAF1B52B7CF82B07DBA8C0F06208FD1D559E0"
"FormalAccuracy-v1/Runs/Simple-StateImport-20260822/npc_snapshots.csv","13824","2026-08-31T06:43:28.2918838Z","6D24B220C40F1AD8765E4697FCF9008987B92D4173F4165B5DDFDB74AEF7A403"
"FormalAccuracy-v1/Runs/Simple-StateImport-20260822/run_manifest.json","2854","2026-08-31T06:43:28.3069420Z","2E4ACDB6B32E8DC14E4EFAB35605E57CD59476EA50CE94A58422639018FD880F"
"FormalAccuracy-v1/Runs/Simple-StateImport-20260822/simulation_events.jsonl","98569","2026-08-31T06:43:28.2928824Z","CC1CF179358900D0C9A50A2AA98BF6F13B6B0866BD4A23934969B443A7326218"
"FormalAccuracy-v1/Runs/Simple-StateImport-20260823/cohort_timeseries.csv","106534","2026-08-31T06:53:56.3246337Z","FC9C865BBD67AD75992C106E8C3FCFC44A6F3FB9FAE3D58D1FCA1160E6F26024"
"FormalAccuracy-v1/Runs/Simple-StateImport-20260823/kingdom_timeseries.csv","736775","2026-08-31T06:53:56.3236445Z","D82DCBACC43AFBCE7D14D36A650E6C2508253C025C917DF91E385360BBEA6A3B"
"FormalAccuracy-v1/Runs/Simple-StateImport-20260823/ledger_transactions.jsonl","5733975","2026-08-31T06:53:56.3391548Z","A5FFA1440C3DB4A2988C6A96F56F7CB2ACE3CB57238D866B5AC864D87D9A7ABD"
"FormalAccuracy-v1/Runs/Simple-StateImport-20260823/lod_transitions.jsonl","46972","2026-08-31T06:53:56.3256373Z","20269A95D538D1E4917297E45E276EF766E72E2109A18803B4892A6A801ACC0B"
"FormalAccuracy-v1/Runs/Simple-StateImport-20260823/npc_snapshots.csv","13827","2026-08-31T06:53:56.3246337Z","A46CD561AB3423F9F4565D45A3441DAFB0172D3D9C190B8E66D30D8433323384"
"FormalAccuracy-v1/Runs/Simple-StateImport-20260823/run_manifest.json","2857","2026-08-31T06:53:56.3391548Z","29C70A37D80E31B0C879C39048E26FA9E9DE5B640B28827FD16CC5996E1C697D"
"FormalAccuracy-v1/Runs/Simple-StateImport-20260823/simulation_events.jsonl","98567","2026-08-31T06:53:56.3246337Z","60DAE3B2019E8D42B3B0982EE7988AF5128C84526747A9165B43D135A268A93C"
"FormalAccuracy-v1/Runs/Simple-StateImport-20260824/cohort_timeseries.csv","105266","2026-08-31T06:52:18.3054732Z","DF791E353DD98BCB003B53C6ACA6663F92E2C097F0B2EB8678DA2447299642A6"
"FormalAccuracy-v1/Runs/Simple-StateImport-20260824/kingdom_timeseries.csv","736775","2026-08-31T06:52:18.3044839Z","D4D5BEFF2056C6F97499CC1749D287658F2FF6831D28D97DE51C6DE37D67CA39"
"FormalAccuracy-v1/Runs/Simple-StateImport-20260824/ledger_transactions.jsonl","5733983","2026-08-31T06:52:18.3184773Z","25C2210363A9AD6961B200BECAE9853AEF2B594C674C9D7459C004A7A9BC8A7C"
"FormalAccuracy-v1/Runs/Simple-StateImport-20260824/lod_transitions.jsonl","46974","2026-08-31T06:52:18.3054732Z","583AB0F5374940F328AC9DC90ED9E7125EAC2C495A2772752C661F7E394E892F"
"FormalAccuracy-v1/Runs/Simple-StateImport-20260824/npc_snapshots.csv","13824","2026-08-31T06:52:18.3054732Z","46D3C9B742564E02818330A5AEE84881A2E6F57C1E19DEB1E7921E39B855E3B6"
"FormalAccuracy-v1/Runs/Simple-StateImport-20260824/run_manifest.json","2858","2026-08-31T06:52:18.3194805Z","1802F59DC79702061AF4AAC3FEE9DE54E8DC071DEAD5A63EF1680DD0E6272CBF"
"FormalAccuracy-v1/Runs/Simple-StateImport-20260824/simulation_events.jsonl","98570","2026-08-31T06:52:18.3054732Z","4C9A0806019F29FBC603737C307AC1A6CDDCF8BF72650348235706C169864EF8"
"FormalAccuracy-v1/Runs/Simple-StateImport-20260825/cohort_timeseries.csv","105250","2026-08-31T06:48:14.1384816Z","FCA46AE5682225E2E0713809BD329C85070488925937DC615FE7738B9F4600B8"
"FormalAccuracy-v1/Runs/Simple-StateImport-20260825/kingdom_timeseries.csv","736774","2026-08-31T06:48:14.1384816Z","369E25387CFA80B12E3F4AC67BAB229A7975BCF44955EB0ABBD4BC2A270C79FB"
"FormalAccuracy-v1/Runs/Simple-StateImport-20260825/ledger_transactions.jsonl","5733983","2026-08-31T06:48:14.1530082Z","6FE6F88C7F46DFF2A1F5FC3C6673EF23F58DF6C949AC3D9A3E805F7E4DFD6CE9"
"FormalAccuracy-v1/Runs/Simple-StateImport-20260825/lod_transitions.jsonl","46974","2026-08-31T06:48:14.1394816Z","015BF538626742EC0C31EB7B28ACF4FBA3BB78BA2C25B98D4BB8021BC7829549"
"FormalAccuracy-v1/Runs/Simple-StateImport-20260825/npc_snapshots.csv","13822","2026-08-31T06:48:14.1384816Z","D764E2E25A9EF9E391C1D03387F2DDE4581F62A844A3E33804B8EB020F0FB168"
"FormalAccuracy-v1/Runs/Simple-StateImport-20260825/run_manifest.json","2857","2026-08-31T06:48:14.1540069Z","7466D2BD5D7AC81F0A23A951A78E1615868F5880F366F6A57177A91FDE31BCBD"
"FormalAccuracy-v1/Runs/Simple-StateImport-20260825/simulation_events.jsonl","98569","2026-08-31T06:48:14.1394816Z","82B0751CE03A071F29B380D3C8A419458D210FC8076134E01C11FA967F97036A"
"FormalAccuracy-v1/Runs/Simple-StateImport-20260826/cohort_timeseries.csv","105258","2026-08-31T06:51:41.9543268Z","4D937B6E410BE94CFA759DCBF98ADB9FA4DF0A44A26B6573ACD14B47ABE1F907"
"FormalAccuracy-v1/Runs/Simple-StateImport-20260826/kingdom_timeseries.csv","736775","2026-08-31T06:51:41.9533416Z","228D67D377EAAFC94D782C26F836A26D4EE8637CCE697542504B98DCAA3E9211"
"FormalAccuracy-v1/Runs/Simple-StateImport-20260826/ledger_transactions.jsonl","5733999","2026-08-31T06:51:41.9679585Z","F0C4F66F70AEE05C1A317BE25EE99584E7AF411B3B2BB86B87E96674FBA2B942"
"FormalAccuracy-v1/Runs/Simple-StateImport-20260826/lod_transitions.jsonl","46978","2026-08-31T06:51:41.9543268Z","B4C0D4145EC9F8FE350519EAA7072008003C2E5103ECB2F75F7327AC8B2F615B"
"FormalAccuracy-v1/Runs/Simple-StateImport-20260826/npc_snapshots.csv","13827","2026-08-31T06:51:41.9543268Z","7A534EACC283EE3DFF1F1B603E250488D7F39A00DBFE5EB385F82E6122A6A6F6"
"FormalAccuracy-v1/Runs/Simple-StateImport-20260826/run_manifest.json","2857","2026-08-31T06:51:41.9688813Z","B22D83E243DD4586027573B70EC274F22CD0EAEA3FE2E04E9F350FEBAB923B28"
"FormalAccuracy-v1/Runs/Simple-StateImport-20260826/simulation_events.jsonl","98576","2026-08-31T06:51:41.9543268Z","531639A280180E31CED3E4FD2102150F98828818F7EDB4A689EC56489B9C83A3"
"FormalAccuracy-v1/Runs/Simple-StateImport-20260827/cohort_timeseries.csv","105254","2026-08-31T06:52:19.5154579Z","3B94DEB7F033E4AAC926421DA637AD47D3DC8E0C0C83FD2367EEB94576C92ADB"
"FormalAccuracy-v1/Runs/Simple-StateImport-20260827/kingdom_timeseries.csv","736774","2026-08-31T06:52:19.5144576Z","9B0671030DD0CC16B71790AE19913F18B3AB7693B98001B16FBB23605E1B1FA5"
"FormalAccuracy-v1/Runs/Simple-StateImport-20260827/ledger_transactions.jsonl","5734007","2026-08-31T06:52:19.5305118Z","AA7CA77F7086F5CCC295913A9FD073CA485A82F12428DED50F9088B2EC676E76"
"FormalAccuracy-v1/Runs/Simple-StateImport-20260827/lod_transitions.jsonl","46980","2026-08-31T06:52:19.5164959Z","BB50291B394A6302B72F6161C09244BEADAF2424AFDC9E8F1FBBAEF42390112A"
"FormalAccuracy-v1/Runs/Simple-StateImport-20260827/npc_snapshots.csv","13832","2026-08-31T06:52:19.5154579Z","9B2F061AE4EF5E06CBD0FD2E99349161A628EF07F2715126121B0A7A927B5E2C"
"FormalAccuracy-v1/Runs/Simple-StateImport-20260827/run_manifest.json","2858","2026-08-31T06:52:19.5305118Z","CE7BA492EA33580EB2747BB0449E339B0A88207658980E4898D02E66EFB76379"
"FormalAccuracy-v1/Runs/Simple-StateImport-20260827/simulation_events.jsonl","98578","2026-08-31T06:52:19.5164959Z","0ED14AA255E1581F999BAD1FC9C96B1219B8CA496C9D795881D3ED9FEF7B00BA"
"FormalAccuracy-v1/Runs/Simple-StateImport-20260828/cohort_timeseries.csv","105886","2026-08-31T06:48:12.9211232Z","E407B94F169C1F3BC359E191FB6EBC37416BE3C0A149B49C0A358DB78A7D0E0A"
"FormalAccuracy-v1/Runs/Simple-StateImport-20260828/kingdom_timeseries.csv","736774","2026-08-31T06:48:12.9196190Z","EBFAA266046FC4BBBFC0E835441B848CBC05468FE65452AE804E6A17CBCCD986"
"FormalAccuracy-v1/Runs/Simple-StateImport-20260828/ledger_transactions.jsonl","5733983","2026-08-31T06:48:12.9361595Z","B20E259550A0A83EA1C36EBDA8958056280499B4B9434857B835FA6289D3E954"
"FormalAccuracy-v1/Runs/Simple-StateImport-20260828/lod_transitions.jsonl","46974","2026-08-31T06:48:12.9221277Z","92B4A4057F2B904A5BBBDCA5931BB7A4D0BF58F92E4E345CE4EB906478822943"
"FormalAccuracy-v1/Runs/Simple-StateImport-20260828/npc_snapshots.csv","13824","2026-08-31T06:48:12.9211232Z","9BDF73917CEB65603E3ACFE8C2335D230149F7986E75F19672139CB108AADE50"
"FormalAccuracy-v1/Runs/Simple-StateImport-20260828/run_manifest.json","2855","2026-08-31T06:48:12.9361595Z","E9A74927332FF95DE9BC6A16140E84E9EAAE9D7412D9BC04EAE0DFB75E01EC52"
"FormalAccuracy-v1/Runs/Simple-StateImport-20260828/simulation_events.jsonl","98569","2026-08-31T06:48:12.9221277Z","2FC74E7A29B83F1A5432A17C531A81F8410F25A157459A943541C9E639AA2A98"
"FormalAccuracy-v1/Runs/Simple-StateImport-20260829/cohort_timeseries.csv","105890","2026-08-31T06:51:47.1190430Z","E08CD32A6833E054C3A1481EB3B5624B589739CA1ECE64878D2DC3F39EAE9D5B"
"FormalAccuracy-v1/Runs/Simple-StateImport-20260829/kingdom_timeseries.csv","736774","2026-08-31T06:51:47.1180012Z","4568E96330AEC5E185081A44E713B75FBD375619138949CE5B12000679F89321"
"FormalAccuracy-v1/Runs/Simple-StateImport-20260829/ledger_transactions.jsonl","5733975","2026-08-31T06:51:47.1330569Z","4ADBA17DEAC9A84FF2CA53A347B7D878A88D1323BC80DEFA999128B145DA81A2"
"FormalAccuracy-v1/Runs/Simple-StateImport-20260829/lod_transitions.jsonl","46972","2026-08-31T06:51:47.1190430Z","4A8A66F6BBB1AC4E1A0E641D79FCA2B6728ADBBA32A07C24726B030A9E369431"
"FormalAccuracy-v1/Runs/Simple-StateImport-20260829/npc_snapshots.csv","13824","2026-08-31T06:51:47.1190430Z","9FADC2E414DC9D18C396265C14C168AE5066734FA71FCD51963C1807819BE48B"
"FormalAccuracy-v1/Runs/Simple-StateImport-20260829/run_manifest.json","2858","2026-08-31T06:51:47.1330569Z","1832B68B3337F8C954153FFB8D464A0623AC40281BFC34DD46E2E2DB32D7A6AF"
"FormalAccuracy-v1/Runs/Simple-StateImport-20260829/simulation_events.jsonl","98566","2026-08-31T06:51:47.1190430Z","5A5523A63C399AB5E67B18A1D373228419512E02E7CD610D2A2BC0CDB15D182A"
"FormalAccuracy-v1/Runs/Simple-StateImport-20260830/cohort_timeseries.csv","105254","2026-08-31T06:39:57.6400429Z","0F56F2FCEA5D717F4881B0F6E1442984491A0478588254E363F7D3AB8BB777D3"
"FormalAccuracy-v1/Runs/Simple-StateImport-20260830/kingdom_timeseries.csv","736775","2026-08-31T06:39:57.6391206Z","DED5CE47C839E0E82396B4313FD200829F8832CEA139F5EAF6242802BEBC4507"
"FormalAccuracy-v1/Runs/Simple-StateImport-20260830/ledger_transactions.jsonl","5733983","2026-08-31T06:39:57.6541417Z","ABD8076984CB9A7BFC7BB1214B173BC13E66D0228871BC05CA96716A6FAB7C96"
"FormalAccuracy-v1/Runs/Simple-StateImport-20260830/lod_transitions.jsonl","46974","2026-08-31T06:39:57.6410437Z","B8BC7091C3354639F107776B94D3D4ED2083A42DF94BC1AA060E744C42866D25"
"FormalAccuracy-v1/Runs/Simple-StateImport-20260830/npc_snapshots.csv","13827","2026-08-31T06:39:57.6410437Z","D01114991CB6AACBA03DB487E0CE60F0059248F9A1A1A3FC5C694D5D0247E228"
"FormalAccuracy-v1/Runs/Simple-StateImport-20260830/run_manifest.json","2853","2026-08-31T06:39:57.6550424Z","C1916E4E46D65A96B5E42852156AB4020D9DF0E5FA68B0587B2322283F08E558"
"FormalAccuracy-v1/Runs/Simple-StateImport-20260830/simulation_events.jsonl","98570","2026-08-31T06:39:57.6410437Z","C9203D60D4D055A408C748707F9FD8EB19EFEB1580E38181D8A9FE848530862C"
"FormalAccuracy-v1/Runs/Simple-StateImport-20260831/cohort_timeseries.csv","105898","2026-08-31T06:45:47.6294835Z","7C2F8E72FEDFA03CE814032CDFDE3DB58EB64B195C60A54699E850E3058EA5BE"
"FormalAccuracy-v1/Runs/Simple-StateImport-20260831/kingdom_timeseries.csv","736847","2026-08-31T06:45:47.6284815Z","9F8651D4B7CCA72C129F97F691E4B75FECCC0A7EA907B27FBA914ECDCFA91F33"
"FormalAccuracy-v1/Runs/Simple-StateImport-20260831/ledger_transactions.jsonl","5733551","2026-08-31T06:45:47.6449907Z","E271A799ED7694A613A5F4B7ECBFC1075E4259A67487D33ECD4D79A286C947FC"
"FormalAccuracy-v1/Runs/Simple-StateImport-20260831/lod_transitions.jsonl","46972","2026-08-31T06:45:47.6304802Z","F7EF67CE5D566E67109D57B312C93388D3370EF53B59BA44C2353EFA069276F8"
"FormalAccuracy-v1/Runs/Simple-StateImport-20260831/npc_snapshots.csv","13821","2026-08-31T06:45:47.6294835Z","AF23CA1A54181FDB02B0144EE452F9A0183FFD1BBABF6465F6EAB24B5F6AAB7C"
"FormalAccuracy-v1/Runs/Simple-StateImport-20260831/run_manifest.json","2858","2026-08-31T06:45:47.6449907Z","8FF52D99F733BB3FAD4D70A0480E870944F894E3CB42673750324FBABCA87B2E"
"FormalAccuracy-v1/Runs/Simple-StateImport-20260831/simulation_events.jsonl","98182","2026-08-31T06:45:47.6304802Z","6B746E10DCE9CDA598AF4652B05475C174E6B05279F6A480D7AD5173AB9FF047"
"FormalAccuracy-v1/Runs/Simple-StateImport-20260832/cohort_timeseries.csv","105898","2026-08-31T06:42:25.6237397Z","C65F9FC7DA46D807D319B783DD23EBDEAAD956A7F8CE849220ED1DCF63709433"
"FormalAccuracy-v1/Runs/Simple-StateImport-20260832/kingdom_timeseries.csv","736775","2026-08-31T06:42:25.6237397Z","B2EC28BDB8AC51381E5C7AF05B1E5BFC3ABA8C3D495CEB855735DCA3A39017D6"
"FormalAccuracy-v1/Runs/Simple-StateImport-20260832/ledger_transactions.jsonl","5733983","2026-08-31T06:42:25.6378238Z","3CD5CF82D6AED1D3634FB95F47FC462804650DECE48F701048957E5CD6C9A869"
"FormalAccuracy-v1/Runs/Simple-StateImport-20260832/lod_transitions.jsonl","46974","2026-08-31T06:42:25.6247399Z","DD89EFD9AEA4924942A5CF61CF98A2265D63ACB510633DD0B2AEED2D7CD515C4"
"FormalAccuracy-v1/Runs/Simple-StateImport-20260832/npc_snapshots.csv","13826","2026-08-31T06:42:25.6247399Z","95350377B7B0D99C4FBC810C930C96C9D62A7D3907179C3FE5E2CB0210213173"
"FormalAccuracy-v1/Runs/Simple-StateImport-20260832/run_manifest.json","2856","2026-08-31T06:42:25.6387403Z","6978AD9C68009A9FCB60D6555EFA2C79E310EDDC5150EC0662BE8FB71EC05401"
"FormalAccuracy-v1/Runs/Simple-StateImport-20260832/simulation_events.jsonl","98570","2026-08-31T06:42:25.6247399Z","EA9576962B1C78DD5D4878738F107897E32526394D6146F64AF9C6C529275A04"
"FormalAccuracy-v1/Runs/Simple-StateImport-20260833/cohort_timeseries.csv","104630","2026-08-31T06:40:12.7485840Z","CBC0C66AD235157A7AC2FF4C668F1735813832D3F3A89E8A91E8F1B527BB9AB3"
"FormalAccuracy-v1/Runs/Simple-StateImport-20260833/kingdom_timeseries.csv","736775","2026-08-31T06:40:12.7475988Z","E03EED5B4D47A4DAD0D2D63FA33D0A7AFA04482AC30AF1DD55A81AC926819863"
"FormalAccuracy-v1/Runs/Simple-StateImport-20260833/ledger_transactions.jsonl","5733983","2026-08-31T06:40:12.7616984Z","4D46F3DA020A50875B62EFFF352553B7154C8E8967A213612383A3991883D497"
"FormalAccuracy-v1/Runs/Simple-StateImport-20260833/lod_transitions.jsonl","46974","2026-08-31T06:40:12.7485840Z","BE18A3073DE4D187CA2F210CC5AE03E94C0C035CEA03263F6A7FEADCCC58A81B"
"FormalAccuracy-v1/Runs/Simple-StateImport-20260833/npc_snapshots.csv","13821","2026-08-31T06:40:12.7485840Z","FDCD35FF7B27D089BF142B886A144DA66C6A257B46E8FE40C882AB7D39F319E3"
"FormalAccuracy-v1/Runs/Simple-StateImport-20260833/run_manifest.json","2854","2026-08-31T06:40:12.7631029Z","4DF3F4D5B4AFEC61D490AF5176D5340055C89ADC752533B2D3F4F22D13C711D0"
"FormalAccuracy-v1/Runs/Simple-StateImport-20260833/simulation_events.jsonl","98570","2026-08-31T06:40:12.7485840Z","BFEC15CF6E037C5E523354988B5B4F6D43D88A8F1C793AC0F037DA61583EEC24"
"FormalAccuracy-v1/Runs/Simple-StateImport-20260834/cohort_timeseries.csv","106530","2026-08-31T06:48:37.8673835Z","B54D0AAA5314CC804AF5D7AE92FEAAB4BC015C2ED880F1B352B814BA02144FD4"
"FormalAccuracy-v1/Runs/Simple-StateImport-20260834/kingdom_timeseries.csv","736775","2026-08-31T06:48:37.8663837Z","A8AA3B1B20E9DBD88CB9987D7591FE5B6082A1D9C4E5AD1A1A771B79FCAA6A87"
"FormalAccuracy-v1/Runs/Simple-StateImport-20260834/ledger_transactions.jsonl","5733975","2026-08-31T06:48:37.8818930Z","62DD78BE498DDF57A5C0A7F04342251C447A0D8629C81A35BBDB7F1460D7EF43"
"FormalAccuracy-v1/Runs/Simple-StateImport-20260834/lod_transitions.jsonl","46972","2026-08-31T06:48:37.8673835Z","C03342ADC965FE378A28EC859089407B82AA8C42A1E2CB5AB5F0651D2BA84CC6"
"FormalAccuracy-v1/Runs/Simple-StateImport-20260834/npc_snapshots.csv","13823","2026-08-31T06:48:37.8673835Z","8B26A09175E5536414066DEA8CB6819642296E4D37B9B9739DACE1C1EF15B948"
"FormalAccuracy-v1/Runs/Simple-StateImport-20260834/run_manifest.json","2857","2026-08-31T06:48:37.8818930Z","469A80334299EA691BDE456694E3902A1926507CE0D95DBF177FACE3C489FB3E"
"FormalAccuracy-v1/Runs/Simple-StateImport-20260834/simulation_events.jsonl","98567","2026-08-31T06:48:37.8673835Z","7BBDF144ABFC90EC04429B0F6D2019960E8FD2A704A5A84ED3D76FDBF171CC6E"
"FormalAccuracy-v1/Runs/Simple-StateImport-20260835/cohort_timeseries.csv","105258","2026-08-31T06:49:07.6679902Z","6DC7830F12EC2F344FB0ACE986AEC996883BE4CDE218999181B8483D0ED9D3EB"
"FormalAccuracy-v1/Runs/Simple-StateImport-20260835/kingdom_timeseries.csv","736774","2026-08-31T06:49:07.6679902Z","CE729F9B1D188FF7F1846D23C8750EF4EAB066F8054684DECB5E298D6704F31A"
"FormalAccuracy-v1/Runs/Simple-StateImport-20260835/ledger_transactions.jsonl","5733983","2026-08-31T06:49:07.6825789Z","322452ED37677B40BD36E4736BE0552CC03835AC9CE2AB65C9EE5B2F40F6072B"
"FormalAccuracy-v1/Runs/Simple-StateImport-20260835/lod_transitions.jsonl","46974","2026-08-31T06:49:07.6689826Z","27D8ACD0BEC8E67FCDA5D83CB63BAE7B3FDB3DD64333BD2643573E14074A936E"
"FormalAccuracy-v1/Runs/Simple-StateImport-20260835/npc_snapshots.csv","13827","2026-08-31T06:49:07.6679902Z","B86E854C6D149803812F6476153316F30F9D874215FCC692C64343610A8F9C20"
"FormalAccuracy-v1/Runs/Simple-StateImport-20260835/run_manifest.json","2853","2026-08-31T06:49:07.6835106Z","6F967E11E72F4BF5EEE48295EFA59D0E1102BD3155FF8CA0DFE8A7C558D4860E"
"FormalAccuracy-v1/Runs/Simple-StateImport-20260835/simulation_events.jsonl","98569","2026-08-31T06:49:07.6689826Z","46F62226796CA19AB7F81DFD21EF509C7B7D37171C3DD30E1AF33833C97A826E"
"FormalAccuracy-v1/Runs/Simple-StateImport-20260836/cohort_timeseries.csv","105266","2026-08-31T06:44:45.7749777Z","C986090669111E9E71E3A7D65CAEA6CA48D25442D172F7A37BDC6E7D3266ACD8"
"FormalAccuracy-v1/Runs/Simple-StateImport-20260836/kingdom_timeseries.csv","736774","2026-08-31T06:44:45.7749777Z","D53DBD75523E90B859B9618B23A99D575995A79B44FEC433DEFA4145C4464404"
"FormalAccuracy-v1/Runs/Simple-StateImport-20260836/ledger_transactions.jsonl","5733983","2026-08-31T06:44:45.7889782Z","84AFBF4A23A565D74E62865EDC3CCBCD1EA453756141197BA599DB66A1ECC36E"
"FormalAccuracy-v1/Runs/Simple-StateImport-20260836/lod_transitions.jsonl","46974","2026-08-31T06:44:45.7759792Z","46C31FE6739AB8185FF3969C28ADC5E2B7C6814D7E366333A83753005111E4E1"
"FormalAccuracy-v1/Runs/Simple-StateImport-20260836/npc_snapshots.csv","13824","2026-08-31T06:44:45.7759792Z","BA8A34908A71553E4E807E63D590E768F330FA9433F35C81FBABBA5352244C88"
"FormalAccuracy-v1/Runs/Simple-StateImport-20260836/run_manifest.json","2856","2026-08-31T06:44:45.7889782Z","89BB559D2012325EC2DF3D2F8FD62F20C613524AF8A900F2C696E3CC1EF21D8D"
"FormalAccuracy-v1/Runs/Simple-StateImport-20260836/simulation_events.jsonl","98569","2026-08-31T06:44:45.7759792Z","DCC16A0C6FDFABA908597A7098DB5D44C9CA17B045122CE8DA619B844838F33E"
"FormalAccuracy-v1/Runs/Simple-StateImport-20260837/cohort_timeseries.csv","105262","2026-08-31T06:50:29.3589790Z","02F22FBFEBF9B2963363F32E0EEE104F15710D6F33E097531480F3457F9A156F"
"FormalAccuracy-v1/Runs/Simple-StateImport-20260837/kingdom_timeseries.csv","736774","2026-08-31T06:50:29.3579860Z","E96C408C828A2EA934CF746C12677AD51E0D335BBB3A0E9A446713F3925DBC5C"
"FormalAccuracy-v1/Runs/Simple-StateImport-20260837/ledger_transactions.jsonl","5733983","2026-08-31T06:50:29.3744992Z","76C54B69D7F64FCDA4A6F5D571BFB0BEFE5853209263E1B2F332CAB55D6A8D06"
"FormalAccuracy-v1/Runs/Simple-StateImport-20260837/lod_transitions.jsonl","46974","2026-08-31T06:50:29.3599801Z","188E7C32DDE9DBF693C025494F72FF8053C0B38766C75D141CC043892A5F2B6F"
"FormalAccuracy-v1/Runs/Simple-StateImport-20260837/npc_snapshots.csv","13828","2026-08-31T06:50:29.3589790Z","5426B8D364AFCB55985F7D49984D5BB15E31AFAD04DAC7A03EE8CA2CBC7B2E98"
"FormalAccuracy-v1/Runs/Simple-StateImport-20260837/run_manifest.json","2858","2026-08-31T06:50:29.3744992Z","EE1316DFDAC8EF5FB894BEEADC7FFA6989DDFB65798E6B707B80426EB07262F8"
"FormalAccuracy-v1/Runs/Simple-StateImport-20260837/simulation_events.jsonl","98569","2026-08-31T06:50:29.3599801Z","3844F50575814F32F2F31C480E0A55E196B6846F25B2A7B7571A17D06E53799A"
"FormalAccuracy-v1/Runs/Simple-StateImport-20260838/cohort_timeseries.csv","105910","2026-08-31T06:52:31.0425108Z","91FDCB336AAB30857F2ADA6491BB361370599F5D567B959F6F9E8D176F3CEC89"
"FormalAccuracy-v1/Runs/Simple-StateImport-20260838/kingdom_timeseries.csv","736847","2026-08-31T06:52:31.0410079Z","11A4D88D798DA3B715D78D5D61126107E3F6656D7099BC5AB5274AA92AD7A690"
"FormalAccuracy-v1/Runs/Simple-StateImport-20260838/ledger_transactions.jsonl","5733575","2026-08-31T06:52:31.0565124Z","7C7882DB424CB8DDEE0FDD9E1FD0A3EE8B22ADC0A4605BD204EFD2B12FC27364"
"FormalAccuracy-v1/Runs/Simple-StateImport-20260838/lod_transitions.jsonl","46978","2026-08-31T06:52:31.0435168Z","19EE0D7921256143516F552392C9CEB9B4C57A61BA54C03D171F7927E7C42178"
"FormalAccuracy-v1/Runs/Simple-StateImport-20260838/npc_snapshots.csv","13827","2026-08-31T06:52:31.0425108Z","CBC1AF2CC892DB8D1C3FFF7952807BAF4400F2D863A99144798E554DF380956A"
"FormalAccuracy-v1/Runs/Simple-StateImport-20260838/run_manifest.json","2858","2026-08-31T06:52:31.0565124Z","764EAFAB8113AB40627963EF1733EDE408FC9AFA9D239345F81E9D39CA4ECD35"
"FormalAccuracy-v1/Runs/Simple-StateImport-20260838/simulation_events.jsonl","98191","2026-08-31T06:52:31.0425108Z","CF90FF5724D0638194CB3B394156432AC6BFEF420506095A2DBC80198093181B"
"FormalAccuracy-v1/Runs/Simple-StateImport-20260839/cohort_timeseries.csv","105250","2026-08-31T06:50:30.7588479Z","8152159AF483C1795A89CACBEF04708C623EF03EB18068B7F963369C4E70DD36"
"FormalAccuracy-v1/Runs/Simple-StateImport-20260839/kingdom_timeseries.csv","736774","2026-08-31T06:50:30.7578487Z","F937837E13DEDBF64443778E72459286150FBF3E5EDFF90172189DF754F5189C"
"FormalAccuracy-v1/Runs/Simple-StateImport-20260839/ledger_transactions.jsonl","5734007","2026-08-31T06:50:30.7733826Z","F13131B358490C97CB37B298FD88857DCF2D867F52AB49FCFBC16D1740A83406"
"FormalAccuracy-v1/Runs/Simple-StateImport-20260839/lod_transitions.jsonl","46980","2026-08-31T06:50:30.7597604Z","74C06750CDD011E7759B9D9939AE88925206B13E2E20A97A423FF98EC53FB5AB"
"FormalAccuracy-v1/Runs/Simple-StateImport-20260839/npc_snapshots.csv","13829","2026-08-31T06:50:30.7588479Z","D2CD8F812F56D141DAE3EA6563893E2EB6D7DC651FAF1DE8AADE98D6B7B8E863"
"FormalAccuracy-v1/Runs/Simple-StateImport-20260839/run_manifest.json","2856","2026-08-31T06:50:30.7733826Z","8EECEBE0AC5C98BACCBF0CFA62BB6E5E4651181C12AFE3141B1DC0D000551DE7"
"FormalAccuracy-v1/Runs/Simple-StateImport-20260839/simulation_events.jsonl","98578","2026-08-31T06:50:30.7597604Z","342C38417BE7F82F6B5853BD0781278992D578F9AACF2A6FD82C4E2B0F8E109F"
"FormalAccuracy-v1/Runs/Simple-StateImport-20260840/cohort_timeseries.csv","106522","2026-08-31T06:43:16.9900324Z","567C79AF8C291611ECE30B711B9A076884BA161A4CE3F2F397D9FDE18C794138"
"FormalAccuracy-v1/Runs/Simple-StateImport-20260840/kingdom_timeseries.csv","736775","2026-08-31T06:43:16.9889787Z","F53CF042B272B43AC23162EB9AD94D869296A273FE472C6B295CF66E7EB52A6E"
"FormalAccuracy-v1/Runs/Simple-StateImport-20260840/ledger_transactions.jsonl","5733975","2026-08-31T06:43:17.0049886Z","076759F8000862343395A5818A925178C30C6826A5BE8062B19640F20007C933"
"FormalAccuracy-v1/Runs/Simple-StateImport-20260840/lod_transitions.jsonl","46972","2026-08-31T06:43:16.9909899Z","BC479236719F94A2F6D854EBCF777F0390F4A61D265B1BBAE46644BF023C9421"
"FormalAccuracy-v1/Runs/Simple-StateImport-20260840/npc_snapshots.csv","13824","2026-08-31T06:43:16.9909899Z","3733E33B4DCF24E9F1246C70FBAF69E821E8086B1378A2CFAEC69AFF09FD647F"
"FormalAccuracy-v1/Runs/Simple-StateImport-20260840/run_manifest.json","2855","2026-08-31T06:43:17.0059921Z","50BB9388FBF56262567BCB76A2897DF0EB35CCDA4B0DB027BA4A7F104B33E550"
"FormalAccuracy-v1/Runs/Simple-StateImport-20260840/simulation_events.jsonl","98567","2026-08-31T06:43:16.9909899Z","D63BE0ABF64B7B96B367E75E098611243BF763367E0A8DC8977E120B31756809"
"FormalAccuracy-v1/Runs/Simple-StateImport-20260841/cohort_timeseries.csv","105258","2026-08-31T06:52:30.8331720Z","54DF876ABEE61F6EBD527D0E8E542903262E601301B3E98595685F8938384013"
"FormalAccuracy-v1/Runs/Simple-StateImport-20260841/kingdom_timeseries.csv","736775","2026-08-31T06:52:30.8331720Z","EEEB529527DBE5D0703BBF7658FE50534A5FEB27F83D4A57B5AF0092E2A36944"
"FormalAccuracy-v1/Runs/Simple-StateImport-20260841/ledger_transactions.jsonl","5733983","2026-08-31T06:52:30.8481708Z","9C4E040EFE6131A8A4ADF5BEB4DE8B9910024D8CF313BBA6B70CAD4B2AE53B0C"
"FormalAccuracy-v1/Runs/Simple-StateImport-20260841/lod_transitions.jsonl","46974","2026-08-31T06:52:30.8341708Z","7A13B93EB6ED30578B568481A2208C9F8791F930DD0267F001135CA9F3C6E760"
"FormalAccuracy-v1/Runs/Simple-StateImport-20260841/npc_snapshots.csv","13822","2026-08-31T06:52:30.8341708Z","3A5727BCC1474FB2F9AABC387D967143A36B8469BEC3F50F3869DDDED805F7B3"
"FormalAccuracy-v1/Runs/Simple-StateImport-20260841/run_manifest.json","2856","2026-08-31T06:52:30.8491782Z","372A355B557A7609F0FD79B4BFC3F302FC3B26AA8D4637FE936429DA0E04D51D"
"FormalAccuracy-v1/Runs/Simple-StateImport-20260841/simulation_events.jsonl","98570","2026-08-31T06:52:30.8341708Z","D132A6C6C5B391D8FCC1A2612C8EA6352013DE35AB17033D78768F6D27881859"
"FormalAccuracy-v1/Runs/Simple-StateImport-20260842/cohort_timeseries.csv","105254","2026-08-31T06:41:17.0914294Z","10C164FE28F7783D1F25AFC2652F60FBB4C7F30BC7A40046E001ADDD55C2292C"
"FormalAccuracy-v1/Runs/Simple-StateImport-20260842/kingdom_timeseries.csv","736775","2026-08-31T06:41:17.0914294Z","CB2B9A9F4CE0418394E158A7984E8259AD74EAF5F393A0F38897CD5CF57774F5"
"FormalAccuracy-v1/Runs/Simple-StateImport-20260842/ledger_transactions.jsonl","5733983","2026-08-31T06:41:17.1061431Z","AD11664678D15316CEDA3FA7403E662B9970528E1E80A710965187E362840067"
"FormalAccuracy-v1/Runs/Simple-StateImport-20260842/lod_transitions.jsonl","46974","2026-08-31T06:41:17.0929674Z","4538A0F014871B7A69CD0159379DF22F5878EECAB83100E430406E171CCE3CF3"
"FormalAccuracy-v1/Runs/Simple-StateImport-20260842/npc_snapshots.csv","13822","2026-08-31T06:41:17.0929674Z","5E6E2552942F18A282C30A534534E3AC7F8DA94A310587B92B57C4C09C18E700"
"FormalAccuracy-v1/Runs/Simple-StateImport-20260842/run_manifest.json","2855","2026-08-31T06:41:17.1071798Z","C51AA38170A8907E37F231DC495753F72EFE514894310170E32B335A060A93B2"
"FormalAccuracy-v1/Runs/Simple-StateImport-20260842/simulation_events.jsonl","98570","2026-08-31T06:41:17.0929674Z","01E3E389321DBFC55427192215E541B5112856411DB85727616EF8F56C45FEE5"
"FormalAccuracy-v1/Runs/Simple-StateImport-20260843/cohort_timeseries.csv","105894","2026-08-31T06:50:24.0523293Z","519FE3C63CFD09140B6C248634DFB126D10452CEFDA6F7EFE251E3AA78DD9724"
"FormalAccuracy-v1/Runs/Simple-StateImport-20260843/kingdom_timeseries.csv","736774","2026-08-31T06:50:24.0513241Z","130A9374F11953B179BACA146A5B600A0D5C6A320794585F656EC2D79102FFBF"
"FormalAccuracy-v1/Runs/Simple-StateImport-20260843/ledger_transactions.jsonl","5733999","2026-08-31T06:50:24.0664782Z","7C8181E8F0B82BEA9327AE6482232A2BDEC16DD5174563D10B4C1A5788FAC26C"
"FormalAccuracy-v1/Runs/Simple-StateImport-20260843/lod_transitions.jsonl","46978","2026-08-31T06:50:24.0533288Z","2E42151529418DF7B70840720B7419A2E23B4C8FCEF7F7789752D8C68FB97FDB"
"FormalAccuracy-v1/Runs/Simple-StateImport-20260843/npc_snapshots.csv","13830","2026-08-31T06:50:24.0523293Z","52F8914164554C3F83094EEE6A237DBBF4A7FAB3D292D1D81AB99A8F35F3807A"
"FormalAccuracy-v1/Runs/Simple-StateImport-20260843/run_manifest.json","2858","2026-08-31T06:50:24.0664782Z","415FB523D6EB55B0C338E1F8F8FC1CE4D5352B4DAB9B7AFF4BCBA7909280D0D2"
"FormalAccuracy-v1/Runs/Simple-StateImport-20260843/simulation_events.jsonl","98575","2026-08-31T06:50:24.0533288Z","FB8C4440E11EB33414171AD9F6ADDE419361B977A4DC551D3581C0A1B816CCFE"
"FormalAccuracy-v1/Runs/Simple-StateImport-20260844/cohort_timeseries.csv","105886","2026-08-31T06:51:51.3001959Z","7ECAB8CE9C438A460EBA2C263E7630D16EFA53A2B5F50FFAA387FCA55BA29FAD"
"FormalAccuracy-v1/Runs/Simple-StateImport-20260844/kingdom_timeseries.csv","736775","2026-08-31T06:51:51.2991960Z","1318642A711631541B96A8EA3A0F45B8727C98AB1F08FB7F22134FABB3FBD44D"
"FormalAccuracy-v1/Runs/Simple-StateImport-20260844/ledger_transactions.jsonl","5733975","2026-08-31T06:51:51.3143790Z","8980A84099AFFC3BB22AF5E4BF4876F3E45EE3CCF196945B463B195ACAA40765"
"FormalAccuracy-v1/Runs/Simple-StateImport-20260844/lod_transitions.jsonl","46972","2026-08-31T06:51:51.3011973Z","E0F265F48856971698CDBCCCFB30967B57F4FD882B4D859133DF24686D6D78BA"
"FormalAccuracy-v1/Runs/Simple-StateImport-20260844/npc_snapshots.csv","13821","2026-08-31T06:51:51.3001959Z","DFEDAB4E7F079F2D8B63E07436D3C40D7A4838D4CDFE05040A64FE0746818B23"
"FormalAccuracy-v1/Runs/Simple-StateImport-20260844/run_manifest.json","2858","2026-08-31T06:51:51.3153961Z","384AA5ECFBC99624C2089A0D6EC7797E2391BCFA64CEC075139515AE00DEEA3A"
"FormalAccuracy-v1/Runs/Simple-StateImport-20260844/simulation_events.jsonl","98567","2026-08-31T06:51:51.3011973Z","5738A216168246BCF46D40FA0EBB4C27373EA895AABD31482BD855EEC4889A26"
"FormalPerformance-v1/N10000/Inputs/Seed-20260815/earthquake_damage_list.json","135849","2026-08-31T07:16:47.2474550Z","67503C037A5EE9B0C4725FDFC7EB61053B95B089782F8171889BECEDD6F1C541"
"FormalPerformance-v1/N10000/Inputs/Seed-20260815/initial_population_manifest.json","2645873","2026-08-31T07:16:47.2464561Z","5C7A16EB7FCB3615AD64CF92E983299736805D6D8F1E141CAC4EF54C44ABC632"
"FormalPerformance-v1/N10000/Inputs/Seed-20260815/persistent_test_pool.json","4200","2026-08-31T07:16:47.2484559Z","3ACFF8BE81E8F05953CCC947D255EDBEA611D7AAFB843233541FA20FE70AE9A7"
"FormalPerformance-v1/N10000/metrics_summary.csv","230457","2026-08-31T07:18:40.4795125Z","6981FE66717AFD7AC0301E4C03AEA63BC7CFEF1A13599B12EED4552490E0E87C"
"FormalPerformance-v1/N10000/phase8_audit.json","3260","2026-08-31T20:03:55.7014981Z","F0AE80DAFF702DCBDEAE451F99EFA9370BC20A473EF35E1EB216DF9630E243FF"
"FormalPerformance-v1/N10000/run_schedule.csv","3914","2026-08-31T07:16:47.2289248Z","80696050076336DCCC28D4033C43E0AE63DE7FDC5D17B26B3462ECBEB0D065D1"
"FormalPerformance-v1/N10000/Runs/PerAgent-StateImport-20260815-R01/performance_1s.csv","1534","2026-08-31T07:17:49.5048381Z","D49FA01F4D07E256FEDD489C003E44A1781EFF733BB02F80B3A161E553AFC205"
"FormalPerformance-v1/N10000/Runs/PerAgent-StateImport-20260815-R01/run_manifest.json","2829","2026-08-31T07:17:49.5057394Z","D084C9BDB4E927AC5483154970316D432431413254C72A48C63EE6BAC75297A7"
"FormalPerformance-v1/N10000/Runs/PerAgent-StateImport-20260815-R02/performance_1s.csv","1536","2026-08-31T07:17:30.3704346Z","782EFE256877C37547AAD6D6D1987FB73BF943EB3DCF253B1192BA07942EF636"
"FormalPerformance-v1/N10000/Runs/PerAgent-StateImport-20260815-R02/run_manifest.json","2829","2026-08-31T07:17:30.3704346Z","6DBA285829E3C603C5B2C07C5BAC6D2EADBF6FB646E5740A36828B46B7DACBC5"
"FormalPerformance-v1/N10000/Runs/PerAgent-StateImport-20260815-R03/performance_1s.csv","1537","2026-08-31T07:18:40.4434472Z","432C8680089B904906F5822DFC07B7342DF5226F2A191A1CF06BC0E007DA6880"
"FormalPerformance-v1/N10000/Runs/PerAgent-StateImport-20260815-R03/run_manifest.json","2828","2026-08-31T07:18:40.4434472Z","58F6C9A9198026A8CDC6DF919609D5D644E3295CDF81104E136C2FC2C7ABC79D"
"FormalPerformance-v1/N10000/Runs/PerAgent-StateImport-20260815-R04/performance_1s.csv","1538","2026-08-31T07:17:09.5669306Z","1CBDF1477538EA9A6ECEECB7077398C63BC9721ECA97C63186E01020701EFFF9"
"FormalPerformance-v1/N10000/Runs/PerAgent-StateImport-20260815-R04/run_manifest.json","2828","2026-08-31T07:17:09.5669306Z","A52BE1993FF93D4755022F07645E4015B5842DD68D8B91E0353AB25D2F436A22"
"FormalPerformance-v1/N10000/Runs/PerAgent-StateImport-20260815-R05/performance_1s.csv","1538","2026-08-31T07:18:05.6778194Z","8F9564409DD6259D98AA9579E0724BDD64C535B66CE7159364B7E37780892BF7"
"FormalPerformance-v1/N10000/Runs/PerAgent-StateImport-20260815-R05/run_manifest.json","2830","2026-08-31T07:18:05.6778194Z","10D8E31EB866158D9C1FB76DE903BC4D8EA1931E0D295E01DB3152A84F68FB27"
"FormalPerformance-v1/N10000/Runs/PerAgent-StateImport-20260815-R06/performance_1s.csv","1536","2026-08-31T07:18:29.0744450Z","663D6E05A994B465923598603CB78FB37846960294B877C5CEF7D53D82E5E7D5"
"FormalPerformance-v1/N10000/Runs/PerAgent-StateImport-20260815-R06/run_manifest.json","2830","2026-08-31T07:18:29.0744450Z","8B1784BEEB39FB140A6A37B2EAFDF16F271648CCBF4908F27BE75739DCFE680F"
"FormalPerformance-v1/N10000/Runs/PerAgent-StateImport-20260815-R07/performance_1s.csv","1538","2026-08-31T07:17:36.7254693Z","9A261C3C17FCB90B0E59C38448FD4681C3FC9155FC711AAA669352CD00C85133"
"FormalPerformance-v1/N10000/Runs/PerAgent-StateImport-20260815-R07/run_manifest.json","2829","2026-08-31T07:17:36.7254693Z","09F1D747B73DE896C15434C9AE07C391BD63B15D3CC7CE69B8185A631425432C"
"FormalPerformance-v1/N10000/Runs/PerAgent-StateImport-20260815-R08/performance_1s.csv","1534","2026-08-31T07:17:42.9658012Z","128A49239AD7D445D63835E7EB6821EBE89E449D16CF88F64D1398B5FC52661D"
"FormalPerformance-v1/N10000/Runs/PerAgent-StateImport-20260815-R08/run_manifest.json","2829","2026-08-31T07:17:42.9668019Z","435B3E34F98494404721CEC68B85A5E46B172E80A4052B5A4C81EBF7FD9CAFC6"
"FormalPerformance-v1/N10000/Runs/PerAgent-StateImport-20260815-R09/performance_1s.csv","1534","2026-08-31T07:16:58.3586618Z","96D2AD2532D72C3C0A5300B81F94E98E937D54B70AAB90E9CF27AEC81BF7358E"
"FormalPerformance-v1/N10000/Runs/PerAgent-StateImport-20260815-R09/run_manifest.json","2828","2026-08-31T07:16:58.3586618Z","C2AAAEB9A9FD88C7F03E9375421D9A41F655A45289CBFAC7AC448FB2A4B2D7FB"
"FormalPerformance-v1/N10000/Runs/PerAgent-StateImport-20260815-R10/performance_1s.csv","1537","2026-08-31T07:18:17.4133439Z","CB438D5EE05C346095963B6E25AF024D321374ECCE88948FA00F66F8A145CBCF"
"FormalPerformance-v1/N10000/Runs/PerAgent-StateImport-20260815-R10/run_manifest.json","2831","2026-08-31T07:18:17.4133439Z","E8FFBCEA6195F226589BB50B5C23D685E9B6158985A81A2535B683118187287E"
"FormalPerformance-v1/N10000/Runs/Proposed-StateImport-20260815-R01/performance_1s.csv","1133","2026-08-31T07:17:19.2274014Z","D62A8A20836636D63213B310E246B185BA81DB67B2A2D6520BC31412E1066E70"
"FormalPerformance-v1/N10000/Runs/Proposed-StateImport-20260815-R01/run_manifest.json","4136","2026-08-31T07:17:19.2274014Z","26BB41F25870F512FE2CA9A4E5EF7A33670D2701796C7A15D3B471A8B81DE798"
"FormalPerformance-v1/N10000/Runs/Proposed-StateImport-20260815-R02/performance_1s.csv","1324","2026-08-31T07:18:22.6125002Z","357DAC47B78FB2827F6155443057DB114631A01000BBDAEED48827AC99EC2796"
"FormalPerformance-v1/N10000/Runs/Proposed-StateImport-20260815-R02/run_manifest.json","4138","2026-08-31T07:18:22.6125002Z","CC231179915E8BF5424F37832E1595982E3B012C46F10AF171D530EB6B9F3EC2"
"FormalPerformance-v1/N10000/Runs/Proposed-StateImport-20260815-R03/performance_1s.csv","1133","2026-08-31T07:17:24.1234764Z","E66996D373B50D038A0A540FAEF804F78D8868013E0CC08C45DCA8861FF232D0"
"FormalPerformance-v1/N10000/Runs/Proposed-StateImport-20260815-R03/run_manifest.json","4138","2026-08-31T07:17:24.1243776Z","3E472EB5BD9E496CB031C13B2CAB8BD33D9EA0AC54DF200A484340A39C1DD8DC"
"FormalPerformance-v1/N10000/Runs/Proposed-StateImport-20260815-R04/performance_1s.csv","1134","2026-08-31T07:17:03.1716948Z","F309661A1B5063ADB8FEAF29ABD21AA197B2CEE4B211F896A54286F604E048BC"
"FormalPerformance-v1/N10000/Runs/Proposed-StateImport-20260815-R04/run_manifest.json","4136","2026-08-31T07:17:03.1716948Z","614FB1CFCC0CDEEB569145D33B24871D68FAD47F16150CE5CFA982A356A8DF17"
"FormalPerformance-v1/N10000/Runs/Proposed-StateImport-20260815-R05/performance_1s.csv","1130","2026-08-31T07:17:14.3367141Z","7122B7D85920C1A0BE9E692802677AD7716ED68CD95C64DCBCA3B042CA69EEE6"
"FormalPerformance-v1/N10000/Runs/Proposed-StateImport-20260815-R05/run_manifest.json","4133","2026-08-31T07:17:14.3367141Z","0B6A349F4692E22A80BCA4E50E6FA2C3F491F45318978661E527713A9CF0940B"
"FormalPerformance-v1/N10000/Runs/Proposed-StateImport-20260815-R06/performance_1s.csv","1133","2026-08-31T07:16:52.0549515Z","97DC93F0C77B6FC7887B183D65D1F9482063CFF97D0155FB028EE99B920136C6"
"FormalPerformance-v1/N10000/Runs/Proposed-StateImport-20260815-R06/run_manifest.json","4131","2026-08-31T07:16:52.0549515Z","7A34E67A788EF379E69A28897814593E3FA96A63B89DBE50378BAED3E6686D7E"
"FormalPerformance-v1/N10000/Runs/Proposed-StateImport-20260815-R07/performance_1s.csv","1131","2026-08-31T07:17:59.2109133Z","1E2D98776AAB4F97D4D3D7A7D95B8E0E40BBD2BC9641FB94BD963719FB9BD785"
"FormalPerformance-v1/N10000/Runs/Proposed-StateImport-20260815-R07/run_manifest.json","4137","2026-08-31T07:17:59.2109133Z","3045FF3AD063F767F0E151F280135CB60B7D6231FDF3E1564DA437B64DE411DF"
"FormalPerformance-v1/N10000/Runs/Proposed-StateImport-20260815-R08/performance_1s.csv","1132","2026-08-31T07:18:34.0659138Z","134F0BDCD72A8C5188E6B1E7566B4C2C37F4A5D84CC3D6B8F9108BC21E8C1D04"
"FormalPerformance-v1/N10000/Runs/Proposed-StateImport-20260815-R08/run_manifest.json","4137","2026-08-31T07:18:34.0659138Z","EEC97454C17B3384643C6405B79DFD2442137EC5FE1061D58AB29CCAA0A51FD1"
"FormalPerformance-v1/N10000/Runs/Proposed-StateImport-20260815-R09/performance_1s.csv","1328","2026-08-31T07:18:10.9460004Z","D5AA314D3010EA9C59BCA66C577B27A3B7E912B7D82CC7D093DB6A2BBB13685D"
"FormalPerformance-v1/N10000/Runs/Proposed-StateImport-20260815-R09/run_manifest.json","4137","2026-08-31T07:18:10.9460004Z","4E6C666E59F6262D6034F4EA76798A976F09CE4407F58EF120FF9BB229B745DC"
"FormalPerformance-v1/N10000/Runs/Proposed-StateImport-20260815-R10/performance_1s.csv","1134","2026-08-31T07:17:54.1844504Z","5563DE3BCFA81E9F67E91DE433C83D217CDAE6EED7F090CBF6649541C4FF62BA"
"FormalPerformance-v1/N10000/Runs/Proposed-StateImport-20260815-R10/run_manifest.json","4137","2026-08-31T07:17:54.1844504Z","15F146C9A5C66633F458295FA7A88DBA391658C6C1A16FA895BB0D3070F8E726"
"FormalPerformance-v1/N10000/Runs/Simple-StateImport-20260815-R01/performance_1s.csv","343","2026-08-31T07:17:09.6480686Z","8AB6A2F7B23C67CF8F6D68CCD8EDEE75813C8D321711129B8A5B21E7FB1D9707"
"FormalPerformance-v1/N10000/Runs/Simple-StateImport-20260815-R01/run_manifest.json","2844","2026-08-31T07:17:09.6480686Z","E062D5488CDE5831846DC51AC1A9AD5BC0187C3C745B03E7EEFC55EC6BD6C4AB"
"FormalPerformance-v1/N10000/Runs/Simple-StateImport-20260815-R02/performance_1s.csv","343","2026-08-31T07:17:43.1689441Z","FEE6DAB81A9C89071E6A0105472AB3586DA1DD55F426E0376ABEFF05937F67ED"
"FormalPerformance-v1/N10000/Runs/Simple-StateImport-20260815-R02/run_manifest.json","2848","2026-08-31T07:17:43.1689441Z","EF9413531E2B97CA5CDF3D3D5CC81D72BFFC3EC686CF202D240E4D252FD42835"
"FormalPerformance-v1/N10000/Runs/Simple-StateImport-20260815-R03/performance_1s.csv","343","2026-08-31T07:18:05.7593639Z","35EF7B7EFBB39680A0A63B9699C6FDC7130ED2C608CB486F09BC3165DDFBF758"
"FormalPerformance-v1/N10000/Runs/Simple-StateImport-20260815-R03/run_manifest.json","2846","2026-08-31T07:18:05.7603612Z","A6F4FC9979981FCBECD34D381F3C0A3FC7AA05D17539EC6EBCE7D6EEA141779E"
"FormalPerformance-v1/N10000/Runs/Simple-StateImport-20260815-R04/performance_1s.csv","343","2026-08-31T07:16:52.1125435Z","4A7D1505FC1A36E0B8430AF0911A464DEFFBF5D510906A5C4B698F37A5EEFC65"
"FormalPerformance-v1/N10000/Runs/Simple-StateImport-20260815-R04/run_manifest.json","2845","2026-08-31T07:16:52.1125435Z","A682E929F0D70525893F00F3E07B43E0EA2DCA87DA5ECE56BDA3C9385700BCDE"
"FormalPerformance-v1/N10000/Runs/Simple-StateImport-20260815-R05/performance_1s.csv","343","2026-08-31T07:17:30.4500054Z","FD2CBF0E44FB148C029B856A9843A08FF08EF8FF4932B368CC3693AE3C2223E1"
"FormalPerformance-v1/N10000/Runs/Simple-StateImport-20260815-R05/run_manifest.json","2847","2026-08-31T07:17:30.4500054Z","8DC1ED468B9DA1747E15104BF9BF626D8D272FDEAD8A0D13C1726143144B6C98"
"FormalPerformance-v1/N10000/Runs/Simple-StateImport-20260815-R06/performance_1s.csv","343","2026-08-31T07:17:43.0461257Z","62EB062DECDED3535D6BF4E7B022CE03B92EB822389D1B5097E5DD82F15537BE"
"FormalPerformance-v1/N10000/Runs/Simple-StateImport-20260815-R06/run_manifest.json","2848","2026-08-31T07:17:43.0461257Z","729C6AF597B42DBF6563522B5E1960A974B357E6F51656E50290D9DF2B8DB663"
"FormalPerformance-v1/N10000/Runs/Simple-StateImport-20260815-R07/performance_1s.csv","343","2026-08-31T07:16:47.3240370Z","5468E96EE4255BB86A040158AB1058E693641BB9CCDBB2EDEDF07657D9774187"
"FormalPerformance-v1/N10000/Runs/Simple-StateImport-20260815-R07/run_manifest.json","2845","2026-08-31T07:16:47.3240370Z","72798954F40D8251270F0E3A43ED9B9680C94CBE0257CE1C457EA08673ACF9F4"
"FormalPerformance-v1/N10000/Runs/Simple-StateImport-20260815-R08/performance_1s.csv","343","2026-08-31T07:18:29.1533223Z","FF4F3B132B29EB7FC932D2F8909C0C5DE03D017FC46EF0D59B44702698EE0545"
"FormalPerformance-v1/N10000/Runs/Simple-StateImport-20260815-R08/run_manifest.json","2846","2026-08-31T07:18:29.1533223Z","83EDD3FE458ED38B657C6DBDB8B858611C984582C73CF2F0B68596861E318B64"
"FormalPerformance-v1/N10000/Runs/Simple-StateImport-20260815-R09/performance_1s.csv","343","2026-08-31T07:17:43.2314972Z","8CA5EA132AED01A9E3A1792091784A17E2B2934B403A693E2E7658770245A4AF"
"FormalPerformance-v1/N10000/Runs/Simple-StateImport-20260815-R09/run_manifest.json","2848","2026-08-31T07:17:43.2314972Z","6B2713BF1E4A3B12DEC6E2E8545F262056601426C55195F20B9CE1DCB75B638A"
"FormalPerformance-v1/N10000/Runs/Simple-StateImport-20260815-R10/performance_1s.csv","343","2026-08-31T07:17:43.1078978Z","453DCF6288196193480ECDE49734259DC32171126E5B7E059DFC0BEDFDE9AC30"
"FormalPerformance-v1/N10000/Runs/Simple-StateImport-20260815-R10/run_manifest.json","2849","2026-08-31T07:17:43.1078978Z","3FFA4EB5D041D4E499D8A9C7C315A4A8A96B2AA0F1519B8CDDCEAE1E86C2E67D"
"FormalPerformance-v1/N2000/Inputs/Seed-20260815/earthquake_damage_list.json","26775","2026-08-31T07:15:14.7117558Z","11C4EFE55607CFF6368045025F70F30F19BCE7138249B92C6AB9255093D7D896"
"FormalPerformance-v1/N2000/Inputs/Seed-20260815/initial_population_manifest.json","526670","2026-08-31T07:15:14.7107562Z","9C6374434EBCD3E5892A12B1E926AD5ED52DEF0952EF62EDCEB53903CB65FBB4"
"FormalPerformance-v1/N2000/Inputs/Seed-20260815/persistent_test_pool.json","4173","2026-08-31T07:15:14.7117558Z","35419E69115296F3ABA1ABE53C00DCC63F4ECCEBFEE016B1B8FE11647D7416E8"
"FormalPerformance-v1/N2000/metrics_summary.csv","229322","2026-08-31T07:16:09.0859498Z","CDB1F9C925ADB164651DFF1CF5D886F3C419D8D8C40C23CE700C0A5F19547D47"
"FormalPerformance-v1/N2000/phase8_audit.json","3258","2026-08-31T20:03:55.5718285Z","D46B3975D5CD99BE4770FEA461DB5942583D83D401122B88DAE47251DFF5CE05"
"FormalPerformance-v1/N2000/run_schedule.csv","3884","2026-08-31T07:15:14.7067555Z","CAB0730505369A4838906FB1CC5ABF769A2144BF6B7E111E47E64DBFD2712963"
"FormalPerformance-v1/N2000/Runs/PerAgent-StateImport-20260815-R01/performance_1s.csv","351","2026-08-31T07:15:32.3529473Z","7197262EB643DA7D229C59083DD2EA0C6EBFE4727AF09B3209FC03E3FE44922F"
"FormalPerformance-v1/N2000/Runs/PerAgent-StateImport-20260815-R01/run_manifest.json","2827","2026-08-31T07:15:32.3529473Z","B28922E8EA909B23A8AC9332F8E9D23165B1E61E29B52A1C849AE21F6E0C19CA"
"FormalPerformance-v1/N2000/Runs/PerAgent-StateImport-20260815-R02/performance_1s.csv","351","2026-08-31T07:15:48.8214990Z","258C494A34BA2459405C08A8DF1E3357C45332F51D7E6622B37E77AF01956EFB"
"FormalPerformance-v1/N2000/Runs/PerAgent-StateImport-20260815-R02/run_manifest.json","2826","2026-08-31T07:15:48.8214990Z","E280541BAA9891696A4AF69A253D52CA5BAF2FB1975CC6BAE0CCC669B04FAFE5"
"FormalPerformance-v1/N2000/Runs/PerAgent-StateImport-20260815-R03/performance_1s.csv","351","2026-08-31T07:15:33.6994247Z","40D8FE62BBC2681111180AF746F58D54B674148815773CDAD0B199005074EA80"
"FormalPerformance-v1/N2000/Runs/PerAgent-StateImport-20260815-R03/run_manifest.json","2826","2026-08-31T07:15:33.6994247Z","6F9D8EC3E941BF881FB3DD7A1D1F7EBF664AA14FF393588F6B063BC0EEC741FD"
"FormalPerformance-v1/N2000/Runs/PerAgent-StateImport-20260815-R04/performance_1s.csv","351","2026-08-31T07:15:15.4357014Z","B8D9DD36951D9AF3E90B851568EA88C9130098D1E83B0CDC5BE3391554DDC19E"
"FormalPerformance-v1/N2000/Runs/PerAgent-StateImport-20260815-R04/run_manifest.json","2824","2026-08-31T07:15:15.4357014Z","1B189494F67826987567D2DA9A85414BCC6D2F40B573714504420D590E451D42"
"FormalPerformance-v1/N2000/Runs/PerAgent-StateImport-20260815-R05/performance_1s.csv","351","2026-08-31T07:15:33.0300317Z","98FC955B9C4354C296AEF663B9E601A9DCD6FA41EFC1F8ADEAD8EB313597405A"
"FormalPerformance-v1/N2000/Runs/PerAgent-StateImport-20260815-R05/run_manifest.json","2826","2026-08-31T07:15:33.0300317Z","67938017DACBC526381ACCE9BE6539A13C9377A9DAC37E84527CEA7E3986D3EE"
"FormalPerformance-v1/N2000/Runs/PerAgent-StateImport-20260815-R06/performance_1s.csv","351","2026-08-31T07:15:39.0204004Z","536505B83075DF7582137EC09F8377F2DA7F845E5D8AB440B45212482E4EE44C"
"FormalPerformance-v1/N2000/Runs/PerAgent-StateImport-20260815-R06/run_manifest.json","2826","2026-08-31T07:15:39.0204004Z","49E2513A778DE09BDD96B3C7B70BFE6CB03F87E79489E37787DD2AA2242F2148"
"FormalPerformance-v1/N2000/Runs/PerAgent-StateImport-20260815-R07/performance_1s.csv","351","2026-08-31T07:15:26.5128935Z","A512E861EC14D7312A7E0137D4FE9A7877B28E59F378504570EE86C4C054FF4A"
"FormalPerformance-v1/N2000/Runs/PerAgent-StateImport-20260815-R07/run_manifest.json","2827","2026-08-31T07:15:26.5128935Z","E5432BF53FB73DD4F62A365BCE766E4C49A3113CE35A0EDFA0D37E79B6C52507"
"FormalPerformance-v1/N2000/Runs/PerAgent-StateImport-20260815-R08/performance_1s.csv","351","2026-08-31T07:15:16.1784834Z","4C4988952D42EB165BC5D90AB3860073B73713C9466D9143B5296800D164EB49"
"FormalPerformance-v1/N2000/Runs/PerAgent-StateImport-20260815-R08/run_manifest.json","2826","2026-08-31T07:15:16.1784834Z","4E0CEE34B090E374915EFA4D2753F18AFF9B96EBE4D06606D47A1B953CF26085"
"FormalPerformance-v1/N2000/Runs/PerAgent-StateImport-20260815-R09/performance_1s.csv","351","2026-08-31T07:15:58.9681123Z","DAC05C4FC65A434A628549CF2077A3FBCA5942645BC6314563C99238466FC3CD"
"FormalPerformance-v1/N2000/Runs/PerAgent-StateImport-20260815-R09/run_manifest.json","2828","2026-08-31T07:15:58.9681123Z","17A18947FEDE45D9173F415F11550345B85959A7EC25EBE48BC276DEAAD36FA0"
"FormalPerformance-v1/N2000/Runs/PerAgent-StateImport-20260815-R10/performance_1s.csv","351","2026-08-31T07:15:31.6776122Z","249115699877B14FD64F6F85339A35D7AC9A637EFE70C7E94F5A8067952F6782"
"FormalPerformance-v1/N2000/Runs/PerAgent-StateImport-20260815-R10/run_manifest.json","2828","2026-08-31T07:15:31.6776122Z","16821BEA9797C3DE37DFEFF1B39DCF68FB30C3B70EAB87E0668A089D85D0F848"
"FormalPerformance-v1/N2000/Runs/Proposed-StateImport-20260815-R01/performance_1s.csv","1127","2026-08-31T07:15:38.2811868Z","F5DEC7FE1D8238E7CD652F0AED0598A636E304CD9868694584845F5A2D1623F0"
"FormalPerformance-v1/N2000/Runs/Proposed-StateImport-20260815-R01/run_manifest.json","4134","2026-08-31T07:15:38.2811868Z","5BC224918C8397C2A29CD29128573700C80546D84C3BF5BCBB9257FF977000E3"
"FormalPerformance-v1/N2000/Runs/Proposed-StateImport-20260815-R02/performance_1s.csv","1319","2026-08-31T07:16:04.0833487Z","F43BB24352B0010183E3F2340DCA826217E50CC74B00E6FEB3325517E5323F11"
"FormalPerformance-v1/N2000/Runs/Proposed-StateImport-20260815-R02/run_manifest.json","4134","2026-08-31T07:16:04.0833487Z","1AF1CB6C183BE81EE4C88795C97D60579C748ACAE6A8E9C0F9FFDEAE79204859"
"FormalPerformance-v1/N2000/Runs/Proposed-StateImport-20260815-R03/performance_1s.csv","1127","2026-08-31T07:15:53.4352538Z","99E25D9E306887909706EEE798CA731BE938CB7527C7A99F721ECA49B3657186"
"FormalPerformance-v1/N2000/Runs/Proposed-StateImport-20260815-R03/run_manifest.json","4133","2026-08-31T07:15:53.4352538Z","4F206B29678D59267CDD61C3992956D8030984EF54AE327F1130330EACFEB2E8"
"FormalPerformance-v1/N2000/Runs/Proposed-StateImport-20260815-R04/performance_1s.csv","1127","2026-08-31T07:15:25.8460789Z","35E3FB287A69EA5314289F050237308B4F73E2C42D8A0AE2F2C4CDBF8300B837"
"FormalPerformance-v1/N2000/Runs/Proposed-StateImport-20260815-R04/run_manifest.json","4133","2026-08-31T07:15:25.8460789Z","F8DD303B32BC61755A7C6FBD21C360695DFDDFA43A819F2D0DB0E2FBEF691049"
"FormalPerformance-v1/N2000/Runs/Proposed-StateImport-20260815-R05/performance_1s.csv","1128","2026-08-31T07:15:20.8665148Z","70E0F2AE384783DBACBC3B7D8ACF94C4DFC5E6F4066442E6450C57A3E6807F04"
"FormalPerformance-v1/N2000/Runs/Proposed-StateImport-20260815-R05/run_manifest.json","4132","2026-08-31T07:15:20.8665148Z","6EDED112E6D70A676BA98ABE8422E2F3B10479CC9BF50B09599950591E17F645"
"FormalPerformance-v1/N2000/Runs/Proposed-StateImport-20260815-R06/performance_1s.csv","1126","2026-08-31T07:15:31.0092111Z","50F2CA051068DCF066B7A4B24FF113E62422C83B315BB7208429179E6FEA86E4"
"FormalPerformance-v1/N2000/Runs/Proposed-StateImport-20260815-R06/run_manifest.json","4134","2026-08-31T07:15:31.0092111Z","12F8A9452D9C9B374C1A6C27170263C8967420A4AEDB53E0C87E118F4D38AD5B"
"FormalPerformance-v1/N2000/Runs/Proposed-StateImport-20260815-R07/performance_1s.csv","1128","2026-08-31T07:15:43.5713187Z","7B0FDB65D01FD3BDAC2FF63B18863A78331556711E3D7F52F07AF053E3778EC4"
"FormalPerformance-v1/N2000/Runs/Proposed-StateImport-20260815-R07/run_manifest.json","4134","2026-08-31T07:15:43.5713187Z","434E80910978C9BE11A7E3A0BD32EEA1B8AB540E95F01A3E3E74FEDA705B632F"
"FormalPerformance-v1/N2000/Runs/Proposed-StateImport-20260815-R08/performance_1s.csv","1127","2026-08-31T07:15:48.0920403Z","564634552D6E0DEC0F0B729683C5B92057F397EB494C3C9ABA682FB27DDBF8AC"
"FormalPerformance-v1/N2000/Runs/Proposed-StateImport-20260815-R08/run_manifest.json","4133","2026-08-31T07:15:48.0920403Z","F83D6BB6B73924667C929848E13285E8726B35D51FF594F54DA6328518AB9E62"
"FormalPerformance-v1/N2000/Runs/Proposed-StateImport-20260815-R09/performance_1s.csv","1128","2026-08-31T07:15:58.2730806Z","3BEE1C51393DDAFFAE8FEB12ABB8E9785A442A71BF84222F918F97ECEDFA42AA"
"FormalPerformance-v1/N2000/Runs/Proposed-StateImport-20260815-R09/run_manifest.json","4133","2026-08-31T07:15:58.2730806Z","CE81C42C1D4EABD2476C676959C017BC49062AECAE537E9C1636641848E0101D"
"FormalPerformance-v1/N2000/Runs/Proposed-StateImport-20260815-R10/performance_1s.csv","1127","2026-08-31T07:16:09.0581640Z","FFA2C7F380D1B78B3D986F13D394949835A8E0D2938ECF7A70CFFC14BD59DC26"
"FormalPerformance-v1/N2000/Runs/Proposed-StateImport-20260815-R10/run_manifest.json","4135","2026-08-31T07:16:09.0581640Z","FDA4F16F338818D5C294A79A87115C333371F893BBBB312D6CA00DEE3AFF17C6"
"FormalPerformance-v1/N2000/Runs/Simple-StateImport-20260815-R01/performance_1s.csv","342","2026-08-31T07:15:21.0584289Z","1A4D1769190117940BF7A6B44D86E3DD84B8257762FD7ECD0F1E084C27FC9BAE"
"FormalPerformance-v1/N2000/Runs/Simple-StateImport-20260815-R01/run_manifest.json","2846","2026-08-31T07:15:21.0584289Z","C51FC8791920174AE6AF94CD0864E706C7FECD0FBABBF41B3004C946577C10E8"
"FormalPerformance-v1/N2000/Runs/Simple-StateImport-20260815-R02/performance_1s.csv","342","2026-08-31T07:15:48.1477450Z","63BCD2387CD96C31C59C65D38A889D2179B6A6645F5E06446BF8D48F4A0F3674"
"FormalPerformance-v1/N2000/Runs/Simple-StateImport-20260815-R02/run_manifest.json","2842","2026-08-31T07:15:48.1477450Z","01D10A7D208AC786212EF0292ACCD4A95E9172AB3ACCABE4C9FDCD75BAF467E5"
"FormalPerformance-v1/N2000/Runs/Simple-StateImport-20260815-R03/performance_1s.csv","342","2026-08-31T07:15:20.9286866Z","830BD4286453D9FFA3D8F7B1BD60ADF722445CA2DFFF3BFAE5FDFBC654B8B8B5"
"FormalPerformance-v1/N2000/Runs/Simple-StateImport-20260815-R03/run_manifest.json","2842","2026-08-31T07:15:20.9286866Z","8227DE34B4DB68C2ED5DB304EBBE39AF8D81F83A451A6E0A2941F2B3E8887B6E"
"FormalPerformance-v1/N2000/Runs/Simple-StateImport-20260815-R04/performance_1s.csv","342","2026-08-31T07:15:33.7640307Z","ADEBF668FD2174FA78DFCB554C60F54FE9DF259CC67BD7B04B055FDF771FCBA1"
"FormalPerformance-v1/N2000/Runs/Simple-StateImport-20260815-R04/run_manifest.json","2846","2026-08-31T07:15:33.7640307Z","BDDAABD152C8B35CAC8E69A6AFD4B5CEC5B8FB9FC136EF3790C7357360348350"
"FormalPerformance-v1/N2000/Runs/Simple-StateImport-20260815-R05/performance_1s.csv","342","2026-08-31T07:15:38.3399886Z","63B8D9198F2D1AEAB7BE327D319EA1C3074D22011805508D2E363EB052E2C4AC"
"FormalPerformance-v1/N2000/Runs/Simple-StateImport-20260815-R05/run_manifest.json","2846","2026-08-31T07:15:38.3399886Z","6F5CB5597C244980FAB6926C54EF5F7B92E4B5578B62B5173501C69E7F5EF64F"
"FormalPerformance-v1/N2000/Runs/Simple-StateImport-20260815-R06/performance_1s.csv","342","2026-08-31T07:15:20.9927347Z","F4027C1887793FAC4FF2BE58A4A54483F4D3FD110E9B82456697AC1907CDD31F"
"FormalPerformance-v1/N2000/Runs/Simple-StateImport-20260815-R06/run_manifest.json","2845","2026-08-31T07:15:20.9927347Z","D8CE368602BA19ADCC1B06189B6CF237D9A40AFD1023FECA7086309B1C77964F"
"FormalPerformance-v1/N2000/Runs/Simple-StateImport-20260815-R07/performance_1s.csv","342","2026-08-31T07:15:14.7662042Z","170C3EBC8F5A44D823B8B577BD06FAD39C7563B0DFE95DE1BB33446A27500DD3"
"FormalPerformance-v1/N2000/Runs/Simple-StateImport-20260815-R07/run_manifest.json","2845","2026-08-31T07:15:14.7662042Z","601EF888526883860FDB254743FEDA30BED029A1D51BDA071B492EACF3A61356"
"FormalPerformance-v1/N2000/Runs/Simple-StateImport-20260815-R08/performance_1s.csv","342","2026-08-31T07:15:16.3027025Z","AF24A3F50A6E66ADDAAB569A731F4DD9DEE3A0C53385DCD7098DC7909E785C1C"
"FormalPerformance-v1/N2000/Runs/Simple-StateImport-20260815-R08/run_manifest.json","2844","2026-08-31T07:15:16.3027025Z","EE2D47FEF2246171879B3ED6CBDCF42B5AC9A34E9BAEDFE80D28FCD90D7F58B6"
"FormalPerformance-v1/N2000/Runs/Simple-StateImport-20260815-R09/performance_1s.csv","342","2026-08-31T07:15:16.2410075Z","FD144E51390217DE588404FCAC60B30941D0170B13DEFA2A8AF88088949E6C76"
"FormalPerformance-v1/N2000/Runs/Simple-StateImport-20260815-R09/run_manifest.json","2844","2026-08-31T07:15:16.2410075Z","8FA063FE3CE2CDACC93A20A1DD06126FC087A648CAEDD70BBD6031AAB8B85FE3"
"FormalPerformance-v1/N2000/Runs/Simple-StateImport-20260815-R10/performance_1s.csv","342","2026-08-31T07:15:15.5009579Z","B3AEB044FB1B3381AD9BAB61E073CE89F11E9A59457AF7BC6E102B207E255B93"
"FormalPerformance-v1/N2000/Runs/Simple-StateImport-20260815-R10/run_manifest.json","2844","2026-08-31T07:15:15.5009579Z","23E42D331279F82F746F8174440E97D5F209680C071DCD198E6C2CDF4EDDC22F"
"FormalPerformance-v1/N20000/Inputs/Seed-20260815/earthquake_damage_list.json","272241","2026-08-31T07:19:29.1936062Z","847ABE79C85442E795C9A0EB16FA434B1962F6D18C6CFB4C5B6B6330FFC5386C"
"FormalPerformance-v1/N20000/Inputs/Seed-20260815/initial_population_manifest.json","5324874","2026-08-31T07:19:29.1916069Z","C2CE204BECB65513BD909452324FC3004E5BC3F672DA7F8C84D9DA6ED60ACBE7"
"FormalPerformance-v1/N20000/Inputs/Seed-20260815/persistent_test_pool.json","4233","2026-08-31T07:19:29.1936062Z","8F385A9CECAADFC8F32A17AA9C7005B57C0ED8D3FC8ACCCFC0822C03187E3C63"
"FormalPerformance-v1/N20000/metrics_summary.csv","230488","2026-08-31T07:23:31.3996865Z","13AF33AD77745ACB8FEDA88A89BA2F143244826A53F428B027E7C531844654FE"
"FormalPerformance-v1/N20000/phase8_audit.json","3260","2026-08-31T20:03:55.8403313Z","D8939588104ACD65E7A61386ECFDC492965FE929C91BF2B708AC07FD1941C331"
"FormalPerformance-v1/N20000/run_schedule.csv","3914","2026-08-31T07:19:29.1560587Z","CEA0705FEE7FD4556221F5160E97C75947CC798E0B97004B1666E1E3874E0EB6"
"FormalPerformance-v1/N20000/Runs/PerAgent-StateImport-20260815-R01/performance_1s.csv","3913","2026-08-31T07:21:04.5202565Z","D597EA4AF704726E901F697023A038E181EB9001C6AEAC328651EA8CD108CF54"
"FormalPerformance-v1/N20000/Runs/PerAgent-StateImport-20260815-R01/run_manifest.json","2826","2026-08-31T07:21:04.5202565Z","078D98AE7719FC022990274DF3287F33CD4738816A34BB93661FFF82AF3538A4"
"FormalPerformance-v1/N20000/Runs/PerAgent-StateImport-20260815-R02/performance_1s.csv","3914","2026-08-31T07:22:17.6242667Z","FCB34EA1BA3822DF03DC9B4BDB1AB0391CBEE9DF9CF5394045082922B59E124A"
"FormalPerformance-v1/N20000/Runs/PerAgent-StateImport-20260815-R02/run_manifest.json","2829","2026-08-31T07:22:17.6242667Z","B6C4AD874FAE7E1FB80F9B91259C497F71EE465EF8050C7A8DE0E5A455933CB6"
"FormalPerformance-v1/N20000/Runs/PerAgent-StateImport-20260815-R03/performance_1s.csv","3917","2026-08-31T07:23:26.3505068Z","8D8AA52E0F472E54AA3A9A1F56E8D9A7B1472CD5076E444BF6BA33EB382CA530"
"FormalPerformance-v1/N20000/Runs/PerAgent-StateImport-20260815-R03/run_manifest.json","2831","2026-08-31T07:23:26.3505068Z","59646B67D8D74651CF5EA0BFA035CC3819613447AEE75BD436371D650509781F"
"FormalPerformance-v1/N20000/Runs/PerAgent-StateImport-20260815-R04/performance_1s.csv","3908","2026-08-31T07:20:26.4127503Z","65E097D1619D8379F0EA7C86FC32AEC4869AFCA5EDDBA0E0E4FCB921493BE7FF"
"FormalPerformance-v1/N20000/Runs/PerAgent-StateImport-20260815-R04/run_manifest.json","2828","2026-08-31T07:20:26.4127503Z","558EBB4BE1E79331E8FC69E6527A9E37A3A5E28DB7A0EA86CC8BEC8A3BAB9A40"
"FormalPerformance-v1/N20000/Runs/PerAgent-StateImport-20260815-R05/performance_1s.csv","3911","2026-08-31T07:20:07.0314958Z","B3948A7C7F6F80E587A84B74FE188F1C12B5F5DF23A05796F81A233DD6CA3BFC"
"FormalPerformance-v1/N20000/Runs/PerAgent-StateImport-20260815-R05/run_manifest.json","2829","2026-08-31T07:20:07.0325014Z","A5224BAE3A0132275D68B60FEC4643E46A2550808A3756DD3DA7401B235641BD"
"FormalPerformance-v1/N20000/Runs/PerAgent-StateImport-20260815-R06/performance_1s.csv","3915","2026-08-31T07:20:45.3100825Z","9DB16A0E6EEEDCAD1DB7B4A5C3C1E6F650AEEF73902F84FF79111AE347242FA9"
"FormalPerformance-v1/N20000/Runs/PerAgent-StateImport-20260815-R06/run_manifest.json","2829","2026-08-31T07:20:45.3100825Z","054D7B9D46749C7B4F79131B757184E16312CE02CFFF4E2D73171A2D366C563E"
"FormalPerformance-v1/N20000/Runs/PerAgent-StateImport-20260815-R07/performance_1s.csv","3914","2026-08-31T07:21:34.2036508Z","06A803B204DD678CC457C4EACAE7383A98BFE058744B58B9BFB6252E75FC53A1"
"FormalPerformance-v1/N20000/Runs/PerAgent-StateImport-20260815-R07/run_manifest.json","2828","2026-08-31T07:21:34.2046443Z","3D1D8C5EA5741ED7374D846EACBBE3FFA6A0A45F15212075E66DA51098E7E5FC"
"FormalPerformance-v1/N20000/Runs/PerAgent-StateImport-20260815-R08/performance_1s.csv","3915","2026-08-31T07:21:58.1766972Z","5456233B1C920C4A96EE614974C5F8EB42CEFD39F20FEBA2A7925C6F0ED59E09"
"FormalPerformance-v1/N20000/Runs/PerAgent-StateImport-20260815-R08/run_manifest.json","2831","2026-08-31T07:21:58.1766972Z","A78D5812EBA062849591D80C9B9EEF6A2C64AE34A98F3E71A80D254DF0FA188B"
"FormalPerformance-v1/N20000/Runs/PerAgent-StateImport-20260815-R09/performance_1s.csv","3917","2026-08-31T07:22:55.9642806Z","2F7D2E246A0C590A933DE58A9A2593956054CF1736C0A362B786F0717A3572BF"
"FormalPerformance-v1/N20000/Runs/PerAgent-StateImport-20260815-R09/run_manifest.json","2830","2026-08-31T07:22:55.9642806Z","2506AFEEECC9CF0BCFE5B609353D4BE07EC1B9AE3251973DE70E9D8760F0F3FD"
"FormalPerformance-v1/N20000/Runs/PerAgent-StateImport-20260815-R10/performance_1s.csv","3915","2026-08-31T07:22:36.7687554Z","5D26001B706AAE7BF561DE971EE7EEDE0519DE2C3EC52BE5BF5A10A8F4C8164C"
"FormalPerformance-v1/N20000/Runs/PerAgent-StateImport-20260815-R10/run_manifest.json","2832","2026-08-31T07:22:36.7702623Z","533400389B4A2513B0BD43E0E6582E823291BF6052F2177B13BC3820B6599E92"
"FormalPerformance-v1/N20000/Runs/Proposed-StateImport-20260815-R01/performance_1s.csv","1328","2026-08-31T07:23:06.8854961Z","D2EDABA56ADB9363CB637544961000721178379C747CC89CE29D130C96CBE7ED"
"FormalPerformance-v1/N20000/Runs/Proposed-StateImport-20260815-R01/run_manifest.json","4141","2026-08-31T07:23:06.8854961Z","2E0291A6EC292093CF13FC6F461288BAF93E993C234B5083690ADE2B8EE9AD91"
"FormalPerformance-v1/N20000/Runs/Proposed-StateImport-20260815-R02/performance_1s.csv","1134","2026-08-31T07:21:39.1692588Z","83620850A8B38176C7CCB660B305014A9CA32AC319A530BFA8C48FB14DCD28C8"
"FormalPerformance-v1/N20000/Runs/Proposed-StateImport-20260815-R02/run_manifest.json","4141","2026-08-31T07:21:39.1692588Z","0F95BFC732559AF30A46024B3891A1C89B93FD5A5FD20D5AF443481276940BC6"
"FormalPerformance-v1/N20000/Runs/Proposed-StateImport-20260815-R03/performance_1s.csv","1134","2026-08-31T07:19:47.8247347Z","AC635ED9CE96EED9401FD835999D74E034075EB8EEC0ED321C3084B019C17E46"
"FormalPerformance-v1/N20000/Runs/Proposed-StateImport-20260815-R03/run_manifest.json","4136","2026-08-31T07:19:47.8247347Z","89517EEA5BF38D9D8BE055EE064CC78C05316C4B7DAD60A53B97837542CD2881"
"FormalPerformance-v1/N20000/Runs/Proposed-StateImport-20260815-R04/performance_1s.csv","1133","2026-08-31T07:19:33.7859400Z","4A82072DFEF35C6449BF24DA82E10FA6900091BB2D639492D99B0BCAE8F26EB7"
"FormalPerformance-v1/N20000/Runs/Proposed-StateImport-20260815-R04/run_manifest.json","4139","2026-08-31T07:19:33.7859400Z","F9AD26EFB765866B505D48B98FEE1634A45846B10AA4CEAF5A54036FF9ECBC97"
"FormalPerformance-v1/N20000/Runs/Proposed-StateImport-20260815-R05/performance_1s.csv","1326","2026-08-31T07:21:09.9868895Z","2920198511191BABC51D1D4048CA9806069E0A5AEDAC9CFF5DBB2B3169BA3552"
"FormalPerformance-v1/N20000/Runs/Proposed-StateImport-20260815-R05/run_manifest.json","4141","2026-08-31T07:21:09.9868895Z","2D1AD039F04A4C1249004A7300F7F70F25BF9013EC1070BCC7AEA07B7E46CB4B"
"FormalPerformance-v1/N20000/Runs/Proposed-StateImport-20260815-R06/performance_1s.csv","1132","2026-08-31T07:19:42.9866489Z","6052D5A333764D25638FA433689AE4F5BC2B1F8452B7ACE4AA5EE137ED2CD3CB"
"FormalPerformance-v1/N20000/Runs/Proposed-StateImport-20260815-R06/run_manifest.json","4138","2026-08-31T07:19:42.9866489Z","44519209FC8ED7008008A581FB3098A1CC8960743F763FA24AAE614C28AAD6BB"
"FormalPerformance-v1/N20000/Runs/Proposed-StateImport-20260815-R07/performance_1s.csv","1133","2026-08-31T07:19:38.4082471Z","409D1E27823EC2D18FB07B0981C48DDF6B547DA8FE571112C1E1CF87994B5FE8"
"FormalPerformance-v1/N20000/Runs/Proposed-StateImport-20260815-R07/run_manifest.json","4139","2026-08-31T07:19:38.4082471Z","42CA36709E7E1BE0B5BA7E01B9F8DED83297EC61FD732ADB5E8706227E40EFF9"
"FormalPerformance-v1/N20000/Runs/Proposed-StateImport-20260815-R08/performance_1s.csv","1134","2026-08-31T07:23:31.3755948Z","03AA50D81546EC0BFEB9A716D4E7FD22D7BA7C11028C6DDD578B73161D1E1CF3"
"FormalPerformance-v1/N20000/Runs/Proposed-StateImport-20260815-R08/run_manifest.json","4140","2026-08-31T07:23:31.3755948Z","61769865BCD6838852F4F9BCC5164936173B44C385FC793E7BD291111DB66E1C"
"FormalPerformance-v1/N20000/Runs/Proposed-StateImport-20260815-R09/performance_1s.csv","1326","2026-08-31T07:21:15.2424780Z","BAFC172B1BB5200E881226ABE49BBB7A09E1D8C4511A56DC4A90A8259B0BC779"
"FormalPerformance-v1/N20000/Runs/Proposed-StateImport-20260815-R09/run_manifest.json","4141","2026-08-31T07:21:15.2424780Z","BE878FD3F8EECD6773AD36CBE44367F0DF62FD6C959A37EDFD2CFBE45B7F0BB3"
"FormalPerformance-v1/N20000/Runs/Proposed-StateImport-20260815-R10/performance_1s.csv","1326","2026-08-31T07:23:01.3924241Z","517BB0067981E1DB2CFF16F66FB2E06CF3DB3DC49A6864286641FFD14B457B4A"
"FormalPerformance-v1/N20000/Runs/Proposed-StateImport-20260815-R10/run_manifest.json","4140","2026-08-31T07:23:01.3984344Z","0FF5DE617E0ADF888DA1823DD50133BDEE2706536768DD90D03BC4163D7E1423"
"FormalPerformance-v1/N20000/Runs/Simple-StateImport-20260815-R01/performance_1s.csv","343","2026-08-31T07:22:56.0641073Z","D063D396DCAF571A1DEDEFB1DD355E513981D02EDF13F7CE24950DB5F3F0F54E"
"FormalPerformance-v1/N20000/Runs/Simple-StateImport-20260815-R01/run_manifest.json","2850","2026-08-31T07:22:56.0641073Z","957A46CFB0BB9637AE3C84F3238104C403252326A2F1E35C5F43CA1F59AC4696"
"FormalPerformance-v1/N20000/Runs/Simple-StateImport-20260815-R02/performance_1s.csv","343","2026-08-31T07:21:39.2977956Z","533D424244DE2D5A47163E8640D1C14B3DE4F1556195A5DB253BFCC4607D085B"
"FormalPerformance-v1/N20000/Runs/Simple-StateImport-20260815-R02/run_manifest.json","2849","2026-08-31T07:21:39.2977956Z","598CBAFD1448AA71C048AD5BD5FC95671C0BD0A43CEEF32B33BFCA0F4EE238CE"
"FormalPerformance-v1/N20000/Runs/Simple-StateImport-20260815-R03/performance_1s.csv","343","2026-08-31T07:21:10.0496929Z","8C06DF27DC7DA206F2FF9ECBC71537E7FDF4F8EC346DB67A1694C056446DF4BD"
"FormalPerformance-v1/N20000/Runs/Simple-StateImport-20260815-R03/run_manifest.json","2849","2026-08-31T07:21:10.0506932Z","8121FB8DFDFAB6D2BF86C23E13F87A8BED16EB5C808D0A58BAA3CA2CB01D4A65"
"FormalPerformance-v1/N20000/Runs/Simple-StateImport-20260815-R04/performance_1s.csv","343","2026-08-31T07:21:39.2307107Z","486F67F08F0AD9186CBB3F787D06D12F58898ED5488BE4758368EDE2BDE41F65"
"FormalPerformance-v1/N20000/Runs/Simple-StateImport-20260815-R04/run_manifest.json","2850","2026-08-31T07:21:39.2307107Z","A61A09B86AC07CEB8652F429811F166BCCF105D5E4A9B4F7731B9B115C5646E2"
"FormalPerformance-v1/N20000/Runs/Simple-StateImport-20260815-R05/performance_1s.csv","343","2026-08-31T07:21:10.1169527Z","3D483E063B920F4D82CA5A6E2429F3DB115632BEAB5F290DBFFA0BBCA9728800"
"FormalPerformance-v1/N20000/Runs/Simple-StateImport-20260815-R05/run_manifest.json","2850","2026-08-31T07:21:10.1169527Z","CAB9341EED5584F95D2E0DEF17BABBE06F90B9B54B57B8BEDC3F0C5CEF0D8C73"
"FormalPerformance-v1/N20000/Runs/Simple-StateImport-20260815-R06/performance_1s.csv","343","2026-08-31T07:19:43.0505894Z","12F5B79DEA3AD18969F92ED702CA1A7998A095EEF3221F3691B35DC4B2EE6D75"
"FormalPerformance-v1/N20000/Runs/Simple-StateImport-20260815-R06/run_manifest.json","2846","2026-08-31T07:19:43.0505894Z","7C7943B28EF4A9283100A8235A67831D05B23170777589D869D07F4946C2EC76"
"FormalPerformance-v1/N20000/Runs/Simple-StateImport-20260815-R07/performance_1s.csv","343","2026-08-31T07:21:39.3641485Z","2462A57D1F6C4CE71D4E5367C6432DC70A995AC65590306EB107D066D845C23D"
"FormalPerformance-v1/N20000/Runs/Simple-StateImport-20260815-R07/run_manifest.json","2849","2026-08-31T07:21:39.3641485Z","2AE2AB810CE689FD7D1BB87DD896A25A47A88CF2D77373F3AC957580602C4463"
"FormalPerformance-v1/N20000/Runs/Simple-StateImport-20260815-R08/performance_1s.csv","343","2026-08-31T07:23:26.5147560Z","AD0B1E47F88388E17DCAB26BBB7359B9CA27DA1676C030108540445E8356CBBB"
"FormalPerformance-v1/N20000/Runs/Simple-StateImport-20260815-R08/run_manifest.json","2849","2026-08-31T07:23:26.5147560Z","F71E431AE7EED6335A2AB0D00DA9A4943A0ACD796B621EB98E0730E678706D04"
"FormalPerformance-v1/N20000/Runs/Simple-StateImport-20260815-R09/performance_1s.csv","343","2026-08-31T07:23:26.4487073Z","ECEE98C1FCACBCA864D72E8C79BE2901712A49F36B1C0FAB912AF2640611239F"
"FormalPerformance-v1/N20000/Runs/Simple-StateImport-20260815-R09/run_manifest.json","2848","2026-08-31T07:23:26.4487073Z","03DC5FB716E5A24BB79F13A96A0ED817DC9C1F8C80B34A7D222423B25C539790"
"FormalPerformance-v1/N20000/Runs/Simple-StateImport-20260815-R10/performance_1s.csv","343","2026-08-31T07:22:36.8713834Z","3EBECD10F5EA58D8DB00B9EB95E0CEBFF8ADF3E39966FF0D321922A04F36D001"
"FormalPerformance-v1/N20000/Runs/Simple-StateImport-20260815-R10/run_manifest.json","2849","2026-08-31T07:22:36.8713834Z","B3857F6C2D20FAFEB49B39718C6367EE9E4242B67A10DB996018F1DAB3C4F351"
"PreflightExcluded/Accuracy/Inputs/Seed-20260810/earthquake_damage_list.json","2768","2026-08-31T06:36:37.6564766Z","D1D97F3CD4943D73D8F51CA14CCCA4A8FB04F01D294D852352A1CEA7DF5C1565"
"PreflightExcluded/Accuracy/Inputs/Seed-20260810/initial_population_manifest.json","52246","2026-08-31T06:36:37.6564766Z","6D197DB07891BD867C996644A09C8AC5469A131FE7D99B03EC3A3D0B6E98DB82"
"PreflightExcluded/Accuracy/Inputs/Seed-20260810/persistent_test_pool.json","4113","2026-08-31T06:36:37.6564766Z","1DCABBE46562FF997E8EC6C0B04A82D2BC18FD003EA6B25F36FF6649831E7C1B"
"PreflightExcluded/Accuracy/metrics_summary.csv","79674","2026-08-31T06:36:39.3591815Z","90D053F5BE7EADF154DFB7A232785F659E86091A645ACB2CC1781E266F5BFAB7"
"PreflightExcluded/Accuracy/phase8_audit.json","1316","2026-08-31T06:36:40.0894487Z","4548A44ECD7F7A9737FC25102AD7421DC9306A3B3684B4A811A94639B8A3A323"
"PreflightExcluded/Accuracy/run_schedule.csv","1048","2026-08-31T06:36:37.6564766Z","703EA62FBC97AFB9CADB478E295D0724F319AB2807F5C25477708356AACAD3FA"
"PreflightExcluded/Accuracy/Runs/Oracle-None-20260810/cohort_timeseries.csv","549939","2026-08-31T06:32:27.2651436Z","DC80E4C43DD42718E9B4B0FCA96DED1BB7D1545C1AF87D985706CB1A43356BA4"
"PreflightExcluded/Accuracy/Runs/Oracle-None-20260810/kingdom_timeseries.csv","715249","2026-08-31T06:32:27.2631442Z","5890FD4B16E6BFD3B52795723BDD41DB4E25BE61BCB1CA412E0D6D6EF8BFF7D1"
"PreflightExcluded/Accuracy/Runs/Oracle-None-20260810/ledger_transactions.jsonl","5617671","2026-08-31T06:32:27.3135740Z","F1C56EC4C68585F80307A16DADDA473BC2A14CED86BEBE5F9C05EF723515C2F4"
"PreflightExcluded/Accuracy/Runs/Oracle-None-20260810/lod_transitions.jsonl","46434","2026-08-31T06:32:27.3005591Z","3875560743AB779AD00ADC30E050727FB41AFB86FD24770CC0CE4255789B8E00"
"PreflightExcluded/Accuracy/Runs/Oracle-None-20260810/npc_snapshots.csv","13728","2026-08-31T06:32:27.2661437Z","ED1139B4BD61A24D93835E12474E48C4BAEFF143876EC4DB73551032F28486F9"
"PreflightExcluded/Accuracy/Runs/Oracle-None-20260810/run_manifest.json","2842","2026-08-31T06:32:27.3135740Z","B095A6C7A5FCCD9CDE61B5473D1BE1812CFEC869572681AFE3C48FA73219B87B"
"PreflightExcluded/Accuracy/Runs/Oracle-None-20260810/simulation_events.jsonl","15371110","2026-08-31T06:32:27.2985590Z","ECA615B439BFAFDCE06E32B48A300A8D208D3B04AA7A77580BF524F984A5883C"
"PreflightExcluded/Accuracy/Runs/Oracle-StateImport-20260810/cohort_timeseries.csv","599387","2026-08-31T06:32:25.3148222Z","1A6B74C27ABA6E7E71BB42A48B91C3787BBFCD3DE6CD72F7181CF5ACD33C8802"
"PreflightExcluded/Accuracy/Runs/Oracle-StateImport-20260810/kingdom_timeseries.csv","767231","2026-08-31T06:32:25.3128217Z","2EA81FB838376A338108DB920B3540D02A4309AB558D606AB6135C18719820CD"
"PreflightExcluded/Accuracy/Runs/Oracle-StateImport-20260810/ledger_transactions.jsonl","5817923","2026-08-31T06:32:25.3671370Z","D2CE9FA5C00F489B4C64934A05BAF371B06BEFFAC8F11C9F7E3F4F655410C957"
"PreflightExcluded/Accuracy/Runs/Oracle-StateImport-20260810/lod_transitions.jsonl","48114","2026-08-31T06:32:25.3541336Z","68406227059D92B31EF31CB0D2D54A8613837C3CF827C6559457A370D9E0DD54"
"PreflightExcluded/Accuracy/Runs/Oracle-StateImport-20260810/npc_snapshots.csv","14568","2026-08-31T06:32:25.3148222Z","685A9DB35500E930A69C04365CE1BF32421C8051BC5302F3EBEF4F516FF3127D"
"PreflightExcluded/Accuracy/Runs/Oracle-StateImport-20260810/run_manifest.json","2854","2026-08-31T06:32:25.3681378Z","908CC4524FFD3EDA5115B8A7B82B3EE5BF571C545DFDE03FEF41B7E5C07AAAB3"
"PreflightExcluded/Accuracy/Runs/Oracle-StateImport-20260810/simulation_events.jsonl","15940088","2026-08-31T06:32:25.3511793Z","2AF017B8FA69AB72DE5A4133616E210E79A9E5C9AF2DDEAD45C63AE0BD133D74"
"PreflightExcluded/Accuracy/Runs/PerAgent-None-20260810/cohort_timeseries.csv","564067","2026-08-31T06:32:26.2838761Z","1C2B3072279300D7BC192D10C2E51C2283296A7183D4CA11CDD157FECCAF5DE4"
"PreflightExcluded/Accuracy/Runs/PerAgent-None-20260810/kingdom_timeseries.csv","728113","2026-08-31T06:32:26.2818736Z","B8A721DCDDCFD9805FBBC09E80E99BF25F2D4BBFA52B3AC66A99B79BCD5F6EBE"
"PreflightExcluded/Accuracy/Runs/PerAgent-None-20260810/ledger_transactions.jsonl","5669935","2026-08-31T06:32:26.3339392Z","D87FE4AC02BDE31100A4E22513B70F76439D7A270E91C77D175A7659F3774204"
"PreflightExcluded/Accuracy/Runs/PerAgent-None-20260810/lod_transitions.jsonl","46914","2026-08-31T06:32:26.3209303Z","59E9480C11B45862DF98A1E566607A7FDF4923B5B87D74751117A246C2324527"
"PreflightExcluded/Accuracy/Runs/PerAgent-None-20260810/npc_snapshots.csv","13968","2026-08-31T06:32:26.2847907Z","D26CA28A74E94A712D45ED01C0F928B916C01CB24D5889AD5424853695816CDA"
"PreflightExcluded/Accuracy/Runs/PerAgent-None-20260810/run_manifest.json","2845","2026-08-31T06:32:26.3339392Z","CE182BC2315DD308FB4796CB867621F36DBDF2AD33FE9A9419F01A6AF8472643"
"PreflightExcluded/Accuracy/Runs/PerAgent-None-20260810/simulation_events.jsonl","15532438","2026-08-31T06:32:26.3209303Z","0BAE36D5022B278091553763A69323E6BE51D21E841D1851E9E0F002C249CC8F"
"PreflightExcluded/Accuracy/Runs/PerAgent-StateImport-20260810/cohort_timeseries.csv","613515","2026-08-31T06:32:19.4328460Z","0074E8AF50794CAB452088C181133A4A79AE6416A92232162D981640DCE081EE"
"PreflightExcluded/Accuracy/Runs/PerAgent-StateImport-20260810/kingdom_timeseries.csv","780095","2026-08-31T06:32:19.4313411Z","5F020510F583676397C4346B64F7987FA88F8C62CB888C96FD6C35099F5AAE34"
"PreflightExcluded/Accuracy/Runs/PerAgent-StateImport-20260810/ledger_transactions.jsonl","5870347","2026-08-31T06:32:19.4859176Z","AC71B7D0D156584AAE7BC48A620374F95A7DFB9DD6F9F34755B764A91B5382B3"
"PreflightExcluded/Accuracy/Runs/PerAgent-StateImport-20260810/lod_transitions.jsonl","48594","2026-08-31T06:32:19.4714033Z","F8A27F53D72B1BDCBCFBD1B6EB57C9C06153DD32C53D6BDB384F52BD6B67A3F6"
"PreflightExcluded/Accuracy/Runs/PerAgent-StateImport-20260810/npc_snapshots.csv","14808","2026-08-31T06:32:19.4338523Z","F9E4A05D24F1FC450CC1EFB3D836A6454338A9312CF6DA7E0BC3AE80349B6C20"
"PreflightExcluded/Accuracy/Runs/PerAgent-StateImport-20260810/run_manifest.json","2860","2026-08-31T06:32:19.4869961Z","FF5FB7FFC5A25081425DD38D4297CE78ADF039EF92A095B09BD377C2F13F3265"
"PreflightExcluded/Accuracy/Runs/PerAgent-StateImport-20260810/simulation_events.jsonl","16101460","2026-08-31T06:32:19.4688883Z","CF3101E019CF4E253FF952513C1290A667D885322DEF244F57B77E18A6940A9A"
"PreflightExcluded/Accuracy/Runs/Proposed-None-20260810/cohort_timeseries.csv","655372","2026-08-31T06:32:24.1815467Z","F1C6DC113D10C12A451AFE2435990D6179FA89807FFCB4A41977FCAC245FBE12"
"PreflightExcluded/Accuracy/Runs/Proposed-None-20260810/kingdom_timeseries.csv","728065","2026-08-31T06:32:24.1794818Z","21355FF967431C5DBD595D85F64E08ED2F435A61FC60E404AD5A3E38A07F81F2"
"PreflightExcluded/Accuracy/Runs/Proposed-None-20260810/ledger_transactions.jsonl","8350337","2026-08-31T06:32:24.2059955Z","89618516BFF2AD4F3B6820DD51B8B761D84490A173B4A5A321A7C3E8A24AA991"
"PreflightExcluded/Accuracy/Runs/Proposed-None-20260810/lod_transitions.jsonl","40880","2026-08-31T06:32:24.1879925Z","8F55966509001325FFE48F215B6D1F2F0D057B6F018AED197DEC76664FEFD943"
"PreflightExcluded/Accuracy/Runs/Proposed-None-20260810/npc_snapshots.csv","13971","2026-08-31T06:32:24.1815467Z","30BBA01D1FA1449778DCEAA7B2D4ABFDF34E99ED60465FF61FA899F25DD77DA3"
"PreflightExcluded/Accuracy/Runs/Proposed-None-20260810/run_manifest.json","4126","2026-08-31T06:32:24.2070030Z","CF85C9B2B007B02516686B3AD130164D284EC0E691BB99DABE817A917CE3A0CA"
"PreflightExcluded/Accuracy/Runs/Proposed-None-20260810/simulation_events.jsonl","1981528","2026-08-31T06:32:24.1869932Z","71AF761A18B9951A1837CF736BA93B6D8E1AB4F1CD1647D794091B7A36E2C92C"
"PreflightExcluded/Accuracy/Runs/Proposed-StateImport-20260810/cohort_timeseries.csv","704918","2026-08-31T06:32:31.6448654Z","C65A7D6CB2807A66F6F242482BE72E7CA4A3334E39C80E14294277187B5456FC"
"PreflightExcluded/Accuracy/Runs/Proposed-StateImport-20260810/kingdom_timeseries.csv","780072","2026-08-31T06:32:31.6433613Z","5A97EFF919E534B553A0AD1C30CB9B9E366901B6E5DB1B167ECAA09BA310F96A"
"PreflightExcluded/Accuracy/Runs/Proposed-StateImport-20260810/ledger_transactions.jsonl","8635273","2026-08-31T06:32:31.6688733Z","3E2674BB3ECD0F928E651BD55815A1EA585A429BBD9EA7511FD3CED234EEB356"
"PreflightExcluded/Accuracy/Runs/Proposed-StateImport-20260810/lod_transitions.jsonl","42560","2026-08-31T06:32:31.6508713Z","788BC52CB484C0706E4D876AE2318CBDFE9F66C6EFFC57B286F152430B5F393B"
"PreflightExcluded/Accuracy/Runs/Proposed-StateImport-20260810/npc_snapshots.csv","14811","2026-08-31T06:32:31.6458722Z","38BF07261CF15B87870CEC710381D2174EE46E7B3A179B80906CD404747857F5"
"PreflightExcluded/Accuracy/Runs/Proposed-StateImport-20260810/run_manifest.json","4141","2026-08-31T06:32:31.6703821Z","D4B12BD6CFDC44A5E2F9DE0E022252FF52F8B0F996CC13718B76508C8B2E2E05"
"PreflightExcluded/Accuracy/Runs/Proposed-StateImport-20260810/simulation_events.jsonl","2026272","2026-08-31T06:32:31.6508713Z","281735B8CA9DBFFA8E07F6B8FA06ACFCC296F0CE771689A5D79846912D18B21A"
"PreflightExcluded/Accuracy/Runs/Simple-None-20260810/cohort_timeseries.csv","102606","2026-08-31T06:32:24.3899792Z","C3E4DE8556445F5216F0038FDD4902D89D35386D7E834A7DBA10375A89704876"
"PreflightExcluded/Accuracy/Runs/Simple-None-20260810/kingdom_timeseries.csv","714912","2026-08-31T06:32:24.3899792Z","863001ADD44144CE6DF4A366DC27E8C2BE64DA37C45F841DD172F7E617A48704"
"PreflightExcluded/Accuracy/Runs/Simple-None-20260810/ledger_transactions.jsonl","5629425","2026-08-31T06:32:24.4049782Z","9DBF1749D9F626F67E16EE718AF75E44E6FAA1D14A90DA3DF40FDA2119EDEC4A"
"PreflightExcluded/Accuracy/Runs/Simple-None-20260810/lod_transitions.jsonl","46374","2026-08-31T06:32:24.3909782Z","0AADBFECA9FA0C0DD55712FEF6CCC7CF7A6821DAB3513D10015906450C86AE5D"
"PreflightExcluded/Accuracy/Runs/Simple-None-20260810/npc_snapshots.csv","13525","2026-08-31T06:32:24.3909782Z","C597C5B37B13885AF049A5A802B9EC4518613EA36DB25AB4BDE7242584CEE5BD"
"PreflightExcluded/Accuracy/Runs/Simple-None-20260810/run_manifest.json","2860","2026-08-31T06:32:24.4049782Z","6F86BF2F6982A8BD44188B15CD0200398AB19B3E93752D0D7C1A6E3B90F1C5CC"
"PreflightExcluded/Accuracy/Runs/Simple-None-20260810/simulation_events.jsonl","92766","2026-08-31T06:32:24.3909782Z","F6AA54E0DF4E0684D491D2877E22A499501C2D58F79C716FF72344220A319E20"
"PreflightExcluded/Accuracy/Runs/Simple-StateImport-20260810/cohort_timeseries.csv","111846","2026-08-31T06:32:18.4985754Z","CADCC3D9083FB7B31B15EBCA9B36BEDC1F3B0174CF2D18EC02A7A26487E13541"
"PreflightExcluded/Accuracy/Runs/Simple-StateImport-20260810/kingdom_timeseries.csv","765719","2026-08-31T06:32:18.4975842Z","EF224668BD1EE67AEF5D8DDF84BE5460FAB9D2FDD2AF1B04A70EE6430E5B89FF"
"PreflightExcluded/Accuracy/Runs/Simple-StateImport-20260810/ledger_transactions.jsonl","5852657","2026-08-31T06:32:18.5130354Z","8423E2FB5575F82C080382DC9943C5336E913BA037FD1DF1431FDD4B9B97219C"
"PreflightExcluded/Accuracy/Runs/Simple-StateImport-20260810/lod_transitions.jsonl","48054","2026-08-31T06:32:18.4994859Z","2BF7D1B616EA8FE12D98F902A7ED061C4EF524CF8D7FE069D6747D57EA57849A"
"PreflightExcluded/Accuracy/Runs/Simple-StateImport-20260810/npc_snapshots.csv","14365","2026-08-31T06:32:18.4985754Z","DE90B1B574526311C57FE5DA7BDE6B9AE2324B25BA211D9C480B040E352B0C33"
"PreflightExcluded/Accuracy/Runs/Simple-StateImport-20260810/run_manifest.json","2870","2026-08-31T06:32:18.5130354Z","0FD55B18CBC7D3071F5D02CE96A7C422B52616896EA8BBFAD149238D1EA7CFCA"
"PreflightExcluded/Accuracy/Runs/Simple-StateImport-20260810/simulation_events.jsonl","100892","2026-08-31T06:32:18.4994859Z","8FCEE94DB23A24F355241EC9BE3918F0BA5C6AEE12EA59A37981B661890953F6"
"PreflightExcluded/Performance-2k/Inputs/Seed-20260810/earthquake_damage_list.json","26773","2026-08-31T06:37:01.2319058Z","7EECD19F3CCB105C0759124273CD2B98111C9CA93534964AC2B3EC945DEF1B0F"
"PreflightExcluded/Performance-2k/Inputs/Seed-20260810/initial_population_manifest.json","526670","2026-08-31T06:37:01.2303926Z","576A4BE5E1574CC3AED612B802D7B6DCB1F992549DD8DD779437A3A2F161C4E5"
"PreflightExcluded/Performance-2k/Inputs/Seed-20260810/persistent_test_pool.json","4173","2026-08-31T06:37:01.2319058Z","51C6C2571AE672C95338083FA0BE97B5F1AFD6B442F16A6C91620EEA06A443F7"
"PreflightExcluded/Performance-2k/metrics_summary.csv","47224","2026-08-31T06:37:01.2375994Z","D2A12F73C53FA68F46F52C5CE29DF561AF6476133CB5DF4D417CC8F811BE6640"
"PreflightExcluded/Performance-2k/phase8_audit.json","1214","2026-08-31T06:37:01.8558714Z","EFFF1F4113FAA836FEB0793B97856D48FD2DFF5C4D9755BB81B7D669D8B5220C"
"PreflightExcluded/Performance-2k/run_schedule.csv","904","2026-08-31T06:37:01.2273688Z","DC87C73C71443873C3E6C046BFBBC3B2921254D0054188C059188A6B5655854C"
"PreflightExcluded/Performance-2k/Runs/PerAgent-StateImport-20260810-R01/performance_1s.csv","357","2026-08-31T06:33:24.5146355Z","48DFD1610B3FFCD8439B00EBF0CEA035BCF8BCB5B37B4847E1788F2BF4B7F6BB"
"PreflightExcluded/Performance-2k/Runs/PerAgent-StateImport-20260810-R01/run_manifest.json","2841","2026-08-31T06:33:24.5156369Z","A5760B9656444644AB0613F9490B3F796EDC023CD03C0415C85406F440482D15"
"PreflightExcluded/Performance-2k/Runs/PerAgent-StateImport-20260810-R02/performance_1s.csv","357","2026-08-31T06:33:19.9057434Z","F5FDA9BEEAF271676ECB3BB2CC9F12DE2B7A9AB84C65F106A219FD33E0DCAF82"
"PreflightExcluded/Performance-2k/Runs/PerAgent-StateImport-20260810-R02/run_manifest.json","2840","2026-08-31T06:33:19.9057434Z","B3B8C7599CD154373E6470E3EC6E3A8F762FBE7C05BD821082B1CB60BDCAF2ED"
"PreflightExcluded/Performance-2k/Runs/Proposed-StateImport-20260810-R01/performance_1s.csv","959","2026-08-31T06:33:23.7869235Z","1F40BDAC94DF156135C92309922C6565B76470328073D603B72B6DB124312D0E"
"PreflightExcluded/Performance-2k/Runs/Proposed-StateImport-20260810-R01/run_manifest.json","4144","2026-08-31T06:33:23.7869235Z","A83589FF454056BA406B45A8FDB61E9E0603BC7A0B15431611380007E1E3FF6D"
"PreflightExcluded/Performance-2k/Runs/Proposed-StateImport-20260810-R02/performance_1s.csv","1155","2026-08-31T06:33:19.2469276Z","3B37D3FF7FC8EA7486E4255F783E16C15267B14E0132740E2D4B8A194199D5F6"
"PreflightExcluded/Performance-2k/Runs/Proposed-StateImport-20260810-R02/run_manifest.json","4146","2026-08-31T06:33:19.2469276Z","5FB68064B1001B6E9AA92B795377DD119847B70617A8DADF2D7849FBFB575F9A"
"PreflightExcluded/Performance-2k/Runs/Simple-StateImport-20260810-R01/performance_1s.csv","348","2026-08-31T06:33:15.1253805Z","F84BF2F7A14AF691808B11321046531FA290994F8FF557F04587CDE4D6334830"
"PreflightExcluded/Performance-2k/Runs/Simple-StateImport-20260810-R01/run_manifest.json","2858","2026-08-31T06:33:15.1253805Z","E9DAE817A9B127726E25AC3F41B0EFFAD91E4644EF7165C197DA0E025D9C9AFF"
"PreflightExcluded/Performance-2k/Runs/Simple-StateImport-20260810-R02/performance_1s.csv","348","2026-08-31T06:33:23.8448859Z","66F79BEF927B7280CB7888595BC92E99C215870DEF2C28C4D4FCBDF372E1E449"
"PreflightExcluded/Performance-2k/Runs/Simple-StateImport-20260810-R02/run_manifest.json","2860","2026-08-31T06:33:23.8448859Z","5AD0BAA9FC850E9171AE3F3C74E8AE9C6E116F99F747B51BFE7D4F1DE2DEF92E"
