scenario,seed,metric_group,metric,scale,proposed,simple,per_agent,proposed_minus_simple,proposed_minus_per_agent,interpretation_class
None,20260815,Behavior distribution,Behavior.TVD,fixed_8_categories,0.000858539641,0.773738938529,0.0,-0.772880398888,0.000858539641,Primary accuracy
None,20260816,Behavior distribution,Behavior.TVD,fixed_8_categories,0.000536720903,0.781591430153,0.0,-0.78105470925,0.000536720903,Primary accuracy
None,20260817,Behavior distribution,Behavior.TVD,fixed_8_categories,0.000322086015,0.781535396026,0.0,-0.781213310011,0.000322086015,Primary accuracy
None,20260818,Behavior distribution,Behavior.TVD,fixed_8_categories,0.000214741839,0.781507371984,0.0,-0.7812926301449999,0.000214741839,Primary accuracy
None,20260819,Behavior distribution,Behavior.TVD,fixed_8_categories,0.001180198173,0.773822913018,0.0,-0.772642714845,0.001180198173,Primary accuracy
None,20260820,Behavior distribution,Behavior.TVD,fixed_8_categories,0.000107397671,0.781423271928,0.0,-0.781315874257,0.000107397671,Primary accuracy
None,20260821,Behavior distribution,Behavior.TVD,fixed_8_categories,0.001608827213,0.773660126453,0.0,-0.7720512992399999,0.001608827213,Primary accuracy
None,20260822,Behavior distribution,Behavior.TVD,fixed_8_categories,0.000644011624,0.781619440239,0.0,-0.780975428615,0.000644011624,Primary accuracy
None,20260823,Behavior distribution,Behavior.TVD,fixed_8_categories,0.000107379835,0.781734141996,0.0,-0.781626762161,0.000107379835,Primary accuracy
None,20260824,Behavior distribution,Behavior.TVD,fixed_8_categories,0.000214741839,0.781507371984,0.0,-0.7812926301449999,0.000214741839,Primary accuracy
None,20260825,Behavior distribution,Behavior.TVD,fixed_8_categories,0.000751284535,0.781647445677,0.0,-0.780896161142,0.000751284535,Primary accuracy
None,20260826,Behavior distribution,Behavior.TVD,fixed_8_categories,0.0,0.781451309936,0.0,-0.781451309936,0.0,Primary accuracy
None,20260827,Behavior distribution,Behavior.TVD,fixed_8_categories,0.000107397671,0.781423271928,0.0,-0.781315874257,0.000107397671,Primary accuracy
None,20260828,Behavior distribution,Behavior.TVD,fixed_8_categories,0.000429412368,0.781563415415,0.0,-0.781134003047,0.000429412368,Primary accuracy
None,20260829,Behavior distribution,Behavior.TVD,fixed_8_categories,0.000751284535,0.781647445677,0.0,-0.780896161142,0.000751284535,Primary accuracy
None,20260830,Behavior distribution,Behavior.TVD,fixed_8_categories,0.000322086015,0.781535396026,0.0,-0.781213310011,0.000322086015,Primary accuracy
None,20260831,Behavior distribution,Behavior.TVD,fixed_8_categories,0.001608827213,0.773660126453,0.0,-0.7720512992399999,0.001608827213,Primary accuracy
None,20260832,Behavior distribution,Behavior.TVD,fixed_8_categories,0.000322086015,0.781790194735,0.0,-0.78146810872,0.000322086015,Primary accuracy
None,20260833,Behavior distribution,Behavior.TVD,fixed_8_categories,0.000751284535,0.781902244386,0.0,-0.781150959851,0.000751284535,Primary accuracy
None,20260834,Behavior distribution,Behavior.TVD,fixed_8_categories,0.000322086015,0.781790194735,0.0,-0.78146810872,0.000322086015,Primary accuracy
None,20260835,Behavior distribution,Behavior.TVD,fixed_8_categories,0.000107397671,0.781423271928,0.0,-0.781315874257,0.000107397671,Primary accuracy
None,20260836,Behavior distribution,Behavior.TVD,fixed_8_categories,0.000107379835,0.781479343287,0.0,-0.781371963452,0.000107379835,Primary accuracy
None,20260837,Behavior distribution,Behavior.TVD,fixed_8_categories,0.000107397671,0.781423271928,0.0,-0.781315874257,0.000107397671,Primary accuracy
None,20260838,Behavior distribution,Behavior.TVD,fixed_8_categories,0.000965776946,0.773766934671,0.0,-0.772801157725,0.000965776946,Primary accuracy
None,20260839,Behavior distribution,Behavior.TVD,fixed_8_categories,0.00032224654,0.781367181938,0.0,-0.781044935398,0.00032224654,Primary accuracy
None,20260840,Behavior distribution,Behavior.TVD,fixed_8_categories,0.000214741839,0.781507371984,0.0,-0.7812926301449999,0.000214741839,Primary accuracy
None,20260841,Behavior distribution,Behavior.TVD,fixed_8_categories,0.000322086015,0.781535396026,0.0,-0.781213310011,0.000322086015,Primary accuracy
None,20260842,Behavior distribution,Behavior.TVD,fixed_8_categories,0.000751284535,0.781902244386,0.0,-0.781150959851,0.000751284535,Primary accuracy
None,20260843,Behavior distribution,Behavior.TVD,fixed_8_categories,0.000107397671,0.781423271928,0.0,-0.781315874257,0.000107397671,Primary accuracy
None,20260844,Behavior distribution,Behavior.TVD,fixed_8_categories,0.001180198173,0.782014219663,0.0,-0.78083402149,0.001180198173,Primary accuracy
None,20260815,Commitment continuity diagnostic,Continuity.CommitmentTaskActiveStatusMismatchRate,restore_home_relevant_paired_snapshots=0,0.0,1.0,0.0,-1.0,0.0,Secondary commitment diagnostic
None,20260816,Commitment continuity diagnostic,Continuity.CommitmentTaskActiveStatusMismatchRate,restore_home_relevant_paired_snapshots=0,0.0,1.0,0.0,-1.0,0.0,Secondary commitment diagnostic
None,20260817,Commitment continuity diagnostic,Continuity.CommitmentTaskActiveStatusMismatchRate,restore_home_relevant_paired_snapshots=0,0.0,1.0,0.0,-1.0,0.0,Secondary commitment diagnostic
None,20260818,Commitment continuity diagnostic,Continuity.CommitmentTaskActiveStatusMismatchRate,restore_home_relevant_paired_snapshots=0,0.0,0.0,0.0,0.0,0.0,Secondary commitment diagnostic
None,20260819,Commitment continuity diagnostic,Continuity.CommitmentTaskActiveStatusMismatchRate,restore_home_relevant_paired_snapshots=0,0.0,1.0,0.0,-1.0,0.0,Secondary commitment diagnostic
None,20260820,Commitment continuity diagnostic,Continuity.CommitmentTaskActiveStatusMismatchRate,restore_home_relevant_paired_snapshots=0,0.0,1.0,0.0,-1.0,0.0,Secondary commitment diagnostic
None,20260821,Commitment continuity diagnostic,Continuity.CommitmentTaskActiveStatusMismatchRate,restore_home_relevant_paired_snapshots=0,0.0,1.0,0.0,-1.0,0.0,Secondary commitment diagnostic
None,20260822,Commitment continuity diagnostic,Continuity.CommitmentTaskActiveStatusMismatchRate,restore_home_relevant_paired_snapshots=0,0.0,1.0,0.0,-1.0,0.0,Secondary commitment diagnostic
None,20260823,Commitment continuity diagnostic,Continuity.CommitmentTaskActiveStatusMismatchRate,restore_home_relevant_paired_snapshots=0,0.0,1.0,0.0,-1.0,0.0,Secondary commitment diagnostic
None,20260824,Commitment continuity diagnostic,Continuity.CommitmentTaskActiveStatusMismatchRate,restore_home_relevant_paired_snapshots=0,0.0,1.0,0.0,-1.0,0.0,Secondary commitment diagnostic
None,20260825,Commitment continuity diagnostic,Continuity.CommitmentTaskActiveStatusMismatchRate,restore_home_relevant_paired_snapshots=0,0.0,1.0,0.0,-1.0,0.0,Secondary commitment diagnostic
None,20260826,Commitment continuity diagnostic,Continuity.CommitmentTaskActiveStatusMismatchRate,restore_home_relevant_paired_snapshots=0,0.0,1.0,0.0,-1.0,0.0,Secondary commitment diagnostic
None,20260827,Commitment continuity diagnostic,Continuity.CommitmentTaskActiveStatusMismatchRate,restore_home_relevant_paired_snapshots=0,0.0,1.0,0.0,-1.0,0.0,Secondary commitment diagnostic
None,20260828,Commitment continuity diagnostic,Continuity.CommitmentTaskActiveStatusMismatchRate,restore_home_relevant_paired_snapshots=0,0.0,1.0,0.0,-1.0,0.0,Secondary commitment diagnostic
None,20260829,Commitment continuity diagnostic,Continuity.CommitmentTaskActiveStatusMismatchRate,restore_home_relevant_paired_snapshots=0,0.0,1.0,0.0,-1.0,0.0,Secondary commitment diagnostic
None,20260830,Commitment continuity diagnostic,Continuity.CommitmentTaskActiveStatusMismatchRate,restore_home_relevant_paired_snapshots=0,0.0,1.0,0.0,-1.0,0.0,Secondary commitment diagnostic
None,20260831,Commitment continuity diagnostic,Continuity.CommitmentTaskActiveStatusMismatchRate,restore_home_relevant_paired_snapshots=0,0.0,1.0,0.0,-1.0,0.0,Secondary commitment diagnostic
None,20260832,Commitment continuity diagnostic,Continuity.CommitmentTaskActiveStatusMismatchRate,restore_home_relevant_paired_snapshots=0,0.0,1.0,0.0,-1.0,0.0,Secondary commitment diagnostic
None,20260833,Commitment continuity diagnostic,Continuity.CommitmentTaskActiveStatusMismatchRate,restore_home_relevant_paired_snapshots=0,0.0,1.0,0.0,-1.0,0.0,Secondary commitment diagnostic
None,20260834,Commitment continuity diagnostic,Continuity.CommitmentTaskActiveStatusMismatchRate,restore_home_relevant_paired_snapshots=0,0.0,1.0,0.0,-1.0,0.0,Secondary commitment diagnostic
None,20260835,Commitment continuity diagnostic,Continuity.CommitmentTaskActiveStatusMismatchRate,restore_home_relevant_paired_snapshots=0,0.0,1.0,0.0,-1.0,0.0,Secondary commitment diagnostic
None,20260836,Commitment continuity diagnostic,Continuity.CommitmentTaskActiveStatusMismatchRate,restore_home_relevant_paired_snapshots=0,0.0,1.0,0.0,-1.0,0.0,Secondary commitment diagnostic
None,20260837,Commitment continuity diagnostic,Continuity.CommitmentTaskActiveStatusMismatchRate,restore_home_relevant_paired_snapshots=0,0.0,1.0,0.0,-1.0,0.0,Secondary commitment diagnostic
None,20260838,Commitment continuity diagnostic,Continuity.CommitmentTaskActiveStatusMismatchRate,restore_home_relevant_paired_snapshots=0,0.0,1.0,0.0,-1.0,0.0,Secondary commitment diagnostic
None,20260839,Commitment continuity diagnostic,Continuity.CommitmentTaskActiveStatusMismatchRate,restore_home_relevant_paired_snapshots=0,0.0,0.0,0.0,0.0,0.0,Secondary commitment diagnostic
None,20260840,Commitment continuity diagnostic,Continuity.CommitmentTaskActiveStatusMismatchRate,restore_home_relevant_paired_snapshots=0,0.0,1.0,0.0,-1.0,0.0,Secondary commitment diagnostic
None,20260841,Commitment continuity diagnostic,Continuity.CommitmentTaskActiveStatusMismatchRate,restore_home_relevant_paired_snapshots=0,0.0,1.0,0.0,-1.0,0.0,Secondary commitment diagnostic
None,20260842,Commitment continuity diagnostic,Continuity.CommitmentTaskActiveStatusMismatchRate,restore_home_relevant_paired_snapshots=0,0.0,1.0,0.0,-1.0,0.0,Secondary commitment diagnostic
None,20260843,Commitment continuity diagnostic,Continuity.CommitmentTaskActiveStatusMismatchRate,restore_home_relevant_paired_snapshots=0,0.0,1.0,0.0,-1.0,0.0,Secondary commitment diagnostic
None,20260844,Commitment continuity diagnostic,Continuity.CommitmentTaskActiveStatusMismatchRate,restore_home_relevant_paired_snapshots=0,0.0,0.0,0.0,0.0,0.0,Secondary commitment diagnostic
None,20260815,Commitment continuity diagnostic,Continuity.CommitmentTaskRemainingHoursMAE,hours;paired_restore_home_active_snapshots=0,0.0,0.0,0.0,0.0,0.0,Secondary commitment diagnostic
None,20260816,Commitment continuity diagnostic,Continuity.CommitmentTaskRemainingHoursMAE,hours;paired_restore_home_active_snapshots=0,0.0,0.0,0.0,0.0,0.0,Secondary commitment diagnostic
None,20260817,Commitment continuity diagnostic,Continuity.CommitmentTaskRemainingHoursMAE,hours;paired_restore_home_active_snapshots=0,0.0,0.0,0.0,0.0,0.0,Secondary commitment diagnostic
None,20260818,Commitment continuity diagnostic,Continuity.CommitmentTaskRemainingHoursMAE,hours;paired_restore_home_active_snapshots=0,0.0,0.0,0.0,0.0,0.0,Secondary commitment diagnostic
None,20260819,Commitment continuity diagnostic,Continuity.CommitmentTaskRemainingHoursMAE,hours;paired_restore_home_active_snapshots=0,6.0,0.0,0.0,6.0,6.0,Secondary commitment diagnostic
None,20260820,Commitment continuity diagnostic,Continuity.CommitmentTaskRemainingHoursMAE,hours;paired_restore_home_active_snapshots=0,0.0,0.0,0.0,0.0,0.0,Secondary commitment diagnostic
None,20260821,Commitment continuity diagnostic,Continuity.CommitmentTaskRemainingHoursMAE,hours;paired_restore_home_active_snapshots=0,0.0,0.0,0.0,0.0,0.0,Secondary commitment diagnostic
None,20260822,Commitment continuity diagnostic,Continuity.CommitmentTaskRemainingHoursMAE,hours;paired_restore_home_active_snapshots=0,0.0,0.0,0.0,0.0,0.0,Secondary commitment diagnostic
None,20260823,Commitment continuity diagnostic,Continuity.CommitmentTaskRemainingHoursMAE,hours;paired_restore_home_active_snapshots=0,0.0,0.0,0.0,0.0,0.0,Secondary commitment diagnostic
None,20260824,Commitment continuity diagnostic,Continuity.CommitmentTaskRemainingHoursMAE,hours;paired_restore_home_active_snapshots=0,0.0,0.0,0.0,0.0,0.0,Secondary commitment diagnostic
None,20260825,Commitment continuity diagnostic,Continuity.CommitmentTaskRemainingHoursMAE,hours;paired_restore_home_active_snapshots=0,0.0,0.0,0.0,0.0,0.0,Secondary commitment diagnostic
None,20260826,Commitment continuity diagnostic,Continuity.CommitmentTaskRemainingHoursMAE,hours;paired_restore_home_active_snapshots=0,12.0,0.0,0.0,12.0,12.0,Secondary commitment diagnostic
None,20260827,Commitment continuity diagnostic,Continuity.CommitmentTaskRemainingHoursMAE,hours;paired_restore_home_active_snapshots=0,3.428571428571,0.0,0.0,3.428571428571,3.428571428571,Secondary commitment diagnostic
None,20260828,Commitment continuity diagnostic,Continuity.CommitmentTaskRemainingHoursMAE,hours;paired_restore_home_active_snapshots=0,0.0,0.0,0.0,0.0,0.0,Secondary commitment diagnostic
None,20260829,Commitment continuity diagnostic,Continuity.CommitmentTaskRemainingHoursMAE,hours;paired_restore_home_active_snapshots=0,0.0,0.0,0.0,0.0,0.0,Secondary commitment diagnostic
None,20260830,Commitment continuity diagnostic,Continuity.CommitmentTaskRemainingHoursMAE,hours;paired_restore_home_active_snapshots=0,0.0,0.0,0.0,0.0,0.0,Secondary commitment diagnostic
None,20260831,Commitment continuity diagnostic,Continuity.CommitmentTaskRemainingHoursMAE,hours;paired_restore_home_active_snapshots=0,0.0,0.0,0.0,0.0,0.0,Secondary commitment diagnostic
None,20260832,Commitment continuity diagnostic,Continuity.CommitmentTaskRemainingHoursMAE,hours;paired_restore_home_active_snapshots=0,0.0,0.0,0.0,0.0,0.0,Secondary commitment diagnostic
None,20260833,Commitment continuity diagnostic,Continuity.CommitmentTaskRemainingHoursMAE,hours;paired_restore_home_active_snapshots=0,0.0,0.0,0.0,0.0,0.0,Secondary commitment diagnostic
None,20260834,Commitment continuity diagnostic,Continuity.CommitmentTaskRemainingHoursMAE,hours;paired_restore_home_active_snapshots=0,8.0,0.0,0.0,8.0,8.0,Secondary commitment diagnostic
None,20260835,Commitment continuity diagnostic,Continuity.CommitmentTaskRemainingHoursMAE,hours;paired_restore_home_active_snapshots=0,24.0,0.0,0.0,24.0,24.0,Secondary commitment diagnostic
None,20260836,Commitment continuity diagnostic,Continuity.CommitmentTaskRemainingHoursMAE,hours;paired_restore_home_active_snapshots=0,0.0,0.0,0.0,0.0,0.0,Secondary commitment diagnostic
None,20260837,Commitment continuity diagnostic,Continuity.CommitmentTaskRemainingHoursMAE,hours;paired_restore_home_active_snapshots=0,0.0,0.0,0.0,0.0,0.0,Secondary commitment diagnostic
None,20260838,Commitment continuity diagnostic,Continuity.CommitmentTaskRemainingHoursMAE,hours;paired_restore_home_active_snapshots=0,0.0,0.0,0.0,0.0,0.0,Secondary commitment diagnostic
None,20260839,Commitment continuity diagnostic,Continuity.CommitmentTaskRemainingHoursMAE,hours;paired_restore_home_active_snapshots=0,0.0,0.0,0.0,0.0,0.0,Secondary commitment diagnostic
None,20260840,Commitment continuity diagnostic,Continuity.CommitmentTaskRemainingHoursMAE,hours;paired_restore_home_active_snapshots=0,0.0,0.0,0.0,0.0,0.0,Secondary commitment diagnostic
None,20260841,Commitment continuity diagnostic,Continuity.CommitmentTaskRemainingHoursMAE,hours;paired_restore_home_active_snapshots=0,6.0,0.0,0.0,6.0,6.0,Secondary commitment diagnostic
None,20260842,Commitment continuity diagnostic,Continuity.CommitmentTaskRemainingHoursMAE,hours;paired_restore_home_active_snapshots=0,0.0,0.0,0.0,0.0,0.0,Secondary commitment diagnostic
None,20260843,Commitment continuity diagnostic,Continuity.CommitmentTaskRemainingHoursMAE,hours;paired_restore_home_active_snapshots=0,0.0,0.0,0.0,0.0,0.0,Secondary commitment diagnostic
None,20260844,Commitment continuity diagnostic,Continuity.CommitmentTaskRemainingHoursMAE,hours;paired_restore_home_active_snapshots=0,0.0,0.0,0.0,0.0,0.0,Secondary commitment diagnostic
None,20260815,Internal diagnostic,Continuity.Diagnostic.EventIDExactMismatchRate,paired_snapshots=60;internal_representation_only,1.0,0.083333333333,0.0,0.916666666667,1.0,Diagnostic only
None,20260816,Internal diagnostic,Continuity.Diagnostic.EventIDExactMismatchRate,paired_snapshots=60;internal_representation_only,1.0,0.083333333333,0.0,0.916666666667,1.0,Diagnostic only
None,20260817,Internal diagnostic,Continuity.Diagnostic.EventIDExactMismatchRate,paired_snapshots=60;internal_representation_only,1.0,0.116666666667,0.0,0.883333333333,1.0,Diagnostic only
None,20260818,Internal diagnostic,Continuity.Diagnostic.EventIDExactMismatchRate,paired_snapshots=60;internal_representation_only,1.0,0.066666666667,0.0,0.9333333333330001,1.0,Diagnostic only
None,20260819,Internal diagnostic,Continuity.Diagnostic.EventIDExactMismatchRate,paired_snapshots=60;internal_representation_only,1.0,0.216666666667,0.0,0.783333333333,1.0,Diagnostic only
None,20260820,Internal diagnostic,Continuity.Diagnostic.EventIDExactMismatchRate,paired_snapshots=60;internal_representation_only,1.0,0.066666666667,0.0,0.9333333333330001,1.0,Diagnostic only
None,20260821,Internal diagnostic,Continuity.Diagnostic.EventIDExactMismatchRate,paired_snapshots=60;internal_representation_only,1.0,0.066666666667,0.0,0.9333333333330001,1.0,Diagnostic only
None,20260822,Internal diagnostic,Continuity.Diagnostic.EventIDExactMismatchRate,paired_snapshots=60;internal_representation_only,1.0,0.233333333333,0.0,0.766666666667,1.0,Diagnostic only
None,20260823,Internal diagnostic,Continuity.Diagnostic.EventIDExactMismatchRate,paired_snapshots=60;internal_representation_only,1.0,0.183333333333,0.0,0.8166666666669999,1.0,Diagnostic only
None,20260824,Internal diagnostic,Continuity.Diagnostic.EventIDExactMismatchRate,paired_snapshots=60;internal_representation_only,1.0,0.066666666667,0.0,0.9333333333330001,1.0,Diagnostic only
None,20260825,Internal diagnostic,Continuity.Diagnostic.EventIDExactMismatchRate,paired_snapshots=60;internal_representation_only,1.0,0.066666666667,0.0,0.9333333333330001,1.0,Diagnostic only
None,20260826,Internal diagnostic,Continuity.Diagnostic.EventIDExactMismatchRate,paired_snapshots=60;internal_representation_only,1.0,0.116666666667,0.0,0.883333333333,1.0,Diagnostic only
None,20260827,Internal diagnostic,Continuity.Diagnostic.EventIDExactMismatchRate,paired_snapshots=60;internal_representation_only,1.0,0.216666666667,0.0,0.783333333333,1.0,Diagnostic only
None,20260828,Internal diagnostic,Continuity.Diagnostic.EventIDExactMismatchRate,paired_snapshots=60;internal_representation_only,1.0,0.15,0.0,0.85,1.0,Diagnostic only
None,20260829,Internal diagnostic,Continuity.Diagnostic.EventIDExactMismatchRate,paired_snapshots=60;internal_representation_only,1.0,0.083333333333,0.0,0.916666666667,1.0,Diagnostic only
None,20260830,Internal diagnostic,Continuity.Diagnostic.EventIDExactMismatchRate,paired_snapshots=60;internal_representation_only,1.0,0.166666666667,0.0,0.833333333333,1.0,Diagnostic only
None,20260831,Internal diagnostic,Continuity.Diagnostic.EventIDExactMismatchRate,paired_snapshots=60;internal_representation_only,1.0,0.133333333333,0.0,0.866666666667,1.0,Diagnostic only
None,20260832,Internal diagnostic,Continuity.Diagnostic.EventIDExactMismatchRate,paired_snapshots=60;internal_representation_only,1.0,0.116666666667,0.0,0.883333333333,1.0,Diagnostic only
None,20260833,Internal diagnostic,Continuity.Diagnostic.EventIDExactMismatchRate,paired_snapshots=60;internal_representation_only,1.0,0.083333333333,0.0,0.916666666667,1.0,Diagnostic only
None,20260834,Internal diagnostic,Continuity.Diagnostic.EventIDExactMismatchRate,paired_snapshots=60;internal_representation_only,1.0,0.133333333333,0.0,0.866666666667,1.0,Diagnostic only
None,20260835,Internal diagnostic,Continuity.Diagnostic.EventIDExactMismatchRate,paired_snapshots=60;internal_representation_only,1.0,0.083333333333,0.0,0.916666666667,1.0,Diagnostic only
None,20260836,Internal diagnostic,Continuity.Diagnostic.EventIDExactMismatchRate,paired_snapshots=60;internal_representation_only,1.0,0.1,0.0,0.9,1.0,Diagnostic only
None,20260837,Internal diagnostic,Continuity.Diagnostic.EventIDExactMismatchRate,paired_snapshots=60;internal_representation_only,1.0,0.133333333333,0.0,0.866666666667,1.0,Diagnostic only
None,20260838,Internal diagnostic,Continuity.Diagnostic.EventIDExactMismatchRate,paired_snapshots=60;internal_representation_only,1.0,0.133333333333,0.0,0.866666666667,1.0,Diagnostic only
None,20260839,Internal diagnostic,Continuity.Diagnostic.EventIDExactMismatchRate,paired_snapshots=60;internal_representation_only,1.0,0.033333333333,0.0,0.966666666667,1.0,Diagnostic only
None,20260840,Internal diagnostic,Continuity.Diagnostic.EventIDExactMismatchRate,paired_snapshots=60;internal_representation_only,1.0,0.05,0.0,0.95,1.0,Diagnostic only
None,20260841,Internal diagnostic,Continuity.Diagnostic.EventIDExactMismatchRate,paired_snapshots=60;internal_representation_only,1.0,0.166666666667,0.0,0.833333333333,1.0,Diagnostic only
None,20260842,Internal diagnostic,Continuity.Diagnostic.EventIDExactMismatchRate,paired_snapshots=60;internal_representation_only,1.0,0.05,0.0,0.95,1.0,Diagnostic only
None,20260843,Internal diagnostic,Continuity.Diagnostic.EventIDExactMismatchRate,paired_snapshots=60;internal_representation_only,1.0,0.05,0.0,0.95,1.0,Diagnostic only
None,20260844,Internal diagnostic,Continuity.Diagnostic.EventIDExactMismatchRate,paired_snapshots=60;internal_representation_only,1.0,0.033333333333,0.0,0.966666666667,1.0,Diagnostic only
None,20260815,Internal diagnostic,Continuity.Diagnostic.ReservationIDExactMismatchRate,paired_snapshots=60;internal_representation_only,0.0,0.0,0.0,0.0,0.0,Diagnostic only
None,20260816,Internal diagnostic,Continuity.Diagnostic.ReservationIDExactMismatchRate,paired_snapshots=60;internal_representation_only,0.0,0.0,0.0,0.0,0.0,Diagnostic only
None,20260817,Internal diagnostic,Continuity.Diagnostic.ReservationIDExactMismatchRate,paired_snapshots=60;internal_representation_only,0.0,0.0,0.0,0.0,0.0,Diagnostic only
None,20260818,Internal diagnostic,Continuity.Diagnostic.ReservationIDExactMismatchRate,paired_snapshots=60;internal_representation_only,0.0,0.0,0.0,0.0,0.0,Diagnostic only
None,20260819,Internal diagnostic,Continuity.Diagnostic.ReservationIDExactMismatchRate,paired_snapshots=60;internal_representation_only,0.0,0.0,0.0,0.0,0.0,Diagnostic only
None,20260820,Internal diagnostic,Continuity.Diagnostic.ReservationIDExactMismatchRate,paired_snapshots=60;internal_representation_only,0.0,0.0,0.0,0.0,0.0,Diagnostic only
None,20260821,Internal diagnostic,Continuity.Diagnostic.ReservationIDExactMismatchRate,paired_snapshots=60;internal_representation_only,0.0,0.0,0.0,0.0,0.0,Diagnostic only
None,20260822,Internal diagnostic,Continuity.Diagnostic.ReservationIDExactMismatchRate,paired_snapshots=60;internal_representation_only,0.0,0.0,0.0,0.0,0.0,Diagnostic only
None,20260823,Internal diagnostic,Continuity.Diagnostic.ReservationIDExactMismatchRate,paired_snapshots=60;internal_representation_only,0.0,0.0,0.0,0.0,0.0,Diagnostic only
None,20260824,Internal diagnostic,Continuity.Diagnostic.ReservationIDExactMismatchRate,paired_snapshots=60;internal_representation_only,0.0,0.0,0.0,0.0,0.0,Diagnostic only
None,20260825,Internal diagnostic,Continuity.Diagnostic.ReservationIDExactMismatchRate,paired_snapshots=60;internal_representation_only,0.0,0.0,0.0,0.0,0.0,Diagnostic only
None,20260826,Internal diagnostic,Continuity.Diagnostic.ReservationIDExactMismatchRate,paired_snapshots=60;internal_representation_only,0.0,0.0,0.0,0.0,0.0,Diagnostic only
None,20260827,Internal diagnostic,Continuity.Diagnostic.ReservationIDExactMismatchRate,paired_snapshots=60;internal_representation_only,0.0,0.0,0.0,0.0,0.0,Diagnostic only
None,20260828,Internal diagnostic,Continuity.Diagnostic.ReservationIDExactMismatchRate,paired_snapshots=60;internal_representation_only,0.0,0.0,0.0,0.0,0.0,Diagnostic only
None,20260829,Internal diagnostic,Continuity.Diagnostic.ReservationIDExactMismatchRate,paired_snapshots=60;internal_representation_only,0.0,0.0,0.0,0.0,0.0,Diagnostic only
None,20260830,Internal diagnostic,Continuity.Diagnostic.ReservationIDExactMismatchRate,paired_snapshots=60;internal_representation_only,0.0,0.0,0.0,0.0,0.0,Diagnostic only
None,20260831,Internal diagnostic,Continuity.Diagnostic.ReservationIDExactMismatchRate,paired_snapshots=60;internal_representation_only,0.0,0.0,0.0,0.0,0.0,Diagnostic only
None,20260832,Internal diagnostic,Continuity.Diagnostic.ReservationIDExactMismatchRate,paired_snapshots=60;internal_representation_only,0.0,0.0,0.0,0.0,0.0,Diagnostic only
None,20260833,Internal diagnostic,Continuity.Diagnostic.ReservationIDExactMismatchRate,paired_snapshots=60;internal_representation_only,0.0,0.0,0.0,0.0,0.0,Diagnostic only
None,20260834,Internal diagnostic,Continuity.Diagnostic.ReservationIDExactMismatchRate,paired_snapshots=60;internal_representation_only,0.0,0.0,0.0,0.0,0.0,Diagnostic only
None,20260835,Internal diagnostic,Continuity.Diagnostic.ReservationIDExactMismatchRate,paired_snapshots=60;internal_representation_only,0.0,0.0,0.0,0.0,0.0,Diagnostic only
None,20260836,Internal diagnostic,Continuity.Diagnostic.ReservationIDExactMismatchRate,paired_snapshots=60;internal_representation_only,0.0,0.0,0.0,0.0,0.0,Diagnostic only
None,20260837,Internal diagnostic,Continuity.Diagnostic.ReservationIDExactMismatchRate,paired_snapshots=60;internal_representation_only,0.0,0.0,0.0,0.0,0.0,Diagnostic only
None,20260838,Internal diagnostic,Continuity.Diagnostic.ReservationIDExactMismatchRate,paired_snapshots=60;internal_representation_only,0.0,0.0,0.0,0.0,0.0,Diagnostic only
None,20260839,Internal diagnostic,Continuity.Diagnostic.ReservationIDExactMismatchRate,paired_snapshots=60;internal_representation_only,0.0,0.0,0.0,0.0,0.0,Diagnostic only
None,20260840,Internal diagnostic,Continuity.Diagnostic.ReservationIDExactMismatchRate,paired_snapshots=60;internal_representation_only,0.0,0.0,0.0,0.0,0.0,Diagnostic only
None,20260841,Internal diagnostic,Continuity.Diagnostic.ReservationIDExactMismatchRate,paired_snapshots=60;internal_representation_only,0.0,0.0,0.0,0.0,0.0,Diagnostic only
None,20260842,Internal diagnostic,Continuity.Diagnostic.ReservationIDExactMismatchRate,paired_snapshots=60;internal_representation_only,0.0,0.0,0.0,0.0,0.0,Diagnostic only
None,20260843,Internal diagnostic,Continuity.Diagnostic.ReservationIDExactMismatchRate,paired_snapshots=60;internal_representation_only,0.0,0.0,0.0,0.0,0.0,Diagnostic only
None,20260844,Internal diagnostic,Continuity.Diagnostic.ReservationIDExactMismatchRate,paired_snapshots=60;internal_representation_only,0.0,0.0,0.0,0.0,0.0,Diagnostic only
None,20260815,Internal diagnostic,Continuity.Diagnostic.TaskProgressExactMismatchRate,paired_snapshots=60;internal_representation_only,0.916666666667,0.083333333333,0.0,0.8333333333340001,0.916666666667,Diagnostic only
None,20260816,Internal diagnostic,Continuity.Diagnostic.TaskProgressExactMismatchRate,paired_snapshots=60;internal_representation_only,0.916666666667,0.083333333333,0.0,0.8333333333340001,0.916666666667,Diagnostic only
None,20260817,Internal diagnostic,Continuity.Diagnostic.TaskProgressExactMismatchRate,paired_snapshots=60;internal_representation_only,0.9,0.116666666667,0.0,0.783333333333,0.9,Diagnostic only
None,20260818,Internal diagnostic,Continuity.Diagnostic.TaskProgressExactMismatchRate,paired_snapshots=60;internal_representation_only,0.933333333333,0.066666666667,0.0,0.8666666666659999,0.933333333333,Diagnostic only
None,20260819,Internal diagnostic,Continuity.Diagnostic.TaskProgressExactMismatchRate,paired_snapshots=60;internal_representation_only,0.8,0.216666666667,0.0,0.5833333333330001,0.8,Diagnostic only
None,20260820,Internal diagnostic,Continuity.Diagnostic.TaskProgressExactMismatchRate,paired_snapshots=60;internal_representation_only,0.933333333333,0.066666666667,0.0,0.8666666666659999,0.933333333333,Diagnostic only
None,20260821,Internal diagnostic,Continuity.Diagnostic.TaskProgressExactMismatchRate,paired_snapshots=60;internal_representation_only,0.933333333333,0.066666666667,0.0,0.8666666666659999,0.933333333333,Diagnostic only
None,20260822,Internal diagnostic,Continuity.Diagnostic.TaskProgressExactMismatchRate,paired_snapshots=60;internal_representation_only,0.766666666667,0.233333333333,0.0,0.533333333334,0.766666666667,Diagnostic only
None,20260823,Internal diagnostic,Continuity.Diagnostic.TaskProgressExactMismatchRate,paired_snapshots=60;internal_representation_only,0.85,0.183333333333,0.0,0.666666666667,0.85,Diagnostic only
None,20260824,Internal diagnostic,Continuity.Diagnostic.TaskProgressExactMismatchRate,paired_snapshots=60;internal_representation_only,0.933333333333,0.066666666667,0.0,0.8666666666659999,0.933333333333,Diagnostic only
None,20260825,Internal diagnostic,Continuity.Diagnostic.TaskProgressExactMismatchRate,paired_snapshots=60;internal_representation_only,0.933333333333,0.066666666667,0.0,0.8666666666659999,0.933333333333,Diagnostic only
None,20260826,Internal diagnostic,Continuity.Diagnostic.TaskProgressExactMismatchRate,paired_snapshots=60;internal_representation_only,0.9,0.116666666667,0.0,0.783333333333,0.9,Diagnostic only
None,20260827,Internal diagnostic,Continuity.Diagnostic.TaskProgressExactMismatchRate,paired_snapshots=60;internal_representation_only,0.8,0.216666666667,0.0,0.5833333333330001,0.8,Diagnostic only
None,20260828,Internal diagnostic,Continuity.Diagnostic.TaskProgressExactMismatchRate,paired_snapshots=60;internal_representation_only,0.85,0.15,0.0,0.7,0.85,Diagnostic only
None,20260829,Internal diagnostic,Continuity.Diagnostic.TaskProgressExactMismatchRate,paired_snapshots=60;internal_representation_only,0.916666666667,0.083333333333,0.0,0.8333333333340001,0.916666666667,Diagnostic only
None,20260830,Internal diagnostic,Continuity.Diagnostic.TaskProgressExactMismatchRate,paired_snapshots=60;internal_representation_only,0.833333333333,0.166666666667,0.0,0.6666666666659999,0.833333333333,Diagnostic only
None,20260831,Internal diagnostic,Continuity.Diagnostic.TaskProgressExactMismatchRate,paired_snapshots=60;internal_representation_only,0.883333333333,0.133333333333,0.0,0.75,0.883333333333,Diagnostic only
None,20260832,Internal diagnostic,Continuity.Diagnostic.TaskProgressExactMismatchRate,paired_snapshots=60;internal_representation_only,0.883333333333,0.116666666667,0.0,0.766666666666,0.883333333333,Diagnostic only
None,20260833,Internal diagnostic,Continuity.Diagnostic.TaskProgressExactMismatchRate,paired_snapshots=60;internal_representation_only,0.933333333333,0.083333333333,0.0,0.85,0.933333333333,Diagnostic only
None,20260834,Internal diagnostic,Continuity.Diagnostic.TaskProgressExactMismatchRate,paired_snapshots=60;internal_representation_only,0.883333333333,0.133333333333,0.0,0.75,0.883333333333,Diagnostic only
None,20260835,Internal diagnostic,Continuity.Diagnostic.TaskProgressExactMismatchRate,paired_snapshots=60;internal_representation_only,0.933333333333,0.083333333333,0.0,0.85,0.933333333333,Diagnostic only
None,20260836,Internal diagnostic,Continuity.Diagnostic.TaskProgressExactMismatchRate,paired_snapshots=60;internal_representation_only,0.9,0.1,0.0,0.8,0.9,Diagnostic only
None,20260837,Internal diagnostic,Continuity.Diagnostic.TaskProgressExactMismatchRate,paired_snapshots=60;internal_representation_only,0.866666666667,0.133333333333,0.0,0.733333333334,0.866666666667,Diagnostic only
None,20260838,Internal diagnostic,Continuity.Diagnostic.TaskProgressExactMismatchRate,paired_snapshots=60;internal_representation_only,0.883333333333,0.133333333333,0.0,0.75,0.883333333333,Diagnostic only
None,20260839,Internal diagnostic,Continuity.Diagnostic.TaskProgressExactMismatchRate,paired_snapshots=60;internal_representation_only,0.966666666667,0.033333333333,0.0,0.9333333333339999,0.966666666667,Diagnostic only
None,20260840,Internal diagnostic,Continuity.Diagnostic.TaskProgressExactMismatchRate,paired_snapshots=60;internal_representation_only,0.95,0.05,0.0,0.8999999999999999,0.95,Diagnostic only
None,20260841,Internal diagnostic,Continuity.Diagnostic.TaskProgressExactMismatchRate,paired_snapshots=60;internal_representation_only,0.85,0.166666666667,0.0,0.683333333333,0.85,Diagnostic only
None,20260842,Internal diagnostic,Continuity.Diagnostic.TaskProgressExactMismatchRate,paired_snapshots=60;internal_representation_only,0.95,0.05,0.0,0.8999999999999999,0.95,Diagnostic only
None,20260843,Internal diagnostic,Continuity.Diagnostic.TaskProgressExactMismatchRate,paired_snapshots=60;internal_representation_only,0.95,0.05,0.0,0.8999999999999999,0.95,Diagnostic only
None,20260844,Internal diagnostic,Continuity.Diagnostic.TaskProgressExactMismatchRate,paired_snapshots=60;internal_representation_only,0.966666666667,0.033333333333,0.0,0.9333333333339999,0.966666666667,Diagnostic only
None,20260815,Macro trajectory error,Trajectory.DamagedWaiting,N=100,0.0,0.007560721721,0.0,-0.007560721721,0.0,Primary accuracy
None,20260816,Macro trajectory error,Trajectory.DamagedWaiting,N=100,0.0,0.010058986815,0.0,-0.010058986815,0.0,Primary accuracy
None,20260817,Macro trajectory error,Trajectory.DamagedWaiting,N=100,0.0,0.010058986815,0.0,-0.010058986815,0.0,Primary accuracy
None,20260818,Macro trajectory error,Trajectory.DamagedWaiting,N=100,0.0,0.010058986815,0.0,-0.010058986815,0.0,Primary accuracy
None,20260819,Macro trajectory error,Trajectory.DamagedWaiting,N=100,0.0,0.007560721721,0.0,-0.007560721721,0.0,Primary accuracy
None,20260820,Macro trajectory error,Trajectory.DamagedWaiting,N=100,0.0,0.010058986815,0.0,-0.010058986815,0.0,Primary accuracy
None,20260821,Macro trajectory error,Trajectory.DamagedWaiting,N=100,0.0,0.007557251908,0.0,-0.007557251908,0.0,Primary accuracy
None,20260822,Macro trajectory error,Trajectory.DamagedWaiting,N=100,0.0,0.010058986815,0.0,-0.010058986815,0.0,Primary accuracy
None,20260823,Macro trajectory error,Trajectory.DamagedWaiting,N=100,0.0,0.010062456627,0.0,-0.010062456627,0.0,Primary accuracy
None,20260824,Macro trajectory error,Trajectory.DamagedWaiting,N=100,0.0,0.010058986815,0.0,-0.010058986815,0.0,Primary accuracy
None,20260825,Macro trajectory error,Trajectory.DamagedWaiting,N=100,0.0,0.010058986815,0.0,-0.010058986815,0.0,Primary accuracy
None,20260826,Macro trajectory error,Trajectory.DamagedWaiting,N=100,0.0,0.010058986815,0.0,-0.010058986815,0.0,Primary accuracy
None,20260827,Macro trajectory error,Trajectory.DamagedWaiting,N=100,0.0,0.010058986815,0.0,-0.010058986815,0.0,Primary accuracy
None,20260828,Macro trajectory error,Trajectory.DamagedWaiting,N=100,0.0,0.010058986815,0.0,-0.010058986815,0.0,Primary accuracy
None,20260829,Macro trajectory error,Trajectory.DamagedWaiting,N=100,0.0,0.010058986815,0.0,-0.010058986815,0.0,Primary accuracy
None,20260830,Macro trajectory error,Trajectory.DamagedWaiting,N=100,0.0,0.010058986815,0.0,-0.010058986815,0.0,Primary accuracy
None,20260831,Macro trajectory error,Trajectory.DamagedWaiting,N=100,0.0,0.007557251908,0.0,-0.007557251908,0.0,Primary accuracy
None,20260832,Macro trajectory error,Trajectory.DamagedWaiting,N=100,0.0,0.010062456627,0.0,-0.010062456627,0.0,Primary accuracy
None,20260833,Macro trajectory error,Trajectory.DamagedWaiting,N=100,0.0,0.010062456627,0.0,-0.010062456627,0.0,Primary accuracy
None,20260834,Macro trajectory error,Trajectory.DamagedWaiting,N=100,0.0,0.010062456627,0.0,-0.010062456627,0.0,Primary accuracy
None,20260835,Macro trajectory error,Trajectory.DamagedWaiting,N=100,0.0,0.010058986815,0.0,-0.010058986815,0.0,Primary accuracy
None,20260836,Macro trajectory error,Trajectory.DamagedWaiting,N=100,0.0,0.010058986815,0.0,-0.010058986815,0.0,Primary accuracy
None,20260837,Macro trajectory error,Trajectory.DamagedWaiting,N=100,0.0,0.010058986815,0.0,-0.010058986815,0.0,Primary accuracy
None,20260838,Macro trajectory error,Trajectory.DamagedWaiting,N=100,0.0,0.007560721721,0.0,-0.007560721721,0.0,Primary accuracy
None,20260839,Macro trajectory error,Trajectory.DamagedWaiting,N=100,0.0,0.010058986815,0.0,-0.010058986815,0.0,Primary accuracy
None,20260840,Macro trajectory error,Trajectory.DamagedWaiting,N=100,0.0,0.010058986815,0.0,-0.010058986815,0.0,Primary accuracy
None,20260841,Macro trajectory error,Trajectory.DamagedWaiting,N=100,0.0,0.010058986815,0.0,-0.010058986815,0.0,Primary accuracy
None,20260842,Macro trajectory error,Trajectory.DamagedWaiting,N=100,0.0,0.010062456627,0.0,-0.010062456627,0.0,Primary accuracy
None,20260843,Macro trajectory error,Trajectory.DamagedWaiting,N=100,0.0,0.010058986815,0.0,-0.010058986815,0.0,Primary accuracy
None,20260844,Macro trajectory error,Trajectory.DamagedWaiting,N=100,0.0,0.010062456627,0.0,-0.010062456627,0.0,Primary accuracy
None,20260815,Macro trajectory error,Trajectory.ForestWood,16N=1600,0.0,0.00330828889,0.0,-0.00330828889,0.0,Primary accuracy
None,20260816,Macro trajectory error,Trajectory.ForestWood,16N=1600,0.0,0.00330828889,0.0,-0.00330828889,0.0,Primary accuracy
None,20260817,Macro trajectory error,Trajectory.ForestWood,16N=1600,0.0,0.00330828889,0.0,-0.00330828889,0.0,Primary accuracy
None,20260818,Macro trajectory error,Trajectory.ForestWood,16N=1600,0.0,0.00330828889,0.0,-0.00330828889,0.0,Primary accuracy
None,20260819,Macro trajectory error,Trajectory.ForestWood,16N=1600,0.0,0.00330828889,0.0,-0.00330828889,0.0,Primary accuracy
None,20260820,Macro trajectory error,Trajectory.ForestWood,16N=1600,0.0,0.00330828889,0.0,-0.00330828889,0.0,Primary accuracy
None,20260821,Macro trajectory error,Trajectory.ForestWood,16N=1600,0.0,0.00330828889,0.0,-0.00330828889,0.0,Primary accuracy
None,20260822,Macro trajectory error,Trajectory.ForestWood,16N=1600,0.0,0.00330828889,0.0,-0.00330828889,0.0,Primary accuracy
None,20260823,Macro trajectory error,Trajectory.ForestWood,16N=1600,0.0,0.00330828889,0.0,-0.00330828889,0.0,Primary accuracy
None,20260824,Macro trajectory error,Trajectory.ForestWood,16N=1600,0.0,0.00330828889,0.0,-0.00330828889,0.0,Primary accuracy
None,20260825,Macro trajectory error,Trajectory.ForestWood,16N=1600,0.0,0.00330828889,0.0,-0.00330828889,0.0,Primary accuracy
None,20260826,Macro trajectory error,Trajectory.ForestWood,16N=1600,0.0,0.00330828889,0.0,-0.00330828889,0.0,Primary accuracy
None,20260827,Macro trajectory error,Trajectory.ForestWood,16N=1600,0.0,0.00330828889,0.0,-0.00330828889,0.0,Primary accuracy
None,20260828,Macro trajectory error,Trajectory.ForestWood,16N=1600,0.0,0.00330828889,0.0,-0.00330828889,0.0,Primary accuracy
None,20260829,Macro trajectory error,Trajectory.ForestWood,16N=1600,0.0,0.00330828889,0.0,-0.00330828889,0.0,Primary accuracy
None,20260830,Macro trajectory error,Trajectory.ForestWood,16N=1600,0.0,0.00330828889,0.0,-0.00330828889,0.0,Primary accuracy
None,20260831,Macro trajectory error,Trajectory.ForestWood,16N=1600,0.0,0.00330828889,0.0,-0.00330828889,0.0,Primary accuracy
None,20260832,Macro trajectory error,Trajectory.ForestWood,16N=1600,0.0,0.00330828889,0.0,-0.00330828889,0.0,Primary accuracy
None,20260833,Macro trajectory error,Trajectory.ForestWood,16N=1600,0.0,0.00330828889,0.0,-0.00330828889,0.0,Primary accuracy
None,20260834,Macro trajectory error,Trajectory.ForestWood,16N=1600,0.0,0.00330828889,0.0,-0.00330828889,0.0,Primary accuracy
None,20260835,Macro trajectory error,Trajectory.ForestWood,16N=1600,0.0,0.00330828889,0.0,-0.00330828889,0.0,Primary accuracy
None,20260836,Macro trajectory error,Trajectory.ForestWood,16N=1600,0.0,0.00330828889,0.0,-0.00330828889,0.0,Primary accuracy
None,20260837,Macro trajectory error,Trajectory.ForestWood,16N=1600,0.0,0.00330828889,0.0,-0.00330828889,0.0,Primary accuracy
None,20260838,Macro trajectory error,Trajectory.ForestWood,16N=1600,0.0,0.00330828889,0.0,-0.00330828889,0.0,Primary accuracy
None,20260839,Macro trajectory error,Trajectory.ForestWood,16N=1600,0.0,0.00330828889,0.0,-0.00330828889,0.0,Primary accuracy
None,20260840,Macro trajectory error,Trajectory.ForestWood,16N=1600,0.0,0.00330828889,0.0,-0.00330828889,0.0,Primary accuracy
None,20260841,Macro trajectory error,Trajectory.ForestWood,16N=1600,0.0,0.00330828889,0.0,-0.00330828889,0.0,Primary accuracy
None,20260842,Macro trajectory error,Trajectory.ForestWood,16N=1600,0.0,0.00330828889,0.0,-0.00330828889,0.0,Primary accuracy
None,20260843,Macro trajectory error,Trajectory.ForestWood,16N=1600,0.0,0.00330828889,0.0,-0.00330828889,0.0,Primary accuracy
None,20260844,Macro trajectory error,Trajectory.ForestWood,16N=1600,0.0,0.00330828889,0.0,-0.00330828889,0.0,Primary accuracy
None,20260815,Macro trajectory error,Trajectory.MarketWoodAvailable,2N=200,0.003331020125,0.152623178348,0.0,-0.149292158223,0.003331020125,Primary accuracy
None,20260816,Macro trajectory error,Trajectory.MarketWoodAvailable,2N=200,0.002831367106,0.150957668286,0.0,-0.14812630118,0.002831367106,Primary accuracy
None,20260817,Macro trajectory error,Trajectory.MarketWoodAvailable,2N=200,0.003164469119,0.151290770298,0.0,-0.148126301179,0.003164469119,Primary accuracy
None,20260818,Macro trajectory error,Trajectory.MarketWoodAvailable,2N=200,0.004330326162,0.152456627342,0.0,-0.14812630118,0.004330326162,Primary accuracy
None,20260819,Macro trajectory error,Trajectory.MarketWoodAvailable,2N=200,0.004163775156,0.152456627342,0.0,-0.148292852186,0.004163775156,Primary accuracy
None,20260820,Macro trajectory error,Trajectory.MarketWoodAvailable,2N=200,0.003164469119,0.151290770298,0.0,-0.148126301179,0.003164469119,Primary accuracy
None,20260821,Macro trajectory error,Trajectory.MarketWoodAvailable,2N=200,0.003164469119,0.142970159611,0.0,-0.13980569049199998,0.003164469119,Primary accuracy
None,20260822,Macro trajectory error,Trajectory.MarketWoodAvailable,2N=200,0.004330326162,0.152456627342,0.0,-0.14812630118,0.004330326162,Primary accuracy
None,20260823,Macro trajectory error,Trajectory.MarketWoodAvailable,2N=200,0.003497571131,0.161276891048,0.0,-0.157779319917,0.003497571131,Primary accuracy
None,20260824,Macro trajectory error,Trajectory.MarketWoodAvailable,2N=200,0.002997918112,0.151124219292,0.0,-0.14812630118,0.002997918112,Primary accuracy
None,20260825,Macro trajectory error,Trajectory.MarketWoodAvailable,2N=200,0.003497571131,0.151623872311,0.0,-0.14812630118,0.003497571131,Primary accuracy
None,20260826,Macro trajectory error,Trajectory.MarketWoodAvailable,2N=200,0.001998612075,0.150124913255,0.0,-0.14812630118,0.001998612075,Primary accuracy
None,20260827,Macro trajectory error,Trajectory.MarketWoodAvailable,2N=200,0.003830673144,0.151956974323,0.0,-0.148126301179,0.003830673144,Primary accuracy
None,20260828,Macro trajectory error,Trajectory.MarketWoodAvailable,2N=200,0.003331020125,0.151457321305,0.0,-0.14812630118,0.003331020125,Primary accuracy
None,20260829,Macro trajectory error,Trajectory.MarketWoodAvailable,2N=200,0.003164469119,0.151290770298,0.0,-0.148126301179,0.003164469119,Primary accuracy
None,20260830,Macro trajectory error,Trajectory.MarketWoodAvailable,2N=200,0.002831367106,0.150957668286,0.0,-0.14812630118,0.002831367106,Primary accuracy
None,20260831,Macro trajectory error,Trajectory.MarketWoodAvailable,2N=200,0.003164469119,0.142637057599,0.0,-0.13947258848,0.003164469119,Primary accuracy
None,20260832,Macro trajectory error,Trajectory.MarketWoodAvailable,2N=200,0.003164469119,0.160943789035,0.0,-0.157779319916,0.003164469119,Primary accuracy
None,20260833,Macro trajectory error,Trajectory.MarketWoodAvailable,2N=200,0.003164469119,0.160943789035,0.0,-0.157779319916,0.003164469119,Primary accuracy
None,20260834,Macro trajectory error,Trajectory.MarketWoodAvailable,2N=200,0.003830673144,0.16160999306,0.0,-0.157779319916,0.003830673144,Primary accuracy
None,20260835,Macro trajectory error,Trajectory.MarketWoodAvailable,2N=200,0.002831367106,0.150957668286,0.0,-0.14812630118,0.002831367106,Primary accuracy
None,20260836,Macro trajectory error,Trajectory.MarketWoodAvailable,2N=200,0.002831367106,0.150957668286,0.0,-0.14812630118,0.002831367106,Primary accuracy
None,20260837,Macro trajectory error,Trajectory.MarketWoodAvailable,2N=200,0.003830673144,0.151956974323,0.0,-0.148126301179,0.003830673144,Primary accuracy
None,20260838,Macro trajectory error,Trajectory.MarketWoodAvailable,2N=200,0.002831367106,0.151790423317,0.0,-0.148959056211,0.002831367106,Primary accuracy
None,20260839,Macro trajectory error,Trajectory.MarketWoodAvailable,2N=200,0.002831367106,0.150957668286,0.0,-0.14812630118,0.002831367106,Primary accuracy
None,20260840,Macro trajectory error,Trajectory.MarketWoodAvailable,2N=200,0.003664122137,0.151790423317,0.0,-0.14812630118,0.003664122137,Primary accuracy
None,20260841,Macro trajectory error,Trajectory.MarketWoodAvailable,2N=200,0.003830673144,0.151956974323,0.0,-0.148126301179,0.003830673144,Primary accuracy
None,20260842,Macro trajectory error,Trajectory.MarketWoodAvailable,2N=200,0.003830673144,0.16160999306,0.0,-0.157779319916,0.003830673144,Primary accuracy
None,20260843,Macro trajectory error,Trajectory.MarketWoodAvailable,2N=200,0.002498265094,0.150624566273,0.0,-0.148126301179,0.002498265094,Primary accuracy
None,20260844,Macro trajectory error,Trajectory.MarketWoodAvailable,2N=200,0.002498265094,0.16027758501,0.0,-0.157779319916,0.002498265094,Primary accuracy
None,20260815,Macro trajectory error,Trajectory.Repaired,N=100,0.0,0.007560721721,0.0,-0.007560721721,0.0,Primary accuracy
None,20260816,Macro trajectory error,Trajectory.Repaired,N=100,0.0,0.010058986815,0.0,-0.010058986815,0.0,Primary accuracy
None,20260817,Macro trajectory error,Trajectory.Repaired,N=100,0.0,0.010058986815,0.0,-0.010058986815,0.0,Primary accuracy
None,20260818,Macro trajectory error,Trajectory.Repaired,N=100,0.0,0.010058986815,0.0,-0.010058986815,0.0,Primary accuracy
None,20260819,Macro trajectory error,Trajectory.Repaired,N=100,0.0,0.007560721721,0.0,-0.007560721721,0.0,Primary accuracy
None,20260820,Macro trajectory error,Trajectory.Repaired,N=100,0.0,0.010058986815,0.0,-0.010058986815,0.0,Primary accuracy
None,20260821,Macro trajectory error,Trajectory.Repaired,N=100,0.0,0.007557251908,0.0,-0.007557251908,0.0,Primary accuracy
None,20260822,Macro trajectory error,Trajectory.Repaired,N=100,0.0,0.010058986815,0.0,-0.010058986815,0.0,Primary accuracy
None,20260823,Macro trajectory error,Trajectory.Repaired,N=100,0.0,0.010062456627,0.0,-0.010062456627,0.0,Primary accuracy
None,20260824,Macro trajectory error,Trajectory.Repaired,N=100,0.0,0.010058986815,0.0,-0.010058986815,0.0,Primary accuracy
None,20260825,Macro trajectory error,Trajectory.Repaired,N=100,0.0,0.010058986815,0.0,-0.010058986815,0.0,Primary accuracy
None,20260826,Macro trajectory error,Trajectory.Repaired,N=100,0.0,0.010058986815,0.0,-0.010058986815,0.0,Primary accuracy
None,20260827,Macro trajectory error,Trajectory.Repaired,N=100,0.0,0.010058986815,0.0,-0.010058986815,0.0,Primary accuracy
None,20260828,Macro trajectory error,Trajectory.Repaired,N=100,0.0,0.010058986815,0.0,-0.010058986815,0.0,Primary accuracy
None,20260829,Macro trajectory error,Trajectory.Repaired,N=100,0.0,0.010058986815,0.0,-0.010058986815,0.0,Primary accuracy
None,20260830,Macro trajectory error,Trajectory.Repaired,N=100,0.0,0.010058986815,0.0,-0.010058986815,0.0,Primary accuracy
None,20260831,Macro trajectory error,Trajectory.Repaired,N=100,0.0,0.007557251908,0.0,-0.007557251908,0.0,Primary accuracy
None,20260832,Macro trajectory error,Trajectory.Repaired,N=100,0.0,0.010062456627,0.0,-0.010062456627,0.0,Primary accuracy
None,20260833,Macro trajectory error,Trajectory.Repaired,N=100,0.0,0.010062456627,0.0,-0.010062456627,0.0,Primary accuracy
None,20260834,Macro trajectory error,Trajectory.Repaired,N=100,0.0,0.010062456627,0.0,-0.010062456627,0.0,Primary accuracy
None,20260835,Macro trajectory error,Trajectory.Repaired,N=100,0.0,0.010058986815,0.0,-0.010058986815,0.0,Primary accuracy
None,20260836,Macro trajectory error,Trajectory.Repaired,N=100,0.0,0.010058986815,0.0,-0.010058986815,0.0,Primary accuracy
None,20260837,Macro trajectory error,Trajectory.Repaired,N=100,0.0,0.010058986815,0.0,-0.010058986815,0.0,Primary accuracy
None,20260838,Macro trajectory error,Trajectory.Repaired,N=100,0.0,0.007560721721,0.0,-0.007560721721,0.0,Primary accuracy
None,20260839,Macro trajectory error,Trajectory.Repaired,N=100,0.0,0.010058986815,0.0,-0.010058986815,0.0,Primary accuracy
None,20260840,Macro trajectory error,Trajectory.Repaired,N=100,0.0,0.010058986815,0.0,-0.010058986815,0.0,Primary accuracy
None,20260841,Macro trajectory error,Trajectory.Repaired,N=100,0.0,0.010058986815,0.0,-0.010058986815,0.0,Primary accuracy
None,20260842,Macro trajectory error,Trajectory.Repaired,N=100,0.0,0.010062456627,0.0,-0.010062456627,0.0,Primary accuracy
None,20260843,Macro trajectory error,Trajectory.Repaired,N=100,0.0,0.010058986815,0.0,-0.010058986815,0.0,Primary accuracy
None,20260844,Macro trajectory error,Trajectory.Repaired,N=100,0.0,0.010062456627,0.0,-0.010062456627,0.0,Primary accuracy
None,20260815,Macro trajectory error,Trajectory.TreasuryAvailable,5N=500,0.0,0.0,0.0,0.0,0.0,Primary accuracy
None,20260816,Macro trajectory error,Trajectory.TreasuryAvailable,5N=500,0.0,0.0,0.0,0.0,0.0,Primary accuracy
None,20260817,Macro trajectory error,Trajectory.TreasuryAvailable,5N=500,0.0,0.0,0.0,0.0,0.0,Primary accuracy
None,20260818,Macro trajectory error,Trajectory.TreasuryAvailable,5N=500,0.0,0.0,0.0,0.0,0.0,Primary accuracy
None,20260819,Macro trajectory error,Trajectory.TreasuryAvailable,5N=500,0.0,0.0,0.0,0.0,0.0,Primary accuracy
None,20260820,Macro trajectory error,Trajectory.TreasuryAvailable,5N=500,0.0,0.0,0.0,0.0,0.0,Primary accuracy
None,20260821,Macro trajectory error,Trajectory.TreasuryAvailable,5N=500,0.0,0.0,0.0,0.0,0.0,Primary accuracy
None,20260822,Macro trajectory error,Trajectory.TreasuryAvailable,5N=500,0.0,0.0,0.0,0.0,0.0,Primary accuracy
None,20260823,Macro trajectory error,Trajectory.TreasuryAvailable,5N=500,0.0,0.0,0.0,0.0,0.0,Primary accuracy
None,20260824,Macro trajectory error,Trajectory.TreasuryAvailable,5N=500,0.0,0.0,0.0,0.0,0.0,Primary accuracy
None,20260825,Macro trajectory error,Trajectory.TreasuryAvailable,5N=500,0.0,0.0,0.0,0.0,0.0,Primary accuracy
None,20260826,Macro trajectory error,Trajectory.TreasuryAvailable,5N=500,0.0,0.0,0.0,0.0,0.0,Primary accuracy
None,20260827,Macro trajectory error,Trajectory.TreasuryAvailable,5N=500,0.0,0.0,0.0,0.0,0.0,Primary accuracy
None,20260828,Macro trajectory error,Trajectory.TreasuryAvailable,5N=500,0.0,0.0,0.0,0.0,0.0,Primary accuracy
None,20260829,Macro trajectory error,Trajectory.TreasuryAvailable,5N=500,0.0,0.0,0.0,0.0,0.0,Primary accuracy
None,20260830,Macro trajectory error,Trajectory.TreasuryAvailable,5N=500,0.0,0.0,0.0,0.0,0.0,Primary accuracy
None,20260831,Macro trajectory error,Trajectory.TreasuryAvailable,5N=500,0.0,0.0,0.0,0.0,0.0,Primary accuracy
None,20260832,Macro trajectory error,Trajectory.TreasuryAvailable,5N=500,0.0,0.0,0.0,0.0,0.0,Primary accuracy
None,20260833,Macro trajectory error,Trajectory.TreasuryAvailable,5N=500,0.0,0.0,0.0,0.0,0.0,Primary accuracy
None,20260834,Macro trajectory error,Trajectory.TreasuryAvailable,5N=500,0.0,0.0,0.0,0.0,0.0,Primary accuracy
None,20260835,Macro trajectory error,Trajectory.TreasuryAvailable,5N=500,0.0,0.0,0.0,0.0,0.0,Primary accuracy
None,20260836,Macro trajectory error,Trajectory.TreasuryAvailable,5N=500,0.0,0.0,0.0,0.0,0.0,Primary accuracy
None,20260837,Macro trajectory error,Trajectory.TreasuryAvailable,5N=500,0.0,0.0,0.0,0.0,0.0,Primary accuracy
None,20260838,Macro trajectory error,Trajectory.TreasuryAvailable,5N=500,0.0,0.0,0.0,0.0,0.0,Primary accuracy
None,20260839,Macro trajectory error,Trajectory.TreasuryAvailable,5N=500,0.0,0.0,0.0,0.0,0.0,Primary accuracy
None,20260840,Macro trajectory error,Trajectory.TreasuryAvailable,5N=500,0.0,0.0,0.0,0.0,0.0,Primary accuracy
None,20260841,Macro trajectory error,Trajectory.TreasuryAvailable,5N=500,0.0,0.0,0.0,0.0,0.0,Primary accuracy
None,20260842,Macro trajectory error,Trajectory.TreasuryAvailable,5N=500,0.0,0.0,0.0,0.0,0.0,Primary accuracy
None,20260843,Macro trajectory error,Trajectory.TreasuryAvailable,5N=500,0.0,0.0,0.0,0.0,0.0,Primary accuracy
None,20260844,Macro trajectory error,Trajectory.TreasuryAvailable,5N=500,0.0,0.0,0.0,0.0,0.0,Primary accuracy
None,20260815,Macro trajectory error,Trajectory.UnderRepair,N=100,0.0,0.001075641915,0.0,-0.001075641915,0.0,Primary accuracy
None,20260816,Macro trajectory error,Trajectory.UnderRepair,N=100,0.0,0.001387925052,0.0,-0.001387925052,0.0,Primary accuracy
None,20260817,Macro trajectory error,Trajectory.UnderRepair,N=100,0.0,0.001387925052,0.0,-0.001387925052,0.0,Primary accuracy
None,20260818,Macro trajectory error,Trajectory.UnderRepair,N=100,0.0,0.001387925052,0.0,-0.001387925052,0.0,Primary accuracy
None,20260819,Macro trajectory error,Trajectory.UnderRepair,N=100,0.0,0.001075641915,0.0,-0.001075641915,0.0,Primary accuracy
None,20260820,Macro trajectory error,Trajectory.UnderRepair,N=100,0.0,0.001387925052,0.0,-0.001387925052,0.0,Primary accuracy
None,20260821,Macro trajectory error,Trajectory.UnderRepair,N=100,0.0,0.00106870229,0.0,-0.00106870229,0.0,Primary accuracy
None,20260822,Macro trajectory error,Trajectory.UnderRepair,N=100,0.0,0.001387925052,0.0,-0.001387925052,0.0,Primary accuracy
None,20260823,Macro trajectory error,Trajectory.UnderRepair,N=100,0.0,0.001394864677,0.0,-0.001394864677,0.0,Primary accuracy
None,20260824,Macro trajectory error,Trajectory.UnderRepair,N=100,0.0,0.001387925052,0.0,-0.001387925052,0.0,Primary accuracy
None,20260825,Macro trajectory error,Trajectory.UnderRepair,N=100,0.0,0.001387925052,0.0,-0.001387925052,0.0,Primary accuracy
None,20260826,Macro trajectory error,Trajectory.UnderRepair,N=100,0.0,0.001387925052,0.0,-0.001387925052,0.0,Primary accuracy
None,20260827,Macro trajectory error,Trajectory.UnderRepair,N=100,0.0,0.001387925052,0.0,-0.001387925052,0.0,Primary accuracy
None,20260828,Macro trajectory error,Trajectory.UnderRepair,N=100,0.0,0.001387925052,0.0,-0.001387925052,0.0,Primary accuracy
None,20260829,Macro trajectory error,Trajectory.UnderRepair,N=100,0.0,0.001387925052,0.0,-0.001387925052,0.0,Primary accuracy
None,20260830,Macro trajectory error,Trajectory.UnderRepair,N=100,0.0,0.001387925052,0.0,-0.001387925052,0.0,Primary accuracy
None,20260831,Macro trajectory error,Trajectory.UnderRepair,N=100,0.0,0.00106870229,0.0,-0.00106870229,0.0,Primary accuracy
None,20260832,Macro trajectory error,Trajectory.UnderRepair,N=100,0.0,0.001394864677,0.0,-0.001394864677,0.0,Primary accuracy
None,20260833,Macro trajectory error,Trajectory.UnderRepair,N=100,0.0,0.001394864677,0.0,-0.001394864677,0.0,Primary accuracy
None,20260834,Macro trajectory error,Trajectory.UnderRepair,N=100,0.0,0.001394864677,0.0,-0.001394864677,0.0,Primary accuracy
None,20260835,Macro trajectory error,Trajectory.UnderRepair,N=100,0.0,0.001387925052,0.0,-0.001387925052,0.0,Primary accuracy
None,20260836,Macro trajectory error,Trajectory.UnderRepair,N=100,0.0,0.001387925052,0.0,-0.001387925052,0.0,Primary accuracy
None,20260837,Macro trajectory error,Trajectory.UnderRepair,N=100,0.0,0.001387925052,0.0,-0.001387925052,0.0,Primary accuracy
None,20260838,Macro trajectory error,Trajectory.UnderRepair,N=100,0.0,0.001075641915,0.0,-0.001075641915,0.0,Primary accuracy
None,20260839,Macro trajectory error,Trajectory.UnderRepair,N=100,0.0,0.001387925052,0.0,-0.001387925052,0.0,Primary accuracy
None,20260840,Macro trajectory error,Trajectory.UnderRepair,N=100,0.0,0.001387925052,0.0,-0.001387925052,0.0,Primary accuracy
None,20260841,Macro trajectory error,Trajectory.UnderRepair,N=100,0.0,0.001387925052,0.0,-0.001387925052,0.0,Primary accuracy
None,20260842,Macro trajectory error,Trajectory.UnderRepair,N=100,0.0,0.001394864677,0.0,-0.001394864677,0.0,Primary accuracy
None,20260843,Macro trajectory error,Trajectory.UnderRepair,N=100,0.0,0.001387925052,0.0,-0.001387925052,0.0,Primary accuracy
None,20260844,Macro trajectory error,Trajectory.UnderRepair,N=100,0.0,0.001394864677,0.0,-0.001394864677,0.0,Primary accuracy
None,20260815,Macro trajectory error,Trajectory.WoodPrice,P0=1,0.002034616906,0.564072242601,0.0,-0.5620376256949999,0.002034616906,Primary accuracy
None,20260816,Macro trajectory error,Trajectory.WoodPrice,P0=1,0.001827261906,0.551090887972,0.0,-0.549263626066,0.001827261906,Primary accuracy
None,20260817,Macro trajectory error,Trajectory.WoodPrice,P0=1,0.002170765671,0.551442151647,0.0,-0.5492713859759999,0.002170765671,Primary accuracy
None,20260818,Macro trajectory error,Trajectory.WoodPrice,P0=1,0.002964649844,0.552236035821,0.0,-0.549271385977,0.002964649844,Primary accuracy
None,20260819,Macro trajectory error,Trajectory.WoodPrice,P0=1,0.002497225198,0.563827515858,0.0,-0.56133029066,0.002497225198,Primary accuracy
None,20260820,Macro trajectory error,Trajectory.WoodPrice,P0=1,0.002331872066,0.551597603437,0.0,-0.549265731371,0.002331872066,Primary accuracy
None,20260821,Macro trajectory error,Trajectory.WoodPrice,P0=1,0.001957937593,0.512806425582,0.0,-0.510848487989,0.001957937593,Primary accuracy
None,20260822,Macro trajectory error,Trajectory.WoodPrice,P0=1,0.002914547782,0.552181593156,0.0,-0.5492670453740001,0.002914547782,Primary accuracy
None,20260823,Macro trajectory error,Trajectory.WoodPrice,P0=1,0.002457079128,0.563543798353,0.0,-0.561086719225,0.002457079128,Primary accuracy
None,20260824,Macro trajectory error,Trajectory.WoodPrice,P0=1,0.002130954272,0.551402035721,0.0,-0.5492710814489999,0.002130954272,Primary accuracy
None,20260825,Macro trajectory error,Trajectory.WoodPrice,P0=1,0.001883317693,0.551152222082,0.0,-0.549268904389,0.001883317693,Primary accuracy
None,20260826,Macro trajectory error,Trajectory.WoodPrice,P0=1,0.001288585237,0.550516641456,0.0,-0.549228056219,0.001288585237,Primary accuracy
None,20260827,Macro trajectory error,Trajectory.WoodPrice,P0=1,0.002786248816,0.55205282947,0.0,-0.549266580654,0.002786248816,Primary accuracy
None,20260828,Macro trajectory error,Trajectory.WoodPrice,P0=1,0.002270383884,0.551541769861,0.0,-0.549271385977,0.002270383884,Primary accuracy
None,20260829,Macro trajectory error,Trajectory.WoodPrice,P0=1,0.001930509055,0.551157705419,0.0,-0.549227196364,0.001930509055,Primary accuracy
None,20260830,Macro trajectory error,Trajectory.WoodPrice,P0=1,0.00163901189,0.550890184664,0.0,-0.5492511727739999,0.00163901189,Primary accuracy
None,20260831,Macro trajectory error,Trajectory.WoodPrice,P0=1,0.001960380784,0.512632283196,0.0,-0.510671902412,0.001960380784,Primary accuracy
None,20260832,Macro trajectory error,Trajectory.WoodPrice,P0=1,0.00180629696,0.562874402611,0.0,-0.561068105651,0.00180629696,Primary accuracy
None,20260833,Macro trajectory error,Trajectory.WoodPrice,P0=1,0.001993052256,0.563058178454,0.0,-0.561065126198,0.001993052256,Primary accuracy
None,20260834,Macro trajectory error,Trajectory.WoodPrice,P0=1,0.00259759243,0.563684431132,0.0,-0.5610868387019999,0.00259759243,Primary accuracy
None,20260835,Macro trajectory error,Trajectory.WoodPrice,P0=1,0.001916379863,0.551117594973,0.0,-0.54920121511,0.001916379863,Primary accuracy
None,20260836,Macro trajectory error,Trajectory.WoodPrice,P0=1,0.001984479084,0.551255560532,0.0,-0.549271081448,0.001984479084,Primary accuracy
None,20260837,Macro trajectory error,Trajectory.WoodPrice,P0=1,0.002847309402,0.552110338814,0.0,-0.549263029412,0.002847309402,Primary accuracy
None,20260838,Macro trajectory error,Trajectory.WoodPrice,P0=1,0.00165005127,0.563453656753,0.0,-0.561803605483,0.00165005127,Primary accuracy
None,20260839,Macro trajectory error,Trajectory.WoodPrice,P0=1,0.002222159777,0.551478079888,0.0,-0.549255920111,0.002222159777,Primary accuracy
None,20260840,Macro trajectory error,Trajectory.WoodPrice,P0=1,0.00260954274,0.551880453356,0.0,-0.549270910616,0.00260954274,Primary accuracy
None,20260841,Macro trajectory error,Trajectory.WoodPrice,P0=1,0.002711692302,0.55198277375,0.0,-0.5492710814480001,0.002711692302,Primary accuracy
None,20260842,Macro trajectory error,Trajectory.WoodPrice,P0=1,0.002444580582,0.563510660543,0.0,-0.561066079961,0.002444580582,Primary accuracy
None,20260843,Macro trajectory error,Trajectory.WoodPrice,P0=1,0.001864236277,0.5511300204,0.0,-0.549265784123,0.001864236277,Primary accuracy
None,20260844,Macro trajectory error,Trajectory.WoodPrice,P0=1,0.001478653749,0.562263364719,0.0,-0.5607847109699999,0.001478653749,Primary accuracy
None,20260815,Player-visible continuity,Continuity.CurrentGoalMismatchRate,paired_snapshots=60,0.016666666667,0.016666666667,0.0,0.0,0.016666666667,Continuity
None,20260816,Player-visible continuity,Continuity.CurrentGoalMismatchRate,paired_snapshots=60,0.016666666667,0.05,0.0,-0.033333333333,0.016666666667,Continuity
None,20260817,Player-visible continuity,Continuity.CurrentGoalMismatchRate,paired_snapshots=60,0.05,0.083333333333,0.0,-0.033333333332999995,0.05,Continuity
None,20260818,Player-visible continuity,Continuity.CurrentGoalMismatchRate,paired_snapshots=60,0.016666666667,0.0,0.0,0.016666666667,0.016666666667,Continuity
None,20260819,Player-visible continuity,Continuity.CurrentGoalMismatchRate,paired_snapshots=60,0.0,0.066666666667,0.0,-0.066666666667,0.0,Continuity
None,20260820,Player-visible continuity,Continuity.CurrentGoalMismatchRate,paired_snapshots=60,0.016666666667,0.016666666667,0.0,0.0,0.016666666667,Continuity
None,20260821,Player-visible continuity,Continuity.CurrentGoalMismatchRate,paired_snapshots=60,0.016666666667,0.016666666667,0.0,0.0,0.016666666667,Continuity
None,20260822,Player-visible continuity,Continuity.CurrentGoalMismatchRate,paired_snapshots=60,0.05,0.1,0.0,-0.05,0.05,Continuity
None,20260823,Player-visible continuity,Continuity.CurrentGoalMismatchRate,paired_snapshots=60,0.066666666667,0.066666666667,0.0,0.0,0.066666666667,Continuity
None,20260824,Player-visible continuity,Continuity.CurrentGoalMismatchRate,paired_snapshots=60,0.05,0.05,0.0,0.0,0.05,Continuity
None,20260825,Player-visible continuity,Continuity.CurrentGoalMismatchRate,paired_snapshots=60,0.0,0.016666666667,0.0,-0.016666666667,0.0,Continuity
None,20260826,Player-visible continuity,Continuity.CurrentGoalMismatchRate,paired_snapshots=60,0.016666666667,0.033333333333,0.0,-0.016666666666000002,0.016666666667,Continuity
None,20260827,Player-visible continuity,Continuity.CurrentGoalMismatchRate,paired_snapshots=60,0.016666666667,0.133333333333,0.0,-0.11666666666599998,0.016666666667,Continuity
None,20260828,Player-visible continuity,Continuity.CurrentGoalMismatchRate,paired_snapshots=60,0.016666666667,0.066666666667,0.0,-0.049999999999999996,0.016666666667,Continuity
None,20260829,Player-visible continuity,Continuity.CurrentGoalMismatchRate,paired_snapshots=60,0.0,0.016666666667,0.0,-0.016666666667,0.0,Continuity
None,20260830,Player-visible continuity,Continuity.CurrentGoalMismatchRate,paired_snapshots=60,0.066666666667,0.066666666667,0.0,0.0,0.066666666667,Continuity
None,20260831,Player-visible continuity,Continuity.CurrentGoalMismatchRate,paired_snapshots=60,0.033333333333,0.033333333333,0.0,0.0,0.033333333333,Continuity
None,20260832,Player-visible continuity,Continuity.CurrentGoalMismatchRate,paired_snapshots=60,0.016666666667,0.05,0.0,-0.033333333333,0.016666666667,Continuity
None,20260833,Player-visible continuity,Continuity.CurrentGoalMismatchRate,paired_snapshots=60,0.016666666667,0.066666666667,0.0,-0.049999999999999996,0.016666666667,Continuity
None,20260834,Player-visible continuity,Continuity.CurrentGoalMismatchRate,paired_snapshots=60,0.016666666667,0.05,0.0,-0.033333333333,0.016666666667,Continuity
None,20260835,Player-visible continuity,Continuity.CurrentGoalMismatchRate,paired_snapshots=60,0.016666666667,0.033333333333,0.0,-0.016666666666000002,0.016666666667,Continuity
None,20260836,Player-visible continuity,Continuity.CurrentGoalMismatchRate,paired_snapshots=60,0.033333333333,0.016666666667,0.0,0.016666666666000002,0.033333333333,Continuity
None,20260837,Player-visible continuity,Continuity.CurrentGoalMismatchRate,paired_snapshots=60,0.05,0.05,0.0,0.0,0.05,Continuity
None,20260838,Player-visible continuity,Continuity.CurrentGoalMismatchRate,paired_snapshots=60,0.05,0.033333333333,0.0,0.016666666667,0.05,Continuity
None,20260839,Player-visible continuity,Continuity.CurrentGoalMismatchRate,paired_snapshots=60,0.0,0.0,0.0,0.0,0.0,Continuity
None,20260840,Player-visible continuity,Continuity.CurrentGoalMismatchRate,paired_snapshots=60,0.0,0.033333333333,0.0,-0.033333333333,0.0,Continuity
None,20260841,Player-visible continuity,Continuity.CurrentGoalMismatchRate,paired_snapshots=60,0.033333333333,0.083333333333,0.0,-0.049999999999999996,0.033333333333,Continuity
None,20260842,Player-visible continuity,Continuity.CurrentGoalMismatchRate,paired_snapshots=60,0.033333333333,0.016666666667,0.0,0.016666666666000002,0.033333333333,Continuity
None,20260843,Player-visible continuity,Continuity.CurrentGoalMismatchRate,paired_snapshots=60,0.016666666667,0.033333333333,0.0,-0.016666666666000002,0.016666666667,Continuity
None,20260844,Player-visible continuity,Continuity.CurrentGoalMismatchRate,paired_snapshots=60,0.016666666667,0.0,0.0,0.016666666667,0.016666666667,Continuity
None,20260815,Player-visible continuity,Continuity.FirstActionMismatchRate,paired_snapshots=60,0.033333333333,0.016666666667,0.0,0.016666666666000002,0.033333333333,Continuity
None,20260816,Player-visible continuity,Continuity.FirstActionMismatchRate,paired_snapshots=60,0.016666666667,0.05,0.0,-0.033333333333,0.016666666667,Continuity
None,20260817,Player-visible continuity,Continuity.FirstActionMismatchRate,paired_snapshots=60,0.066666666667,0.083333333333,0.0,-0.016666666666000002,0.066666666667,Continuity
None,20260818,Player-visible continuity,Continuity.FirstActionMismatchRate,paired_snapshots=60,0.016666666667,0.0,0.0,0.016666666667,0.016666666667,Continuity
None,20260819,Player-visible continuity,Continuity.FirstActionMismatchRate,paired_snapshots=60,0.016666666667,0.066666666667,0.0,-0.049999999999999996,0.016666666667,Continuity
None,20260820,Player-visible continuity,Continuity.FirstActionMismatchRate,paired_snapshots=60,0.016666666667,0.016666666667,0.0,0.0,0.016666666667,Continuity
None,20260821,Player-visible continuity,Continuity.FirstActionMismatchRate,paired_snapshots=60,0.016666666667,0.016666666667,0.0,0.0,0.016666666667,Continuity
None,20260822,Player-visible continuity,Continuity.FirstActionMismatchRate,paired_snapshots=60,0.083333333333,0.1,0.0,-0.016666666667000007,0.083333333333,Continuity
None,20260823,Player-visible continuity,Continuity.FirstActionMismatchRate,paired_snapshots=60,0.066666666667,0.066666666667,0.0,0.0,0.066666666667,Continuity
None,20260824,Player-visible continuity,Continuity.FirstActionMismatchRate,paired_snapshots=60,0.066666666667,0.05,0.0,0.016666666666999994,0.066666666667,Continuity
None,20260825,Player-visible continuity,Continuity.FirstActionMismatchRate,paired_snapshots=60,0.0,0.016666666667,0.0,-0.016666666667,0.0,Continuity
None,20260826,Player-visible continuity,Continuity.FirstActionMismatchRate,paired_snapshots=60,0.033333333333,0.033333333333,0.0,0.0,0.033333333333,Continuity
None,20260827,Player-visible continuity,Continuity.FirstActionMismatchRate,paired_snapshots=60,0.033333333333,0.133333333333,0.0,-0.09999999999999998,0.033333333333,Continuity
None,20260828,Player-visible continuity,Continuity.FirstActionMismatchRate,paired_snapshots=60,0.033333333333,0.066666666667,0.0,-0.033333333333999994,0.033333333333,Continuity
None,20260829,Player-visible continuity,Continuity.FirstActionMismatchRate,paired_snapshots=60,0.0,0.016666666667,0.0,-0.016666666667,0.0,Continuity
None,20260830,Player-visible continuity,Continuity.FirstActionMismatchRate,paired_snapshots=60,0.066666666667,0.066666666667,0.0,0.0,0.066666666667,Continuity
None,20260831,Player-visible continuity,Continuity.FirstActionMismatchRate,paired_snapshots=60,0.033333333333,0.033333333333,0.0,0.0,0.033333333333,Continuity
None,20260832,Player-visible continuity,Continuity.FirstActionMismatchRate,paired_snapshots=60,0.016666666667,0.05,0.0,-0.033333333333,0.016666666667,Continuity
None,20260833,Player-visible continuity,Continuity.FirstActionMismatchRate,paired_snapshots=60,0.016666666667,0.066666666667,0.0,-0.049999999999999996,0.016666666667,Continuity
None,20260834,Player-visible continuity,Continuity.FirstActionMismatchRate,paired_snapshots=60,0.033333333333,0.05,0.0,-0.016666666667,0.033333333333,Continuity
None,20260835,Player-visible continuity,Continuity.FirstActionMismatchRate,paired_snapshots=60,0.033333333333,0.033333333333,0.0,0.0,0.033333333333,Continuity
None,20260836,Player-visible continuity,Continuity.FirstActionMismatchRate,paired_snapshots=60,0.033333333333,0.016666666667,0.0,0.016666666666000002,0.033333333333,Continuity
None,20260837,Player-visible continuity,Continuity.FirstActionMismatchRate,paired_snapshots=60,0.05,0.05,0.0,0.0,0.05,Continuity
None,20260838,Player-visible continuity,Continuity.FirstActionMismatchRate,paired_snapshots=60,0.05,0.033333333333,0.0,0.016666666667,0.05,Continuity
None,20260839,Player-visible continuity,Continuity.FirstActionMismatchRate,paired_snapshots=60,0.0,0.0,0.0,0.0,0.0,Continuity
None,20260840,Player-visible continuity,Continuity.FirstActionMismatchRate,paired_snapshots=60,0.0,0.033333333333,0.0,-0.033333333333,0.0,Continuity
None,20260841,Player-visible continuity,Continuity.FirstActionMismatchRate,paired_snapshots=60,0.066666666667,0.083333333333,0.0,-0.016666666666000002,0.066666666667,Continuity
None,20260842,Player-visible continuity,Continuity.FirstActionMismatchRate,paired_snapshots=60,0.033333333333,0.016666666667,0.0,0.016666666666000002,0.033333333333,Continuity
None,20260843,Player-visible continuity,Continuity.FirstActionMismatchRate,paired_snapshots=60,0.016666666667,0.033333333333,0.0,-0.016666666666000002,0.016666666667,Continuity
None,20260844,Player-visible continuity,Continuity.FirstActionMismatchRate,paired_snapshots=60,0.016666666667,0.0,0.0,0.016666666667,0.016666666667,Continuity
None,20260815,Player-visible continuity,Continuity.HomeIDMismatchRate,paired_snapshots=60,0.0,0.0,0.0,0.0,0.0,Continuity
None,20260816,Player-visible continuity,Continuity.HomeIDMismatchRate,paired_snapshots=60,0.0,0.0,0.0,0.0,0.0,Continuity
None,20260817,Player-visible continuity,Continuity.HomeIDMismatchRate,paired_snapshots=60,0.0,0.0,0.0,0.0,0.0,Continuity
None,20260818,Player-visible continuity,Continuity.HomeIDMismatchRate,paired_snapshots=60,0.0,0.0,0.0,0.0,0.0,Continuity
None,20260819,Player-visible continuity,Continuity.HomeIDMismatchRate,paired_snapshots=60,0.0,0.0,0.0,0.0,0.0,Continuity
None,20260820,Player-visible continuity,Continuity.HomeIDMismatchRate,paired_snapshots=60,0.0,0.0,0.0,0.0,0.0,Continuity
None,20260821,Player-visible continuity,Continuity.HomeIDMismatchRate,paired_snapshots=60,0.0,0.0,0.0,0.0,0.0,Continuity
None,20260822,Player-visible continuity,Continuity.HomeIDMismatchRate,paired_snapshots=60,0.0,0.0,0.0,0.0,0.0,Continuity
None,20260823,Player-visible continuity,Continuity.HomeIDMismatchRate,paired_snapshots=60,0.0,0.0,0.0,0.0,0.0,Continuity
None,20260824,Player-visible continuity,Continuity.HomeIDMismatchRate,paired_snapshots=60,0.0,0.0,0.0,0.0,0.0,Continuity
None,20260825,Player-visible continuity,Continuity.HomeIDMismatchRate,paired_snapshots=60,0.0,0.0,0.0,0.0,0.0,Continuity
None,20260826,Player-visible continuity,Continuity.HomeIDMismatchRate,paired_snapshots=60,0.0,0.0,0.0,0.0,0.0,Continuity
None,20260827,Player-visible continuity,Continuity.HomeIDMismatchRate,paired_snapshots=60,0.0,0.0,0.0,0.0,0.0,Continuity
None,20260828,Player-visible continuity,Continuity.HomeIDMismatchRate,paired_snapshots=60,0.0,0.0,0.0,0.0,0.0,Continuity
None,20260829,Player-visible continuity,Continuity.HomeIDMismatchRate,paired_snapshots=60,0.0,0.0,0.0,0.0,0.0,Continuity
None,20260830,Player-visible continuity,Continuity.HomeIDMismatchRate,paired_snapshots=60,0.0,0.0,0.0,0.0,0.0,Continuity
None,20260831,Player-visible continuity,Continuity.HomeIDMismatchRate,paired_snapshots=60,0.0,0.0,0.0,0.0,0.0,Continuity
None,20260832,Player-visible continuity,Continuity.HomeIDMismatchRate,paired_snapshots=60,0.0,0.0,0.0,0.0,0.0,Continuity
None,20260833,Player-visible continuity,Continuity.HomeIDMismatchRate,paired_snapshots=60,0.0,0.0,0.0,0.0,0.0,Continuity
None,20260834,Player-visible continuity,Continuity.HomeIDMismatchRate,paired_snapshots=60,0.0,0.0,0.0,0.0,0.0,Continuity
None,20260835,Player-visible continuity,Continuity.HomeIDMismatchRate,paired_snapshots=60,0.0,0.0,0.0,0.0,0.0,Continuity
None,20260836,Player-visible continuity,Continuity.HomeIDMismatchRate,paired_snapshots=60,0.0,0.0,0.0,0.0,0.0,Continuity
None,20260837,Player-visible continuity,Continuity.HomeIDMismatchRate,paired_snapshots=60,0.0,0.0,0.0,0.0,0.0,Continuity
None,20260838,Player-visible continuity,Continuity.HomeIDMismatchRate,paired_snapshots=60,0.0,0.0,0.0,0.0,0.0,Continuity
None,20260839,Player-visible continuity,Continuity.HomeIDMismatchRate,paired_snapshots=60,0.0,0.0,0.0,0.0,0.0,Continuity
None,20260840,Player-visible continuity,Continuity.HomeIDMismatchRate,paired_snapshots=60,0.0,0.0,0.0,0.0,0.0,Continuity
None,20260841,Player-visible continuity,Continuity.HomeIDMismatchRate,paired_snapshots=60,0.0,0.0,0.0,0.0,0.0,Continuity
None,20260842,Player-visible continuity,Continuity.HomeIDMismatchRate,paired_snapshots=60,0.0,0.0,0.0,0.0,0.0,Continuity
None,20260843,Player-visible continuity,Continuity.HomeIDMismatchRate,paired_snapshots=60,0.0,0.0,0.0,0.0,0.0,Continuity
None,20260844,Player-visible continuity,Continuity.HomeIDMismatchRate,paired_snapshots=60,0.0,0.0,0.0,0.0,0.0,Continuity
None,20260815,Player-visible continuity,Continuity.HomeStateMismatchRate,paired_snapshots=60,0.033333333333,0.116666666667,0.0,-0.083333333334,0.033333333333,Continuity
None,20260816,Player-visible continuity,Continuity.HomeStateMismatchRate,paired_snapshots=60,0.016666666667,0.116666666667,0.0,-0.1,0.016666666667,Continuity
None,20260817,Player-visible continuity,Continuity.HomeStateMismatchRate,paired_snapshots=60,0.066666666667,0.183333333333,0.0,-0.11666666666600001,0.066666666667,Continuity
None,20260818,Player-visible continuity,Continuity.HomeStateMismatchRate,paired_snapshots=60,0.016666666667,0.083333333333,0.0,-0.06666666666599999,0.016666666667,Continuity
None,20260819,Player-visible continuity,Continuity.HomeStateMismatchRate,paired_snapshots=60,0.016666666667,0.166666666667,0.0,-0.15,0.016666666667,Continuity
None,20260820,Player-visible continuity,Continuity.HomeStateMismatchRate,paired_snapshots=60,0.016666666667,0.133333333333,0.0,-0.11666666666599998,0.016666666667,Continuity
None,20260821,Player-visible continuity,Continuity.HomeStateMismatchRate,paired_snapshots=60,0.016666666667,0.133333333333,0.0,-0.11666666666599998,0.016666666667,Continuity
None,20260822,Player-visible continuity,Continuity.HomeStateMismatchRate,paired_snapshots=60,0.083333333333,0.25,0.0,-0.166666666667,0.083333333333,Continuity
None,20260823,Player-visible continuity,Continuity.HomeStateMismatchRate,paired_snapshots=60,0.066666666667,0.25,0.0,-0.183333333333,0.066666666667,Continuity
None,20260824,Player-visible continuity,Continuity.HomeStateMismatchRate,paired_snapshots=60,0.066666666667,0.15,0.0,-0.083333333333,0.066666666667,Continuity
None,20260825,Player-visible continuity,Continuity.HomeStateMismatchRate,paired_snapshots=60,0.0,0.116666666667,0.0,-0.116666666667,0.0,Continuity
None,20260826,Player-visible continuity,Continuity.HomeStateMismatchRate,paired_snapshots=60,0.033333333333,0.166666666667,0.0,-0.133333333334,0.033333333333,Continuity
None,20260827,Player-visible continuity,Continuity.HomeStateMismatchRate,paired_snapshots=60,0.033333333333,0.266666666667,0.0,-0.233333333334,0.033333333333,Continuity
None,20260828,Player-visible continuity,Continuity.HomeStateMismatchRate,paired_snapshots=60,0.033333333333,0.2,0.0,-0.166666666667,0.033333333333,Continuity
None,20260829,Player-visible continuity,Continuity.HomeStateMismatchRate,paired_snapshots=60,0.0,0.166666666667,0.0,-0.166666666667,0.0,Continuity
None,20260830,Player-visible continuity,Continuity.HomeStateMismatchRate,paired_snapshots=60,0.066666666667,0.266666666667,0.0,-0.2,0.066666666667,Continuity
None,20260831,Player-visible continuity,Continuity.HomeStateMismatchRate,paired_snapshots=60,0.033333333333,0.183333333333,0.0,-0.15,0.033333333333,Continuity
None,20260832,Player-visible continuity,Continuity.HomeStateMismatchRate,paired_snapshots=60,0.016666666667,0.166666666667,0.0,-0.15,0.016666666667,Continuity
None,20260833,Player-visible continuity,Continuity.HomeStateMismatchRate,paired_snapshots=60,0.016666666667,0.116666666667,0.0,-0.1,0.016666666667,Continuity
None,20260834,Player-visible continuity,Continuity.HomeStateMismatchRate,paired_snapshots=60,0.033333333333,0.183333333333,0.0,-0.15,0.033333333333,Continuity
None,20260835,Player-visible continuity,Continuity.HomeStateMismatchRate,paired_snapshots=60,0.033333333333,0.15,0.0,-0.11666666666699999,0.033333333333,Continuity
None,20260836,Player-visible continuity,Continuity.HomeStateMismatchRate,paired_snapshots=60,0.033333333333,0.116666666667,0.0,-0.083333333334,0.033333333333,Continuity
None,20260837,Player-visible continuity,Continuity.HomeStateMismatchRate,paired_snapshots=60,0.05,0.216666666667,0.0,-0.16666666666699997,0.05,Continuity
None,20260838,Player-visible continuity,Continuity.HomeStateMismatchRate,paired_snapshots=60,0.05,0.166666666667,0.0,-0.116666666667,0.05,Continuity
None,20260839,Player-visible continuity,Continuity.HomeStateMismatchRate,paired_snapshots=60,0.0,0.083333333333,0.0,-0.083333333333,0.0,Continuity
None,20260840,Player-visible continuity,Continuity.HomeStateMismatchRate,paired_snapshots=60,0.0,0.133333333333,0.0,-0.133333333333,0.0,Continuity
None,20260841,Player-visible continuity,Continuity.HomeStateMismatchRate,paired_snapshots=60,0.066666666667,0.233333333333,0.0,-0.166666666666,0.066666666667,Continuity
None,20260842,Player-visible continuity,Continuity.HomeStateMismatchRate,paired_snapshots=60,0.033333333333,0.1,0.0,-0.066666666667,0.033333333333,Continuity
None,20260843,Player-visible continuity,Continuity.HomeStateMismatchRate,paired_snapshots=60,0.016666666667,0.166666666667,0.0,-0.15,0.016666666667,Continuity
None,20260844,Player-visible continuity,Continuity.HomeStateMismatchRate,paired_snapshots=60,0.016666666667,0.083333333333,0.0,-0.06666666666599999,0.016666666667,Continuity
None,20260815,Player-visible continuity,Continuity.InventoryWoodMAE,wood_per_paired_snapshot,0.066666666667,0.116666666667,0.0,-0.05,0.066666666667,Continuity
None,20260816,Player-visible continuity,Continuity.InventoryWoodMAE,wood_per_paired_snapshot,0.066666666667,0.25,0.0,-0.183333333333,0.066666666667,Continuity
None,20260817,Player-visible continuity,Continuity.InventoryWoodMAE,wood_per_paired_snapshot,0.2,0.283333333333,0.0,-0.08333333333299997,0.2,Continuity
None,20260818,Player-visible continuity,Continuity.InventoryWoodMAE,wood_per_paired_snapshot,0.066666666667,0.083333333333,0.0,-0.016666666666000002,0.066666666667,Continuity
None,20260819,Player-visible continuity,Continuity.InventoryWoodMAE,wood_per_paired_snapshot,0.066666666667,0.25,0.0,-0.183333333333,0.066666666667,Continuity
None,20260820,Player-visible continuity,Continuity.InventoryWoodMAE,wood_per_paired_snapshot,0.066666666667,0.15,0.0,-0.083333333333,0.066666666667,Continuity
None,20260821,Player-visible continuity,Continuity.InventoryWoodMAE,wood_per_paired_snapshot,0.066666666667,0.15,0.0,-0.083333333333,0.066666666667,Continuity
None,20260822,Player-visible continuity,Continuity.InventoryWoodMAE,wood_per_paired_snapshot,0.333333333333,0.383333333333,0.0,-0.04999999999999999,0.333333333333,Continuity
None,20260823,Player-visible continuity,Continuity.InventoryWoodMAE,wood_per_paired_snapshot,0.133333333333,0.216666666667,0.0,-0.083333333334,0.133333333333,Continuity
None,20260824,Player-visible continuity,Continuity.InventoryWoodMAE,wood_per_paired_snapshot,0.266666666667,0.283333333333,0.0,-0.016666666665999974,0.266666666667,Continuity
None,20260825,Player-visible continuity,Continuity.InventoryWoodMAE,wood_per_paired_snapshot,0.0,0.15,0.0,-0.15,0.0,Continuity
None,20260826,Player-visible continuity,Continuity.InventoryWoodMAE,wood_per_paired_snapshot,0.133333333333,0.183333333333,0.0,-0.05000000000000002,0.133333333333,Continuity
None,20260827,Player-visible continuity,Continuity.InventoryWoodMAE,wood_per_paired_snapshot,0.066666666667,0.45,0.0,-0.383333333333,0.066666666667,Continuity
None,20260828,Player-visible continuity,Continuity.InventoryWoodMAE,wood_per_paired_snapshot,0.133333333333,0.283333333333,0.0,-0.15,0.133333333333,Continuity
None,20260829,Player-visible continuity,Continuity.InventoryWoodMAE,wood_per_paired_snapshot,0.0,0.116666666667,0.0,-0.116666666667,0.0,Continuity
None,20260830,Player-visible continuity,Continuity.InventoryWoodMAE,wood_per_paired_snapshot,0.266666666667,0.316666666667,0.0,-0.04999999999999999,0.266666666667,Continuity
None,20260831,Player-visible continuity,Continuity.InventoryWoodMAE,wood_per_paired_snapshot,0.066666666667,0.15,0.0,-0.083333333333,0.066666666667,Continuity
None,20260832,Player-visible continuity,Continuity.InventoryWoodMAE,wood_per_paired_snapshot,0.0,0.216666666667,0.0,-0.216666666667,0.0,Continuity
None,20260833,Player-visible continuity,Continuity.InventoryWoodMAE,wood_per_paired_snapshot,0.0,0.25,0.0,-0.25,0.0,Continuity
None,20260834,Player-visible continuity,Continuity.InventoryWoodMAE,wood_per_paired_snapshot,0.133333333333,0.25,0.0,-0.11666666666700001,0.133333333333,Continuity
None,20260835,Player-visible continuity,Continuity.InventoryWoodMAE,wood_per_paired_snapshot,0.133333333333,0.216666666667,0.0,-0.083333333334,0.133333333333,Continuity
None,20260836,Player-visible continuity,Continuity.InventoryWoodMAE,wood_per_paired_snapshot,0.133333333333,0.15,0.0,-0.016666666667000007,0.133333333333,Continuity
None,20260837,Player-visible continuity,Continuity.InventoryWoodMAE,wood_per_paired_snapshot,0.2,0.25,0.0,-0.04999999999999999,0.2,Continuity
None,20260838,Player-visible continuity,Continuity.InventoryWoodMAE,wood_per_paired_snapshot,0.133333333333,0.183333333333,0.0,-0.05000000000000002,0.133333333333,Continuity
None,20260839,Player-visible continuity,Continuity.InventoryWoodMAE,wood_per_paired_snapshot,0.0,0.083333333333,0.0,-0.083333333333,0.0,Continuity
None,20260840,Player-visible continuity,Continuity.InventoryWoodMAE,wood_per_paired_snapshot,0.0,0.216666666667,0.0,-0.216666666667,0.0,Continuity
None,20260841,Player-visible continuity,Continuity.InventoryWoodMAE,wood_per_paired_snapshot,0.266666666667,0.316666666667,0.0,-0.04999999999999999,0.266666666667,Continuity
None,20260842,Player-visible continuity,Continuity.InventoryWoodMAE,wood_per_paired_snapshot,0.133333333333,0.15,0.0,-0.016666666667000007,0.133333333333,Continuity
None,20260843,Player-visible continuity,Continuity.InventoryWoodMAE,wood_per_paired_snapshot,0.0,0.216666666667,0.0,-0.216666666667,0.0,Continuity
None,20260844,Player-visible continuity,Continuity.InventoryWoodMAE,wood_per_paired_snapshot,0.066666666667,0.083333333333,0.0,-0.016666666666000002,0.066666666667,Continuity
None,20260815,Player-visible continuity,Continuity.InventoryWoodMismatchRate,paired_snapshots=60,0.016666666667,0.083333333333,0.0,-0.06666666666599999,0.016666666667,Continuity
None,20260816,Player-visible continuity,Continuity.InventoryWoodMismatchRate,paired_snapshots=60,0.016666666667,0.116666666667,0.0,-0.1,0.016666666667,Continuity
None,20260817,Player-visible continuity,Continuity.InventoryWoodMismatchRate,paired_snapshots=60,0.05,0.133333333333,0.0,-0.08333333333299998,0.05,Continuity
None,20260818,Player-visible continuity,Continuity.InventoryWoodMismatchRate,paired_snapshots=60,0.016666666667,0.083333333333,0.0,-0.06666666666599999,0.016666666667,Continuity
None,20260819,Player-visible continuity,Continuity.InventoryWoodMismatchRate,paired_snapshots=60,0.016666666667,0.1,0.0,-0.083333333333,0.016666666667,Continuity
None,20260820,Player-visible continuity,Continuity.InventoryWoodMismatchRate,paired_snapshots=60,0.016666666667,0.1,0.0,-0.083333333333,0.016666666667,Continuity
None,20260821,Player-visible continuity,Continuity.InventoryWoodMismatchRate,paired_snapshots=60,0.016666666667,0.1,0.0,-0.083333333333,0.016666666667,Continuity
None,20260822,Player-visible continuity,Continuity.InventoryWoodMismatchRate,paired_snapshots=60,0.083333333333,0.133333333333,0.0,-0.04999999999999999,0.083333333333,Continuity
None,20260823,Player-visible continuity,Continuity.InventoryWoodMismatchRate,paired_snapshots=60,0.033333333333,0.1,0.0,-0.066666666667,0.033333333333,Continuity
None,20260824,Player-visible continuity,Continuity.InventoryWoodMismatchRate,paired_snapshots=60,0.066666666667,0.133333333333,0.0,-0.06666666666599999,0.066666666667,Continuity
None,20260825,Player-visible continuity,Continuity.InventoryWoodMismatchRate,paired_snapshots=60,0.0,0.1,0.0,-0.1,0.0,Continuity
None,20260826,Player-visible continuity,Continuity.InventoryWoodMismatchRate,paired_snapshots=60,0.033333333333,0.1,0.0,-0.066666666667,0.033333333333,Continuity
None,20260827,Player-visible continuity,Continuity.InventoryWoodMismatchRate,paired_snapshots=60,0.016666666667,0.15,0.0,-0.133333333333,0.016666666667,Continuity
None,20260828,Player-visible continuity,Continuity.InventoryWoodMismatchRate,paired_snapshots=60,0.033333333333,0.116666666667,0.0,-0.083333333334,0.033333333333,Continuity
None,20260829,Player-visible continuity,Continuity.InventoryWoodMismatchRate,paired_snapshots=60,0.0,0.083333333333,0.0,-0.083333333333,0.0,Continuity
None,20260830,Player-visible continuity,Continuity.InventoryWoodMismatchRate,paired_snapshots=60,0.066666666667,0.133333333333,0.0,-0.06666666666599999,0.066666666667,Continuity
None,20260831,Player-visible continuity,Continuity.InventoryWoodMismatchRate,paired_snapshots=60,0.016666666667,0.083333333333,0.0,-0.06666666666599999,0.016666666667,Continuity
None,20260832,Player-visible continuity,Continuity.InventoryWoodMismatchRate,paired_snapshots=60,0.0,0.1,0.0,-0.1,0.0,Continuity
None,20260833,Player-visible continuity,Continuity.InventoryWoodMismatchRate,paired_snapshots=60,0.0,0.116666666667,0.0,-0.116666666667,0.0,Continuity
None,20260834,Player-visible continuity,Continuity.InventoryWoodMismatchRate,paired_snapshots=60,0.033333333333,0.116666666667,0.0,-0.083333333334,0.033333333333,Continuity
None,20260835,Player-visible continuity,Continuity.InventoryWoodMismatchRate,paired_snapshots=60,0.033333333333,0.116666666667,0.0,-0.083333333334,0.033333333333,Continuity
None,20260836,Player-visible continuity,Continuity.InventoryWoodMismatchRate,paired_snapshots=60,0.033333333333,0.1,0.0,-0.066666666667,0.033333333333,Continuity
None,20260837,Player-visible continuity,Continuity.InventoryWoodMismatchRate,paired_snapshots=60,0.05,0.116666666667,0.0,-0.066666666667,0.05,Continuity
None,20260838,Player-visible continuity,Continuity.InventoryWoodMismatchRate,paired_snapshots=60,0.033333333333,0.1,0.0,-0.066666666667,0.033333333333,Continuity
None,20260839,Player-visible continuity,Continuity.InventoryWoodMismatchRate,paired_snapshots=60,0.0,0.083333333333,0.0,-0.083333333333,0.0,Continuity
None,20260840,Player-visible continuity,Continuity.InventoryWoodMismatchRate,paired_snapshots=60,0.0,0.116666666667,0.0,-0.116666666667,0.0,Continuity
None,20260841,Player-visible continuity,Continuity.InventoryWoodMismatchRate,paired_snapshots=60,0.066666666667,0.133333333333,0.0,-0.06666666666599999,0.066666666667,Continuity
None,20260842,Player-visible continuity,Continuity.InventoryWoodMismatchRate,paired_snapshots=60,0.033333333333,0.1,0.0,-0.066666666667,0.033333333333,Continuity
None,20260843,Player-visible continuity,Continuity.InventoryWoodMismatchRate,paired_snapshots=60,0.0,0.116666666667,0.0,-0.116666666667,0.0,Continuity
None,20260844,Player-visible continuity,Continuity.InventoryWoodMismatchRate,paired_snapshots=60,0.016666666667,0.083333333333,0.0,-0.06666666666599999,0.016666666667,Continuity
None,20260815,Player-visible continuity,Continuity.InventoryWoodNormalizedMAE,abs_error_div_max_1_abs_oracle,0.016666666667,0.079166666667,0.0,-0.06249999999999999,0.016666666667,Continuity
None,20260816,Player-visible continuity,Continuity.InventoryWoodNormalizedMAE,abs_error_div_max_1_abs_oracle,0.016666666667,0.1125,0.0,-0.09583333333300001,0.016666666667,Continuity
None,20260817,Player-visible continuity,Continuity.InventoryWoodNormalizedMAE,abs_error_div_max_1_abs_oracle,0.1,0.133333333333,0.0,-0.03333333333299998,0.1,Continuity
None,20260818,Player-visible continuity,Continuity.InventoryWoodNormalizedMAE,abs_error_div_max_1_abs_oracle,0.066666666667,0.083333333333,0.0,-0.016666666666000002,0.066666666667,Continuity
None,20260819,Player-visible continuity,Continuity.InventoryWoodNormalizedMAE,abs_error_div_max_1_abs_oracle,0.016666666667,0.0875,0.0,-0.07083333333299999,0.016666666667,Continuity
None,20260820,Player-visible continuity,Continuity.InventoryWoodNormalizedMAE,abs_error_div_max_1_abs_oracle,0.066666666667,0.1,0.0,-0.03333333333300001,0.066666666667,Continuity
None,20260821,Player-visible continuity,Continuity.InventoryWoodNormalizedMAE,abs_error_div_max_1_abs_oracle,0.066666666667,0.1,0.0,-0.03333333333300001,0.066666666667,Continuity
None,20260822,Player-visible continuity,Continuity.InventoryWoodNormalizedMAE,abs_error_div_max_1_abs_oracle,0.183333333333,0.120833333333,0.0,0.0625,0.183333333333,Continuity
None,20260823,Player-visible continuity,Continuity.InventoryWoodNormalizedMAE,abs_error_div_max_1_abs_oracle,0.083333333333,0.091666666667,0.0,-0.008333333334000007,0.083333333333,Continuity
None,20260824,Player-visible continuity,Continuity.InventoryWoodNormalizedMAE,abs_error_div_max_1_abs_oracle,0.116666666667,0.133333333333,0.0,-0.016666666665999988,0.116666666667,Continuity
None,20260825,Player-visible continuity,Continuity.InventoryWoodNormalizedMAE,abs_error_div_max_1_abs_oracle,0.0,0.1,0.0,-0.1,0.0,Continuity
None,20260826,Player-visible continuity,Continuity.InventoryWoodNormalizedMAE,abs_error_div_max_1_abs_oracle,0.083333333333,0.095833333333,0.0,-0.012499999999999997,0.083333333333,Continuity
None,20260827,Player-visible continuity,Continuity.InventoryWoodNormalizedMAE,abs_error_div_max_1_abs_oracle,0.016666666667,0.1375,0.0,-0.120833333333,0.016666666667,Continuity
None,20260828,Player-visible continuity,Continuity.InventoryWoodNormalizedMAE,abs_error_div_max_1_abs_oracle,0.033333333333,0.108333333333,0.0,-0.07500000000000001,0.033333333333,Continuity
None,20260829,Player-visible continuity,Continuity.InventoryWoodNormalizedMAE,abs_error_div_max_1_abs_oracle,0.0,0.079166666667,0.0,-0.079166666667,0.0,Continuity
None,20260830,Player-visible continuity,Continuity.InventoryWoodNormalizedMAE,abs_error_div_max_1_abs_oracle,0.166666666667,0.129166666667,0.0,0.037500000000000006,0.166666666667,Continuity
None,20260831,Player-visible continuity,Continuity.InventoryWoodNormalizedMAE,abs_error_div_max_1_abs_oracle,0.016666666667,0.075,0.0,-0.058333333333,0.016666666667,Continuity
None,20260832,Player-visible continuity,Continuity.InventoryWoodNormalizedMAE,abs_error_div_max_1_abs_oracle,0.0,0.091666666667,0.0,-0.091666666667,0.0,Continuity
None,20260833,Player-visible continuity,Continuity.InventoryWoodNormalizedMAE,abs_error_div_max_1_abs_oracle,0.0,0.1125,0.0,-0.1125,0.0,Continuity
None,20260834,Player-visible continuity,Continuity.InventoryWoodNormalizedMAE,abs_error_div_max_1_abs_oracle,0.083333333333,0.1125,0.0,-0.029166666667000005,0.083333333333,Continuity
None,20260835,Player-visible continuity,Continuity.InventoryWoodNormalizedMAE,abs_error_div_max_1_abs_oracle,0.033333333333,0.116666666667,0.0,-0.083333333334,0.033333333333,Continuity
None,20260836,Player-visible continuity,Continuity.InventoryWoodNormalizedMAE,abs_error_div_max_1_abs_oracle,0.133333333333,0.1,0.0,0.03333333333299998,0.133333333333,Continuity
None,20260837,Player-visible continuity,Continuity.InventoryWoodNormalizedMAE,abs_error_div_max_1_abs_oracle,0.15,0.1125,0.0,0.03749999999999999,0.15,Continuity
None,20260838,Player-visible continuity,Continuity.InventoryWoodNormalizedMAE,abs_error_div_max_1_abs_oracle,0.133333333333,0.095833333333,0.0,0.03749999999999999,0.133333333333,Continuity
None,20260839,Player-visible continuity,Continuity.InventoryWoodNormalizedMAE,abs_error_div_max_1_abs_oracle,0.0,0.083333333333,0.0,-0.083333333333,0.0,Continuity
None,20260840,Player-visible continuity,Continuity.InventoryWoodNormalizedMAE,abs_error_div_max_1_abs_oracle,0.0,0.116666666667,0.0,-0.116666666667,0.0,Continuity
None,20260841,Player-visible continuity,Continuity.InventoryWoodNormalizedMAE,abs_error_div_max_1_abs_oracle,0.166666666667,0.129166666667,0.0,0.037500000000000006,0.166666666667,Continuity
None,20260842,Player-visible continuity,Continuity.InventoryWoodNormalizedMAE,abs_error_div_max_1_abs_oracle,0.083333333333,0.1,0.0,-0.016666666667000007,0.083333333333,Continuity
None,20260843,Player-visible continuity,Continuity.InventoryWoodNormalizedMAE,abs_error_div_max_1_abs_oracle,0.0,0.116666666667,0.0,-0.116666666667,0.0,Continuity
None,20260844,Player-visible continuity,Continuity.InventoryWoodNormalizedMAE,abs_error_div_max_1_abs_oracle,0.066666666667,0.083333333333,0.0,-0.016666666666000002,0.066666666667,Continuity
None,20260815,Player-visible continuity,Continuity.KingdomMismatchRate,paired_snapshots=60,0.0,0.0,0.0,0.0,0.0,Continuity
None,20260816,Player-visible continuity,Continuity.KingdomMismatchRate,paired_snapshots=60,0.0,0.0,0.0,0.0,0.0,Continuity
None,20260817,Player-visible continuity,Continuity.KingdomMismatchRate,paired_snapshots=60,0.0,0.0,0.0,0.0,0.0,Continuity
None,20260818,Player-visible continuity,Continuity.KingdomMismatchRate,paired_snapshots=60,0.0,0.0,0.0,0.0,0.0,Continuity
None,20260819,Player-visible continuity,Continuity.KingdomMismatchRate,paired_snapshots=60,0.0,0.0,0.0,0.0,0.0,Continuity
None,20260820,Player-visible continuity,Continuity.KingdomMismatchRate,paired_snapshots=60,0.0,0.0,0.0,0.0,0.0,Continuity
None,20260821,Player-visible continuity,Continuity.KingdomMismatchRate,paired_snapshots=60,0.0,0.0,0.0,0.0,0.0,Continuity
None,20260822,Player-visible continuity,Continuity.KingdomMismatchRate,paired_snapshots=60,0.0,0.0,0.0,0.0,0.0,Continuity
None,20260823,Player-visible continuity,Continuity.KingdomMismatchRate,paired_snapshots=60,0.0,0.0,0.0,0.0,0.0,Continuity
None,20260824,Player-visible continuity,Continuity.KingdomMismatchRate,paired_snapshots=60,0.0,0.0,0.0,0.0,0.0,Continuity
None,20260825,Player-visible continuity,Continuity.KingdomMismatchRate,paired_snapshots=60,0.0,0.0,0.0,0.0,0.0,Continuity
None,20260826,Player-visible continuity,Continuity.KingdomMismatchRate,paired_snapshots=60,0.0,0.0,0.0,0.0,0.0,Continuity
None,20260827,Player-visible continuity,Continuity.KingdomMismatchRate,paired_snapshots=60,0.0,0.0,0.0,0.0,0.0,Continuity
None,20260828,Player-visible continuity,Continuity.KingdomMismatchRate,paired_snapshots=60,0.0,0.0,0.0,0.0,0.0,Continuity
None,20260829,Player-visible continuity,Continuity.KingdomMismatchRate,paired_snapshots=60,0.0,0.0,0.0,0.0,0.0,Continuity
None,20260830,Player-visible continuity,Continuity.KingdomMismatchRate,paired_snapshots=60,0.0,0.0,0.0,0.0,0.0,Continuity
None,20260831,Player-visible continuity,Continuity.KingdomMismatchRate,paired_snapshots=60,0.0,0.0,0.0,0.0,0.0,Continuity
None,20260832,Player-visible continuity,Continuity.KingdomMismatchRate,paired_snapshots=60,0.0,0.0,0.0,0.0,0.0,Continuity
None,20260833,Player-visible continuity,Continuity.KingdomMismatchRate,paired_snapshots=60,0.0,0.0,0.0,0.0,0.0,Continuity
None,20260834,Player-visible continuity,Continuity.KingdomMismatchRate,paired_snapshots=60,0.0,0.0,0.0,0.0,0.0,Continuity
None,20260835,Player-visible continuity,Continuity.KingdomMismatchRate,paired_snapshots=60,0.0,0.0,0.0,0.0,0.0,Continuity
None,20260836,Player-visible continuity,Continuity.KingdomMismatchRate,paired_snapshots=60,0.0,0.0,0.0,0.0,0.0,Continuity
None,20260837,Player-visible continuity,Continuity.KingdomMismatchRate,paired_snapshots=60,0.0,0.0,0.0,0.0,0.0,Continuity
None,20260838,Player-visible continuity,Continuity.KingdomMismatchRate,paired_snapshots=60,0.0,0.0,0.0,0.0,0.0,Continuity
None,20260839,Player-visible continuity,Continuity.KingdomMismatchRate,paired_snapshots=60,0.0,0.0,0.0,0.0,0.0,Continuity
None,20260840,Player-visible continuity,Continuity.KingdomMismatchRate,paired_snapshots=60,0.0,0.0,0.0,0.0,0.0,Continuity
None,20260841,Player-visible continuity,Continuity.KingdomMismatchRate,paired_snapshots=60,0.0,0.0,0.0,0.0,0.0,Continuity
None,20260842,Player-visible continuity,Continuity.KingdomMismatchRate,paired_snapshots=60,0.0,0.0,0.0,0.0,0.0,Continuity
None,20260843,Player-visible continuity,Continuity.KingdomMismatchRate,paired_snapshots=60,0.0,0.0,0.0,0.0,0.0,Continuity
None,20260844,Player-visible continuity,Continuity.KingdomMismatchRate,paired_snapshots=60,0.0,0.0,0.0,0.0,0.0,Continuity
None,20260815,Player-visible continuity,Continuity.MoneyMAE,coin_per_paired_snapshot,1.066666666667,2.633333333333,0.0,-1.5666666666659999,1.066666666667,Continuity
None,20260816,Player-visible continuity,Continuity.MoneyMAE,coin_per_paired_snapshot,1.45,2.9,0.0,-1.45,1.45,Continuity
None,20260817,Player-visible continuity,Continuity.MoneyMAE,coin_per_paired_snapshot,1.3,3.166666666667,0.0,-1.866666666667,1.3,Continuity
None,20260818,Player-visible continuity,Continuity.MoneyMAE,coin_per_paired_snapshot,1.016666666667,2.883333333333,0.0,-1.866666666666,1.016666666667,Continuity
None,20260819,Player-visible continuity,Continuity.MoneyMAE,coin_per_paired_snapshot,1.066666666667,3.083333333333,0.0,-2.016666666666,1.066666666667,Continuity
None,20260820,Player-visible continuity,Continuity.MoneyMAE,coin_per_paired_snapshot,1.05,2.866666666667,0.0,-1.8166666666670002,1.05,Continuity
None,20260821,Player-visible continuity,Continuity.MoneyMAE,coin_per_paired_snapshot,0.983333333333,2.566666666667,0.0,-1.583333333334,0.983333333333,Continuity
None,20260822,Player-visible continuity,Continuity.MoneyMAE,coin_per_paired_snapshot,0.933333333333,2.933333333333,0.0,-2.0,0.933333333333,Continuity
None,20260823,Player-visible continuity,Continuity.MoneyMAE,coin_per_paired_snapshot,1.116666666667,3.1,0.0,-1.983333333333,1.116666666667,Continuity
None,20260824,Player-visible continuity,Continuity.MoneyMAE,coin_per_paired_snapshot,1.133333333333,2.816666666667,0.0,-1.683333333334,1.133333333333,Continuity
None,20260825,Player-visible continuity,Continuity.MoneyMAE,coin_per_paired_snapshot,1.183333333333,2.916666666667,0.0,-1.733333333334,1.183333333333,Continuity
None,20260826,Player-visible continuity,Continuity.MoneyMAE,coin_per_paired_snapshot,1.2,3.0,0.0,-1.8,1.2,Continuity
None,20260827,Player-visible continuity,Continuity.MoneyMAE,coin_per_paired_snapshot,0.983333333333,3.0,0.0,-2.016666666667,0.983333333333,Continuity
None,20260828,Player-visible continuity,Continuity.MoneyMAE,coin_per_paired_snapshot,1.216666666667,2.85,0.0,-1.633333333333,1.216666666667,Continuity
None,20260829,Player-visible continuity,Continuity.MoneyMAE,coin_per_paired_snapshot,1.216666666667,2.583333333333,0.0,-1.366666666666,1.216666666667,Continuity
None,20260830,Player-visible continuity,Continuity.MoneyMAE,coin_per_paired_snapshot,0.9,2.883333333333,0.0,-1.9833333333329999,0.9,Continuity
None,20260831,Player-visible continuity,Continuity.MoneyMAE,coin_per_paired_snapshot,1.15,3.016666666667,0.0,-1.8666666666670002,1.15,Continuity
None,20260832,Player-visible continuity,Continuity.MoneyMAE,coin_per_paired_snapshot,0.883333333333,2.9,0.0,-2.0166666666669997,0.883333333333,Continuity
None,20260833,Player-visible continuity,Continuity.MoneyMAE,coin_per_paired_snapshot,1.316666666667,2.65,0.0,-1.333333333333,1.316666666667,Continuity
None,20260834,Player-visible continuity,Continuity.MoneyMAE,coin_per_paired_snapshot,1.283333333333,2.633333333333,0.0,-1.3499999999999999,1.283333333333,Continuity
None,20260835,Player-visible continuity,Continuity.MoneyMAE,coin_per_paired_snapshot,1.183333333333,2.766666666667,0.0,-1.583333333334,1.183333333333,Continuity
None,20260836,Player-visible continuity,Continuity.MoneyMAE,coin_per_paired_snapshot,1.133333333333,2.883333333333,0.0,-1.7499999999999998,1.133333333333,Continuity
None,20260837,Player-visible continuity,Continuity.MoneyMAE,coin_per_paired_snapshot,1.266666666667,2.85,0.0,-1.5833333333330002,1.266666666667,Continuity
None,20260838,Player-visible continuity,Continuity.MoneyMAE,coin_per_paired_snapshot,1.0,2.833333333333,0.0,-1.833333333333,1.0,Continuity
None,20260839,Player-visible continuity,Continuity.MoneyMAE,coin_per_paired_snapshot,1.233333333333,2.55,0.0,-1.3166666666669997,1.233333333333,Continuity
None,20260840,Player-visible continuity,Continuity.MoneyMAE,coin_per_paired_snapshot,0.833333333333,2.833333333333,0.0,-2.0,0.833333333333,Continuity
None,20260841,Player-visible continuity,Continuity.MoneyMAE,coin_per_paired_snapshot,1.116666666667,3.166666666667,0.0,-2.05,1.116666666667,Continuity
None,20260842,Player-visible continuity,Continuity.MoneyMAE,coin_per_paired_snapshot,1.15,2.583333333333,0.0,-1.433333333333,1.15,Continuity
None,20260843,Player-visible continuity,Continuity.MoneyMAE,coin_per_paired_snapshot,1.333333333333,2.566666666667,0.0,-1.233333333334,1.333333333333,Continuity
None,20260844,Player-visible continuity,Continuity.MoneyMAE,coin_per_paired_snapshot,1.2,2.883333333333,0.0,-1.6833333333329998,1.2,Continuity
None,20260815,Player-visible continuity,Continuity.MoneyMismatchRate,paired_snapshots=60,0.616666666667,0.783333333333,0.0,-0.16666666666600005,0.616666666667,Continuity
None,20260816,Player-visible continuity,Continuity.MoneyMismatchRate,paired_snapshots=60,0.783333333333,0.933333333333,0.0,-0.1499999999999999,0.783333333333,Continuity
None,20260817,Player-visible continuity,Continuity.MoneyMismatchRate,paired_snapshots=60,0.733333333333,0.916666666667,0.0,-0.18333333333400004,0.733333333333,Continuity
None,20260818,Player-visible continuity,Continuity.MoneyMismatchRate,paired_snapshots=60,0.616666666667,0.833333333333,0.0,-0.21666666666599999,0.616666666667,Continuity
None,20260819,Player-visible continuity,Continuity.MoneyMismatchRate,paired_snapshots=60,0.75,0.816666666667,0.0,-0.06666666666700005,0.75,Continuity
None,20260820,Player-visible continuity,Continuity.MoneyMismatchRate,paired_snapshots=60,0.7,0.9,0.0,-0.20000000000000007,0.7,Continuity
None,20260821,Player-visible continuity,Continuity.MoneyMismatchRate,paired_snapshots=60,0.666666666667,0.716666666667,0.0,-0.04999999999999993,0.666666666667,Continuity
None,20260822,Player-visible continuity,Continuity.MoneyMismatchRate,paired_snapshots=60,0.633333333333,0.933333333333,0.0,-0.29999999999999993,0.633333333333,Continuity
None,20260823,Player-visible continuity,Continuity.MoneyMismatchRate,paired_snapshots=60,0.65,0.95,0.0,-0.29999999999999993,0.65,Continuity
None,20260824,Player-visible continuity,Continuity.MoneyMismatchRate,paired_snapshots=60,0.65,0.866666666667,0.0,-0.21666666666699996,0.65,Continuity
None,20260825,Player-visible continuity,Continuity.MoneyMismatchRate,paired_snapshots=60,0.716666666667,0.9,0.0,-0.18333333333300006,0.716666666667,Continuity
None,20260826,Player-visible continuity,Continuity.MoneyMismatchRate,paired_snapshots=60,0.716666666667,0.8,0.0,-0.08333333333300008,0.716666666667,Continuity
None,20260827,Player-visible continuity,Continuity.MoneyMismatchRate,paired_snapshots=60,0.65,0.833333333333,0.0,-0.18333333333299995,0.65,Continuity
None,20260828,Player-visible continuity,Continuity.MoneyMismatchRate,paired_snapshots=60,0.683333333333,0.866666666667,0.0,-0.18333333333400004,0.683333333333,Continuity
None,20260829,Player-visible continuity,Continuity.MoneyMismatchRate,paired_snapshots=60,0.766666666667,0.766666666667,0.0,0.0,0.766666666667,Continuity
None,20260830,Player-visible continuity,Continuity.MoneyMismatchRate,paired_snapshots=60,0.5,0.833333333333,0.0,-0.33333333333299997,0.5,Continuity
None,20260831,Player-visible continuity,Continuity.MoneyMismatchRate,paired_snapshots=60,0.716666666667,0.883333333333,0.0,-0.16666666666600005,0.716666666667,Continuity
None,20260832,Player-visible continuity,Continuity.MoneyMismatchRate,paired_snapshots=60,0.6,0.933333333333,0.0,-0.33333333333299997,0.6,Continuity
None,20260833,Player-visible continuity,Continuity.MoneyMismatchRate,paired_snapshots=60,0.783333333333,0.883333333333,0.0,-0.09999999999999998,0.783333333333,Continuity
None,20260834,Player-visible continuity,Continuity.MoneyMismatchRate,paired_snapshots=60,0.8,0.85,0.0,-0.04999999999999993,0.8,Continuity
None,20260835,Player-visible continuity,Continuity.MoneyMismatchRate,paired_snapshots=60,0.716666666667,0.866666666667,0.0,-0.15000000000000002,0.716666666667,Continuity
None,20260836,Player-visible continuity,Continuity.MoneyMismatchRate,paired_snapshots=60,0.633333333333,0.933333333333,0.0,-0.29999999999999993,0.633333333333,Continuity
None,20260837,Player-visible continuity,Continuity.MoneyMismatchRate,paired_snapshots=60,0.783333333333,0.883333333333,0.0,-0.09999999999999998,0.783333333333,Continuity
None,20260838,Player-visible continuity,Continuity.MoneyMismatchRate,paired_snapshots=60,0.7,0.866666666667,0.0,-0.16666666666700003,0.7,Continuity
None,20260839,Player-visible continuity,Continuity.MoneyMismatchRate,paired_snapshots=60,0.75,0.9,0.0,-0.15000000000000002,0.75,Continuity
None,20260840,Player-visible continuity,Continuity.MoneyMismatchRate,paired_snapshots=60,0.583333333333,0.9,0.0,-0.31666666666700005,0.583333333333,Continuity
None,20260841,Player-visible continuity,Continuity.MoneyMismatchRate,paired_snapshots=60,0.65,0.9,0.0,-0.25,0.65,Continuity
None,20260842,Player-visible continuity,Continuity.MoneyMismatchRate,paired_snapshots=60,0.733333333333,0.95,0.0,-0.21666666666699996,0.733333333333,Continuity
None,20260843,Player-visible continuity,Continuity.MoneyMismatchRate,paired_snapshots=60,0.816666666667,0.883333333333,0.0,-0.06666666666599996,0.816666666667,Continuity
None,20260844,Player-visible continuity,Continuity.MoneyMismatchRate,paired_snapshots=60,0.65,0.866666666667,0.0,-0.21666666666699996,0.65,Continuity
None,20260815,Player-visible continuity,Continuity.MoneyNormalizedMAE,abs_error_div_max_1_abs_oracle,0.519761904762,1.613571428571,0.0,-1.093809523809,0.519761904762,Continuity
None,20260816,Player-visible continuity,Continuity.MoneyNormalizedMAE,abs_error_div_max_1_abs_oracle,0.895833333333,2.156626984127,0.0,-1.260793650794,0.895833333333,Continuity
None,20260817,Player-visible continuity,Continuity.MoneyNormalizedMAE,abs_error_div_max_1_abs_oracle,0.814642857143,2.379285714286,0.0,-1.564642857143,0.814642857143,Continuity
None,20260818,Player-visible continuity,Continuity.MoneyNormalizedMAE,abs_error_div_max_1_abs_oracle,0.570277777778,1.953253968254,0.0,-1.382976190476,0.570277777778,Continuity
None,20260819,Player-visible continuity,Continuity.MoneyNormalizedMAE,abs_error_div_max_1_abs_oracle,0.668650793651,2.278412698413,0.0,-1.6097619047620002,0.668650793651,Continuity
None,20260820,Player-visible continuity,Continuity.MoneyNormalizedMAE,abs_error_div_max_1_abs_oracle,0.696031746032,2.0725,0.0,-1.3764682539679998,0.696031746032,Continuity
None,20260821,Player-visible continuity,Continuity.MoneyNormalizedMAE,abs_error_div_max_1_abs_oracle,0.527579365079,1.721428571429,0.0,-1.19384920635,0.527579365079,Continuity
None,20260822,Player-visible continuity,Continuity.MoneyNormalizedMAE,abs_error_div_max_1_abs_oracle,0.551865079365,2.222063492063,0.0,-1.670198412698,0.551865079365,Continuity
None,20260823,Player-visible continuity,Continuity.MoneyNormalizedMAE,abs_error_div_max_1_abs_oracle,0.646785714286,2.251547619048,0.0,-1.6047619047619999,0.646785714286,Continuity
None,20260824,Player-visible continuity,Continuity.MoneyNormalizedMAE,abs_error_div_max_1_abs_oracle,0.57126984127,1.751428571429,0.0,-1.180158730159,0.57126984127,Continuity
None,20260825,Player-visible continuity,Continuity.MoneyNormalizedMAE,abs_error_div_max_1_abs_oracle,0.807222222222,2.126666666667,0.0,-1.319444444445,0.807222222222,Continuity
None,20260826,Player-visible continuity,Continuity.MoneyNormalizedMAE,abs_error_div_max_1_abs_oracle,0.809880952381,2.226666666667,0.0,-1.416785714286,0.809880952381,Continuity
None,20260827,Player-visible continuity,Continuity.MoneyNormalizedMAE,abs_error_div_max_1_abs_oracle,0.466468253968,2.100833333333,0.0,-1.634365079365,0.466468253968,Continuity
None,20260828,Player-visible continuity,Continuity.MoneyNormalizedMAE,abs_error_div_max_1_abs_oracle,0.605992063492,1.955,0.0,-1.349007936508,0.605992063492,Continuity
None,20260829,Player-visible continuity,Continuity.MoneyNormalizedMAE,abs_error_div_max_1_abs_oracle,0.690317460317,1.903849206349,0.0,-1.2135317460319999,0.690317460317,Continuity
None,20260830,Player-visible continuity,Continuity.MoneyNormalizedMAE,abs_error_div_max_1_abs_oracle,0.602976190476,2.227261904762,0.0,-1.6242857142859999,0.602976190476,Continuity
None,20260831,Player-visible continuity,Continuity.MoneyNormalizedMAE,abs_error_div_max_1_abs_oracle,0.648928571429,2.163492063492,0.0,-1.514563492063,0.648928571429,Continuity
None,20260832,Player-visible continuity,Continuity.MoneyNormalizedMAE,abs_error_div_max_1_abs_oracle,0.517182539683,2.070357142857,0.0,-1.553174603174,0.517182539683,Continuity
None,20260833,Player-visible continuity,Continuity.MoneyNormalizedMAE,abs_error_div_max_1_abs_oracle,0.744880952381,1.713650793651,0.0,-0.9687698412699999,0.744880952381,Continuity
None,20260834,Player-visible continuity,Continuity.MoneyNormalizedMAE,abs_error_div_max_1_abs_oracle,0.643174603175,1.714920634921,0.0,-1.0717460317460001,0.643174603175,Continuity
None,20260835,Player-visible continuity,Continuity.MoneyNormalizedMAE,abs_error_div_max_1_abs_oracle,0.694722222222,2.220634920635,0.0,-1.5259126984129998,0.694722222222,Continuity
None,20260836,Player-visible continuity,Continuity.MoneyNormalizedMAE,abs_error_div_max_1_abs_oracle,0.575555555556,2.068650793651,0.0,-1.493095238095,0.575555555556,Continuity
None,20260837,Player-visible continuity,Continuity.MoneyNormalizedMAE,abs_error_div_max_1_abs_oracle,0.740555555556,2.028055555556,0.0,-1.2875,0.740555555556,Continuity
None,20260838,Player-visible continuity,Continuity.MoneyNormalizedMAE,abs_error_div_max_1_abs_oracle,0.586349206349,1.886507936508,0.0,-1.300158730159,0.586349206349,Continuity
None,20260839,Player-visible continuity,Continuity.MoneyNormalizedMAE,abs_error_div_max_1_abs_oracle,0.703095238095,1.700555555556,0.0,-0.997460317461,0.703095238095,Continuity
None,20260840,Player-visible continuity,Continuity.MoneyNormalizedMAE,abs_error_div_max_1_abs_oracle,0.499166666667,1.945,0.0,-1.445833333333,0.499166666667,Continuity
None,20260841,Player-visible continuity,Continuity.MoneyNormalizedMAE,abs_error_div_max_1_abs_oracle,0.716428571429,2.285198412698,0.0,-1.568769841269,0.716428571429,Continuity
None,20260842,Player-visible continuity,Continuity.MoneyNormalizedMAE,abs_error_div_max_1_abs_oracle,0.540714285714,1.43996031746,0.0,-0.8992460317459999,0.540714285714,Continuity
None,20260843,Player-visible continuity,Continuity.MoneyNormalizedMAE,abs_error_div_max_1_abs_oracle,0.744206349206,1.68996031746,0.0,-0.9457539682539999,0.744206349206,Continuity
None,20260844,Player-visible continuity,Continuity.MoneyNormalizedMAE,abs_error_div_max_1_abs_oracle,0.695198412698,1.704642857143,0.0,-1.009444444445,0.695198412698,Continuity
None,20260815,Player-visible continuity,Continuity.PersistentIDMismatchRate,paired_snapshots=60,0.0,0.0,0.0,0.0,0.0,Continuity
None,20260816,Player-visible continuity,Continuity.PersistentIDMismatchRate,paired_snapshots=60,0.0,0.0,0.0,0.0,0.0,Continuity
None,20260817,Player-visible continuity,Continuity.PersistentIDMismatchRate,paired_snapshots=60,0.0,0.0,0.0,0.0,0.0,Continuity
None,20260818,Player-visible continuity,Continuity.PersistentIDMismatchRate,paired_snapshots=60,0.0,0.0,0.0,0.0,0.0,Continuity
None,20260819,Player-visible continuity,Continuity.PersistentIDMismatchRate,paired_snapshots=60,0.0,0.0,0.0,0.0,0.0,Continuity
None,20260820,Player-visible continuity,Continuity.PersistentIDMismatchRate,paired_snapshots=60,0.0,0.0,0.0,0.0,0.0,Continuity
None,20260821,Player-visible continuity,Continuity.PersistentIDMismatchRate,paired_snapshots=60,0.0,0.0,0.0,0.0,0.0,Continuity
None,20260822,Player-visible continuity,Continuity.PersistentIDMismatchRate,paired_snapshots=60,0.0,0.0,0.0,0.0,0.0,Continuity
None,20260823,Player-visible continuity,Continuity.PersistentIDMismatchRate,paired_snapshots=60,0.0,0.0,0.0,0.0,0.0,Continuity
None,20260824,Player-visible continuity,Continuity.PersistentIDMismatchRate,paired_snapshots=60,0.0,0.0,0.0,0.0,0.0,Continuity
None,20260825,Player-visible continuity,Continuity.PersistentIDMismatchRate,paired_snapshots=60,0.0,0.0,0.0,0.0,0.0,Continuity
None,20260826,Player-visible continuity,Continuity.PersistentIDMismatchRate,paired_snapshots=60,0.0,0.0,0.0,0.0,0.0,Continuity
None,20260827,Player-visible continuity,Continuity.PersistentIDMismatchRate,paired_snapshots=60,0.0,0.0,0.0,0.0,0.0,Continuity
None,20260828,Player-visible continuity,Continuity.PersistentIDMismatchRate,paired_snapshots=60,0.0,0.0,0.0,0.0,0.0,Continuity
None,20260829,Player-visible continuity,Continuity.PersistentIDMismatchRate,paired_snapshots=60,0.0,0.0,0.0,0.0,0.0,Continuity
None,20260830,Player-visible continuity,Continuity.PersistentIDMismatchRate,paired_snapshots=60,0.0,0.0,0.0,0.0,0.0,Continuity
None,20260831,Player-visible continuity,Continuity.PersistentIDMismatchRate,paired_snapshots=60,0.0,0.0,0.0,0.0,0.0,Continuity
None,20260832,Player-visible continuity,Continuity.PersistentIDMismatchRate,paired_snapshots=60,0.0,0.0,0.0,0.0,0.0,Continuity
None,20260833,Player-visible continuity,Continuity.PersistentIDMismatchRate,paired_snapshots=60,0.0,0.0,0.0,0.0,0.0,Continuity
None,20260834,Player-visible continuity,Continuity.PersistentIDMismatchRate,paired_snapshots=60,0.0,0.0,0.0,0.0,0.0,Continuity
None,20260835,Player-visible continuity,Continuity.PersistentIDMismatchRate,paired_snapshots=60,0.0,0.0,0.0,0.0,0.0,Continuity
None,20260836,Player-visible continuity,Continuity.PersistentIDMismatchRate,paired_snapshots=60,0.0,0.0,0.0,0.0,0.0,Continuity
None,20260837,Player-visible continuity,Continuity.PersistentIDMismatchRate,paired_snapshots=60,0.0,0.0,0.0,0.0,0.0,Continuity
None,20260838,Player-visible continuity,Continuity.PersistentIDMismatchRate,paired_snapshots=60,0.0,0.0,0.0,0.0,0.0,Continuity
None,20260839,Player-visible continuity,Continuity.PersistentIDMismatchRate,paired_snapshots=60,0.0,0.0,0.0,0.0,0.0,Continuity
None,20260840,Player-visible continuity,Continuity.PersistentIDMismatchRate,paired_snapshots=60,0.0,0.0,0.0,0.0,0.0,Continuity
None,20260841,Player-visible continuity,Continuity.PersistentIDMismatchRate,paired_snapshots=60,0.0,0.0,0.0,0.0,0.0,Continuity
None,20260842,Player-visible continuity,Continuity.PersistentIDMismatchRate,paired_snapshots=60,0.0,0.0,0.0,0.0,0.0,Continuity
None,20260843,Player-visible continuity,Continuity.PersistentIDMismatchRate,paired_snapshots=60,0.0,0.0,0.0,0.0,0.0,Continuity
None,20260844,Player-visible continuity,Continuity.PersistentIDMismatchRate,paired_snapshots=60,0.0,0.0,0.0,0.0,0.0,Continuity
None,20260815,Player-visible continuity,Continuity.ProfessionMismatchRate,paired_snapshots=60,0.0,0.0,0.0,0.0,0.0,Continuity
None,20260816,Player-visible continuity,Continuity.ProfessionMismatchRate,paired_snapshots=60,0.0,0.0,0.0,0.0,0.0,Continuity
None,20260817,Player-visible continuity,Continuity.ProfessionMismatchRate,paired_snapshots=60,0.0,0.0,0.0,0.0,0.0,Continuity
None,20260818,Player-visible continuity,Continuity.ProfessionMismatchRate,paired_snapshots=60,0.0,0.0,0.0,0.0,0.0,Continuity
None,20260819,Player-visible continuity,Continuity.ProfessionMismatchRate,paired_snapshots=60,0.0,0.0,0.0,0.0,0.0,Continuity
None,20260820,Player-visible continuity,Continuity.ProfessionMismatchRate,paired_snapshots=60,0.0,0.0,0.0,0.0,0.0,Continuity
None,20260821,Player-visible continuity,Continuity.ProfessionMismatchRate,paired_snapshots=60,0.0,0.0,0.0,0.0,0.0,Continuity
None,20260822,Player-visible continuity,Continuity.ProfessionMismatchRate,paired_snapshots=60,0.0,0.0,0.0,0.0,0.0,Continuity
None,20260823,Player-visible continuity,Continuity.ProfessionMismatchRate,paired_snapshots=60,0.0,0.0,0.0,0.0,0.0,Continuity
None,20260824,Player-visible continuity,Continuity.ProfessionMismatchRate,paired_snapshots=60,0.0,0.0,0.0,0.0,0.0,Continuity
None,20260825,Player-visible continuity,Continuity.ProfessionMismatchRate,paired_snapshots=60,0.0,0.0,0.0,0.0,0.0,Continuity
None,20260826,Player-visible continuity,Continuity.ProfessionMismatchRate,paired_snapshots=60,0.0,0.0,0.0,0.0,0.0,Continuity
None,20260827,Player-visible continuity,Continuity.ProfessionMismatchRate,paired_snapshots=60,0.0,0.0,0.0,0.0,0.0,Continuity
None,20260828,Player-visible continuity,Continuity.ProfessionMismatchRate,paired_snapshots=60,0.0,0.0,0.0,0.0,0.0,Continuity
None,20260829,Player-visible continuity,Continuity.ProfessionMismatchRate,paired_snapshots=60,0.0,0.0,0.0,0.0,0.0,Continuity
None,20260830,Player-visible continuity,Continuity.ProfessionMismatchRate,paired_snapshots=60,0.0,0.0,0.0,0.0,0.0,Continuity
None,20260831,Player-visible continuity,Continuity.ProfessionMismatchRate,paired_snapshots=60,0.0,0.0,0.0,0.0,0.0,Continuity
None,20260832,Player-visible continuity,Continuity.ProfessionMismatchRate,paired_snapshots=60,0.0,0.0,0.0,0.0,0.0,Continuity
None,20260833,Player-visible continuity,Continuity.ProfessionMismatchRate,paired_snapshots=60,0.0,0.0,0.0,0.0,0.0,Continuity
None,20260834,Player-visible continuity,Continuity.ProfessionMismatchRate,paired_snapshots=60,0.0,0.0,0.0,0.0,0.0,Continuity
None,20260835,Player-visible continuity,Continuity.ProfessionMismatchRate,paired_snapshots=60,0.0,0.0,0.0,0.0,0.0,Continuity
None,20260836,Player-visible continuity,Continuity.ProfessionMismatchRate,paired_snapshots=60,0.0,0.0,0.0,0.0,0.0,Continuity
None,20260837,Player-visible continuity,Continuity.ProfessionMismatchRate,paired_snapshots=60,0.0,0.0,0.0,0.0,0.0,Continuity
None,20260838,Player-visible continuity,Continuity.ProfessionMismatchRate,paired_snapshots=60,0.0,0.0,0.0,0.0,0.0,Continuity
None,20260839,Player-visible continuity,Continuity.ProfessionMismatchRate,paired_snapshots=60,0.0,0.0,0.0,0.0,0.0,Continuity
None,20260840,Player-visible continuity,Continuity.ProfessionMismatchRate,paired_snapshots=60,0.0,0.0,0.0,0.0,0.0,Continuity
None,20260841,Player-visible continuity,Continuity.ProfessionMismatchRate,paired_snapshots=60,0.0,0.0,0.0,0.0,0.0,Continuity
None,20260842,Player-visible continuity,Continuity.ProfessionMismatchRate,paired_snapshots=60,0.0,0.0,0.0,0.0,0.0,Continuity
None,20260843,Player-visible continuity,Continuity.ProfessionMismatchRate,paired_snapshots=60,0.0,0.0,0.0,0.0,0.0,Continuity
None,20260844,Player-visible continuity,Continuity.ProfessionMismatchRate,paired_snapshots=60,0.0,0.0,0.0,0.0,0.0,Continuity
None,20260815,Player-visible continuity,Continuity.RepairCreditMAE,coin_per_paired_snapshot,0.0,0.0,0.0,0.0,0.0,Continuity
None,20260816,Player-visible continuity,Continuity.RepairCreditMAE,coin_per_paired_snapshot,0.0,0.0,0.0,0.0,0.0,Continuity
None,20260817,Player-visible continuity,Continuity.RepairCreditMAE,coin_per_paired_snapshot,0.0,0.0,0.0,0.0,0.0,Continuity
None,20260818,Player-visible continuity,Continuity.RepairCreditMAE,coin_per_paired_snapshot,0.0,0.0,0.0,0.0,0.0,Continuity
None,20260819,Player-visible continuity,Continuity.RepairCreditMAE,coin_per_paired_snapshot,0.0,0.0,0.0,0.0,0.0,Continuity
None,20260820,Player-visible continuity,Continuity.RepairCreditMAE,coin_per_paired_snapshot,0.0,0.0,0.0,0.0,0.0,Continuity
None,20260821,Player-visible continuity,Continuity.RepairCreditMAE,coin_per_paired_snapshot,0.0,0.0,0.0,0.0,0.0,Continuity
None,20260822,Player-visible continuity,Continuity.RepairCreditMAE,coin_per_paired_snapshot,0.0,0.0,0.0,0.0,0.0,Continuity
None,20260823,Player-visible continuity,Continuity.RepairCreditMAE,coin_per_paired_snapshot,0.0,0.0,0.0,0.0,0.0,Continuity
None,20260824,Player-visible continuity,Continuity.RepairCreditMAE,coin_per_paired_snapshot,0.0,0.0,0.0,0.0,0.0,Continuity
None,20260825,Player-visible continuity,Continuity.RepairCreditMAE,coin_per_paired_snapshot,0.0,0.0,0.0,0.0,0.0,Continuity
None,20260826,Player-visible continuity,Continuity.RepairCreditMAE,coin_per_paired_snapshot,0.0,0.0,0.0,0.0,0.0,Continuity
None,20260827,Player-visible continuity,Continuity.RepairCreditMAE,coin_per_paired_snapshot,0.0,0.0,0.0,0.0,0.0,Continuity
None,20260828,Player-visible continuity,Continuity.RepairCreditMAE,coin_per_paired_snapshot,0.0,0.0,0.0,0.0,0.0,Continuity
None,20260829,Player-visible continuity,Continuity.RepairCreditMAE,coin_per_paired_snapshot,0.0,0.0,0.0,0.0,0.0,Continuity
None,20260830,Player-visible continuity,Continuity.RepairCreditMAE,coin_per_paired_snapshot,0.0,0.0,0.0,0.0,0.0,Continuity
None,20260831,Player-visible continuity,Continuity.RepairCreditMAE,coin_per_paired_snapshot,0.0,0.0,0.0,0.0,0.0,Continuity
None,20260832,Player-visible continuity,Continuity.RepairCreditMAE,coin_per_paired_snapshot,0.0,0.0,0.0,0.0,0.0,Continuity
None,20260833,Player-visible continuity,Continuity.RepairCreditMAE,coin_per_paired_snapshot,0.0,0.0,0.0,0.0,0.0,Continuity
None,20260834,Player-visible continuity,Continuity.RepairCreditMAE,coin_per_paired_snapshot,0.0,0.0,0.0,0.0,0.0,Continuity
None,20260835,Player-visible continuity,Continuity.RepairCreditMAE,coin_per_paired_snapshot,0.0,0.0,0.0,0.0,0.0,Continuity
None,20260836,Player-visible continuity,Continuity.RepairCreditMAE,coin_per_paired_snapshot,0.0,0.0,0.0,0.0,0.0,Continuity
None,20260837,Player-visible continuity,Continuity.RepairCreditMAE,coin_per_paired_snapshot,0.0,0.0,0.0,0.0,0.0,Continuity
None,20260838,Player-visible continuity,Continuity.RepairCreditMAE,coin_per_paired_snapshot,0.0,0.0,0.0,0.0,0.0,Continuity
None,20260839,Player-visible continuity,Continuity.RepairCreditMAE,coin_per_paired_snapshot,0.0,0.0,0.0,0.0,0.0,Continuity
None,20260840,Player-visible continuity,Continuity.RepairCreditMAE,coin_per_paired_snapshot,0.0,0.0,0.0,0.0,0.0,Continuity
None,20260841,Player-visible continuity,Continuity.RepairCreditMAE,coin_per_paired_snapshot,0.0,0.0,0.0,0.0,0.0,Continuity
None,20260842,Player-visible continuity,Continuity.RepairCreditMAE,coin_per_paired_snapshot,0.0,0.0,0.0,0.0,0.0,Continuity
None,20260843,Player-visible continuity,Continuity.RepairCreditMAE,coin_per_paired_snapshot,0.0,0.0,0.0,0.0,0.0,Continuity
None,20260844,Player-visible continuity,Continuity.RepairCreditMAE,coin_per_paired_snapshot,0.0,0.0,0.0,0.0,0.0,Continuity
None,20260815,Player-visible continuity,Continuity.RepairCreditMismatchRate,paired_snapshots=60,0.0,0.0,0.0,0.0,0.0,Continuity
None,20260816,Player-visible continuity,Continuity.RepairCreditMismatchRate,paired_snapshots=60,0.0,0.0,0.0,0.0,0.0,Continuity
None,20260817,Player-visible continuity,Continuity.RepairCreditMismatchRate,paired_snapshots=60,0.0,0.0,0.0,0.0,0.0,Continuity
None,20260818,Player-visible continuity,Continuity.RepairCreditMismatchRate,paired_snapshots=60,0.0,0.0,0.0,0.0,0.0,Continuity
None,20260819,Player-visible continuity,Continuity.RepairCreditMismatchRate,paired_snapshots=60,0.0,0.0,0.0,0.0,0.0,Continuity
None,20260820,Player-visible continuity,Continuity.RepairCreditMismatchRate,paired_snapshots=60,0.0,0.0,0.0,0.0,0.0,Continuity
None,20260821,Player-visible continuity,Continuity.RepairCreditMismatchRate,paired_snapshots=60,0.0,0.0,0.0,0.0,0.0,Continuity
None,20260822,Player-visible continuity,Continuity.RepairCreditMismatchRate,paired_snapshots=60,0.0,0.0,0.0,0.0,0.0,Continuity
None,20260823,Player-visible continuity,Continuity.RepairCreditMismatchRate,paired_snapshots=60,0.0,0.0,0.0,0.0,0.0,Continuity
None,20260824,Player-visible continuity,Continuity.RepairCreditMismatchRate,paired_snapshots=60,0.0,0.0,0.0,0.0,0.0,Continuity
None,20260825,Player-visible continuity,Continuity.RepairCreditMismatchRate,paired_snapshots=60,0.0,0.0,0.0,0.0,0.0,Continuity
None,20260826,Player-visible continuity,Continuity.RepairCreditMismatchRate,paired_snapshots=60,0.0,0.0,0.0,0.0,0.0,Continuity
None,20260827,Player-visible continuity,Continuity.RepairCreditMismatchRate,paired_snapshots=60,0.0,0.0,0.0,0.0,0.0,Continuity
None,20260828,Player-visible continuity,Continuity.RepairCreditMismatchRate,paired_snapshots=60,0.0,0.0,0.0,0.0,0.0,Continuity
None,20260829,Player-visible continuity,Continuity.RepairCreditMismatchRate,paired_snapshots=60,0.0,0.0,0.0,0.0,0.0,Continuity
None,20260830,Player-visible continuity,Continuity.RepairCreditMismatchRate,paired_snapshots=60,0.0,0.0,0.0,0.0,0.0,Continuity
None,20260831,Player-visible continuity,Continuity.RepairCreditMismatchRate,paired_snapshots=60,0.0,0.0,0.0,0.0,0.0,Continuity
None,20260832,Player-visible continuity,Continuity.RepairCreditMismatchRate,paired_snapshots=60,0.0,0.0,0.0,0.0,0.0,Continuity
None,20260833,Player-visible continuity,Continuity.RepairCreditMismatchRate,paired_snapshots=60,0.0,0.0,0.0,0.0,0.0,Continuity
None,20260834,Player-visible continuity,Continuity.RepairCreditMismatchRate,paired_snapshots=60,0.0,0.0,0.0,0.0,0.0,Continuity
None,20260835,Player-visible continuity,Continuity.RepairCreditMismatchRate,paired_snapshots=60,0.0,0.0,0.0,0.0,0.0,Continuity
None,20260836,Player-visible continuity,Continuity.RepairCreditMismatchRate,paired_snapshots=60,0.0,0.0,0.0,0.0,0.0,Continuity
None,20260837,Player-visible continuity,Continuity.RepairCreditMismatchRate,paired_snapshots=60,0.0,0.0,0.0,0.0,0.0,Continuity
None,20260838,Player-visible continuity,Continuity.RepairCreditMismatchRate,paired_snapshots=60,0.0,0.0,0.0,0.0,0.0,Continuity
None,20260839,Player-visible continuity,Continuity.RepairCreditMismatchRate,paired_snapshots=60,0.0,0.0,0.0,0.0,0.0,Continuity
None,20260840,Player-visible continuity,Continuity.RepairCreditMismatchRate,paired_snapshots=60,0.0,0.0,0.0,0.0,0.0,Continuity
None,20260841,Player-visible continuity,Continuity.RepairCreditMismatchRate,paired_snapshots=60,0.0,0.0,0.0,0.0,0.0,Continuity
None,20260842,Player-visible continuity,Continuity.RepairCreditMismatchRate,paired_snapshots=60,0.0,0.0,0.0,0.0,0.0,Continuity
None,20260843,Player-visible continuity,Continuity.RepairCreditMismatchRate,paired_snapshots=60,0.0,0.0,0.0,0.0,0.0,Continuity
None,20260844,Player-visible continuity,Continuity.RepairCreditMismatchRate,paired_snapshots=60,0.0,0.0,0.0,0.0,0.0,Continuity
None,20260815,Player-visible continuity,Continuity.RepairCreditNormalizedMAE,abs_error_div_max_1_abs_oracle,0.0,0.0,0.0,0.0,0.0,Continuity
None,20260816,Player-visible continuity,Continuity.RepairCreditNormalizedMAE,abs_error_div_max_1_abs_oracle,0.0,0.0,0.0,0.0,0.0,Continuity
None,20260817,Player-visible continuity,Continuity.RepairCreditNormalizedMAE,abs_error_div_max_1_abs_oracle,0.0,0.0,0.0,0.0,0.0,Continuity
None,20260818,Player-visible continuity,Continuity.RepairCreditNormalizedMAE,abs_error_div_max_1_abs_oracle,0.0,0.0,0.0,0.0,0.0,Continuity
None,20260819,Player-visible continuity,Continuity.RepairCreditNormalizedMAE,abs_error_div_max_1_abs_oracle,0.0,0.0,0.0,0.0,0.0,Continuity
None,20260820,Player-visible continuity,Continuity.RepairCreditNormalizedMAE,abs_error_div_max_1_abs_oracle,0.0,0.0,0.0,0.0,0.0,Continuity
None,20260821,Player-visible continuity,Continuity.RepairCreditNormalizedMAE,abs_error_div_max_1_abs_oracle,0.0,0.0,0.0,0.0,0.0,Continuity
None,20260822,Player-visible continuity,Continuity.RepairCreditNormalizedMAE,abs_error_div_max_1_abs_oracle,0.0,0.0,0.0,0.0,0.0,Continuity
None,20260823,Player-visible continuity,Continuity.RepairCreditNormalizedMAE,abs_error_div_max_1_abs_oracle,0.0,0.0,0.0,0.0,0.0,Continuity
None,20260824,Player-visible continuity,Continuity.RepairCreditNormalizedMAE,abs_error_div_max_1_abs_oracle,0.0,0.0,0.0,0.0,0.0,Continuity
None,20260825,Player-visible continuity,Continuity.RepairCreditNormalizedMAE,abs_error_div_max_1_abs_oracle,0.0,0.0,0.0,0.0,0.0,Continuity
None,20260826,Player-visible continuity,Continuity.RepairCreditNormalizedMAE,abs_error_div_max_1_abs_oracle,0.0,0.0,0.0,0.0,0.0,Continuity
None,20260827,Player-visible continuity,Continuity.RepairCreditNormalizedMAE,abs_error_div_max_1_abs_oracle,0.0,0.0,0.0,0.0,0.0,Continuity
None,20260828,Player-visible continuity,Continuity.RepairCreditNormalizedMAE,abs_error_div_max_1_abs_oracle,0.0,0.0,0.0,0.0,0.0,Continuity
None,20260829,Player-visible continuity,Continuity.RepairCreditNormalizedMAE,abs_error_div_max_1_abs_oracle,0.0,0.0,0.0,0.0,0.0,Continuity
None,20260830,Player-visible continuity,Continuity.RepairCreditNormalizedMAE,abs_error_div_max_1_abs_oracle,0.0,0.0,0.0,0.0,0.0,Continuity
None,20260831,Player-visible continuity,Continuity.RepairCreditNormalizedMAE,abs_error_div_max_1_abs_oracle,0.0,0.0,0.0,0.0,0.0,Continuity
None,20260832,Player-visible continuity,Continuity.RepairCreditNormalizedMAE,abs_error_div_max_1_abs_oracle,0.0,0.0,0.0,0.0,0.0,Continuity
None,20260833,Player-visible continuity,Continuity.RepairCreditNormalizedMAE,abs_error_div_max_1_abs_oracle,0.0,0.0,0.0,0.0,0.0,Continuity
None,20260834,Player-visible continuity,Continuity.RepairCreditNormalizedMAE,abs_error_div_max_1_abs_oracle,0.0,0.0,0.0,0.0,0.0,Continuity
None,20260835,Player-visible continuity,Continuity.RepairCreditNormalizedMAE,abs_error_div_max_1_abs_oracle,0.0,0.0,0.0,0.0,0.0,Continuity
None,20260836,Player-visible continuity,Continuity.RepairCreditNormalizedMAE,abs_error_div_max_1_abs_oracle,0.0,0.0,0.0,0.0,0.0,Continuity
None,20260837,Player-visible continuity,Continuity.RepairCreditNormalizedMAE,abs_error_div_max_1_abs_oracle,0.0,0.0,0.0,0.0,0.0,Continuity
None,20260838,Player-visible continuity,Continuity.RepairCreditNormalizedMAE,abs_error_div_max_1_abs_oracle,0.0,0.0,0.0,0.0,0.0,Continuity
None,20260839,Player-visible continuity,Continuity.RepairCreditNormalizedMAE,abs_error_div_max_1_abs_oracle,0.0,0.0,0.0,0.0,0.0,Continuity
None,20260840,Player-visible continuity,Continuity.RepairCreditNormalizedMAE,abs_error_div_max_1_abs_oracle,0.0,0.0,0.0,0.0,0.0,Continuity
None,20260841,Player-visible continuity,Continuity.RepairCreditNormalizedMAE,abs_error_div_max_1_abs_oracle,0.0,0.0,0.0,0.0,0.0,Continuity
None,20260842,Player-visible continuity,Continuity.RepairCreditNormalizedMAE,abs_error_div_max_1_abs_oracle,0.0,0.0,0.0,0.0,0.0,Continuity
None,20260843,Player-visible continuity,Continuity.RepairCreditNormalizedMAE,abs_error_div_max_1_abs_oracle,0.0,0.0,0.0,0.0,0.0,Continuity
None,20260844,Player-visible continuity,Continuity.RepairCreditNormalizedMAE,abs_error_div_max_1_abs_oracle,0.0,0.0,0.0,0.0,0.0,Continuity
None,20260815,Player-visible continuity,Continuity.TaskActiveStatusMismatchRate,paired_snapshots=60,0.916666666667,0.083333333333,0.0,0.8333333333340001,0.916666666667,Continuity
None,20260816,Player-visible continuity,Continuity.TaskActiveStatusMismatchRate,paired_snapshots=60,0.916666666667,0.083333333333,0.0,0.8333333333340001,0.916666666667,Continuity
None,20260817,Player-visible continuity,Continuity.TaskActiveStatusMismatchRate,paired_snapshots=60,0.883333333333,0.116666666667,0.0,0.766666666666,0.883333333333,Continuity
None,20260818,Player-visible continuity,Continuity.TaskActiveStatusMismatchRate,paired_snapshots=60,0.933333333333,0.066666666667,0.0,0.8666666666659999,0.933333333333,Continuity
None,20260819,Player-visible continuity,Continuity.TaskActiveStatusMismatchRate,paired_snapshots=60,0.783333333333,0.216666666667,0.0,0.5666666666660001,0.783333333333,Continuity
None,20260820,Player-visible continuity,Continuity.TaskActiveStatusMismatchRate,paired_snapshots=60,0.933333333333,0.066666666667,0.0,0.8666666666659999,0.933333333333,Continuity
None,20260821,Player-visible continuity,Continuity.TaskActiveStatusMismatchRate,paired_snapshots=60,0.933333333333,0.066666666667,0.0,0.8666666666659999,0.933333333333,Continuity
None,20260822,Player-visible continuity,Continuity.TaskActiveStatusMismatchRate,paired_snapshots=60,0.766666666667,0.233333333333,0.0,0.533333333334,0.766666666667,Continuity
None,20260823,Player-visible continuity,Continuity.TaskActiveStatusMismatchRate,paired_snapshots=60,0.816666666667,0.183333333333,0.0,0.6333333333340001,0.816666666667,Continuity
None,20260824,Player-visible continuity,Continuity.TaskActiveStatusMismatchRate,paired_snapshots=60,0.933333333333,0.066666666667,0.0,0.8666666666659999,0.933333333333,Continuity
None,20260825,Player-visible continuity,Continuity.TaskActiveStatusMismatchRate,paired_snapshots=60,0.933333333333,0.066666666667,0.0,0.8666666666659999,0.933333333333,Continuity
None,20260826,Player-visible continuity,Continuity.TaskActiveStatusMismatchRate,paired_snapshots=60,0.883333333333,0.116666666667,0.0,0.766666666666,0.883333333333,Continuity
None,20260827,Player-visible continuity,Continuity.TaskActiveStatusMismatchRate,paired_snapshots=60,0.783333333333,0.216666666667,0.0,0.5666666666660001,0.783333333333,Continuity
None,20260828,Player-visible continuity,Continuity.TaskActiveStatusMismatchRate,paired_snapshots=60,0.85,0.15,0.0,0.7,0.85,Continuity
None,20260829,Player-visible continuity,Continuity.TaskActiveStatusMismatchRate,paired_snapshots=60,0.916666666667,0.083333333333,0.0,0.8333333333340001,0.916666666667,Continuity
None,20260830,Player-visible continuity,Continuity.TaskActiveStatusMismatchRate,paired_snapshots=60,0.833333333333,0.166666666667,0.0,0.6666666666659999,0.833333333333,Continuity
None,20260831,Player-visible continuity,Continuity.TaskActiveStatusMismatchRate,paired_snapshots=60,0.866666666667,0.133333333333,0.0,0.733333333334,0.866666666667,Continuity
None,20260832,Player-visible continuity,Continuity.TaskActiveStatusMismatchRate,paired_snapshots=60,0.883333333333,0.116666666667,0.0,0.766666666666,0.883333333333,Continuity
None,20260833,Player-visible continuity,Continuity.TaskActiveStatusMismatchRate,paired_snapshots=60,0.916666666667,0.083333333333,0.0,0.8333333333340001,0.916666666667,Continuity
None,20260834,Player-visible continuity,Continuity.TaskActiveStatusMismatchRate,paired_snapshots=60,0.866666666667,0.133333333333,0.0,0.733333333334,0.866666666667,Continuity
None,20260835,Player-visible continuity,Continuity.TaskActiveStatusMismatchRate,paired_snapshots=60,0.916666666667,0.083333333333,0.0,0.8333333333340001,0.916666666667,Continuity
None,20260836,Player-visible continuity,Continuity.TaskActiveStatusMismatchRate,paired_snapshots=60,0.9,0.1,0.0,0.8,0.9,Continuity
None,20260837,Player-visible continuity,Continuity.TaskActiveStatusMismatchRate,paired_snapshots=60,0.866666666667,0.133333333333,0.0,0.733333333334,0.866666666667,Continuity
None,20260838,Player-visible continuity,Continuity.TaskActiveStatusMismatchRate,paired_snapshots=60,0.866666666667,0.133333333333,0.0,0.733333333334,0.866666666667,Continuity
None,20260839,Player-visible continuity,Continuity.TaskActiveStatusMismatchRate,paired_snapshots=60,0.966666666667,0.033333333333,0.0,0.9333333333339999,0.966666666667,Continuity
None,20260840,Player-visible continuity,Continuity.TaskActiveStatusMismatchRate,paired_snapshots=60,0.95,0.05,0.0,0.8999999999999999,0.95,Continuity
None,20260841,Player-visible continuity,Continuity.TaskActiveStatusMismatchRate,paired_snapshots=60,0.833333333333,0.166666666667,0.0,0.6666666666659999,0.833333333333,Continuity
None,20260842,Player-visible continuity,Continuity.TaskActiveStatusMismatchRate,paired_snapshots=60,0.95,0.05,0.0,0.8999999999999999,0.95,Continuity
None,20260843,Player-visible continuity,Continuity.TaskActiveStatusMismatchRate,paired_snapshots=60,0.95,0.05,0.0,0.8999999999999999,0.95,Continuity
None,20260844,Player-visible continuity,Continuity.TaskActiveStatusMismatchRate,paired_snapshots=60,0.966666666667,0.033333333333,0.0,0.9333333333339999,0.966666666667,Continuity
None,20260815,Player-visible continuity,Continuity.TaskRemainingHoursMAE,hours;paired_same_goal_active_snapshots=0,0.0,0.0,0.0,0.0,0.0,Continuity
None,20260816,Player-visible continuity,Continuity.TaskRemainingHoursMAE,hours;paired_same_goal_active_snapshots=0,0.0,0.0,0.0,0.0,0.0,Continuity
None,20260817,Player-visible continuity,Continuity.TaskRemainingHoursMAE,hours;paired_same_goal_active_snapshots=0,0.0,0.0,0.0,0.0,0.0,Continuity
None,20260818,Player-visible continuity,Continuity.TaskRemainingHoursMAE,hours;paired_same_goal_active_snapshots=0,0.0,0.0,0.0,0.0,0.0,Continuity
None,20260819,Player-visible continuity,Continuity.TaskRemainingHoursMAE,hours;paired_same_goal_active_snapshots=0,1.846153846154,0.0,0.0,1.846153846154,1.846153846154,Continuity
None,20260820,Player-visible continuity,Continuity.TaskRemainingHoursMAE,hours;paired_same_goal_active_snapshots=0,0.0,0.0,0.0,0.0,0.0,Continuity
None,20260821,Player-visible continuity,Continuity.TaskRemainingHoursMAE,hours;paired_same_goal_active_snapshots=0,0.0,0.0,0.0,0.0,0.0,Continuity
None,20260822,Player-visible continuity,Continuity.TaskRemainingHoursMAE,hours;paired_same_goal_active_snapshots=0,0.0,0.0,0.0,0.0,0.0,Continuity
None,20260823,Player-visible continuity,Continuity.TaskRemainingHoursMAE,hours;paired_same_goal_active_snapshots=0,0.0,0.0,0.0,0.0,0.0,Continuity
None,20260824,Player-visible continuity,Continuity.TaskRemainingHoursMAE,hours;paired_same_goal_active_snapshots=0,0.0,0.0,0.0,0.0,0.0,Continuity
None,20260825,Player-visible continuity,Continuity.TaskRemainingHoursMAE,hours;paired_same_goal_active_snapshots=0,0.0,0.0,0.0,0.0,0.0,Continuity
None,20260826,Player-visible continuity,Continuity.TaskRemainingHoursMAE,hours;paired_same_goal_active_snapshots=0,4.0,0.0,0.0,4.0,4.0,Continuity
None,20260827,Player-visible continuity,Continuity.TaskRemainingHoursMAE,hours;paired_same_goal_active_snapshots=0,2.0,0.0,0.0,2.0,2.0,Continuity
None,20260828,Player-visible continuity,Continuity.TaskRemainingHoursMAE,hours;paired_same_goal_active_snapshots=0,0.0,0.0,0.0,0.0,0.0,Continuity
None,20260829,Player-visible continuity,Continuity.TaskRemainingHoursMAE,hours;paired_same_goal_active_snapshots=0,0.0,0.0,0.0,0.0,0.0,Continuity
None,20260830,Player-visible continuity,Continuity.TaskRemainingHoursMAE,hours;paired_same_goal_active_snapshots=0,0.0,0.0,0.0,0.0,0.0,Continuity
None,20260831,Player-visible continuity,Continuity.TaskRemainingHoursMAE,hours;paired_same_goal_active_snapshots=0,0.0,0.0,0.0,0.0,0.0,Continuity
None,20260832,Player-visible continuity,Continuity.TaskRemainingHoursMAE,hours;paired_same_goal_active_snapshots=0,0.0,0.0,0.0,0.0,0.0,Continuity
None,20260833,Player-visible continuity,Continuity.TaskRemainingHoursMAE,hours;paired_same_goal_active_snapshots=0,0.0,0.0,0.0,0.0,0.0,Continuity
None,20260834,Player-visible continuity,Continuity.TaskRemainingHoursMAE,hours;paired_same_goal_active_snapshots=0,3.428571428571,0.0,0.0,3.428571428571,3.428571428571,Continuity
None,20260835,Player-visible continuity,Continuity.TaskRemainingHoursMAE,hours;paired_same_goal_active_snapshots=0,6.0,0.0,0.0,6.0,6.0,Continuity
None,20260836,Player-visible continuity,Continuity.TaskRemainingHoursMAE,hours;paired_same_goal_active_snapshots=0,0.0,0.0,0.0,0.0,0.0,Continuity
None,20260837,Player-visible continuity,Continuity.TaskRemainingHoursMAE,hours;paired_same_goal_active_snapshots=0,0.0,0.0,0.0,0.0,0.0,Continuity
None,20260838,Player-visible continuity,Continuity.TaskRemainingHoursMAE,hours;paired_same_goal_active_snapshots=0,0.0,0.0,0.0,0.0,0.0,Continuity
None,20260839,Player-visible continuity,Continuity.TaskRemainingHoursMAE,hours;paired_same_goal_active_snapshots=0,0.0,0.0,0.0,0.0,0.0,Continuity
None,20260840,Player-visible continuity,Continuity.TaskRemainingHoursMAE,hours;paired_same_goal_active_snapshots=0,0.0,0.0,0.0,0.0,0.0,Continuity
None,20260841,Player-visible continuity,Continuity.TaskRemainingHoursMAE,hours;paired_same_goal_active_snapshots=0,3.0,0.0,0.0,3.0,3.0,Continuity
None,20260842,Player-visible continuity,Continuity.TaskRemainingHoursMAE,hours;paired_same_goal_active_snapshots=0,0.0,0.0,0.0,0.0,0.0,Continuity
None,20260843,Player-visible continuity,Continuity.TaskRemainingHoursMAE,hours;paired_same_goal_active_snapshots=0,0.0,0.0,0.0,0.0,0.0,Continuity
None,20260844,Player-visible continuity,Continuity.TaskRemainingHoursMAE,hours;paired_same_goal_active_snapshots=0,0.0,0.0,0.0,0.0,0.0,Continuity
HarvestCap,20260815,Behavior distribution,Behavior.TVD,fixed_8_categories,0.000858539641,0.769435413282,0.0,-0.768576873641,0.000858539641,Primary accuracy
HarvestCap,20260816,Behavior distribution,Behavior.TVD,fixed_8_categories,0.000536720903,0.775303613569,0.0,-0.774766892666,0.000536720903,Primary accuracy
HarvestCap,20260817,Behavior distribution,Behavior.TVD,fixed_8_categories,0.000322086015,0.775247561064,0.0,-0.774925475049,0.000322086015,Primary accuracy
HarvestCap,20260818,Behavior distribution,Behavior.TVD,fixed_8_categories,0.000214741839,0.775219527831,0.0,-0.775004785992,0.000214741839,Primary accuracy
HarvestCap,20260819,Behavior distribution,Behavior.TVD,fixed_8_categories,0.001180198173,0.769519415312,0.0,-0.768339217139,0.001180198173,Primary accuracy
HarvestCap,20260820,Behavior distribution,Behavior.TVD,fixed_8_categories,0.000107397671,0.775135400191,0.0,-0.77502800252,0.000107397671,Primary accuracy
HarvestCap,20260821,Behavior distribution,Behavior.TVD,fixed_8_categories,0.001608827213,0.769631352992,0.0,-0.768022525779,0.001608827213,Primary accuracy
HarvestCap,20260822,Behavior distribution,Behavior.TVD,fixed_8_categories,0.000644011624,0.77654965964,0.0,-0.775905648016,0.000644011624,Primary accuracy
HarvestCap,20260823,Behavior distribution,Behavior.TVD,fixed_8_categories,0.000107379835,0.776676237934,0.0,-0.776568858099,0.000107379835,Primary accuracy
HarvestCap,20260824,Behavior distribution,Behavior.TVD,fixed_8_categories,0.000214741839,0.771565447441,0.0,-0.7713507056019999,0.000214741839,Primary accuracy
HarvestCap,20260825,Behavior distribution,Behavior.TVD,fixed_8_categories,0.0,0.773945420599,0.0,-0.773945420599,0.0,Primary accuracy
HarvestCap,20260826,Behavior distribution,Behavior.TVD,fixed_8_categories,0.000644653727,0.772559040667,0.0,-0.77191438694,0.000644653727,Primary accuracy
HarvestCap,20260827,Behavior distribution,Behavior.TVD,fixed_8_categories,0.000107397671,0.773917373394,0.0,-0.773809975723,0.000107397671,Primary accuracy
HarvestCap,20260828,Behavior distribution,Behavior.TVD,fixed_8_categories,0.000429412368,0.774057562847,0.0,-0.773628150479,0.000429412368,Primary accuracy
HarvestCap,20260829,Behavior distribution,Behavior.TVD,fixed_8_categories,0.000751284535,0.775359647466,0.0,-0.774608362931,0.000751284535,Primary accuracy
HarvestCap,20260830,Behavior distribution,Behavior.TVD,fixed_8_categories,0.000322086015,0.775247561064,0.0,-0.774925475049,0.000322086015,Primary accuracy
HarvestCap,20260831,Behavior distribution,Behavior.TVD,fixed_8_categories,0.001608827213,0.769631352992,0.0,-0.768022525779,0.001608827213,Primary accuracy
HarvestCap,20260832,Behavior distribution,Behavior.TVD,fixed_8_categories,0.000322086015,0.771593480675,0.0,-0.77127139466,0.000322086015,Primary accuracy
HarvestCap,20260833,Behavior distribution,Behavior.TVD,fixed_8_categories,0.000751284535,0.776844395459,0.0,-0.776093110924,0.000751284535,Primary accuracy
HarvestCap,20260834,Behavior distribution,Behavior.TVD,fixed_8_categories,0.000322086015,0.776732309057,0.0,-0.776410223042,0.000322086015,Primary accuracy
HarvestCap,20260835,Behavior distribution,Behavior.TVD,fixed_8_categories,0.000107397671,0.775135400191,0.0,-0.77502800252,0.000107397671,Primary accuracy
HarvestCap,20260836,Behavior distribution,Behavior.TVD,fixed_8_categories,0.000107379835,0.773973463145,0.0,-0.7738660833100001,0.000107379835,Primary accuracy
HarvestCap,20260837,Behavior distribution,Behavior.TVD,fixed_8_categories,0.000107397671,0.775135400191,0.0,-0.77502800252,0.000107397671,Primary accuracy
HarvestCap,20260838,Behavior distribution,Behavior.TVD,fixed_8_categories,0.000965776946,0.769463418606,0.0,-0.76849764166,0.000965776946,Primary accuracy
HarvestCap,20260839,Behavior distribution,Behavior.TVD,fixed_8_categories,0.00032224654,0.775079291804,0.0,-0.774757045264,0.00032224654,Primary accuracy
HarvestCap,20260840,Behavior distribution,Behavior.TVD,fixed_8_categories,0.000214741839,0.776437554627,0.0,-0.776222812788,0.000214741839,Primary accuracy
HarvestCap,20260841,Behavior distribution,Behavior.TVD,fixed_8_categories,0.000322086015,0.776465587861,0.0,-0.776143501846,0.000322086015,Primary accuracy
HarvestCap,20260842,Behavior distribution,Behavior.TVD,fixed_8_categories,0.000751284535,0.776844395459,0.0,-0.776093110924,0.000751284535,Primary accuracy
HarvestCap,20260843,Behavior distribution,Behavior.TVD,fixed_8_categories,0.000107397671,0.775135400191,0.0,-0.77502800252,0.000107397671,Primary accuracy
HarvestCap,20260844,Behavior distribution,Behavior.TVD,fixed_8_categories,0.001180198173,0.775471659469,0.0,-0.774291461296,0.001180198173,Primary accuracy
HarvestCap,20260815,Commitment continuity diagnostic,Continuity.CommitmentTaskActiveStatusMismatchRate,restore_home_relevant_paired_snapshots=1,0.0,1.0,0.0,-1.0,0.0,Secondary commitment diagnostic
HarvestCap,20260816,Commitment continuity diagnostic,Continuity.CommitmentTaskActiveStatusMismatchRate,restore_home_relevant_paired_snapshots=1,0.0,1.0,0.0,-1.0,0.0,Secondary commitment diagnostic
HarvestCap,20260817,Commitment continuity diagnostic,Continuity.CommitmentTaskActiveStatusMismatchRate,restore_home_relevant_paired_snapshots=1,0.0,0.833333333333,0.0,-0.833333333333,0.0,Secondary commitment diagnostic
HarvestCap,20260818,Commitment continuity diagnostic,Continuity.CommitmentTaskActiveStatusMismatchRate,restore_home_relevant_paired_snapshots=1,0.0,0.0,0.0,0.0,0.0,Secondary commitment diagnostic
HarvestCap,20260819,Commitment continuity diagnostic,Continuity.CommitmentTaskActiveStatusMismatchRate,restore_home_relevant_paired_snapshots=1,0.0,1.0,0.0,-1.0,0.0,Secondary commitment diagnostic
HarvestCap,20260820,Commitment continuity diagnostic,Continuity.CommitmentTaskActiveStatusMismatchRate,restore_home_relevant_paired_snapshots=1,0.0,0.5,0.0,-0.5,0.0,Secondary commitment diagnostic
HarvestCap,20260821,Commitment continuity diagnostic,Continuity.CommitmentTaskActiveStatusMismatchRate,restore_home_relevant_paired_snapshots=1,0.0,1.0,0.0,-1.0,0.0,Secondary commitment diagnostic
HarvestCap,20260822,Commitment continuity diagnostic,Continuity.CommitmentTaskActiveStatusMismatchRate,restore_home_relevant_paired_snapshots=1,0.0,1.0,0.0,-1.0,0.0,Secondary commitment diagnostic
HarvestCap,20260823,Commitment continuity diagnostic,Continuity.CommitmentTaskActiveStatusMismatchRate,restore_home_relevant_paired_snapshots=1,0.0,1.0,0.0,-1.0,0.0,Secondary commitment diagnostic
HarvestCap,20260824,Commitment continuity diagnostic,Continuity.CommitmentTaskActiveStatusMismatchRate,restore_home_relevant_paired_snapshots=1,0.0,0.428571428571,0.0,-0.428571428571,0.0,Secondary commitment diagnostic
HarvestCap,20260825,Commitment continuity diagnostic,Continuity.CommitmentTaskActiveStatusMismatchRate,restore_home_relevant_paired_snapshots=1,0.0,0.333333333333,0.0,-0.333333333333,0.0,Secondary commitment diagnostic
HarvestCap,20260826,Commitment continuity diagnostic,Continuity.CommitmentTaskActiveStatusMismatchRate,restore_home_relevant_paired_snapshots=1,0.0,0.4,0.0,-0.4,0.0,Secondary commitment diagnostic
HarvestCap,20260827,Commitment continuity diagnostic,Continuity.CommitmentTaskActiveStatusMismatchRate,restore_home_relevant_paired_snapshots=1,0.0,1.0,0.0,-1.0,0.0,Secondary commitment diagnostic
HarvestCap,20260828,Commitment continuity diagnostic,Continuity.CommitmentTaskActiveStatusMismatchRate,restore_home_relevant_paired_snapshots=1,0.0,0.8,0.0,-0.8,0.0,Secondary commitment diagnostic
HarvestCap,20260829,Commitment continuity diagnostic,Continuity.CommitmentTaskActiveStatusMismatchRate,restore_home_relevant_paired_snapshots=1,0.0,0.5,0.0,-0.5,0.0,Secondary commitment diagnostic
HarvestCap,20260830,Commitment continuity diagnostic,Continuity.CommitmentTaskActiveStatusMismatchRate,restore_home_relevant_paired_snapshots=1,0.0,0.8,0.0,-0.8,0.0,Secondary commitment diagnostic
HarvestCap,20260831,Commitment continuity diagnostic,Continuity.CommitmentTaskActiveStatusMismatchRate,restore_home_relevant_paired_snapshots=1,0.0,1.0,0.0,-1.0,0.0,Secondary commitment diagnostic
HarvestCap,20260832,Commitment continuity diagnostic,Continuity.CommitmentTaskActiveStatusMismatchRate,restore_home_relevant_paired_snapshots=1,0.0,0.5,0.0,-0.5,0.0,Secondary commitment diagnostic
HarvestCap,20260833,Commitment continuity diagnostic,Continuity.CommitmentTaskActiveStatusMismatchRate,restore_home_relevant_paired_snapshots=1,0.0,1.0,0.0,-1.0,0.0,Secondary commitment diagnostic
HarvestCap,20260834,Commitment continuity diagnostic,Continuity.CommitmentTaskActiveStatusMismatchRate,restore_home_relevant_paired_snapshots=1,0.0,1.0,0.0,-1.0,0.0,Secondary commitment diagnostic
HarvestCap,20260835,Commitment continuity diagnostic,Continuity.CommitmentTaskActiveStatusMismatchRate,restore_home_relevant_paired_snapshots=1,0.0,0.666666666667,0.0,-0.666666666667,0.0,Secondary commitment diagnostic
HarvestCap,20260836,Commitment continuity diagnostic,Continuity.CommitmentTaskActiveStatusMismatchRate,restore_home_relevant_paired_snapshots=1,0.0,0.333333333333,0.0,-0.333333333333,0.0,Secondary commitment diagnostic
HarvestCap,20260837,Commitment continuity diagnostic,Continuity.CommitmentTaskActiveStatusMismatchRate,restore_home_relevant_paired_snapshots=1,0.0,1.0,0.0,-1.0,0.0,Secondary commitment diagnostic
HarvestCap,20260838,Commitment continuity diagnostic,Continuity.CommitmentTaskActiveStatusMismatchRate,restore_home_relevant_paired_snapshots=1,0.0,1.0,0.0,-1.0,0.0,Secondary commitment diagnostic
HarvestCap,20260839,Commitment continuity diagnostic,Continuity.CommitmentTaskActiveStatusMismatchRate,restore_home_relevant_paired_snapshots=1,0.0,0.0,0.0,0.0,0.0,Secondary commitment diagnostic
HarvestCap,20260840,Commitment continuity diagnostic,Continuity.CommitmentTaskActiveStatusMismatchRate,restore_home_relevant_paired_snapshots=1,0.0,1.0,0.0,-1.0,0.0,Secondary commitment diagnostic
HarvestCap,20260841,Commitment continuity diagnostic,Continuity.CommitmentTaskActiveStatusMismatchRate,restore_home_relevant_paired_snapshots=1,0.0,1.0,0.0,-1.0,0.0,Secondary commitment diagnostic
HarvestCap,20260842,Commitment continuity diagnostic,Continuity.CommitmentTaskActiveStatusMismatchRate,restore_home_relevant_paired_snapshots=1,0.0,1.0,0.0,-1.0,0.0,Secondary commitment diagnostic
HarvestCap,20260843,Commitment continuity diagnostic,Continuity.CommitmentTaskActiveStatusMismatchRate,restore_home_relevant_paired_snapshots=1,0.0,0.666666666667,0.0,-0.666666666667,0.0,Secondary commitment diagnostic
HarvestCap,20260844,Commitment continuity diagnostic,Continuity.CommitmentTaskActiveStatusMismatchRate,restore_home_relevant_paired_snapshots=1,0.0,0.0,0.0,0.0,0.0,Secondary commitment diagnostic
HarvestCap,20260815,Commitment continuity diagnostic,Continuity.CommitmentTaskRemainingHoursMAE,hours;paired_restore_home_active_snapshots=0,0.0,0.0,0.0,0.0,0.0,Secondary commitment diagnostic
HarvestCap,20260816,Commitment continuity diagnostic,Continuity.CommitmentTaskRemainingHoursMAE,hours;paired_restore_home_active_snapshots=0,0.0,0.0,0.0,0.0,0.0,Secondary commitment diagnostic
HarvestCap,20260817,Commitment continuity diagnostic,Continuity.CommitmentTaskRemainingHoursMAE,hours;paired_restore_home_active_snapshots=0,0.0,0.0,0.0,0.0,0.0,Secondary commitment diagnostic
HarvestCap,20260818,Commitment continuity diagnostic,Continuity.CommitmentTaskRemainingHoursMAE,hours;paired_restore_home_active_snapshots=0,0.0,0.0,0.0,0.0,0.0,Secondary commitment diagnostic
HarvestCap,20260819,Commitment continuity diagnostic,Continuity.CommitmentTaskRemainingHoursMAE,hours;paired_restore_home_active_snapshots=0,6.0,0.0,0.0,6.0,6.0,Secondary commitment diagnostic
HarvestCap,20260820,Commitment continuity diagnostic,Continuity.CommitmentTaskRemainingHoursMAE,hours;paired_restore_home_active_snapshots=0,0.0,0.0,0.0,0.0,0.0,Secondary commitment diagnostic
HarvestCap,20260821,Commitment continuity diagnostic,Continuity.CommitmentTaskRemainingHoursMAE,hours;paired_restore_home_active_snapshots=0,0.0,0.0,0.0,0.0,0.0,Secondary commitment diagnostic
HarvestCap,20260822,Commitment continuity diagnostic,Continuity.CommitmentTaskRemainingHoursMAE,hours;paired_restore_home_active_snapshots=0,0.0,0.0,0.0,0.0,0.0,Secondary commitment diagnostic
HarvestCap,20260823,Commitment continuity diagnostic,Continuity.CommitmentTaskRemainingHoursMAE,hours;paired_restore_home_active_snapshots=0,0.0,0.0,0.0,0.0,0.0,Secondary commitment diagnostic
HarvestCap,20260824,Commitment continuity diagnostic,Continuity.CommitmentTaskRemainingHoursMAE,hours;paired_restore_home_active_snapshots=0,0.0,0.0,0.0,0.0,0.0,Secondary commitment diagnostic
HarvestCap,20260825,Commitment continuity diagnostic,Continuity.CommitmentTaskRemainingHoursMAE,hours;paired_restore_home_active_snapshots=0,0.0,0.0,0.0,0.0,0.0,Secondary commitment diagnostic
HarvestCap,20260826,Commitment continuity diagnostic,Continuity.CommitmentTaskRemainingHoursMAE,hours;paired_restore_home_active_snapshots=0,12.0,0.0,0.0,12.0,12.0,Secondary commitment diagnostic
HarvestCap,20260827,Commitment continuity diagnostic,Continuity.CommitmentTaskRemainingHoursMAE,hours;paired_restore_home_active_snapshots=0,3.428571428571,0.0,0.0,3.428571428571,3.428571428571,Secondary commitment diagnostic
HarvestCap,20260828,Commitment continuity diagnostic,Continuity.CommitmentTaskRemainingHoursMAE,hours;paired_restore_home_active_snapshots=0,0.0,0.0,0.0,0.0,0.0,Secondary commitment diagnostic
HarvestCap,20260829,Commitment continuity diagnostic,Continuity.CommitmentTaskRemainingHoursMAE,hours;paired_restore_home_active_snapshots=0,0.0,0.0,0.0,0.0,0.0,Secondary commitment diagnostic
HarvestCap,20260830,Commitment continuity diagnostic,Continuity.CommitmentTaskRemainingHoursMAE,hours;paired_restore_home_active_snapshots=0,0.0,0.0,0.0,0.0,0.0,Secondary commitment diagnostic
HarvestCap,20260831,Commitment continuity diagnostic,Continuity.CommitmentTaskRemainingHoursMAE,hours;paired_restore_home_active_snapshots=0,0.0,0.0,0.0,0.0,0.0,Secondary commitment diagnostic
HarvestCap,20260832,Commitment continuity diagnostic,Continuity.CommitmentTaskRemainingHoursMAE,hours;paired_restore_home_active_snapshots=0,0.0,0.0,0.0,0.0,0.0,Secondary commitment diagnostic
HarvestCap,20260833,Commitment continuity diagnostic,Continuity.CommitmentTaskRemainingHoursMAE,hours;paired_restore_home_active_snapshots=0,0.0,0.0,0.0,0.0,0.0,Secondary commitment diagnostic
HarvestCap,20260834,Commitment continuity diagnostic,Continuity.CommitmentTaskRemainingHoursMAE,hours;paired_restore_home_active_snapshots=0,8.0,0.0,0.0,8.0,8.0,Secondary commitment diagnostic
HarvestCap,20260835,Commitment continuity diagnostic,Continuity.CommitmentTaskRemainingHoursMAE,hours;paired_restore_home_active_snapshots=0,24.0,0.0,0.0,24.0,24.0,Secondary commitment diagnostic
HarvestCap,20260836,Commitment continuity diagnostic,Continuity.CommitmentTaskRemainingHoursMAE,hours;paired_restore_home_active_snapshots=0,0.0,0.0,0.0,0.0,0.0,Secondary commitment diagnostic
HarvestCap,20260837,Commitment continuity diagnostic,Continuity.CommitmentTaskRemainingHoursMAE,hours;paired_restore_home_active_snapshots=0,0.0,0.0,0.0,0.0,0.0,Secondary commitment diagnostic
HarvestCap,20260838,Commitment continuity diagnostic,Continuity.CommitmentTaskRemainingHoursMAE,hours;paired_restore_home_active_snapshots=0,0.0,0.0,0.0,0.0,0.0,Secondary commitment diagnostic
HarvestCap,20260839,Commitment continuity diagnostic,Continuity.CommitmentTaskRemainingHoursMAE,hours;paired_restore_home_active_snapshots=0,0.0,0.0,0.0,0.0,0.0,Secondary commitment diagnostic
HarvestCap,20260840,Commitment continuity diagnostic,Continuity.CommitmentTaskRemainingHoursMAE,hours;paired_restore_home_active_snapshots=0,0.0,0.0,0.0,0.0,0.0,Secondary commitment diagnostic
HarvestCap,20260841,Commitment continuity diagnostic,Continuity.CommitmentTaskRemainingHoursMAE,hours;paired_restore_home_active_snapshots=0,6.0,0.0,0.0,6.0,6.0,Secondary commitment diagnostic
HarvestCap,20260842,Commitment continuity diagnostic,Continuity.CommitmentTaskRemainingHoursMAE,hours;paired_restore_home_active_snapshots=0,0.0,0.0,0.0,0.0,0.0,Secondary commitment diagnostic
HarvestCap,20260843,Commitment continuity diagnostic,Continuity.CommitmentTaskRemainingHoursMAE,hours;paired_restore_home_active_snapshots=0,0.0,0.0,0.0,0.0,0.0,Secondary commitment diagnostic
HarvestCap,20260844,Commitment continuity diagnostic,Continuity.CommitmentTaskRemainingHoursMAE,hours;paired_restore_home_active_snapshots=0,0.0,0.0,0.0,0.0,0.0,Secondary commitment diagnostic
HarvestCap,20260815,Internal diagnostic,Continuity.Diagnostic.EventIDExactMismatchRate,paired_snapshots=60;internal_representation_only,1.0,0.083333333333,0.0,0.916666666667,1.0,Diagnostic only
HarvestCap,20260816,Internal diagnostic,Continuity.Diagnostic.EventIDExactMismatchRate,paired_snapshots=60;internal_representation_only,1.0,0.083333333333,0.0,0.916666666667,1.0,Diagnostic only
HarvestCap,20260817,Internal diagnostic,Continuity.Diagnostic.EventIDExactMismatchRate,paired_snapshots=60;internal_representation_only,1.0,0.116666666667,0.0,0.883333333333,1.0,Diagnostic only
HarvestCap,20260818,Internal diagnostic,Continuity.Diagnostic.EventIDExactMismatchRate,paired_snapshots=60;internal_representation_only,1.0,0.066666666667,0.0,0.9333333333330001,1.0,Diagnostic only
HarvestCap,20260819,Internal diagnostic,Continuity.Diagnostic.EventIDExactMismatchRate,paired_snapshots=60;internal_representation_only,1.0,0.216666666667,0.0,0.783333333333,1.0,Diagnostic only
HarvestCap,20260820,Internal diagnostic,Continuity.Diagnostic.EventIDExactMismatchRate,paired_snapshots=60;internal_representation_only,1.0,0.066666666667,0.0,0.9333333333330001,1.0,Diagnostic only
HarvestCap,20260821,Internal diagnostic,Continuity.Diagnostic.EventIDExactMismatchRate,paired_snapshots=60;internal_representation_only,1.0,0.066666666667,0.0,0.9333333333330001,1.0,Diagnostic only
HarvestCap,20260822,Internal diagnostic,Continuity.Diagnostic.EventIDExactMismatchRate,paired_snapshots=60;internal_representation_only,1.0,0.233333333333,0.0,0.766666666667,1.0,Diagnostic only
HarvestCap,20260823,Internal diagnostic,Continuity.Diagnostic.EventIDExactMismatchRate,paired_snapshots=60;internal_representation_only,1.0,0.183333333333,0.0,0.8166666666669999,1.0,Diagnostic only
HarvestCap,20260824,Internal diagnostic,Continuity.Diagnostic.EventIDExactMismatchRate,paired_snapshots=60;internal_representation_only,1.0,0.066666666667,0.0,0.9333333333330001,1.0,Diagnostic only
HarvestCap,20260825,Internal diagnostic,Continuity.Diagnostic.EventIDExactMismatchRate,paired_snapshots=60;internal_representation_only,1.0,0.066666666667,0.0,0.9333333333330001,1.0,Diagnostic only
HarvestCap,20260826,Internal diagnostic,Continuity.Diagnostic.EventIDExactMismatchRate,paired_snapshots=60;internal_representation_only,1.0,0.116666666667,0.0,0.883333333333,1.0,Diagnostic only
HarvestCap,20260827,Internal diagnostic,Continuity.Diagnostic.EventIDExactMismatchRate,paired_snapshots=60;internal_representation_only,1.0,0.216666666667,0.0,0.783333333333,1.0,Diagnostic only
HarvestCap,20260828,Internal diagnostic,Continuity.Diagnostic.EventIDExactMismatchRate,paired_snapshots=60;internal_representation_only,1.0,0.15,0.0,0.85,1.0,Diagnostic only
HarvestCap,20260829,Internal diagnostic,Continuity.Diagnostic.EventIDExactMismatchRate,paired_snapshots=60;internal_representation_only,1.0,0.083333333333,0.0,0.916666666667,1.0,Diagnostic only
HarvestCap,20260830,Internal diagnostic,Continuity.Diagnostic.EventIDExactMismatchRate,paired_snapshots=60;internal_representation_only,1.0,0.166666666667,0.0,0.833333333333,1.0,Diagnostic only
HarvestCap,20260831,Internal diagnostic,Continuity.Diagnostic.EventIDExactMismatchRate,paired_snapshots=60;internal_representation_only,1.0,0.133333333333,0.0,0.866666666667,1.0,Diagnostic only
HarvestCap,20260832,Internal diagnostic,Continuity.Diagnostic.EventIDExactMismatchRate,paired_snapshots=60;internal_representation_only,1.0,0.116666666667,0.0,0.883333333333,1.0,Diagnostic only
HarvestCap,20260833,Internal diagnostic,Continuity.Diagnostic.EventIDExactMismatchRate,paired_snapshots=60;internal_representation_only,1.0,0.083333333333,0.0,0.916666666667,1.0,Diagnostic only
HarvestCap,20260834,Internal diagnostic,Continuity.Diagnostic.EventIDExactMismatchRate,paired_snapshots=60;internal_representation_only,1.0,0.133333333333,0.0,0.866666666667,1.0,Diagnostic only
HarvestCap,20260835,Internal diagnostic,Continuity.Diagnostic.EventIDExactMismatchRate,paired_snapshots=60;internal_representation_only,1.0,0.083333333333,0.0,0.916666666667,1.0,Diagnostic only
HarvestCap,20260836,Internal diagnostic,Continuity.Diagnostic.EventIDExactMismatchRate,paired_snapshots=60;internal_representation_only,1.0,0.1,0.0,0.9,1.0,Diagnostic only
HarvestCap,20260837,Internal diagnostic,Continuity.Diagnostic.EventIDExactMismatchRate,paired_snapshots=60;internal_representation_only,1.0,0.133333333333,0.0,0.866666666667,1.0,Diagnostic only
HarvestCap,20260838,Internal diagnostic,Continuity.Diagnostic.EventIDExactMismatchRate,paired_snapshots=60;internal_representation_only,1.0,0.133333333333,0.0,0.866666666667,1.0,Diagnostic only
HarvestCap,20260839,Internal diagnostic,Continuity.Diagnostic.EventIDExactMismatchRate,paired_snapshots=60;internal_representation_only,1.0,0.033333333333,0.0,0.966666666667,1.0,Diagnostic only
HarvestCap,20260840,Internal diagnostic,Continuity.Diagnostic.EventIDExactMismatchRate,paired_snapshots=60;internal_representation_only,1.0,0.05,0.0,0.95,1.0,Diagnostic only
HarvestCap,20260841,Internal diagnostic,Continuity.Diagnostic.EventIDExactMismatchRate,paired_snapshots=60;internal_representation_only,1.0,0.166666666667,0.0,0.833333333333,1.0,Diagnostic only
HarvestCap,20260842,Internal diagnostic,Continuity.Diagnostic.EventIDExactMismatchRate,paired_snapshots=60;internal_representation_only,1.0,0.05,0.0,0.95,1.0,Diagnostic only
HarvestCap,20260843,Internal diagnostic,Continuity.Diagnostic.EventIDExactMismatchRate,paired_snapshots=60;internal_representation_only,1.0,0.05,0.0,0.95,1.0,Diagnostic only
HarvestCap,20260844,Internal diagnostic,Continuity.Diagnostic.EventIDExactMismatchRate,paired_snapshots=60;internal_representation_only,1.0,0.033333333333,0.0,0.966666666667,1.0,Diagnostic only
HarvestCap,20260815,Internal diagnostic,Continuity.Diagnostic.ReservationIDExactMismatchRate,paired_snapshots=60;internal_representation_only,0.0,0.0,0.0,0.0,0.0,Diagnostic only
HarvestCap,20260816,Internal diagnostic,Continuity.Diagnostic.ReservationIDExactMismatchRate,paired_snapshots=60;internal_representation_only,0.0,0.0,0.0,0.0,0.0,Diagnostic only
HarvestCap,20260817,Internal diagnostic,Continuity.Diagnostic.ReservationIDExactMismatchRate,paired_snapshots=60;internal_representation_only,0.0,0.0,0.0,0.0,0.0,Diagnostic only
HarvestCap,20260818,Internal diagnostic,Continuity.Diagnostic.ReservationIDExactMismatchRate,paired_snapshots=60;internal_representation_only,0.0,0.0,0.0,0.0,0.0,Diagnostic only
HarvestCap,20260819,Internal diagnostic,Continuity.Diagnostic.ReservationIDExactMismatchRate,paired_snapshots=60;internal_representation_only,0.0,0.0,0.0,0.0,0.0,Diagnostic only
HarvestCap,20260820,Internal diagnostic,Continuity.Diagnostic.ReservationIDExactMismatchRate,paired_snapshots=60;internal_representation_only,0.0,0.0,0.0,0.0,0.0,Diagnostic only
HarvestCap,20260821,Internal diagnostic,Continuity.Diagnostic.ReservationIDExactMismatchRate,paired_snapshots=60;internal_representation_only,0.0,0.0,0.0,0.0,0.0,Diagnostic only
HarvestCap,20260822,Internal diagnostic,Continuity.Diagnostic.ReservationIDExactMismatchRate,paired_snapshots=60;internal_representation_only,0.0,0.0,0.0,0.0,0.0,Diagnostic only
HarvestCap,20260823,Internal diagnostic,Continuity.Diagnostic.ReservationIDExactMismatchRate,paired_snapshots=60;internal_representation_only,0.0,0.0,0.0,0.0,0.0,Diagnostic only
HarvestCap,20260824,Internal diagnostic,Continuity.Diagnostic.ReservationIDExactMismatchRate,paired_snapshots=60;internal_representation_only,0.0,0.0,0.0,0.0,0.0,Diagnostic only
HarvestCap,20260825,Internal diagnostic,Continuity.Diagnostic.ReservationIDExactMismatchRate,paired_snapshots=60;internal_representation_only,0.0,0.0,0.0,0.0,0.0,Diagnostic only
HarvestCap,20260826,Internal diagnostic,Continuity.Diagnostic.ReservationIDExactMismatchRate,paired_snapshots=60;internal_representation_only,0.0,0.0,0.0,0.0,0.0,Diagnostic only
HarvestCap,20260827,Internal diagnostic,Continuity.Diagnostic.ReservationIDExactMismatchRate,paired_snapshots=60;internal_representation_only,0.0,0.0,0.0,0.0,0.0,Diagnostic only
HarvestCap,20260828,Internal diagnostic,Continuity.Diagnostic.ReservationIDExactMismatchRate,paired_snapshots=60;internal_representation_only,0.0,0.0,0.0,0.0,0.0,Diagnostic only
HarvestCap,20260829,Internal diagnostic,Continuity.Diagnostic.ReservationIDExactMismatchRate,paired_snapshots=60;internal_representation_only,0.0,0.0,0.0,0.0,0.0,Diagnostic only
HarvestCap,20260830,Internal diagnostic,Continuity.Diagnostic.ReservationIDExactMismatchRate,paired_snapshots=60;internal_representation_only,0.0,0.0,0.0,0.0,0.0,Diagnostic only
HarvestCap,20260831,Internal diagnostic,Continuity.Diagnostic.ReservationIDExactMismatchRate,paired_snapshots=60;internal_representation_only,0.0,0.0,0.0,0.0,0.0,Diagnostic only
HarvestCap,20260832,Internal diagnostic,Continuity.Diagnostic.ReservationIDExactMismatchRate,paired_snapshots=60;internal_representation_only,0.0,0.0,0.0,0.0,0.0,Diagnostic only
HarvestCap,20260833,Internal diagnostic,Continuity.Diagnostic.ReservationIDExactMismatchRate,paired_snapshots=60;internal_representation_only,0.0,0.0,0.0,0.0,0.0,Diagnostic only
HarvestCap,20260834,Internal diagnostic,Continuity.Diagnostic.ReservationIDExactMismatchRate,paired_snapshots=60;internal_representation_only,0.0,0.0,0.0,0.0,0.0,Diagnostic only
HarvestCap,20260835,Internal diagnostic,Continuity.Diagnostic.ReservationIDExactMismatchRate,paired_snapshots=60;internal_representation_only,0.0,0.0,0.0,0.0,0.0,Diagnostic only
HarvestCap,20260836,Internal diagnostic,Continuity.Diagnostic.ReservationIDExactMismatchRate,paired_snapshots=60;internal_representation_only,0.0,0.0,0.0,0.0,0.0,Diagnostic only
HarvestCap,20260837,Internal diagnostic,Continuity.Diagnostic.ReservationIDExactMismatchRate,paired_snapshots=60;internal_representation_only,0.0,0.0,0.0,0.0,0.0,Diagnostic only
HarvestCap,20260838,Internal diagnostic,Continuity.Diagnostic.ReservationIDExactMismatchRate,paired_snapshots=60;internal_representation_only,0.0,0.0,0.0,0.0,0.0,Diagnostic only
HarvestCap,20260839,Internal diagnostic,Continuity.Diagnostic.ReservationIDExactMismatchRate,paired_snapshots=60;internal_representation_only,0.0,0.0,0.0,0.0,0.0,Diagnostic only
HarvestCap,20260840,Internal diagnostic,Continuity.Diagnostic.ReservationIDExactMismatchRate,paired_snapshots=60;internal_representation_only,0.0,0.0,0.0,0.0,0.0,Diagnostic only
HarvestCap,20260841,Internal diagnostic,Continuity.Diagnostic.ReservationIDExactMismatchRate,paired_snapshots=60;internal_representation_only,0.0,0.0,0.0,0.0,0.0,Diagnostic only
HarvestCap,20260842,Internal diagnostic,Continuity.Diagnostic.ReservationIDExactMismatchRate,paired_snapshots=60;internal_representation_only,0.0,0.0,0.0,0.0,0.0,Diagnostic only
HarvestCap,20260843,Internal diagnostic,Continuity.Diagnostic.ReservationIDExactMismatchRate,paired_snapshots=60;internal_representation_only,0.0,0.0,0.0,0.0,0.0,Diagnostic only
HarvestCap,20260844,Internal diagnostic,Continuity.Diagnostic.ReservationIDExactMismatchRate,paired_snapshots=60;internal_representation_only,0.0,0.0,0.0,0.0,0.0,Diagnostic only
HarvestCap,20260815,Internal diagnostic,Continuity.Diagnostic.TaskProgressExactMismatchRate,paired_snapshots=60;internal_representation_only,0.916666666667,0.083333333333,0.0,0.8333333333340001,0.916666666667,Diagnostic only
HarvestCap,20260816,Internal diagnostic,Continuity.Diagnostic.TaskProgressExactMismatchRate,paired_snapshots=60;internal_representation_only,0.916666666667,0.083333333333,0.0,0.8333333333340001,0.916666666667,Diagnostic only
HarvestCap,20260817,Internal diagnostic,Continuity.Diagnostic.TaskProgressExactMismatchRate,paired_snapshots=60;internal_representation_only,0.9,0.116666666667,0.0,0.783333333333,0.9,Diagnostic only
HarvestCap,20260818,Internal diagnostic,Continuity.Diagnostic.TaskProgressExactMismatchRate,paired_snapshots=60;internal_representation_only,0.933333333333,0.066666666667,0.0,0.8666666666659999,0.933333333333,Diagnostic only
HarvestCap,20260819,Internal diagnostic,Continuity.Diagnostic.TaskProgressExactMismatchRate,paired_snapshots=60;internal_representation_only,0.8,0.216666666667,0.0,0.5833333333330001,0.8,Diagnostic only
HarvestCap,20260820,Internal diagnostic,Continuity.Diagnostic.TaskProgressExactMismatchRate,paired_snapshots=60;internal_representation_only,0.933333333333,0.066666666667,0.0,0.8666666666659999,0.933333333333,Diagnostic only
HarvestCap,20260821,Internal diagnostic,Continuity.Diagnostic.TaskProgressExactMismatchRate,paired_snapshots=60;internal_representation_only,0.933333333333,0.066666666667,0.0,0.8666666666659999,0.933333333333,Diagnostic only
HarvestCap,20260822,Internal diagnostic,Continuity.Diagnostic.TaskProgressExactMismatchRate,paired_snapshots=60;internal_representation_only,0.766666666667,0.233333333333,0.0,0.533333333334,0.766666666667,Diagnostic only
HarvestCap,20260823,Internal diagnostic,Continuity.Diagnostic.TaskProgressExactMismatchRate,paired_snapshots=60;internal_representation_only,0.85,0.183333333333,0.0,0.666666666667,0.85,Diagnostic only
HarvestCap,20260824,Internal diagnostic,Continuity.Diagnostic.TaskProgressExactMismatchRate,paired_snapshots=60;internal_representation_only,0.933333333333,0.066666666667,0.0,0.8666666666659999,0.933333333333,Diagnostic only
HarvestCap,20260825,Internal diagnostic,Continuity.Diagnostic.TaskProgressExactMismatchRate,paired_snapshots=60;internal_representation_only,0.933333333333,0.066666666667,0.0,0.8666666666659999,0.933333333333,Diagnostic only
HarvestCap,20260826,Internal diagnostic,Continuity.Diagnostic.TaskProgressExactMismatchRate,paired_snapshots=60;internal_representation_only,0.9,0.116666666667,0.0,0.783333333333,0.9,Diagnostic only
HarvestCap,20260827,Internal diagnostic,Continuity.Diagnostic.TaskProgressExactMismatchRate,paired_snapshots=60;internal_representation_only,0.8,0.216666666667,0.0,0.5833333333330001,0.8,Diagnostic only
HarvestCap,20260828,Internal diagnostic,Continuity.Diagnostic.TaskProgressExactMismatchRate,paired_snapshots=60;internal_representation_only,0.85,0.15,0.0,0.7,0.85,Diagnostic only
HarvestCap,20260829,Internal diagnostic,Continuity.Diagnostic.TaskProgressExactMismatchRate,paired_snapshots=60;internal_representation_only,0.916666666667,0.083333333333,0.0,0.8333333333340001,0.916666666667,Diagnostic only
HarvestCap,20260830,Internal diagnostic,Continuity.Diagnostic.TaskProgressExactMismatchRate,paired_snapshots=60;internal_representation_only,0.833333333333,0.166666666667,0.0,0.6666666666659999,0.833333333333,Diagnostic only
HarvestCap,20260831,Internal diagnostic,Continuity.Diagnostic.TaskProgressExactMismatchRate,paired_snapshots=60;internal_representation_only,0.883333333333,0.133333333333,0.0,0.75,0.883333333333,Diagnostic only
HarvestCap,20260832,Internal diagnostic,Continuity.Diagnostic.TaskProgressExactMismatchRate,paired_snapshots=60;internal_representation_only,0.883333333333,0.116666666667,0.0,0.766666666666,0.883333333333,Diagnostic only
HarvestCap,20260833,Internal diagnostic,Continuity.Diagnostic.TaskProgressExactMismatchRate,paired_snapshots=60;internal_representation_only,0.933333333333,0.083333333333,0.0,0.85,0.933333333333,Diagnostic only
HarvestCap,20260834,Internal diagnostic,Continuity.Diagnostic.TaskProgressExactMismatchRate,paired_snapshots=60;internal_representation_only,0.883333333333,0.133333333333,0.0,0.75,0.883333333333,Diagnostic only
HarvestCap,20260835,Internal diagnostic,Continuity.Diagnostic.TaskProgressExactMismatchRate,paired_snapshots=60;internal_representation_only,0.933333333333,0.083333333333,0.0,0.85,0.933333333333,Diagnostic only
HarvestCap,20260836,Internal diagnostic,Continuity.Diagnostic.TaskProgressExactMismatchRate,paired_snapshots=60;internal_representation_only,0.9,0.1,0.0,0.8,0.9,Diagnostic only
HarvestCap,20260837,Internal diagnostic,Continuity.Diagnostic.TaskProgressExactMismatchRate,paired_snapshots=60;internal_representation_only,0.866666666667,0.133333333333,0.0,0.733333333334,0.866666666667,Diagnostic only
HarvestCap,20260838,Internal diagnostic,Continuity.Diagnostic.TaskProgressExactMismatchRate,paired_snapshots=60;internal_representation_only,0.883333333333,0.133333333333,0.0,0.75,0.883333333333,Diagnostic only
HarvestCap,20260839,Internal diagnostic,Continuity.Diagnostic.TaskProgressExactMismatchRate,paired_snapshots=60;internal_representation_only,0.966666666667,0.033333333333,0.0,0.9333333333339999,0.966666666667,Diagnostic only
HarvestCap,20260840,Internal diagnostic,Continuity.Diagnostic.TaskProgressExactMismatchRate,paired_snapshots=60;internal_representation_only,0.95,0.05,0.0,0.8999999999999999,0.95,Diagnostic only
HarvestCap,20260841,Internal diagnostic,Continuity.Diagnostic.TaskProgressExactMismatchRate,paired_snapshots=60;internal_representation_only,0.85,0.166666666667,0.0,0.683333333333,0.85,Diagnostic only
HarvestCap,20260842,Internal diagnostic,Continuity.Diagnostic.TaskProgressExactMismatchRate,paired_snapshots=60;internal_representation_only,0.95,0.05,0.0,0.8999999999999999,0.95,Diagnostic only
HarvestCap,20260843,Internal diagnostic,Continuity.Diagnostic.TaskProgressExactMismatchRate,paired_snapshots=60;internal_representation_only,0.95,0.05,0.0,0.8999999999999999,0.95,Diagnostic only
HarvestCap,20260844,Internal diagnostic,Continuity.Diagnostic.TaskProgressExactMismatchRate,paired_snapshots=60;internal_representation_only,0.966666666667,0.033333333333,0.0,0.9333333333339999,0.966666666667,Diagnostic only
HarvestCap,20260815,Macro trajectory error,Trajectory.DamagedWaiting,N=100,0.0,0.007508674532,0.0,-0.007508674532,0.0,Primary accuracy
HarvestCap,20260816,Macro trajectory error,Trajectory.DamagedWaiting,N=100,0.0,0.009993060375,0.0,-0.009993060375,0.0,Primary accuracy
HarvestCap,20260817,Macro trajectory error,Trajectory.DamagedWaiting,N=100,0.0,0.009993060375,0.0,-0.009993060375,0.0,Primary accuracy
HarvestCap,20260818,Macro trajectory error,Trajectory.DamagedWaiting,N=100,0.0,0.009993060375,0.0,-0.009993060375,0.0,Primary accuracy
HarvestCap,20260819,Macro trajectory error,Trajectory.DamagedWaiting,N=100,0.0,0.007508674532,0.0,-0.007508674532,0.0,Primary accuracy
HarvestCap,20260820,Macro trajectory error,Trajectory.DamagedWaiting,N=100,0.0,0.009993060375,0.0,-0.009993060375,0.0,Primary accuracy
HarvestCap,20260821,Macro trajectory error,Trajectory.DamagedWaiting,N=100,0.0,0.007508674532,0.0,-0.007508674532,0.0,Primary accuracy
HarvestCap,20260822,Macro trajectory error,Trajectory.DamagedWaiting,N=100,0.0,0.009993060375,0.0,-0.009993060375,0.0,Primary accuracy
HarvestCap,20260823,Macro trajectory error,Trajectory.DamagedWaiting,N=100,0.0,0.009996530187,0.0,-0.009996530187,0.0,Primary accuracy
HarvestCap,20260824,Macro trajectory error,Trajectory.DamagedWaiting,N=100,0.0,0.009993060375,0.0,-0.009993060375,0.0,Primary accuracy
HarvestCap,20260825,Macro trajectory error,Trajectory.DamagedWaiting,N=100,0.0,0.009993060375,0.0,-0.009993060375,0.0,Primary accuracy
HarvestCap,20260826,Macro trajectory error,Trajectory.DamagedWaiting,N=100,0.0,0.009993060375,0.0,-0.009993060375,0.0,Primary accuracy
HarvestCap,20260827,Macro trajectory error,Trajectory.DamagedWaiting,N=100,0.0,0.009993060375,0.0,-0.009993060375,0.0,Primary accuracy
HarvestCap,20260828,Macro trajectory error,Trajectory.DamagedWaiting,N=100,0.0,0.009993060375,0.0,-0.009993060375,0.0,Primary accuracy
HarvestCap,20260829,Macro trajectory error,Trajectory.DamagedWaiting,N=100,0.0,0.009993060375,0.0,-0.009993060375,0.0,Primary accuracy
HarvestCap,20260830,Macro trajectory error,Trajectory.DamagedWaiting,N=100,0.0,0.009993060375,0.0,-0.009993060375,0.0,Primary accuracy
HarvestCap,20260831,Macro trajectory error,Trajectory.DamagedWaiting,N=100,0.0,0.007508674532,0.0,-0.007508674532,0.0,Primary accuracy
HarvestCap,20260832,Macro trajectory error,Trajectory.DamagedWaiting,N=100,0.0,0.009993060375,0.0,-0.009993060375,0.0,Primary accuracy
HarvestCap,20260833,Macro trajectory error,Trajectory.DamagedWaiting,N=100,0.0,0.009996530187,0.0,-0.009996530187,0.0,Primary accuracy
HarvestCap,20260834,Macro trajectory error,Trajectory.DamagedWaiting,N=100,0.0,0.009996530187,0.0,-0.009996530187,0.0,Primary accuracy
HarvestCap,20260835,Macro trajectory error,Trajectory.DamagedWaiting,N=100,0.0,0.009993060375,0.0,-0.009993060375,0.0,Primary accuracy
HarvestCap,20260836,Macro trajectory error,Trajectory.DamagedWaiting,N=100,0.0,0.009993060375,0.0,-0.009993060375,0.0,Primary accuracy
HarvestCap,20260837,Macro trajectory error,Trajectory.DamagedWaiting,N=100,0.0,0.009993060375,0.0,-0.009993060375,0.0,Primary accuracy
HarvestCap,20260838,Macro trajectory error,Trajectory.DamagedWaiting,N=100,0.0,0.007508674532,0.0,-0.007508674532,0.0,Primary accuracy
HarvestCap,20260839,Macro trajectory error,Trajectory.DamagedWaiting,N=100,0.0,0.009993060375,0.0,-0.009993060375,0.0,Primary accuracy
HarvestCap,20260840,Macro trajectory error,Trajectory.DamagedWaiting,N=100,0.0,0.009993060375,0.0,-0.009993060375,0.0,Primary accuracy
HarvestCap,20260841,Macro trajectory error,Trajectory.DamagedWaiting,N=100,0.0,0.009993060375,0.0,-0.009993060375,0.0,Primary accuracy
HarvestCap,20260842,Macro trajectory error,Trajectory.DamagedWaiting,N=100,0.0,0.009996530187,0.0,-0.009996530187,0.0,Primary accuracy
HarvestCap,20260843,Macro trajectory error,Trajectory.DamagedWaiting,N=100,0.0,0.009993060375,0.0,-0.009993060375,0.0,Primary accuracy
HarvestCap,20260844,Macro trajectory error,Trajectory.DamagedWaiting,N=100,0.0,0.009993060375,0.0,-0.009993060375,0.0,Primary accuracy
HarvestCap,20260815,Macro trajectory error,Trajectory.ForestWood,16N=1600,0.0,0.003147448983,0.0,-0.003147448983,0.0,Primary accuracy
HarvestCap,20260816,Macro trajectory error,Trajectory.ForestWood,16N=1600,0.0,0.003140432591,0.0,-0.003140432591,0.0,Primary accuracy
HarvestCap,20260817,Macro trajectory error,Trajectory.ForestWood,16N=1600,0.0,0.003140432591,0.0,-0.003140432591,0.0,Primary accuracy
HarvestCap,20260818,Macro trajectory error,Trajectory.ForestWood,16N=1600,0.0,0.003140432591,0.0,-0.003140432591,0.0,Primary accuracy
HarvestCap,20260819,Macro trajectory error,Trajectory.ForestWood,16N=1600,0.0,0.003147448983,0.0,-0.003147448983,0.0,Primary accuracy
HarvestCap,20260820,Macro trajectory error,Trajectory.ForestWood,16N=1600,0.0,0.003140432591,0.0,-0.003140432591,0.0,Primary accuracy
HarvestCap,20260821,Macro trajectory error,Trajectory.ForestWood,16N=1600,0.0,0.003147448983,0.0,-0.003147448983,0.0,Primary accuracy
HarvestCap,20260822,Macro trajectory error,Trajectory.ForestWood,16N=1600,0.0,0.003140432591,0.0,-0.003140432591,0.0,Primary accuracy
HarvestCap,20260823,Macro trajectory error,Trajectory.ForestWood,16N=1600,0.0,0.003140822838,0.0,-0.003140822838,0.0,Primary accuracy
HarvestCap,20260824,Macro trajectory error,Trajectory.ForestWood,16N=1600,0.0,0.003140432591,0.0,-0.003140432591,0.0,Primary accuracy
HarvestCap,20260825,Macro trajectory error,Trajectory.ForestWood,16N=1600,0.0,0.003140432591,0.0,-0.003140432591,0.0,Primary accuracy
HarvestCap,20260826,Macro trajectory error,Trajectory.ForestWood,16N=1600,0.0,0.003140432591,0.0,-0.003140432591,0.0,Primary accuracy
HarvestCap,20260827,Macro trajectory error,Trajectory.ForestWood,16N=1600,0.0,0.003140432591,0.0,-0.003140432591,0.0,Primary accuracy
HarvestCap,20260828,Macro trajectory error,Trajectory.ForestWood,16N=1600,0.0,0.003140432591,0.0,-0.003140432591,0.0,Primary accuracy
HarvestCap,20260829,Macro trajectory error,Trajectory.ForestWood,16N=1600,0.0,0.003140432591,0.0,-0.003140432591,0.0,Primary accuracy
HarvestCap,20260830,Macro trajectory error,Trajectory.ForestWood,16N=1600,0.0,0.003140432591,0.0,-0.003140432591,0.0,Primary accuracy
HarvestCap,20260831,Macro trajectory error,Trajectory.ForestWood,16N=1600,0.0,0.003147448983,0.0,-0.003147448983,0.0,Primary accuracy
HarvestCap,20260832,Macro trajectory error,Trajectory.ForestWood,16N=1600,0.0,0.003140432591,0.0,-0.003140432591,0.0,Primary accuracy
HarvestCap,20260833,Macro trajectory error,Trajectory.ForestWood,16N=1600,0.0,0.003140822838,0.0,-0.003140822838,0.0,Primary accuracy
HarvestCap,20260834,Macro trajectory error,Trajectory.ForestWood,16N=1600,0.0,0.003140822838,0.0,-0.003140822838,0.0,Primary accuracy
HarvestCap,20260835,Macro trajectory error,Trajectory.ForestWood,16N=1600,0.0,0.003140432591,0.0,-0.003140432591,0.0,Primary accuracy
HarvestCap,20260836,Macro trajectory error,Trajectory.ForestWood,16N=1600,0.0,0.003140432591,0.0,-0.003140432591,0.0,Primary accuracy
HarvestCap,20260837,Macro trajectory error,Trajectory.ForestWood,16N=1600,0.0,0.003140432591,0.0,-0.003140432591,0.0,Primary accuracy
HarvestCap,20260838,Macro trajectory error,Trajectory.ForestWood,16N=1600,0.0,0.003147448983,0.0,-0.003147448983,0.0,Primary accuracy
HarvestCap,20260839,Macro trajectory error,Trajectory.ForestWood,16N=1600,0.0,0.003140432591,0.0,-0.003140432591,0.0,Primary accuracy
HarvestCap,20260840,Macro trajectory error,Trajectory.ForestWood,16N=1600,0.0,0.003140432591,0.0,-0.003140432591,0.0,Primary accuracy
HarvestCap,20260841,Macro trajectory error,Trajectory.ForestWood,16N=1600,0.0,0.003140432591,0.0,-0.003140432591,0.0,Primary accuracy
HarvestCap,20260842,Macro trajectory error,Trajectory.ForestWood,16N=1600,0.0,0.003140822838,0.0,-0.003140822838,0.0,Primary accuracy
HarvestCap,20260843,Macro trajectory error,Trajectory.ForestWood,16N=1600,0.0,0.003140432591,0.0,-0.003140432591,0.0,Primary accuracy
HarvestCap,20260844,Macro trajectory error,Trajectory.ForestWood,16N=1600,0.0,0.003140432591,0.0,-0.003140432591,0.0,Primary accuracy
HarvestCap,20260815,Macro trajectory error,Trajectory.MarketWoodAvailable,2N=200,0.003331020125,0.115598542679,0.0,-0.112267522554,0.003331020125,Primary accuracy
HarvestCap,20260816,Macro trajectory error,Trajectory.MarketWoodAvailable,2N=200,0.002831367106,0.115563844552,0.0,-0.112732477446,0.002831367106,Primary accuracy
HarvestCap,20260817,Macro trajectory error,Trajectory.MarketWoodAvailable,2N=200,0.003164469119,0.11523074254,0.0,-0.112066273421,0.003164469119,Primary accuracy
HarvestCap,20260818,Macro trajectory error,Trajectory.MarketWoodAvailable,2N=200,0.004330326162,0.115064191534,0.0,-0.11073386537199999,0.004330326162,Primary accuracy
HarvestCap,20260819,Macro trajectory error,Trajectory.MarketWoodAvailable,2N=200,0.004163775156,0.115431991672,0.0,-0.111268216516,0.004163775156,Primary accuracy
HarvestCap,20260820,Macro trajectory error,Trajectory.MarketWoodAvailable,2N=200,0.003164469119,0.114564538515,0.0,-0.111400069396,0.003164469119,Primary accuracy
HarvestCap,20260821,Macro trajectory error,Trajectory.MarketWoodAvailable,2N=200,0.003164469119,0.115431991672,0.0,-0.112267522553,0.003164469119,Primary accuracy
HarvestCap,20260822,Macro trajectory error,Trajectory.MarketWoodAvailable,2N=200,0.004330326162,0.115730395559,0.0,-0.11140006939699999,0.004330326162,Primary accuracy
HarvestCap,20260823,Macro trajectory error,Trajectory.MarketWoodAvailable,2N=200,0.003497571131,0.113860166551,0.0,-0.11036259542,0.003497571131,Primary accuracy
HarvestCap,20260824,Macro trajectory error,Trajectory.MarketWoodAvailable,2N=200,0.002997918112,0.115064191534,0.0,-0.112066273422,0.002997918112,Primary accuracy
HarvestCap,20260825,Macro trajectory error,Trajectory.MarketWoodAvailable,2N=200,0.004663428175,0.114731089521,0.0,-0.110067661346,0.004663428175,Primary accuracy
HarvestCap,20260826,Macro trajectory error,Trajectory.MarketWoodAvailable,2N=200,0.002997918112,0.113731783484,0.0,-0.110733865372,0.002997918112,Primary accuracy
HarvestCap,20260827,Macro trajectory error,Trajectory.MarketWoodAvailable,2N=200,0.003830673144,0.114564538515,0.0,-0.110733865371,0.003830673144,Primary accuracy
HarvestCap,20260828,Macro trajectory error,Trajectory.MarketWoodAvailable,2N=200,0.003331020125,0.115397293546,0.0,-0.11206627342099999,0.003331020125,Primary accuracy
HarvestCap,20260829,Macro trajectory error,Trajectory.MarketWoodAvailable,2N=200,0.003164469119,0.115896946565,0.0,-0.11273247744600001,0.003164469119,Primary accuracy
HarvestCap,20260830,Macro trajectory error,Trajectory.MarketWoodAvailable,2N=200,0.002831367106,0.11523074254,0.0,-0.112399375434,0.002831367106,Primary accuracy
HarvestCap,20260831,Macro trajectory error,Trajectory.MarketWoodAvailable,2N=200,0.003164469119,0.11509888966,0.0,-0.111934420541,0.003164469119,Primary accuracy
HarvestCap,20260832,Macro trajectory error,Trajectory.MarketWoodAvailable,2N=200,0.003164469119,0.11523074254,0.0,-0.112066273421,0.003164469119,Primary accuracy
HarvestCap,20260833,Macro trajectory error,Trajectory.MarketWoodAvailable,2N=200,0.003164469119,0.114859472588,0.0,-0.111695003469,0.003164469119,Primary accuracy
HarvestCap,20260834,Macro trajectory error,Trajectory.MarketWoodAvailable,2N=200,0.003830673144,0.114193268563,0.0,-0.110362595419,0.003830673144,Primary accuracy
HarvestCap,20260835,Macro trajectory error,Trajectory.MarketWoodAvailable,2N=200,0.002831367106,0.114564538515,0.0,-0.11173317140899999,0.002831367106,Primary accuracy
HarvestCap,20260836,Macro trajectory error,Trajectory.MarketWoodAvailable,2N=200,0.002831367106,0.114897640527,0.0,-0.11206627342099999,0.002831367106,Primary accuracy
HarvestCap,20260837,Macro trajectory error,Trajectory.MarketWoodAvailable,2N=200,0.003830673144,0.114564538515,0.0,-0.110733865371,0.003830673144,Primary accuracy
HarvestCap,20260838,Macro trajectory error,Trajectory.MarketWoodAvailable,2N=200,0.002831367106,0.114765787647,0.0,-0.111934420541,0.002831367106,Primary accuracy
HarvestCap,20260839,Macro trajectory error,Trajectory.MarketWoodAvailable,2N=200,0.002831367106,0.114231436502,0.0,-0.111400069396,0.002831367106,Primary accuracy
HarvestCap,20260840,Macro trajectory error,Trajectory.MarketWoodAvailable,2N=200,0.003664122137,0.115064191534,0.0,-0.11140006939699999,0.003664122137,Primary accuracy
HarvestCap,20260841,Macro trajectory error,Trajectory.MarketWoodAvailable,2N=200,0.003830673144,0.11523074254,0.0,-0.111400069396,0.003830673144,Primary accuracy
HarvestCap,20260842,Macro trajectory error,Trajectory.MarketWoodAvailable,2N=200,0.003830673144,0.114859472588,0.0,-0.111028799444,0.003830673144,Primary accuracy
HarvestCap,20260843,Macro trajectory error,Trajectory.MarketWoodAvailable,2N=200,0.002498265094,0.114564538515,0.0,-0.11206627342099999,0.002498265094,Primary accuracy
HarvestCap,20260844,Macro trajectory error,Trajectory.MarketWoodAvailable,2N=200,0.002498265094,0.11656315059,0.0,-0.114064885496,0.002498265094,Primary accuracy
HarvestCap,20260815,Macro trajectory error,Trajectory.Repaired,N=100,0.0,0.007508674532,0.0,-0.007508674532,0.0,Primary accuracy
HarvestCap,20260816,Macro trajectory error,Trajectory.Repaired,N=100,0.0,0.009993060375,0.0,-0.009993060375,0.0,Primary accuracy
HarvestCap,20260817,Macro trajectory error,Trajectory.Repaired,N=100,0.0,0.009993060375,0.0,-0.009993060375,0.0,Primary accuracy
HarvestCap,20260818,Macro trajectory error,Trajectory.Repaired,N=100,0.0,0.009993060375,0.0,-0.009993060375,0.0,Primary accuracy
HarvestCap,20260819,Macro trajectory error,Trajectory.Repaired,N=100,0.0,0.007508674532,0.0,-0.007508674532,0.0,Primary accuracy
HarvestCap,20260820,Macro trajectory error,Trajectory.Repaired,N=100,0.0,0.009993060375,0.0,-0.009993060375,0.0,Primary accuracy
HarvestCap,20260821,Macro trajectory error,Trajectory.Repaired,N=100,0.0,0.007508674532,0.0,-0.007508674532,0.0,Primary accuracy
HarvestCap,20260822,Macro trajectory error,Trajectory.Repaired,N=100,0.0,0.009993060375,0.0,-0.009993060375,0.0,Primary accuracy
HarvestCap,20260823,Macro trajectory error,Trajectory.Repaired,N=100,0.0,0.009996530187,0.0,-0.009996530187,0.0,Primary accuracy
HarvestCap,20260824,Macro trajectory error,Trajectory.Repaired,N=100,0.0,0.009993060375,0.0,-0.009993060375,0.0,Primary accuracy
HarvestCap,20260825,Macro trajectory error,Trajectory.Repaired,N=100,0.0,0.009993060375,0.0,-0.009993060375,0.0,Primary accuracy
HarvestCap,20260826,Macro trajectory error,Trajectory.Repaired,N=100,0.0,0.009993060375,0.0,-0.009993060375,0.0,Primary accuracy
HarvestCap,20260827,Macro trajectory error,Trajectory.Repaired,N=100,0.0,0.009993060375,0.0,-0.009993060375,0.0,Primary accuracy
HarvestCap,20260828,Macro trajectory error,Trajectory.Repaired,N=100,0.0,0.009993060375,0.0,-0.009993060375,0.0,Primary accuracy
HarvestCap,20260829,Macro trajectory error,Trajectory.Repaired,N=100,0.0,0.009993060375,0.0,-0.009993060375,0.0,Primary accuracy
HarvestCap,20260830,Macro trajectory error,Trajectory.Repaired,N=100,0.0,0.009993060375,0.0,-0.009993060375,0.0,Primary accuracy
HarvestCap,20260831,Macro trajectory error,Trajectory.Repaired,N=100,0.0,0.007508674532,0.0,-0.007508674532,0.0,Primary accuracy
HarvestCap,20260832,Macro trajectory error,Trajectory.Repaired,N=100,0.0,0.009993060375,0.0,-0.009993060375,0.0,Primary accuracy
HarvestCap,20260833,Macro trajectory error,Trajectory.Repaired,N=100,0.0,0.009996530187,0.0,-0.009996530187,0.0,Primary accuracy
HarvestCap,20260834,Macro trajectory error,Trajectory.Repaired,N=100,0.0,0.009996530187,0.0,-0.009996530187,0.0,Primary accuracy
HarvestCap,20260835,Macro trajectory error,Trajectory.Repaired,N=100,0.0,0.009993060375,0.0,-0.009993060375,0.0,Primary accuracy
HarvestCap,20260836,Macro trajectory error,Trajectory.Repaired,N=100,0.0,0.009993060375,0.0,-0.009993060375,0.0,Primary accuracy
HarvestCap,20260837,Macro trajectory error,Trajectory.Repaired,N=100,0.0,0.009993060375,0.0,-0.009993060375,0.0,Primary accuracy
HarvestCap,20260838,Macro trajectory error,Trajectory.Repaired,N=100,0.0,0.007508674532,0.0,-0.007508674532,0.0,Primary accuracy
HarvestCap,20260839,Macro trajectory error,Trajectory.Repaired,N=100,0.0,0.009993060375,0.0,-0.009993060375,0.0,Primary accuracy
HarvestCap,20260840,Macro trajectory error,Trajectory.Repaired,N=100,0.0,0.009993060375,0.0,-0.009993060375,0.0,Primary accuracy
HarvestCap,20260841,Macro trajectory error,Trajectory.Repaired,N=100,0.0,0.009993060375,0.0,-0.009993060375,0.0,Primary accuracy
HarvestCap,20260842,Macro trajectory error,Trajectory.Repaired,N=100,0.0,0.009996530187,0.0,-0.009996530187,0.0,Primary accuracy
HarvestCap,20260843,Macro trajectory error,Trajectory.Repaired,N=100,0.0,0.009993060375,0.0,-0.009993060375,0.0,Primary accuracy
HarvestCap,20260844,Macro trajectory error,Trajectory.Repaired,N=100,0.0,0.009993060375,0.0,-0.009993060375,0.0,Primary accuracy
HarvestCap,20260815,Macro trajectory error,Trajectory.TreasuryAvailable,5N=500,0.0,0.0,0.0,0.0,0.0,Primary accuracy
HarvestCap,20260816,Macro trajectory error,Trajectory.TreasuryAvailable,5N=500,0.0,0.0,0.0,0.0,0.0,Primary accuracy
HarvestCap,20260817,Macro trajectory error,Trajectory.TreasuryAvailable,5N=500,0.0,0.0,0.0,0.0,0.0,Primary accuracy
HarvestCap,20260818,Macro trajectory error,Trajectory.TreasuryAvailable,5N=500,0.0,0.0,0.0,0.0,0.0,Primary accuracy
HarvestCap,20260819,Macro trajectory error,Trajectory.TreasuryAvailable,5N=500,0.0,0.0,0.0,0.0,0.0,Primary accuracy
HarvestCap,20260820,Macro trajectory error,Trajectory.TreasuryAvailable,5N=500,0.0,0.0,0.0,0.0,0.0,Primary accuracy
HarvestCap,20260821,Macro trajectory error,Trajectory.TreasuryAvailable,5N=500,0.0,0.0,0.0,0.0,0.0,Primary accuracy
HarvestCap,20260822,Macro trajectory error,Trajectory.TreasuryAvailable,5N=500,0.0,0.0,0.0,0.0,0.0,Primary accuracy
HarvestCap,20260823,Macro trajectory error,Trajectory.TreasuryAvailable,5N=500,0.0,0.0,0.0,0.0,0.0,Primary accuracy
HarvestCap,20260824,Macro trajectory error,Trajectory.TreasuryAvailable,5N=500,0.0,0.0,0.0,0.0,0.0,Primary accuracy
HarvestCap,20260825,Macro trajectory error,Trajectory.TreasuryAvailable,5N=500,0.0,0.0,0.0,0.0,0.0,Primary accuracy
HarvestCap,20260826,Macro trajectory error,Trajectory.TreasuryAvailable,5N=500,0.0,0.0,0.0,0.0,0.0,Primary accuracy
HarvestCap,20260827,Macro trajectory error,Trajectory.TreasuryAvailable,5N=500,0.0,0.0,0.0,0.0,0.0,Primary accuracy
HarvestCap,20260828,Macro trajectory error,Trajectory.TreasuryAvailable,5N=500,0.0,0.0,0.0,0.0,0.0,Primary accuracy
HarvestCap,20260829,Macro trajectory error,Trajectory.TreasuryAvailable,5N=500,0.0,0.0,0.0,0.0,0.0,Primary accuracy
HarvestCap,20260830,Macro trajectory error,Trajectory.TreasuryAvailable,5N=500,0.0,0.0,0.0,0.0,0.0,Primary accuracy
HarvestCap,20260831,Macro trajectory error,Trajectory.TreasuryAvailable,5N=500,0.0,0.0,0.0,0.0,0.0,Primary accuracy
HarvestCap,20260832,Macro trajectory error,Trajectory.TreasuryAvailable,5N=500,0.0,0.0,0.0,0.0,0.0,Primary accuracy
HarvestCap,20260833,Macro trajectory error,Trajectory.TreasuryAvailable,5N=500,0.0,0.0,0.0,0.0,0.0,Primary accuracy
HarvestCap,20260834,Macro trajectory error,Trajectory.TreasuryAvailable,5N=500,0.0,0.0,0.0,0.0,0.0,Primary accuracy
HarvestCap,20260835,Macro trajectory error,Trajectory.TreasuryAvailable,5N=500,0.0,0.0,0.0,0.0,0.0,Primary accuracy
HarvestCap,20260836,Macro trajectory error,Trajectory.TreasuryAvailable,5N=500,0.0,0.0,0.0,0.0,0.0,Primary accuracy
HarvestCap,20260837,Macro trajectory error,Trajectory.TreasuryAvailable,5N=500,0.0,0.0,0.0,0.0,0.0,Primary accuracy
HarvestCap,20260838,Macro trajectory error,Trajectory.TreasuryAvailable,5N=500,0.0,0.0,0.0,0.0,0.0,Primary accuracy
HarvestCap,20260839,Macro trajectory error,Trajectory.TreasuryAvailable,5N=500,0.0,0.0,0.0,0.0,0.0,Primary accuracy
HarvestCap,20260840,Macro trajectory error,Trajectory.TreasuryAvailable,5N=500,0.0,0.0,0.0,0.0,0.0,Primary accuracy
HarvestCap,20260841,Macro trajectory error,Trajectory.TreasuryAvailable,5N=500,0.0,0.0,0.0,0.0,0.0,Primary accuracy
HarvestCap,20260842,Macro trajectory error,Trajectory.TreasuryAvailable,5N=500,0.0,0.0,0.0,0.0,0.0,Primary accuracy
HarvestCap,20260843,Macro trajectory error,Trajectory.TreasuryAvailable,5N=500,0.0,0.0,0.0,0.0,0.0,Primary accuracy
HarvestCap,20260844,Macro trajectory error,Trajectory.TreasuryAvailable,5N=500,0.0,0.0,0.0,0.0,0.0,Primary accuracy
HarvestCap,20260815,Macro trajectory error,Trajectory.UnderRepair,N=100,0.0,0.000992366412,0.0,-0.000992366412,0.0,Primary accuracy
HarvestCap,20260816,Macro trajectory error,Trajectory.UnderRepair,N=100,0.0,0.001325468425,0.0,-0.001325468425,0.0,Primary accuracy
HarvestCap,20260817,Macro trajectory error,Trajectory.UnderRepair,N=100,0.0,0.001325468425,0.0,-0.001325468425,0.0,Primary accuracy
HarvestCap,20260818,Macro trajectory error,Trajectory.UnderRepair,N=100,0.0,0.001325468425,0.0,-0.001325468425,0.0,Primary accuracy
HarvestCap,20260819,Macro trajectory error,Trajectory.UnderRepair,N=100,0.0,0.000992366412,0.0,-0.000992366412,0.0,Primary accuracy
HarvestCap,20260820,Macro trajectory error,Trajectory.UnderRepair,N=100,0.0,0.001325468425,0.0,-0.001325468425,0.0,Primary accuracy
HarvestCap,20260821,Macro trajectory error,Trajectory.UnderRepair,N=100,0.0,0.000992366412,0.0,-0.000992366412,0.0,Primary accuracy
HarvestCap,20260822,Macro trajectory error,Trajectory.UnderRepair,N=100,0.0,0.001325468425,0.0,-0.001325468425,0.0,Primary accuracy
HarvestCap,20260823,Macro trajectory error,Trajectory.UnderRepair,N=100,0.0,0.001318528799,0.0,-0.001318528799,0.0,Primary accuracy
HarvestCap,20260824,Macro trajectory error,Trajectory.UnderRepair,N=100,0.0,0.001325468425,0.0,-0.001325468425,0.0,Primary accuracy
HarvestCap,20260825,Macro trajectory error,Trajectory.UnderRepair,N=100,0.0,0.001325468425,0.0,-0.001325468425,0.0,Primary accuracy
HarvestCap,20260826,Macro trajectory error,Trajectory.UnderRepair,N=100,0.0,0.001325468425,0.0,-0.001325468425,0.0,Primary accuracy
HarvestCap,20260827,Macro trajectory error,Trajectory.UnderRepair,N=100,0.0,0.001325468425,0.0,-0.001325468425,0.0,Primary accuracy
HarvestCap,20260828,Macro trajectory error,Trajectory.UnderRepair,N=100,0.0,0.001325468425,0.0,-0.001325468425,0.0,Primary accuracy
HarvestCap,20260829,Macro trajectory error,Trajectory.UnderRepair,N=100,0.0,0.001325468425,0.0,-0.001325468425,0.0,Primary accuracy
HarvestCap,20260830,Macro trajectory error,Trajectory.UnderRepair,N=100,0.0,0.001325468425,0.0,-0.001325468425,0.0,Primary accuracy
HarvestCap,20260831,Macro trajectory error,Trajectory.UnderRepair,N=100,0.0,0.000992366412,0.0,-0.000992366412,0.0,Primary accuracy
HarvestCap,20260832,Macro trajectory error,Trajectory.UnderRepair,N=100,0.0,0.001325468425,0.0,-0.001325468425,0.0,Primary accuracy
HarvestCap,20260833,Macro trajectory error,Trajectory.UnderRepair,N=100,0.0,0.001318528799,0.0,-0.001318528799,0.0,Primary accuracy
HarvestCap,20260834,Macro trajectory error,Trajectory.UnderRepair,N=100,0.0,0.001318528799,0.0,-0.001318528799,0.0,Primary accuracy
HarvestCap,20260835,Macro trajectory error,Trajectory.UnderRepair,N=100,0.0,0.001325468425,0.0,-0.001325468425,0.0,Primary accuracy
HarvestCap,20260836,Macro trajectory error,Trajectory.UnderRepair,N=100,0.0,0.001325468425,0.0,-0.001325468425,0.0,Primary accuracy
HarvestCap,20260837,Macro trajectory error,Trajectory.UnderRepair,N=100,0.0,0.001325468425,0.0,-0.001325468425,0.0,Primary accuracy
HarvestCap,20260838,Macro trajectory error,Trajectory.UnderRepair,N=100,0.0,0.000992366412,0.0,-0.000992366412,0.0,Primary accuracy
HarvestCap,20260839,Macro trajectory error,Trajectory.UnderRepair,N=100,0.0,0.001325468425,0.0,-0.001325468425,0.0,Primary accuracy
HarvestCap,20260840,Macro trajectory error,Trajectory.UnderRepair,N=100,0.0,0.001325468425,0.0,-0.001325468425,0.0,Primary accuracy
HarvestCap,20260841,Macro trajectory error,Trajectory.UnderRepair,N=100,0.0,0.001325468425,0.0,-0.001325468425,0.0,Primary accuracy
HarvestCap,20260842,Macro trajectory error,Trajectory.UnderRepair,N=100,0.0,0.001318528799,0.0,-0.001318528799,0.0,Primary accuracy
HarvestCap,20260843,Macro trajectory error,Trajectory.UnderRepair,N=100,0.0,0.001325468425,0.0,-0.001325468425,0.0,Primary accuracy
HarvestCap,20260844,Macro trajectory error,Trajectory.UnderRepair,N=100,0.0,0.001325468425,0.0,-0.001325468425,0.0,Primary accuracy
HarvestCap,20260815,Macro trajectory error,Trajectory.WoodPrice,P0=1,0.002095805192,0.412127299318,0.0,-0.41003149412600004,0.002095805192,Primary accuracy
HarvestCap,20260816,Macro trajectory error,Trajectory.WoodPrice,P0=1,0.001891398546,0.383256717163,0.0,-0.381365318617,0.001891398546,Primary accuracy
HarvestCap,20260817,Macro trajectory error,Trajectory.WoodPrice,P0=1,0.00225505311,0.382873232117,0.0,-0.38061817900699996,0.00225505311,Primary accuracy
HarvestCap,20260818,Macro trajectory error,Trajectory.WoodPrice,P0=1,0.003080608548,0.382636619903,0.0,-0.379556011355,0.003080608548,Primary accuracy
HarvestCap,20260819,Macro trajectory error,Trajectory.WoodPrice,P0=1,0.002561481224,0.411884088649,0.0,-0.409322607425,0.002561481224,Primary accuracy
HarvestCap,20260820,Macro trajectory error,Trajectory.WoodPrice,P0=1,0.002435393149,0.382260835243,0.0,-0.379825442094,0.002435393149,Primary accuracy
HarvestCap,20260821,Macro trajectory error,Trajectory.WoodPrice,P0=1,0.001970657356,0.411256555392,0.0,-0.409285898036,0.001970657356,Primary accuracy
HarvestCap,20260822,Macro trajectory error,Trajectory.WoodPrice,P0=1,0.00301373017,0.383231581261,0.0,-0.380217851091,0.00301373017,Primary accuracy
HarvestCap,20260823,Macro trajectory error,Trajectory.WoodPrice,P0=1,0.002558844206,0.388291925369,0.0,-0.385733081163,0.002558844206,Primary accuracy
HarvestCap,20260824,Macro trajectory error,Trajectory.WoodPrice,P0=1,0.002216721948,0.382730207813,0.0,-0.380513485865,0.002216721948,Primary accuracy
HarvestCap,20260825,Macro trajectory error,Trajectory.WoodPrice,P0=1,0.003459367824,0.382278730242,0.0,-0.37881936241799996,0.003459367824,Primary accuracy
HarvestCap,20260826,Macro trajectory error,Trajectory.WoodPrice,P0=1,0.002680063754,0.381519155577,0.0,-0.378839091823,0.002680063754,Primary accuracy
HarvestCap,20260827,Macro trajectory error,Trajectory.WoodPrice,P0=1,0.002905303006,0.382188832388,0.0,-0.379283529382,0.002905303006,Primary accuracy
HarvestCap,20260828,Macro trajectory error,Trajectory.WoodPrice,P0=1,0.002354671324,0.38300581358,0.0,-0.380651142256,0.002354671324,Primary accuracy
HarvestCap,20260829,Macro trajectory error,Trajectory.WoodPrice,P0=1,0.001991755472,0.38359973191,0.0,-0.38160797643800004,0.001991755472,Primary accuracy
HarvestCap,20260830,Macro trajectory error,Trajectory.WoodPrice,P0=1,0.001682351882,0.383016977553,0.0,-0.381334625671,0.001682351882,Primary accuracy
HarvestCap,20260831,Macro trajectory error,Trajectory.WoodPrice,P0=1,0.001972528697,0.411081593609,0.0,-0.409109064912,0.001972528697,Primary accuracy
HarvestCap,20260832,Macro trajectory error,Trajectory.WoodPrice,P0=1,0.001853557594,0.383004235652,0.0,-0.38115067805799996,0.001853557594,Primary accuracy
HarvestCap,20260833,Macro trajectory error,Trajectory.WoodPrice,P0=1,0.002055726185,0.389112208605,0.0,-0.38705648242,0.002055726185,Primary accuracy
HarvestCap,20260834,Macro trajectory error,Trajectory.WoodPrice,P0=1,0.002698222065,0.38856693044,0.0,-0.38586870837500004,0.002698222065,Primary accuracy
HarvestCap,20260835,Macro trajectory error,Trajectory.WoodPrice,P0=1,0.001971164346,0.382419558768,0.0,-0.380448394422,0.001971164346,Primary accuracy
HarvestCap,20260836,Macro trajectory error,Trajectory.WoodPrice,P0=1,0.00206955249,0.382623534836,0.0,-0.38055398234599996,0.00206955249,Primary accuracy
HarvestCap,20260837,Macro trajectory error,Trajectory.WoodPrice,P0=1,0.00296647687,0.382166649714,0.0,-0.379200172844,0.00296647687,Primary accuracy
HarvestCap,20260838,Macro trajectory error,Trajectory.WoodPrice,P0=1,0.001687979515,0.411486857585,0.0,-0.40979887807,0.001687979515,Primary accuracy
HarvestCap,20260839,Macro trajectory error,Trajectory.WoodPrice,P0=1,0.002326990411,0.382000045189,0.0,-0.379673054778,0.002326990411,Primary accuracy
HarvestCap,20260840,Macro trajectory error,Trajectory.WoodPrice,P0=1,0.002712241873,0.382643113998,0.0,-0.379930872125,0.002712241873,Primary accuracy
HarvestCap,20260841,Macro trajectory error,Trajectory.WoodPrice,P0=1,0.002813493666,0.382781337693,0.0,-0.379967844027,0.002813493666,Primary accuracy
HarvestCap,20260842,Macro trajectory error,Trajectory.WoodPrice,P0=1,0.002525463548,0.389126877033,0.0,-0.386601413485,0.002525463548,Primary accuracy
HarvestCap,20260843,Macro trajectory error,Trajectory.WoodPrice,P0=1,0.001950783616,0.382362744771,0.0,-0.38041196115500003,0.001950783616,Primary accuracy
HarvestCap,20260844,Macro trajectory error,Trajectory.WoodPrice,P0=1,0.00149250894,0.384490481072,0.0,-0.382997972132,0.00149250894,Primary accuracy
HarvestCap,20260815,Player-visible continuity,Continuity.CurrentGoalMismatchRate,paired_snapshots=60,0.016666666667,0.016666666667,0.0,0.0,0.016666666667,Continuity
HarvestCap,20260816,Player-visible continuity,Continuity.CurrentGoalMismatchRate,paired_snapshots=60,0.016666666667,0.033333333333,0.0,-0.016666666666000002,0.016666666667,Continuity
HarvestCap,20260817,Player-visible continuity,Continuity.CurrentGoalMismatchRate,paired_snapshots=60,0.05,0.1,0.0,-0.05,0.05,Continuity
HarvestCap,20260818,Player-visible continuity,Continuity.CurrentGoalMismatchRate,paired_snapshots=60,0.016666666667,0.016666666667,0.0,0.0,0.016666666667,Continuity
HarvestCap,20260819,Player-visible continuity,Continuity.CurrentGoalMismatchRate,paired_snapshots=60,0.0,0.066666666667,0.0,-0.066666666667,0.0,Continuity
HarvestCap,20260820,Player-visible continuity,Continuity.CurrentGoalMismatchRate,paired_snapshots=60,0.016666666667,0.033333333333,0.0,-0.016666666666000002,0.016666666667,Continuity
HarvestCap,20260821,Player-visible continuity,Continuity.CurrentGoalMismatchRate,paired_snapshots=60,0.016666666667,0.016666666667,0.0,0.0,0.016666666667,Continuity
HarvestCap,20260822,Player-visible continuity,Continuity.CurrentGoalMismatchRate,paired_snapshots=60,0.05,0.1,0.0,-0.05,0.05,Continuity
HarvestCap,20260823,Player-visible continuity,Continuity.CurrentGoalMismatchRate,paired_snapshots=60,0.066666666667,0.066666666667,0.0,0.0,0.066666666667,Continuity
HarvestCap,20260824,Player-visible continuity,Continuity.CurrentGoalMismatchRate,paired_snapshots=60,0.05,0.116666666667,0.0,-0.066666666667,0.05,Continuity
HarvestCap,20260825,Player-visible continuity,Continuity.CurrentGoalMismatchRate,paired_snapshots=60,0.0,0.05,0.0,-0.05,0.0,Continuity
HarvestCap,20260826,Player-visible continuity,Continuity.CurrentGoalMismatchRate,paired_snapshots=60,0.016666666667,0.083333333333,0.0,-0.06666666666599999,0.016666666667,Continuity
HarvestCap,20260827,Player-visible continuity,Continuity.CurrentGoalMismatchRate,paired_snapshots=60,0.016666666667,0.1,0.0,-0.083333333333,0.016666666667,Continuity
HarvestCap,20260828,Player-visible continuity,Continuity.CurrentGoalMismatchRate,paired_snapshots=60,0.016666666667,0.066666666667,0.0,-0.049999999999999996,0.016666666667,Continuity
HarvestCap,20260829,Player-visible continuity,Continuity.CurrentGoalMismatchRate,paired_snapshots=60,0.0,0.033333333333,0.0,-0.033333333333,0.0,Continuity
HarvestCap,20260830,Player-visible continuity,Continuity.CurrentGoalMismatchRate,paired_snapshots=60,0.066666666667,0.083333333333,0.0,-0.016666666666000002,0.066666666667,Continuity
HarvestCap,20260831,Player-visible continuity,Continuity.CurrentGoalMismatchRate,paired_snapshots=60,0.033333333333,0.033333333333,0.0,0.0,0.033333333333,Continuity
HarvestCap,20260832,Player-visible continuity,Continuity.CurrentGoalMismatchRate,paired_snapshots=60,0.016666666667,0.083333333333,0.0,-0.06666666666599999,0.016666666667,Continuity
HarvestCap,20260833,Player-visible continuity,Continuity.CurrentGoalMismatchRate,paired_snapshots=60,0.016666666667,0.066666666667,0.0,-0.049999999999999996,0.016666666667,Continuity
HarvestCap,20260834,Player-visible continuity,Continuity.CurrentGoalMismatchRate,paired_snapshots=60,0.016666666667,0.05,0.0,-0.033333333333,0.016666666667,Continuity
HarvestCap,20260835,Player-visible continuity,Continuity.CurrentGoalMismatchRate,paired_snapshots=60,0.016666666667,0.05,0.0,-0.033333333333,0.016666666667,Continuity
HarvestCap,20260836,Player-visible continuity,Continuity.CurrentGoalMismatchRate,paired_snapshots=60,0.033333333333,0.05,0.0,-0.016666666667,0.033333333333,Continuity
HarvestCap,20260837,Player-visible continuity,Continuity.CurrentGoalMismatchRate,paired_snapshots=60,0.05,0.033333333333,0.0,0.016666666667,0.05,Continuity
HarvestCap,20260838,Player-visible continuity,Continuity.CurrentGoalMismatchRate,paired_snapshots=60,0.05,0.033333333333,0.0,0.016666666667,0.05,Continuity
HarvestCap,20260839,Player-visible continuity,Continuity.CurrentGoalMismatchRate,paired_snapshots=60,0.0,0.016666666667,0.0,-0.016666666667,0.0,Continuity
HarvestCap,20260840,Player-visible continuity,Continuity.CurrentGoalMismatchRate,paired_snapshots=60,0.0,0.033333333333,0.0,-0.033333333333,0.0,Continuity
HarvestCap,20260841,Player-visible continuity,Continuity.CurrentGoalMismatchRate,paired_snapshots=60,0.033333333333,0.083333333333,0.0,-0.049999999999999996,0.033333333333,Continuity
HarvestCap,20260842,Player-visible continuity,Continuity.CurrentGoalMismatchRate,paired_snapshots=60,0.033333333333,0.016666666667,0.0,0.016666666666000002,0.033333333333,Continuity
HarvestCap,20260843,Player-visible continuity,Continuity.CurrentGoalMismatchRate,paired_snapshots=60,0.016666666667,0.05,0.0,-0.033333333333,0.016666666667,Continuity
HarvestCap,20260844,Player-visible continuity,Continuity.CurrentGoalMismatchRate,paired_snapshots=60,0.016666666667,0.016666666667,0.0,0.0,0.016666666667,Continuity
HarvestCap,20260815,Player-visible continuity,Continuity.FirstActionMismatchRate,paired_snapshots=60,0.033333333333,0.016666666667,0.0,0.016666666666000002,0.033333333333,Continuity
HarvestCap,20260816,Player-visible continuity,Continuity.FirstActionMismatchRate,paired_snapshots=60,0.016666666667,0.05,0.0,-0.033333333333,0.016666666667,Continuity
HarvestCap,20260817,Player-visible continuity,Continuity.FirstActionMismatchRate,paired_snapshots=60,0.066666666667,0.1,0.0,-0.03333333333300001,0.066666666667,Continuity
HarvestCap,20260818,Player-visible continuity,Continuity.FirstActionMismatchRate,paired_snapshots=60,0.016666666667,0.016666666667,0.0,0.0,0.016666666667,Continuity
HarvestCap,20260819,Player-visible continuity,Continuity.FirstActionMismatchRate,paired_snapshots=60,0.016666666667,0.066666666667,0.0,-0.049999999999999996,0.016666666667,Continuity
HarvestCap,20260820,Player-visible continuity,Continuity.FirstActionMismatchRate,paired_snapshots=60,0.016666666667,0.033333333333,0.0,-0.016666666666000002,0.016666666667,Continuity
HarvestCap,20260821,Player-visible continuity,Continuity.FirstActionMismatchRate,paired_snapshots=60,0.016666666667,0.016666666667,0.0,0.0,0.016666666667,Continuity
HarvestCap,20260822,Player-visible continuity,Continuity.FirstActionMismatchRate,paired_snapshots=60,0.083333333333,0.1,0.0,-0.016666666667000007,0.083333333333,Continuity
HarvestCap,20260823,Player-visible continuity,Continuity.FirstActionMismatchRate,paired_snapshots=60,0.066666666667,0.066666666667,0.0,0.0,0.066666666667,Continuity
HarvestCap,20260824,Player-visible continuity,Continuity.FirstActionMismatchRate,paired_snapshots=60,0.066666666667,0.116666666667,0.0,-0.05,0.066666666667,Continuity
HarvestCap,20260825,Player-visible continuity,Continuity.FirstActionMismatchRate,paired_snapshots=60,0.0,0.05,0.0,-0.05,0.0,Continuity
HarvestCap,20260826,Player-visible continuity,Continuity.FirstActionMismatchRate,paired_snapshots=60,0.033333333333,0.083333333333,0.0,-0.049999999999999996,0.033333333333,Continuity
HarvestCap,20260827,Player-visible continuity,Continuity.FirstActionMismatchRate,paired_snapshots=60,0.033333333333,0.133333333333,0.0,-0.09999999999999998,0.033333333333,Continuity
HarvestCap,20260828,Player-visible continuity,Continuity.FirstActionMismatchRate,paired_snapshots=60,0.033333333333,0.083333333333,0.0,-0.049999999999999996,0.033333333333,Continuity
HarvestCap,20260829,Player-visible continuity,Continuity.FirstActionMismatchRate,paired_snapshots=60,0.0,0.033333333333,0.0,-0.033333333333,0.0,Continuity
HarvestCap,20260830,Player-visible continuity,Continuity.FirstActionMismatchRate,paired_snapshots=60,0.066666666667,0.083333333333,0.0,-0.016666666666000002,0.066666666667,Continuity
HarvestCap,20260831,Player-visible continuity,Continuity.FirstActionMismatchRate,paired_snapshots=60,0.033333333333,0.033333333333,0.0,0.0,0.033333333333,Continuity
HarvestCap,20260832,Player-visible continuity,Continuity.FirstActionMismatchRate,paired_snapshots=60,0.016666666667,0.1,0.0,-0.083333333333,0.016666666667,Continuity
HarvestCap,20260833,Player-visible continuity,Continuity.FirstActionMismatchRate,paired_snapshots=60,0.016666666667,0.066666666667,0.0,-0.049999999999999996,0.016666666667,Continuity
HarvestCap,20260834,Player-visible continuity,Continuity.FirstActionMismatchRate,paired_snapshots=60,0.033333333333,0.05,0.0,-0.016666666667,0.033333333333,Continuity
HarvestCap,20260835,Player-visible continuity,Continuity.FirstActionMismatchRate,paired_snapshots=60,0.033333333333,0.05,0.0,-0.016666666667,0.033333333333,Continuity
HarvestCap,20260836,Player-visible continuity,Continuity.FirstActionMismatchRate,paired_snapshots=60,0.033333333333,0.05,0.0,-0.016666666667,0.033333333333,Continuity
HarvestCap,20260837,Player-visible continuity,Continuity.FirstActionMismatchRate,paired_snapshots=60,0.05,0.05,0.0,0.0,0.05,Continuity
HarvestCap,20260838,Player-visible continuity,Continuity.FirstActionMismatchRate,paired_snapshots=60,0.05,0.033333333333,0.0,0.016666666667,0.05,Continuity
HarvestCap,20260839,Player-visible continuity,Continuity.FirstActionMismatchRate,paired_snapshots=60,0.0,0.016666666667,0.0,-0.016666666667,0.0,Continuity
HarvestCap,20260840,Player-visible continuity,Continuity.FirstActionMismatchRate,paired_snapshots=60,0.0,0.033333333333,0.0,-0.033333333333,0.0,Continuity
HarvestCap,20260841,Player-visible continuity,Continuity.FirstActionMismatchRate,paired_snapshots=60,0.066666666667,0.083333333333,0.0,-0.016666666666000002,0.066666666667,Continuity
HarvestCap,20260842,Player-visible continuity,Continuity.FirstActionMismatchRate,paired_snapshots=60,0.033333333333,0.016666666667,0.0,0.016666666666000002,0.033333333333,Continuity
HarvestCap,20260843,Player-visible continuity,Continuity.FirstActionMismatchRate,paired_snapshots=60,0.016666666667,0.05,0.0,-0.033333333333,0.016666666667,Continuity
HarvestCap,20260844,Player-visible continuity,Continuity.FirstActionMismatchRate,paired_snapshots=60,0.016666666667,0.016666666667,0.0,0.0,0.016666666667,Continuity
HarvestCap,20260815,Player-visible continuity,Continuity.HomeIDMismatchRate,paired_snapshots=60,0.0,0.0,0.0,0.0,0.0,Continuity
HarvestCap,20260816,Player-visible continuity,Continuity.HomeIDMismatchRate,paired_snapshots=60,0.0,0.0,0.0,0.0,0.0,Continuity
HarvestCap,20260817,Player-visible continuity,Continuity.HomeIDMismatchRate,paired_snapshots=60,0.0,0.0,0.0,0.0,0.0,Continuity
HarvestCap,20260818,Player-visible continuity,Continuity.HomeIDMismatchRate,paired_snapshots=60,0.0,0.0,0.0,0.0,0.0,Continuity
HarvestCap,20260819,Player-visible continuity,Continuity.HomeIDMismatchRate,paired_snapshots=60,0.0,0.0,0.0,0.0,0.0,Continuity
HarvestCap,20260820,Player-visible continuity,Continuity.HomeIDMismatchRate,paired_snapshots=60,0.0,0.0,0.0,0.0,0.0,Continuity
HarvestCap,20260821,Player-visible continuity,Continuity.HomeIDMismatchRate,paired_snapshots=60,0.0,0.0,0.0,0.0,0.0,Continuity
HarvestCap,20260822,Player-visible continuity,Continuity.HomeIDMismatchRate,paired_snapshots=60,0.0,0.0,0.0,0.0,0.0,Continuity
HarvestCap,20260823,Player-visible continuity,Continuity.HomeIDMismatchRate,paired_snapshots=60,0.0,0.0,0.0,0.0,0.0,Continuity
HarvestCap,20260824,Player-visible continuity,Continuity.HomeIDMismatchRate,paired_snapshots=60,0.0,0.0,0.0,0.0,0.0,Continuity
HarvestCap,20260825,Player-visible continuity,Continuity.HomeIDMismatchRate,paired_snapshots=60,0.0,0.0,0.0,0.0,0.0,Continuity
HarvestCap,20260826,Player-visible continuity,Continuity.HomeIDMismatchRate,paired_snapshots=60,0.0,0.0,0.0,0.0,0.0,Continuity
HarvestCap,20260827,Player-visible continuity,Continuity.HomeIDMismatchRate,paired_snapshots=60,0.0,0.0,0.0,0.0,0.0,Continuity
HarvestCap,20260828,Player-visible continuity,Continuity.HomeIDMismatchRate,paired_snapshots=60,0.0,0.0,0.0,0.0,0.0,Continuity
HarvestCap,20260829,Player-visible continuity,Continuity.HomeIDMismatchRate,paired_snapshots=60,0.0,0.0,0.0,0.0,0.0,Continuity
HarvestCap,20260830,Player-visible continuity,Continuity.HomeIDMismatchRate,paired_snapshots=60,0.0,0.0,0.0,0.0,0.0,Continuity
HarvestCap,20260831,Player-visible continuity,Continuity.HomeIDMismatchRate,paired_snapshots=60,0.0,0.0,0.0,0.0,0.0,Continuity
HarvestCap,20260832,Player-visible continuity,Continuity.HomeIDMismatchRate,paired_snapshots=60,0.0,0.0,0.0,0.0,0.0,Continuity
HarvestCap,20260833,Player-visible continuity,Continuity.HomeIDMismatchRate,paired_snapshots=60,0.0,0.0,0.0,0.0,0.0,Continuity
HarvestCap,20260834,Player-visible continuity,Continuity.HomeIDMismatchRate,paired_snapshots=60,0.0,0.0,0.0,0.0,0.0,Continuity
HarvestCap,20260835,Player-visible continuity,Continuity.HomeIDMismatchRate,paired_snapshots=60,0.0,0.0,0.0,0.0,0.0,Continuity
HarvestCap,20260836,Player-visible continuity,Continuity.HomeIDMismatchRate,paired_snapshots=60,0.0,0.0,0.0,0.0,0.0,Continuity
HarvestCap,20260837,Player-visible continuity,Continuity.HomeIDMismatchRate,paired_snapshots=60,0.0,0.0,0.0,0.0,0.0,Continuity
HarvestCap,20260838,Player-visible continuity,Continuity.HomeIDMismatchRate,paired_snapshots=60,0.0,0.0,0.0,0.0,0.0,Continuity
HarvestCap,20260839,Player-visible continuity,Continuity.HomeIDMismatchRate,paired_snapshots=60,0.0,0.0,0.0,0.0,0.0,Continuity
HarvestCap,20260840,Player-visible continuity,Continuity.HomeIDMismatchRate,paired_snapshots=60,0.0,0.0,0.0,0.0,0.0,Continuity
HarvestCap,20260841,Player-visible continuity,Continuity.HomeIDMismatchRate,paired_snapshots=60,0.0,0.0,0.0,0.0,0.0,Continuity
HarvestCap,20260842,Player-visible continuity,Continuity.HomeIDMismatchRate,paired_snapshots=60,0.0,0.0,0.0,0.0,0.0,Continuity
HarvestCap,20260843,Player-visible continuity,Continuity.HomeIDMismatchRate,paired_snapshots=60,0.0,0.0,0.0,0.0,0.0,Continuity
HarvestCap,20260844,Player-visible continuity,Continuity.HomeIDMismatchRate,paired_snapshots=60,0.0,0.0,0.0,0.0,0.0,Continuity
HarvestCap,20260815,Player-visible continuity,Continuity.HomeStateMismatchRate,paired_snapshots=60,0.033333333333,0.116666666667,0.0,-0.083333333334,0.033333333333,Continuity
HarvestCap,20260816,Player-visible continuity,Continuity.HomeStateMismatchRate,paired_snapshots=60,0.016666666667,0.1,0.0,-0.083333333333,0.016666666667,Continuity
HarvestCap,20260817,Player-visible continuity,Continuity.HomeStateMismatchRate,paired_snapshots=60,0.066666666667,0.2,0.0,-0.13333333333300001,0.066666666667,Continuity
HarvestCap,20260818,Player-visible continuity,Continuity.HomeStateMismatchRate,paired_snapshots=60,0.016666666667,0.1,0.0,-0.083333333333,0.016666666667,Continuity
HarvestCap,20260819,Player-visible continuity,Continuity.HomeStateMismatchRate,paired_snapshots=60,0.016666666667,0.166666666667,0.0,-0.15,0.016666666667,Continuity
HarvestCap,20260820,Player-visible continuity,Continuity.HomeStateMismatchRate,paired_snapshots=60,0.016666666667,0.15,0.0,-0.133333333333,0.016666666667,Continuity
HarvestCap,20260821,Player-visible continuity,Continuity.HomeStateMismatchRate,paired_snapshots=60,0.016666666667,0.133333333333,0.0,-0.11666666666599998,0.016666666667,Continuity
HarvestCap,20260822,Player-visible continuity,Continuity.HomeStateMismatchRate,paired_snapshots=60,0.083333333333,0.25,0.0,-0.166666666667,0.083333333333,Continuity
HarvestCap,20260823,Player-visible continuity,Continuity.HomeStateMismatchRate,paired_snapshots=60,0.066666666667,0.266666666667,0.0,-0.2,0.066666666667,Continuity
HarvestCap,20260824,Player-visible continuity,Continuity.HomeStateMismatchRate,paired_snapshots=60,0.066666666667,0.216666666667,0.0,-0.15,0.066666666667,Continuity
HarvestCap,20260825,Player-visible continuity,Continuity.HomeStateMismatchRate,paired_snapshots=60,0.0,0.15,0.0,-0.15,0.0,Continuity
HarvestCap,20260826,Player-visible continuity,Continuity.HomeStateMismatchRate,paired_snapshots=60,0.033333333333,0.2,0.0,-0.166666666667,0.033333333333,Continuity
HarvestCap,20260827,Player-visible continuity,Continuity.HomeStateMismatchRate,paired_snapshots=60,0.033333333333,0.233333333333,0.0,-0.19999999999999998,0.033333333333,Continuity
HarvestCap,20260828,Player-visible continuity,Continuity.HomeStateMismatchRate,paired_snapshots=60,0.033333333333,0.216666666667,0.0,-0.18333333333399998,0.033333333333,Continuity
HarvestCap,20260829,Player-visible continuity,Continuity.HomeStateMismatchRate,paired_snapshots=60,0.0,0.166666666667,0.0,-0.166666666667,0.0,Continuity
HarvestCap,20260830,Player-visible continuity,Continuity.HomeStateMismatchRate,paired_snapshots=60,0.066666666667,0.266666666667,0.0,-0.2,0.066666666667,Continuity
HarvestCap,20260831,Player-visible continuity,Continuity.HomeStateMismatchRate,paired_snapshots=60,0.033333333333,0.183333333333,0.0,-0.15,0.033333333333,Continuity
HarvestCap,20260832,Player-visible continuity,Continuity.HomeStateMismatchRate,paired_snapshots=60,0.016666666667,0.2,0.0,-0.183333333333,0.016666666667,Continuity
HarvestCap,20260833,Player-visible continuity,Continuity.HomeStateMismatchRate,paired_snapshots=60,0.016666666667,0.116666666667,0.0,-0.1,0.016666666667,Continuity
HarvestCap,20260834,Player-visible continuity,Continuity.HomeStateMismatchRate,paired_snapshots=60,0.033333333333,0.183333333333,0.0,-0.15,0.033333333333,Continuity
HarvestCap,20260835,Player-visible continuity,Continuity.HomeStateMismatchRate,paired_snapshots=60,0.033333333333,0.166666666667,0.0,-0.133333333334,0.033333333333,Continuity
HarvestCap,20260836,Player-visible continuity,Continuity.HomeStateMismatchRate,paired_snapshots=60,0.033333333333,0.15,0.0,-0.11666666666699999,0.033333333333,Continuity
HarvestCap,20260837,Player-visible continuity,Continuity.HomeStateMismatchRate,paired_snapshots=60,0.05,0.216666666667,0.0,-0.16666666666699997,0.05,Continuity
HarvestCap,20260838,Player-visible continuity,Continuity.HomeStateMismatchRate,paired_snapshots=60,0.05,0.166666666667,0.0,-0.116666666667,0.05,Continuity
HarvestCap,20260839,Player-visible continuity,Continuity.HomeStateMismatchRate,paired_snapshots=60,0.0,0.1,0.0,-0.1,0.0,Continuity
HarvestCap,20260840,Player-visible continuity,Continuity.HomeStateMismatchRate,paired_snapshots=60,0.0,0.133333333333,0.0,-0.133333333333,0.0,Continuity
HarvestCap,20260841,Player-visible continuity,Continuity.HomeStateMismatchRate,paired_snapshots=60,0.066666666667,0.233333333333,0.0,-0.166666666666,0.066666666667,Continuity
HarvestCap,20260842,Player-visible continuity,Continuity.HomeStateMismatchRate,paired_snapshots=60,0.033333333333,0.1,0.0,-0.066666666667,0.033333333333,Continuity
HarvestCap,20260843,Player-visible continuity,Continuity.HomeStateMismatchRate,paired_snapshots=60,0.016666666667,0.183333333333,0.0,-0.166666666666,0.016666666667,Continuity
HarvestCap,20260844,Player-visible continuity,Continuity.HomeStateMismatchRate,paired_snapshots=60,0.016666666667,0.083333333333,0.0,-0.06666666666599999,0.016666666667,Continuity
HarvestCap,20260815,Player-visible continuity,Continuity.InventoryWoodMAE,wood_per_paired_snapshot,0.066666666667,0.516666666667,0.0,-0.45,0.066666666667,Continuity
HarvestCap,20260816,Player-visible continuity,Continuity.InventoryWoodMAE,wood_per_paired_snapshot,0.066666666667,0.383333333333,0.0,-0.316666666666,0.066666666667,Continuity
HarvestCap,20260817,Player-visible continuity,Continuity.InventoryWoodMAE,wood_per_paired_snapshot,0.2,0.35,0.0,-0.14999999999999997,0.2,Continuity
HarvestCap,20260818,Player-visible continuity,Continuity.InventoryWoodMAE,wood_per_paired_snapshot,0.066666666667,0.25,0.0,-0.183333333333,0.066666666667,Continuity
HarvestCap,20260819,Player-visible continuity,Continuity.InventoryWoodMAE,wood_per_paired_snapshot,0.066666666667,0.616666666667,0.0,-0.55,0.066666666667,Continuity
HarvestCap,20260820,Player-visible continuity,Continuity.InventoryWoodMAE,wood_per_paired_snapshot,0.066666666667,0.283333333333,0.0,-0.21666666666599999,0.066666666667,Continuity
HarvestCap,20260821,Player-visible continuity,Continuity.InventoryWoodMAE,wood_per_paired_snapshot,0.066666666667,0.516666666667,0.0,-0.45,0.066666666667,Continuity
HarvestCap,20260822,Player-visible continuity,Continuity.InventoryWoodMAE,wood_per_paired_snapshot,0.333333333333,0.55,0.0,-0.21666666666700002,0.333333333333,Continuity
HarvestCap,20260823,Player-visible continuity,Continuity.InventoryWoodMAE,wood_per_paired_snapshot,0.133333333333,0.466666666667,0.0,-0.33333333333400006,0.133333333333,Continuity
HarvestCap,20260824,Player-visible continuity,Continuity.InventoryWoodMAE,wood_per_paired_snapshot,0.266666666667,0.35,0.0,-0.08333333333299997,0.266666666667,Continuity
HarvestCap,20260825,Player-visible continuity,Continuity.InventoryWoodMAE,wood_per_paired_snapshot,0.0,0.283333333333,0.0,-0.283333333333,0.0,Continuity
HarvestCap,20260826,Player-visible continuity,Continuity.InventoryWoodMAE,wood_per_paired_snapshot,0.133333333333,0.35,0.0,-0.216666666667,0.133333333333,Continuity
HarvestCap,20260827,Player-visible continuity,Continuity.InventoryWoodMAE,wood_per_paired_snapshot,0.066666666667,0.583333333333,0.0,-0.516666666666,0.066666666667,Continuity
HarvestCap,20260828,Player-visible continuity,Continuity.InventoryWoodMAE,wood_per_paired_snapshot,0.133333333333,0.45,0.0,-0.31666666666700005,0.133333333333,Continuity
HarvestCap,20260829,Player-visible continuity,Continuity.InventoryWoodMAE,wood_per_paired_snapshot,0.0,0.316666666667,0.0,-0.316666666667,0.0,Continuity
HarvestCap,20260830,Player-visible continuity,Continuity.InventoryWoodMAE,wood_per_paired_snapshot,0.266666666667,0.416666666667,0.0,-0.14999999999999997,0.266666666667,Continuity
HarvestCap,20260831,Player-visible continuity,Continuity.InventoryWoodMAE,wood_per_paired_snapshot,0.066666666667,0.55,0.0,-0.48333333333300005,0.066666666667,Continuity
HarvestCap,20260832,Player-visible continuity,Continuity.InventoryWoodMAE,wood_per_paired_snapshot,0.0,0.416666666667,0.0,-0.416666666667,0.0,Continuity
HarvestCap,20260833,Player-visible continuity,Continuity.InventoryWoodMAE,wood_per_paired_snapshot,0.0,0.466666666667,0.0,-0.466666666667,0.0,Continuity
HarvestCap,20260834,Player-visible continuity,Continuity.InventoryWoodMAE,wood_per_paired_snapshot,0.133333333333,0.466666666667,0.0,-0.33333333333400006,0.133333333333,Continuity
HarvestCap,20260835,Player-visible continuity,Continuity.InventoryWoodMAE,wood_per_paired_snapshot,0.133333333333,0.316666666667,0.0,-0.183333333334,0.133333333333,Continuity
HarvestCap,20260836,Player-visible continuity,Continuity.InventoryWoodMAE,wood_per_paired_snapshot,0.133333333333,0.283333333333,0.0,-0.15,0.133333333333,Continuity
HarvestCap,20260837,Player-visible continuity,Continuity.InventoryWoodMAE,wood_per_paired_snapshot,0.2,0.383333333333,0.0,-0.183333333333,0.2,Continuity
HarvestCap,20260838,Player-visible continuity,Continuity.InventoryWoodMAE,wood_per_paired_snapshot,0.133333333333,0.55,0.0,-0.41666666666700003,0.133333333333,Continuity
HarvestCap,20260839,Player-visible continuity,Continuity.InventoryWoodMAE,wood_per_paired_snapshot,0.0,0.25,0.0,-0.25,0.0,Continuity
HarvestCap,20260840,Player-visible continuity,Continuity.InventoryWoodMAE,wood_per_paired_snapshot,0.0,0.316666666667,0.0,-0.316666666667,0.0,Continuity
HarvestCap,20260841,Player-visible continuity,Continuity.InventoryWoodMAE,wood_per_paired_snapshot,0.266666666667,0.416666666667,0.0,-0.14999999999999997,0.266666666667,Continuity
HarvestCap,20260842,Player-visible continuity,Continuity.InventoryWoodMAE,wood_per_paired_snapshot,0.133333333333,0.4,0.0,-0.266666666667,0.133333333333,Continuity
HarvestCap,20260843,Player-visible continuity,Continuity.InventoryWoodMAE,wood_per_paired_snapshot,0.0,0.316666666667,0.0,-0.316666666667,0.0,Continuity
HarvestCap,20260844,Player-visible continuity,Continuity.InventoryWoodMAE,wood_per_paired_snapshot,0.066666666667,0.25,0.0,-0.183333333333,0.066666666667,Continuity
HarvestCap,20260815,Player-visible continuity,Continuity.InventoryWoodMismatchRate,paired_snapshots=60,0.016666666667,0.483333333333,0.0,-0.466666666666,0.016666666667,Continuity
HarvestCap,20260816,Player-visible continuity,Continuity.InventoryWoodMismatchRate,paired_snapshots=60,0.016666666667,0.266666666667,0.0,-0.25,0.016666666667,Continuity
HarvestCap,20260817,Player-visible continuity,Continuity.InventoryWoodMismatchRate,paired_snapshots=60,0.05,0.25,0.0,-0.2,0.05,Continuity
HarvestCap,20260818,Player-visible continuity,Continuity.InventoryWoodMismatchRate,paired_snapshots=60,0.016666666667,0.25,0.0,-0.233333333333,0.016666666667,Continuity
HarvestCap,20260819,Player-visible continuity,Continuity.InventoryWoodMismatchRate,paired_snapshots=60,0.016666666667,0.483333333333,0.0,-0.466666666666,0.016666666667,Continuity
HarvestCap,20260820,Player-visible continuity,Continuity.InventoryWoodMismatchRate,paired_snapshots=60,0.016666666667,0.25,0.0,-0.233333333333,0.016666666667,Continuity
HarvestCap,20260821,Player-visible continuity,Continuity.InventoryWoodMismatchRate,paired_snapshots=60,0.016666666667,0.483333333333,0.0,-0.466666666666,0.016666666667,Continuity
HarvestCap,20260822,Player-visible continuity,Continuity.InventoryWoodMismatchRate,paired_snapshots=60,0.083333333333,0.3,0.0,-0.216666666667,0.083333333333,Continuity
HarvestCap,20260823,Player-visible continuity,Continuity.InventoryWoodMismatchRate,paired_snapshots=60,0.033333333333,0.366666666667,0.0,-0.333333333334,0.033333333333,Continuity
HarvestCap,20260824,Player-visible continuity,Continuity.InventoryWoodMismatchRate,paired_snapshots=60,0.066666666667,0.25,0.0,-0.183333333333,0.066666666667,Continuity
HarvestCap,20260825,Player-visible continuity,Continuity.InventoryWoodMismatchRate,paired_snapshots=60,0.0,0.25,0.0,-0.25,0.0,Continuity
HarvestCap,20260826,Player-visible continuity,Continuity.InventoryWoodMismatchRate,paired_snapshots=60,0.033333333333,0.266666666667,0.0,-0.233333333334,0.033333333333,Continuity
HarvestCap,20260827,Player-visible continuity,Continuity.InventoryWoodMismatchRate,paired_snapshots=60,0.016666666667,0.3,0.0,-0.283333333333,0.016666666667,Continuity
HarvestCap,20260828,Player-visible continuity,Continuity.InventoryWoodMismatchRate,paired_snapshots=60,0.033333333333,0.283333333333,0.0,-0.24999999999999997,0.033333333333,Continuity
HarvestCap,20260829,Player-visible continuity,Continuity.InventoryWoodMismatchRate,paired_snapshots=60,0.0,0.266666666667,0.0,-0.266666666667,0.0,Continuity
HarvestCap,20260830,Player-visible continuity,Continuity.InventoryWoodMismatchRate,paired_snapshots=60,0.066666666667,0.266666666667,0.0,-0.2,0.066666666667,Continuity
HarvestCap,20260831,Player-visible continuity,Continuity.InventoryWoodMismatchRate,paired_snapshots=60,0.016666666667,0.483333333333,0.0,-0.466666666666,0.016666666667,Continuity
HarvestCap,20260832,Player-visible continuity,Continuity.InventoryWoodMismatchRate,paired_snapshots=60,0.0,0.283333333333,0.0,-0.283333333333,0.0,Continuity
HarvestCap,20260833,Player-visible continuity,Continuity.InventoryWoodMismatchRate,paired_snapshots=60,0.0,0.366666666667,0.0,-0.366666666667,0.0,Continuity
HarvestCap,20260834,Player-visible continuity,Continuity.InventoryWoodMismatchRate,paired_snapshots=60,0.033333333333,0.366666666667,0.0,-0.333333333334,0.033333333333,Continuity
HarvestCap,20260835,Player-visible continuity,Continuity.InventoryWoodMismatchRate,paired_snapshots=60,0.033333333333,0.25,0.0,-0.216666666667,0.033333333333,Continuity
HarvestCap,20260836,Player-visible continuity,Continuity.InventoryWoodMismatchRate,paired_snapshots=60,0.033333333333,0.25,0.0,-0.216666666667,0.033333333333,Continuity
HarvestCap,20260837,Player-visible continuity,Continuity.InventoryWoodMismatchRate,paired_snapshots=60,0.05,0.266666666667,0.0,-0.21666666666700002,0.05,Continuity
HarvestCap,20260838,Player-visible continuity,Continuity.InventoryWoodMismatchRate,paired_snapshots=60,0.033333333333,0.483333333333,0.0,-0.45,0.033333333333,Continuity
HarvestCap,20260839,Player-visible continuity,Continuity.InventoryWoodMismatchRate,paired_snapshots=60,0.0,0.25,0.0,-0.25,0.0,Continuity
HarvestCap,20260840,Player-visible continuity,Continuity.InventoryWoodMismatchRate,paired_snapshots=60,0.0,0.25,0.0,-0.25,0.0,Continuity
HarvestCap,20260841,Player-visible continuity,Continuity.InventoryWoodMismatchRate,paired_snapshots=60,0.066666666667,0.266666666667,0.0,-0.2,0.066666666667,Continuity
HarvestCap,20260842,Player-visible continuity,Continuity.InventoryWoodMismatchRate,paired_snapshots=60,0.033333333333,0.366666666667,0.0,-0.333333333334,0.033333333333,Continuity
HarvestCap,20260843,Player-visible continuity,Continuity.InventoryWoodMismatchRate,paired_snapshots=60,0.0,0.25,0.0,-0.25,0.0,Continuity
HarvestCap,20260844,Player-visible continuity,Continuity.InventoryWoodMismatchRate,paired_snapshots=60,0.016666666667,0.25,0.0,-0.233333333333,0.016666666667,Continuity
HarvestCap,20260815,Player-visible continuity,Continuity.InventoryWoodNormalizedMAE,abs_error_div_max_1_abs_oracle,0.016666666667,0.479166666667,0.0,-0.46249999999999997,0.016666666667,Continuity
HarvestCap,20260816,Player-visible continuity,Continuity.InventoryWoodNormalizedMAE,abs_error_div_max_1_abs_oracle,0.016666666667,0.258333333333,0.0,-0.241666666666,0.016666666667,Continuity
HarvestCap,20260817,Player-visible continuity,Continuity.InventoryWoodNormalizedMAE,abs_error_div_max_1_abs_oracle,0.1,0.2375,0.0,-0.13749999999999998,0.1,Continuity
HarvestCap,20260818,Player-visible continuity,Continuity.InventoryWoodNormalizedMAE,abs_error_div_max_1_abs_oracle,0.066666666667,0.25,0.0,-0.183333333333,0.066666666667,Continuity
HarvestCap,20260819,Player-visible continuity,Continuity.InventoryWoodNormalizedMAE,abs_error_div_max_1_abs_oracle,0.016666666667,0.466666666667,0.0,-0.45,0.016666666667,Continuity
HarvestCap,20260820,Player-visible continuity,Continuity.InventoryWoodNormalizedMAE,abs_error_div_max_1_abs_oracle,0.066666666667,0.245833333333,0.0,-0.179166666666,0.066666666667,Continuity
HarvestCap,20260821,Player-visible continuity,Continuity.InventoryWoodNormalizedMAE,abs_error_div_max_1_abs_oracle,0.066666666667,0.479166666667,0.0,-0.4125,0.066666666667,Continuity
HarvestCap,20260822,Player-visible continuity,Continuity.InventoryWoodNormalizedMAE,abs_error_div_max_1_abs_oracle,0.183333333333,0.2875,0.0,-0.10416666666699997,0.183333333333,Continuity
HarvestCap,20260823,Player-visible continuity,Continuity.InventoryWoodNormalizedMAE,abs_error_div_max_1_abs_oracle,0.083333333333,0.354166666667,0.0,-0.27083333333399995,0.083333333333,Continuity
HarvestCap,20260824,Player-visible continuity,Continuity.InventoryWoodNormalizedMAE,abs_error_div_max_1_abs_oracle,0.116666666667,0.2375,0.0,-0.12083333333299999,0.116666666667,Continuity
HarvestCap,20260825,Player-visible continuity,Continuity.InventoryWoodNormalizedMAE,abs_error_div_max_1_abs_oracle,0.0,0.245833333333,0.0,-0.245833333333,0.0,Continuity
HarvestCap,20260826,Player-visible continuity,Continuity.InventoryWoodNormalizedMAE,abs_error_div_max_1_abs_oracle,0.083333333333,0.2625,0.0,-0.179166666667,0.083333333333,Continuity
HarvestCap,20260827,Player-visible continuity,Continuity.InventoryWoodNormalizedMAE,abs_error_div_max_1_abs_oracle,0.016666666667,0.283333333333,0.0,-0.266666666666,0.016666666667,Continuity
HarvestCap,20260828,Player-visible continuity,Continuity.InventoryWoodNormalizedMAE,abs_error_div_max_1_abs_oracle,0.033333333333,0.275,0.0,-0.241666666667,0.033333333333,Continuity
HarvestCap,20260829,Player-visible continuity,Continuity.InventoryWoodNormalizedMAE,abs_error_div_max_1_abs_oracle,0.0,0.266666666667,0.0,-0.266666666667,0.0,Continuity
HarvestCap,20260830,Player-visible continuity,Continuity.InventoryWoodNormalizedMAE,abs_error_div_max_1_abs_oracle,0.166666666667,0.254166666667,0.0,-0.0875,0.166666666667,Continuity
HarvestCap,20260831,Player-visible continuity,Continuity.InventoryWoodNormalizedMAE,abs_error_div_max_1_abs_oracle,0.016666666667,0.475,0.0,-0.45833333333299997,0.016666666667,Continuity
HarvestCap,20260832,Player-visible continuity,Continuity.InventoryWoodNormalizedMAE,abs_error_div_max_1_abs_oracle,0.0,0.279166666667,0.0,-0.279166666667,0.0,Continuity
HarvestCap,20260833,Player-visible continuity,Continuity.InventoryWoodNormalizedMAE,abs_error_div_max_1_abs_oracle,0.0,0.354166666667,0.0,-0.354166666667,0.0,Continuity
HarvestCap,20260834,Player-visible continuity,Continuity.InventoryWoodNormalizedMAE,abs_error_div_max_1_abs_oracle,0.083333333333,0.354166666667,0.0,-0.27083333333399995,0.083333333333,Continuity
HarvestCap,20260835,Player-visible continuity,Continuity.InventoryWoodNormalizedMAE,abs_error_div_max_1_abs_oracle,0.033333333333,0.241666666667,0.0,-0.208333333334,0.033333333333,Continuity
HarvestCap,20260836,Player-visible continuity,Continuity.InventoryWoodNormalizedMAE,abs_error_div_max_1_abs_oracle,0.133333333333,0.245833333333,0.0,-0.11250000000000002,0.133333333333,Continuity
HarvestCap,20260837,Player-visible continuity,Continuity.InventoryWoodNormalizedMAE,abs_error_div_max_1_abs_oracle,0.15,0.258333333333,0.0,-0.10833333333300002,0.15,Continuity
HarvestCap,20260838,Player-visible continuity,Continuity.InventoryWoodNormalizedMAE,abs_error_div_max_1_abs_oracle,0.133333333333,0.475,0.0,-0.34166666666699996,0.133333333333,Continuity
HarvestCap,20260839,Player-visible continuity,Continuity.InventoryWoodNormalizedMAE,abs_error_div_max_1_abs_oracle,0.0,0.25,0.0,-0.25,0.0,Continuity
HarvestCap,20260840,Player-visible continuity,Continuity.InventoryWoodNormalizedMAE,abs_error_div_max_1_abs_oracle,0.0,0.241666666667,0.0,-0.241666666667,0.0,Continuity
HarvestCap,20260841,Player-visible continuity,Continuity.InventoryWoodNormalizedMAE,abs_error_div_max_1_abs_oracle,0.166666666667,0.254166666667,0.0,-0.0875,0.166666666667,Continuity
HarvestCap,20260842,Player-visible continuity,Continuity.InventoryWoodNormalizedMAE,abs_error_div_max_1_abs_oracle,0.083333333333,0.3625,0.0,-0.27916666666699996,0.083333333333,Continuity
HarvestCap,20260843,Player-visible continuity,Continuity.InventoryWoodNormalizedMAE,abs_error_div_max_1_abs_oracle,0.0,0.241666666667,0.0,-0.241666666667,0.0,Continuity
HarvestCap,20260844,Player-visible continuity,Continuity.InventoryWoodNormalizedMAE,abs_error_div_max_1_abs_oracle,0.066666666667,0.25,0.0,-0.183333333333,0.066666666667,Continuity
HarvestCap,20260815,Player-visible continuity,Continuity.KingdomMismatchRate,paired_snapshots=60,0.0,0.0,0.0,0.0,0.0,Continuity
HarvestCap,20260816,Player-visible continuity,Continuity.KingdomMismatchRate,paired_snapshots=60,0.0,0.0,0.0,0.0,0.0,Continuity
HarvestCap,20260817,Player-visible continuity,Continuity.KingdomMismatchRate,paired_snapshots=60,0.0,0.0,0.0,0.0,0.0,Continuity
HarvestCap,20260818,Player-visible continuity,Continuity.KingdomMismatchRate,paired_snapshots=60,0.0,0.0,0.0,0.0,0.0,Continuity
HarvestCap,20260819,Player-visible continuity,Continuity.KingdomMismatchRate,paired_snapshots=60,0.0,0.0,0.0,0.0,0.0,Continuity
HarvestCap,20260820,Player-visible continuity,Continuity.KingdomMismatchRate,paired_snapshots=60,0.0,0.0,0.0,0.0,0.0,Continuity
HarvestCap,20260821,Player-visible continuity,Continuity.KingdomMismatchRate,paired_snapshots=60,0.0,0.0,0.0,0.0,0.0,Continuity
HarvestCap,20260822,Player-visible continuity,Continuity.KingdomMismatchRate,paired_snapshots=60,0.0,0.0,0.0,0.0,0.0,Continuity
HarvestCap,20260823,Player-visible continuity,Continuity.KingdomMismatchRate,paired_snapshots=60,0.0,0.0,0.0,0.0,0.0,Continuity
HarvestCap,20260824,Player-visible continuity,Continuity.KingdomMismatchRate,paired_snapshots=60,0.0,0.0,0.0,0.0,0.0,Continuity
HarvestCap,20260825,Player-visible continuity,Continuity.KingdomMismatchRate,paired_snapshots=60,0.0,0.0,0.0,0.0,0.0,Continuity
HarvestCap,20260826,Player-visible continuity,Continuity.KingdomMismatchRate,paired_snapshots=60,0.0,0.0,0.0,0.0,0.0,Continuity
HarvestCap,20260827,Player-visible continuity,Continuity.KingdomMismatchRate,paired_snapshots=60,0.0,0.0,0.0,0.0,0.0,Continuity
HarvestCap,20260828,Player-visible continuity,Continuity.KingdomMismatchRate,paired_snapshots=60,0.0,0.0,0.0,0.0,0.0,Continuity
HarvestCap,20260829,Player-visible continuity,Continuity.KingdomMismatchRate,paired_snapshots=60,0.0,0.0,0.0,0.0,0.0,Continuity
HarvestCap,20260830,Player-visible continuity,Continuity.KingdomMismatchRate,paired_snapshots=60,0.0,0.0,0.0,0.0,0.0,Continuity
HarvestCap,20260831,Player-visible continuity,Continuity.KingdomMismatchRate,paired_snapshots=60,0.0,0.0,0.0,0.0,0.0,Continuity
HarvestCap,20260832,Player-visible continuity,Continuity.KingdomMismatchRate,paired_snapshots=60,0.0,0.0,0.0,0.0,0.0,Continuity
HarvestCap,20260833,Player-visible continuity,Continuity.KingdomMismatchRate,paired_snapshots=60,0.0,0.0,0.0,0.0,0.0,Continuity
HarvestCap,20260834,Player-visible continuity,Continuity.KingdomMismatchRate,paired_snapshots=60,0.0,0.0,0.0,0.0,0.0,Continuity
HarvestCap,20260835,Player-visible continuity,Continuity.KingdomMismatchRate,paired_snapshots=60,0.0,0.0,0.0,0.0,0.0,Continuity
HarvestCap,20260836,Player-visible continuity,Continuity.KingdomMismatchRate,paired_snapshots=60,0.0,0.0,0.0,0.0,0.0,Continuity
HarvestCap,20260837,Player-visible continuity,Continuity.KingdomMismatchRate,paired_snapshots=60,0.0,0.0,0.0,0.0,0.0,Continuity
HarvestCap,20260838,Player-visible continuity,Continuity.KingdomMismatchRate,paired_snapshots=60,0.0,0.0,0.0,0.0,0.0,Continuity
HarvestCap,20260839,Player-visible continuity,Continuity.KingdomMismatchRate,paired_snapshots=60,0.0,0.0,0.0,0.0,0.0,Continuity
HarvestCap,20260840,Player-visible continuity,Continuity.KingdomMismatchRate,paired_snapshots=60,0.0,0.0,0.0,0.0,0.0,Continuity
HarvestCap,20260841,Player-visible continuity,Continuity.KingdomMismatchRate,paired_snapshots=60,0.0,0.0,0.0,0.0,0.0,Continuity
HarvestCap,20260842,Player-visible continuity,Continuity.KingdomMismatchRate,paired_snapshots=60,0.0,0.0,0.0,0.0,0.0,Continuity
HarvestCap,20260843,Player-visible continuity,Continuity.KingdomMismatchRate,paired_snapshots=60,0.0,0.0,0.0,0.0,0.0,Continuity
HarvestCap,20260844,Player-visible continuity,Continuity.KingdomMismatchRate,paired_snapshots=60,0.0,0.0,0.0,0.0,0.0,Continuity
HarvestCap,20260815,Player-visible continuity,Continuity.MoneyMAE,coin_per_paired_snapshot,1.066666666667,2.866666666667,0.0,-1.8000000000000003,1.066666666667,Continuity
HarvestCap,20260816,Player-visible continuity,Continuity.MoneyMAE,coin_per_paired_snapshot,1.45,3.316666666667,0.0,-1.866666666667,1.45,Continuity
HarvestCap,20260817,Player-visible continuity,Continuity.MoneyMAE,coin_per_paired_snapshot,1.3,3.516666666667,0.0,-2.216666666667,1.3,Continuity
HarvestCap,20260818,Player-visible continuity,Continuity.MoneyMAE,coin_per_paired_snapshot,1.016666666667,3.15,0.0,-2.133333333333,1.016666666667,Continuity
HarvestCap,20260819,Player-visible continuity,Continuity.MoneyMAE,coin_per_paired_snapshot,1.066666666667,3.233333333333,0.0,-2.166666666666,1.066666666667,Continuity
HarvestCap,20260820,Player-visible continuity,Continuity.MoneyMAE,coin_per_paired_snapshot,1.05,3.083333333333,0.0,-2.033333333333,1.05,Continuity
HarvestCap,20260821,Player-visible continuity,Continuity.MoneyMAE,coin_per_paired_snapshot,0.983333333333,2.7,0.0,-1.7166666666670003,0.983333333333,Continuity
HarvestCap,20260822,Player-visible continuity,Continuity.MoneyMAE,coin_per_paired_snapshot,0.933333333333,3.316666666667,0.0,-2.383333333334,0.933333333333,Continuity
HarvestCap,20260823,Player-visible continuity,Continuity.MoneyMAE,coin_per_paired_snapshot,1.116666666667,3.183333333333,0.0,-2.0666666666660003,1.116666666667,Continuity
HarvestCap,20260824,Player-visible continuity,Continuity.MoneyMAE,coin_per_paired_snapshot,1.133333333333,3.083333333333,0.0,-1.95,1.133333333333,Continuity
HarvestCap,20260825,Player-visible continuity,Continuity.MoneyMAE,coin_per_paired_snapshot,1.183333333333,3.183333333333,0.0,-2.0,1.183333333333,Continuity
HarvestCap,20260826,Player-visible continuity,Continuity.MoneyMAE,coin_per_paired_snapshot,1.2,3.233333333333,0.0,-2.033333333333,1.2,Continuity
HarvestCap,20260827,Player-visible continuity,Continuity.MoneyMAE,coin_per_paired_snapshot,0.983333333333,3.316666666667,0.0,-2.333333333334,0.983333333333,Continuity
HarvestCap,20260828,Player-visible continuity,Continuity.MoneyMAE,coin_per_paired_snapshot,1.216666666667,3.116666666667,0.0,-1.9000000000000001,1.216666666667,Continuity
HarvestCap,20260829,Player-visible continuity,Continuity.MoneyMAE,coin_per_paired_snapshot,1.216666666667,2.933333333333,0.0,-1.716666666666,1.216666666667,Continuity
HarvestCap,20260830,Player-visible continuity,Continuity.MoneyMAE,coin_per_paired_snapshot,0.9,3.15,0.0,-2.25,0.9,Continuity
HarvestCap,20260831,Player-visible continuity,Continuity.MoneyMAE,coin_per_paired_snapshot,1.15,3.183333333333,0.0,-2.033333333333,1.15,Continuity
HarvestCap,20260832,Player-visible continuity,Continuity.MoneyMAE,coin_per_paired_snapshot,0.883333333333,3.116666666667,0.0,-2.2333333333340004,0.883333333333,Continuity
HarvestCap,20260833,Player-visible continuity,Continuity.MoneyMAE,coin_per_paired_snapshot,1.316666666667,2.766666666667,0.0,-1.4500000000000002,1.316666666667,Continuity
HarvestCap,20260834,Player-visible continuity,Continuity.MoneyMAE,coin_per_paired_snapshot,1.283333333333,2.75,0.0,-1.466666666667,1.283333333333,Continuity
HarvestCap,20260835,Player-visible continuity,Continuity.MoneyMAE,coin_per_paired_snapshot,1.183333333333,3.066666666667,0.0,-1.8833333333339999,1.183333333333,Continuity
HarvestCap,20260836,Player-visible continuity,Continuity.MoneyMAE,coin_per_paired_snapshot,1.133333333333,3.2,0.0,-2.0666666666670004,1.133333333333,Continuity
HarvestCap,20260837,Player-visible continuity,Continuity.MoneyMAE,coin_per_paired_snapshot,1.266666666667,3.183333333333,0.0,-1.9166666666660002,1.266666666667,Continuity
HarvestCap,20260838,Player-visible continuity,Continuity.MoneyMAE,coin_per_paired_snapshot,1.0,3.083333333333,0.0,-2.083333333333,1.0,Continuity
HarvestCap,20260839,Player-visible continuity,Continuity.MoneyMAE,coin_per_paired_snapshot,1.233333333333,2.9,0.0,-1.6666666666669998,1.233333333333,Continuity
HarvestCap,20260840,Player-visible continuity,Continuity.MoneyMAE,coin_per_paired_snapshot,0.833333333333,3.083333333333,0.0,-2.25,0.833333333333,Continuity
HarvestCap,20260841,Player-visible continuity,Continuity.MoneyMAE,coin_per_paired_snapshot,1.116666666667,3.366666666667,0.0,-2.25,1.116666666667,Continuity
HarvestCap,20260842,Player-visible continuity,Continuity.MoneyMAE,coin_per_paired_snapshot,1.15,2.666666666667,0.0,-1.5166666666670001,1.15,Continuity
HarvestCap,20260843,Player-visible continuity,Continuity.MoneyMAE,coin_per_paired_snapshot,1.333333333333,2.916666666667,0.0,-1.583333333334,1.333333333333,Continuity
HarvestCap,20260844,Player-visible continuity,Continuity.MoneyMAE,coin_per_paired_snapshot,1.2,3.066666666667,0.0,-1.866666666667,1.2,Continuity
HarvestCap,20260815,Player-visible continuity,Continuity.MoneyMismatchRate,paired_snapshots=60,0.616666666667,0.833333333333,0.0,-0.21666666666599999,0.616666666667,Continuity
HarvestCap,20260816,Player-visible continuity,Continuity.MoneyMismatchRate,paired_snapshots=60,0.783333333333,0.95,0.0,-0.16666666666699992,0.783333333333,Continuity
HarvestCap,20260817,Player-visible continuity,Continuity.MoneyMismatchRate,paired_snapshots=60,0.733333333333,0.933333333333,0.0,-0.19999999999999996,0.733333333333,Continuity
HarvestCap,20260818,Player-visible continuity,Continuity.MoneyMismatchRate,paired_snapshots=60,0.616666666667,0.85,0.0,-0.233333333333,0.616666666667,Continuity
HarvestCap,20260819,Player-visible continuity,Continuity.MoneyMismatchRate,paired_snapshots=60,0.75,0.8,0.0,-0.050000000000000044,0.75,Continuity
HarvestCap,20260820,Player-visible continuity,Continuity.MoneyMismatchRate,paired_snapshots=60,0.7,0.883333333333,0.0,-0.18333333333300006,0.7,Continuity
HarvestCap,20260821,Player-visible continuity,Continuity.MoneyMismatchRate,paired_snapshots=60,0.666666666667,0.766666666667,0.0,-0.09999999999999998,0.666666666667,Continuity
HarvestCap,20260822,Player-visible continuity,Continuity.MoneyMismatchRate,paired_snapshots=60,0.633333333333,0.933333333333,0.0,-0.29999999999999993,0.633333333333,Continuity
HarvestCap,20260823,Player-visible continuity,Continuity.MoneyMismatchRate,paired_snapshots=60,0.65,0.933333333333,0.0,-0.2833333333329999,0.65,Continuity
HarvestCap,20260824,Player-visible continuity,Continuity.MoneyMismatchRate,paired_snapshots=60,0.65,0.866666666667,0.0,-0.21666666666699996,0.65,Continuity
HarvestCap,20260825,Player-visible continuity,Continuity.MoneyMismatchRate,paired_snapshots=60,0.716666666667,0.916666666667,0.0,-0.20000000000000007,0.716666666667,Continuity
HarvestCap,20260826,Player-visible continuity,Continuity.MoneyMismatchRate,paired_snapshots=60,0.716666666667,0.833333333333,0.0,-0.11666666666600001,0.716666666667,Continuity
HarvestCap,20260827,Player-visible continuity,Continuity.MoneyMismatchRate,paired_snapshots=60,0.65,0.85,0.0,-0.19999999999999996,0.65,Continuity
HarvestCap,20260828,Player-visible continuity,Continuity.MoneyMismatchRate,paired_snapshots=60,0.683333333333,0.9,0.0,-0.21666666666700007,0.683333333333,Continuity
HarvestCap,20260829,Player-visible continuity,Continuity.MoneyMismatchRate,paired_snapshots=60,0.766666666667,0.8,0.0,-0.03333333333300004,0.766666666667,Continuity
HarvestCap,20260830,Player-visible continuity,Continuity.MoneyMismatchRate,paired_snapshots=60,0.5,0.883333333333,0.0,-0.383333333333,0.5,Continuity
HarvestCap,20260831,Player-visible continuity,Continuity.MoneyMismatchRate,paired_snapshots=60,0.716666666667,0.9,0.0,-0.18333333333300006,0.716666666667,Continuity
HarvestCap,20260832,Player-visible continuity,Continuity.MoneyMismatchRate,paired_snapshots=60,0.6,0.966666666667,0.0,-0.366666666667,0.6,Continuity
HarvestCap,20260833,Player-visible continuity,Continuity.MoneyMismatchRate,paired_snapshots=60,0.783333333333,0.933333333333,0.0,-0.1499999999999999,0.783333333333,Continuity
HarvestCap,20260834,Player-visible continuity,Continuity.MoneyMismatchRate,paired_snapshots=60,0.8,0.883333333333,0.0,-0.08333333333299997,0.8,Continuity
HarvestCap,20260835,Player-visible continuity,Continuity.MoneyMismatchRate,paired_snapshots=60,0.716666666667,0.866666666667,0.0,-0.15000000000000002,0.716666666667,Continuity
HarvestCap,20260836,Player-visible continuity,Continuity.MoneyMismatchRate,paired_snapshots=60,0.633333333333,0.966666666667,0.0,-0.33333333333399995,0.633333333333,Continuity
HarvestCap,20260837,Player-visible continuity,Continuity.MoneyMismatchRate,paired_snapshots=60,0.783333333333,0.866666666667,0.0,-0.08333333333399995,0.783333333333,Continuity
HarvestCap,20260838,Player-visible continuity,Continuity.MoneyMismatchRate,paired_snapshots=60,0.7,0.9,0.0,-0.20000000000000007,0.7,Continuity
HarvestCap,20260839,Player-visible continuity,Continuity.MoneyMismatchRate,paired_snapshots=60,0.75,0.9,0.0,-0.15000000000000002,0.75,Continuity
HarvestCap,20260840,Player-visible continuity,Continuity.MoneyMismatchRate,paired_snapshots=60,0.583333333333,0.9,0.0,-0.31666666666700005,0.583333333333,Continuity
HarvestCap,20260841,Player-visible continuity,Continuity.MoneyMismatchRate,paired_snapshots=60,0.65,0.966666666667,0.0,-0.31666666666699994,0.65,Continuity
HarvestCap,20260842,Player-visible continuity,Continuity.MoneyMismatchRate,paired_snapshots=60,0.733333333333,0.933333333333,0.0,-0.19999999999999996,0.733333333333,Continuity
HarvestCap,20260843,Player-visible continuity,Continuity.MoneyMismatchRate,paired_snapshots=60,0.816666666667,0.9,0.0,-0.08333333333299997,0.816666666667,Continuity
HarvestCap,20260844,Player-visible continuity,Continuity.MoneyMismatchRate,paired_snapshots=60,0.65,0.933333333333,0.0,-0.2833333333329999,0.65,Continuity
HarvestCap,20260815,Player-visible continuity,Continuity.MoneyNormalizedMAE,abs_error_div_max_1_abs_oracle,0.519761904762,1.717698412698,0.0,-1.1979365079359998,0.519761904762,Continuity
HarvestCap,20260816,Player-visible continuity,Continuity.MoneyNormalizedMAE,abs_error_div_max_1_abs_oracle,0.895833333333,2.467738095238,0.0,-1.571904761905,0.895833333333,Continuity
HarvestCap,20260817,Player-visible continuity,Continuity.MoneyNormalizedMAE,abs_error_div_max_1_abs_oracle,0.814642857143,2.644722222222,0.0,-1.8300793650790002,0.814642857143,Continuity
HarvestCap,20260818,Player-visible continuity,Continuity.MoneyNormalizedMAE,abs_error_div_max_1_abs_oracle,0.570277777778,2.169920634921,0.0,-1.599642857143,0.570277777778,Continuity
HarvestCap,20260819,Player-visible continuity,Continuity.MoneyNormalizedMAE,abs_error_div_max_1_abs_oracle,0.668650793651,2.43619047619,0.0,-1.7675396825390002,0.668650793651,Continuity
HarvestCap,20260820,Player-visible continuity,Continuity.MoneyNormalizedMAE,abs_error_div_max_1_abs_oracle,0.696031746032,2.219444444444,0.0,-1.523412698412,0.696031746032,Continuity
HarvestCap,20260821,Player-visible continuity,Continuity.MoneyNormalizedMAE,abs_error_div_max_1_abs_oracle,0.527579365079,1.770238095238,0.0,-1.242658730159,0.527579365079,Continuity
HarvestCap,20260822,Player-visible continuity,Continuity.MoneyNormalizedMAE,abs_error_div_max_1_abs_oracle,0.551865079365,2.510555555556,0.0,-1.958690476191,0.551865079365,Continuity
HarvestCap,20260823,Player-visible continuity,Continuity.MoneyNormalizedMAE,abs_error_div_max_1_abs_oracle,0.646785714286,2.337103174603,0.0,-1.690317460317,0.646785714286,Continuity
HarvestCap,20260824,Player-visible continuity,Continuity.MoneyNormalizedMAE,abs_error_div_max_1_abs_oracle,0.57126984127,1.904920634921,0.0,-1.333650793651,0.57126984127,Continuity
HarvestCap,20260825,Player-visible continuity,Continuity.MoneyNormalizedMAE,abs_error_div_max_1_abs_oracle,0.807222222222,2.353055555556,0.0,-1.5458333333340002,0.807222222222,Continuity
HarvestCap,20260826,Player-visible continuity,Continuity.MoneyNormalizedMAE,abs_error_div_max_1_abs_oracle,0.809880952381,2.465555555556,0.0,-1.655674603175,0.809880952381,Continuity
HarvestCap,20260827,Player-visible continuity,Continuity.MoneyNormalizedMAE,abs_error_div_max_1_abs_oracle,0.466468253968,2.365714285714,0.0,-1.899246031746,0.466468253968,Continuity
HarvestCap,20260828,Player-visible continuity,Continuity.MoneyNormalizedMAE,abs_error_div_max_1_abs_oracle,0.605992063492,2.175277777778,0.0,-1.5692857142860002,0.605992063492,Continuity
HarvestCap,20260829,Player-visible continuity,Continuity.MoneyNormalizedMAE,abs_error_div_max_1_abs_oracle,0.690317460317,2.18123015873,0.0,-1.4909126984130001,0.690317460317,Continuity
HarvestCap,20260830,Player-visible continuity,Continuity.MoneyNormalizedMAE,abs_error_div_max_1_abs_oracle,0.602976190476,2.405634920635,0.0,-1.8026587301589998,0.602976190476,Continuity
HarvestCap,20260831,Player-visible continuity,Continuity.MoneyNormalizedMAE,abs_error_div_max_1_abs_oracle,0.648928571429,2.277142857143,0.0,-1.6282142857140003,0.648928571429,Continuity
HarvestCap,20260832,Player-visible continuity,Continuity.MoneyNormalizedMAE,abs_error_div_max_1_abs_oracle,0.517182539683,2.228968253968,0.0,-1.711785714285,0.517182539683,Continuity
HarvestCap,20260833,Player-visible continuity,Continuity.MoneyNormalizedMAE,abs_error_div_max_1_abs_oracle,0.744880952381,1.73746031746,0.0,-0.992579365079,0.744880952381,Continuity
HarvestCap,20260834,Player-visible continuity,Continuity.MoneyNormalizedMAE,abs_error_div_max_1_abs_oracle,0.643174603175,1.787777777778,0.0,-1.144603174603,0.643174603175,Continuity
HarvestCap,20260835,Player-visible continuity,Continuity.MoneyNormalizedMAE,abs_error_div_max_1_abs_oracle,0.694722222222,2.508412698413,0.0,-1.8136904761910002,0.694722222222,Continuity
HarvestCap,20260836,Player-visible continuity,Continuity.MoneyNormalizedMAE,abs_error_div_max_1_abs_oracle,0.575555555556,2.274206349206,0.0,-1.6986507936500002,0.575555555556,Continuity
HarvestCap,20260837,Player-visible continuity,Continuity.MoneyNormalizedMAE,abs_error_div_max_1_abs_oracle,0.740555555556,2.301111111111,0.0,-1.5605555555550001,0.740555555556,Continuity
HarvestCap,20260838,Player-visible continuity,Continuity.MoneyNormalizedMAE,abs_error_div_max_1_abs_oracle,0.586349206349,2.049603174603,0.0,-1.463253968254,0.586349206349,Continuity
HarvestCap,20260839,Player-visible continuity,Continuity.MoneyNormalizedMAE,abs_error_div_max_1_abs_oracle,0.703095238095,1.95626984127,0.0,-1.253174603175,0.703095238095,Continuity
HarvestCap,20260840,Player-visible continuity,Continuity.MoneyNormalizedMAE,abs_error_div_max_1_abs_oracle,0.499166666667,2.165277777778,0.0,-1.6661111111109999,0.499166666667,Continuity
HarvestCap,20260841,Player-visible continuity,Continuity.MoneyNormalizedMAE,abs_error_div_max_1_abs_oracle,0.716428571429,2.40880952381,0.0,-1.692380952381,0.716428571429,Continuity
HarvestCap,20260842,Player-visible continuity,Continuity.MoneyNormalizedMAE,abs_error_div_max_1_abs_oracle,0.540714285714,1.478015873016,0.0,-0.937301587302,0.540714285714,Continuity
HarvestCap,20260843,Player-visible continuity,Continuity.MoneyNormalizedMAE,abs_error_div_max_1_abs_oracle,0.744206349206,1.91873015873,0.0,-1.174523809524,0.744206349206,Continuity
HarvestCap,20260844,Player-visible continuity,Continuity.MoneyNormalizedMAE,abs_error_div_max_1_abs_oracle,0.695198412698,1.792142857143,0.0,-1.096944444445,0.695198412698,Continuity
HarvestCap,20260815,Player-visible continuity,Continuity.PersistentIDMismatchRate,paired_snapshots=60,0.0,0.0,0.0,0.0,0.0,Continuity
HarvestCap,20260816,Player-visible continuity,Continuity.PersistentIDMismatchRate,paired_snapshots=60,0.0,0.0,0.0,0.0,0.0,Continuity
HarvestCap,20260817,Player-visible continuity,Continuity.PersistentIDMismatchRate,paired_snapshots=60,0.0,0.0,0.0,0.0,0.0,Continuity
HarvestCap,20260818,Player-visible continuity,Continuity.PersistentIDMismatchRate,paired_snapshots=60,0.0,0.0,0.0,0.0,0.0,Continuity
HarvestCap,20260819,Player-visible continuity,Continuity.PersistentIDMismatchRate,paired_snapshots=60,0.0,0.0,0.0,0.0,0.0,Continuity
HarvestCap,20260820,Player-visible continuity,Continuity.PersistentIDMismatchRate,paired_snapshots=60,0.0,0.0,0.0,0.0,0.0,Continuity
HarvestCap,20260821,Player-visible continuity,Continuity.PersistentIDMismatchRate,paired_snapshots=60,0.0,0.0,0.0,0.0,0.0,Continuity
HarvestCap,20260822,Player-visible continuity,Continuity.PersistentIDMismatchRate,paired_snapshots=60,0.0,0.0,0.0,0.0,0.0,Continuity
HarvestCap,20260823,Player-visible continuity,Continuity.PersistentIDMismatchRate,paired_snapshots=60,0.0,0.0,0.0,0.0,0.0,Continuity
HarvestCap,20260824,Player-visible continuity,Continuity.PersistentIDMismatchRate,paired_snapshots=60,0.0,0.0,0.0,0.0,0.0,Continuity
HarvestCap,20260825,Player-visible continuity,Continuity.PersistentIDMismatchRate,paired_snapshots=60,0.0,0.0,0.0,0.0,0.0,Continuity
HarvestCap,20260826,Player-visible continuity,Continuity.PersistentIDMismatchRate,paired_snapshots=60,0.0,0.0,0.0,0.0,0.0,Continuity
HarvestCap,20260827,Player-visible continuity,Continuity.PersistentIDMismatchRate,paired_snapshots=60,0.0,0.0,0.0,0.0,0.0,Continuity
HarvestCap,20260828,Player-visible continuity,Continuity.PersistentIDMismatchRate,paired_snapshots=60,0.0,0.0,0.0,0.0,0.0,Continuity
HarvestCap,20260829,Player-visible continuity,Continuity.PersistentIDMismatchRate,paired_snapshots=60,0.0,0.0,0.0,0.0,0.0,Continuity
HarvestCap,20260830,Player-visible continuity,Continuity.PersistentIDMismatchRate,paired_snapshots=60,0.0,0.0,0.0,0.0,0.0,Continuity
HarvestCap,20260831,Player-visible continuity,Continuity.PersistentIDMismatchRate,paired_snapshots=60,0.0,0.0,0.0,0.0,0.0,Continuity
HarvestCap,20260832,Player-visible continuity,Continuity.PersistentIDMismatchRate,paired_snapshots=60,0.0,0.0,0.0,0.0,0.0,Continuity
HarvestCap,20260833,Player-visible continuity,Continuity.PersistentIDMismatchRate,paired_snapshots=60,0.0,0.0,0.0,0.0,0.0,Continuity
HarvestCap,20260834,Player-visible continuity,Continuity.PersistentIDMismatchRate,paired_snapshots=60,0.0,0.0,0.0,0.0,0.0,Continuity
HarvestCap,20260835,Player-visible continuity,Continuity.PersistentIDMismatchRate,paired_snapshots=60,0.0,0.0,0.0,0.0,0.0,Continuity
HarvestCap,20260836,Player-visible continuity,Continuity.PersistentIDMismatchRate,paired_snapshots=60,0.0,0.0,0.0,0.0,0.0,Continuity
HarvestCap,20260837,Player-visible continuity,Continuity.PersistentIDMismatchRate,paired_snapshots=60,0.0,0.0,0.0,0.0,0.0,Continuity
HarvestCap,20260838,Player-visible continuity,Continuity.PersistentIDMismatchRate,paired_snapshots=60,0.0,0.0,0.0,0.0,0.0,Continuity
HarvestCap,20260839,Player-visible continuity,Continuity.PersistentIDMismatchRate,paired_snapshots=60,0.0,0.0,0.0,0.0,0.0,Continuity
HarvestCap,20260840,Player-visible continuity,Continuity.PersistentIDMismatchRate,paired_snapshots=60,0.0,0.0,0.0,0.0,0.0,Continuity
HarvestCap,20260841,Player-visible continuity,Continuity.PersistentIDMismatchRate,paired_snapshots=60,0.0,0.0,0.0,0.0,0.0,Continuity
HarvestCap,20260842,Player-visible continuity,Continuity.PersistentIDMismatchRate,paired_snapshots=60,0.0,0.0,0.0,0.0,0.0,Continuity
HarvestCap,20260843,Player-visible continuity,Continuity.PersistentIDMismatchRate,paired_snapshots=60,0.0,0.0,0.0,0.0,0.0,Continuity
HarvestCap,20260844,Player-visible continuity,Continuity.PersistentIDMismatchRate,paired_snapshots=60,0.0,0.0,0.0,0.0,0.0,Continuity
HarvestCap,20260815,Player-visible continuity,Continuity.ProfessionMismatchRate,paired_snapshots=60,0.0,0.0,0.0,0.0,0.0,Continuity
HarvestCap,20260816,Player-visible continuity,Continuity.ProfessionMismatchRate,paired_snapshots=60,0.0,0.0,0.0,0.0,0.0,Continuity
HarvestCap,20260817,Player-visible continuity,Continuity.ProfessionMismatchRate,paired_snapshots=60,0.0,0.0,0.0,0.0,0.0,Continuity
HarvestCap,20260818,Player-visible continuity,Continuity.ProfessionMismatchRate,paired_snapshots=60,0.0,0.0,0.0,0.0,0.0,Continuity
HarvestCap,20260819,Player-visible continuity,Continuity.ProfessionMismatchRate,paired_snapshots=60,0.0,0.0,0.0,0.0,0.0,Continuity
HarvestCap,20260820,Player-visible continuity,Continuity.ProfessionMismatchRate,paired_snapshots=60,0.0,0.0,0.0,0.0,0.0,Continuity
HarvestCap,20260821,Player-visible continuity,Continuity.ProfessionMismatchRate,paired_snapshots=60,0.0,0.0,0.0,0.0,0.0,Continuity
HarvestCap,20260822,Player-visible continuity,Continuity.ProfessionMismatchRate,paired_snapshots=60,0.0,0.0,0.0,0.0,0.0,Continuity
HarvestCap,20260823,Player-visible continuity,Continuity.ProfessionMismatchRate,paired_snapshots=60,0.0,0.0,0.0,0.0,0.0,Continuity
HarvestCap,20260824,Player-visible continuity,Continuity.ProfessionMismatchRate,paired_snapshots=60,0.0,0.0,0.0,0.0,0.0,Continuity
HarvestCap,20260825,Player-visible continuity,Continuity.ProfessionMismatchRate,paired_snapshots=60,0.0,0.0,0.0,0.0,0.0,Continuity
HarvestCap,20260826,Player-visible continuity,Continuity.ProfessionMismatchRate,paired_snapshots=60,0.0,0.0,0.0,0.0,0.0,Continuity
HarvestCap,20260827,Player-visible continuity,Continuity.ProfessionMismatchRate,paired_snapshots=60,0.0,0.0,0.0,0.0,0.0,Continuity
HarvestCap,20260828,Player-visible continuity,Continuity.ProfessionMismatchRate,paired_snapshots=60,0.0,0.0,0.0,0.0,0.0,Continuity
HarvestCap,20260829,Player-visible continuity,Continuity.ProfessionMismatchRate,paired_snapshots=60,0.0,0.0,0.0,0.0,0.0,Continuity
HarvestCap,20260830,Player-visible continuity,Continuity.ProfessionMismatchRate,paired_snapshots=60,0.0,0.0,0.0,0.0,0.0,Continuity
HarvestCap,20260831,Player-visible continuity,Continuity.ProfessionMismatchRate,paired_snapshots=60,0.0,0.0,0.0,0.0,0.0,Continuity
HarvestCap,20260832,Player-visible continuity,Continuity.ProfessionMismatchRate,paired_snapshots=60,0.0,0.0,0.0,0.0,0.0,Continuity
HarvestCap,20260833,Player-visible continuity,Continuity.ProfessionMismatchRate,paired_snapshots=60,0.0,0.0,0.0,0.0,0.0,Continuity
HarvestCap,20260834,Player-visible continuity,Continuity.ProfessionMismatchRate,paired_snapshots=60,0.0,0.0,0.0,0.0,0.0,Continuity
HarvestCap,20260835,Player-visible continuity,Continuity.ProfessionMismatchRate,paired_snapshots=60,0.0,0.0,0.0,0.0,0.0,Continuity
HarvestCap,20260836,Player-visible continuity,Continuity.ProfessionMismatchRate,paired_snapshots=60,0.0,0.0,0.0,0.0,0.0,Continuity
HarvestCap,20260837,Player-visible continuity,Continuity.ProfessionMismatchRate,paired_snapshots=60,0.0,0.0,0.0,0.0,0.0,Continuity
HarvestCap,20260838,Player-visible continuity,Continuity.ProfessionMismatchRate,paired_snapshots=60,0.0,0.0,0.0,0.0,0.0,Continuity
HarvestCap,20260839,Player-visible continuity,Continuity.ProfessionMismatchRate,paired_snapshots=60,0.0,0.0,0.0,0.0,0.0,Continuity
HarvestCap,20260840,Player-visible continuity,Continuity.ProfessionMismatchRate,paired_snapshots=60,0.0,0.0,0.0,0.0,0.0,Continuity
HarvestCap,20260841,Player-visible continuity,Continuity.ProfessionMismatchRate,paired_snapshots=60,0.0,0.0,0.0,0.0,0.0,Continuity
HarvestCap,20260842,Player-visible continuity,Continuity.ProfessionMismatchRate,paired_snapshots=60,0.0,0.0,0.0,0.0,0.0,Continuity
HarvestCap,20260843,Player-visible continuity,Continuity.ProfessionMismatchRate,paired_snapshots=60,0.0,0.0,0.0,0.0,0.0,Continuity
HarvestCap,20260844,Player-visible continuity,Continuity.ProfessionMismatchRate,paired_snapshots=60,0.0,0.0,0.0,0.0,0.0,Continuity
HarvestCap,20260815,Player-visible continuity,Continuity.RepairCreditMAE,coin_per_paired_snapshot,0.0,0.0,0.0,0.0,0.0,Continuity
HarvestCap,20260816,Player-visible continuity,Continuity.RepairCreditMAE,coin_per_paired_snapshot,0.0,0.0,0.0,0.0,0.0,Continuity
HarvestCap,20260817,Player-visible continuity,Continuity.RepairCreditMAE,coin_per_paired_snapshot,0.0,0.0,0.0,0.0,0.0,Continuity
HarvestCap,20260818,Player-visible continuity,Continuity.RepairCreditMAE,coin_per_paired_snapshot,0.0,0.0,0.0,0.0,0.0,Continuity
HarvestCap,20260819,Player-visible continuity,Continuity.RepairCreditMAE,coin_per_paired_snapshot,0.0,0.0,0.0,0.0,0.0,Continuity
HarvestCap,20260820,Player-visible continuity,Continuity.RepairCreditMAE,coin_per_paired_snapshot,0.0,0.0,0.0,0.0,0.0,Continuity
HarvestCap,20260821,Player-visible continuity,Continuity.RepairCreditMAE,coin_per_paired_snapshot,0.0,0.0,0.0,0.0,0.0,Continuity
HarvestCap,20260822,Player-visible continuity,Continuity.RepairCreditMAE,coin_per_paired_snapshot,0.0,0.0,0.0,0.0,0.0,Continuity
HarvestCap,20260823,Player-visible continuity,Continuity.RepairCreditMAE,coin_per_paired_snapshot,0.0,0.0,0.0,0.0,0.0,Continuity
HarvestCap,20260824,Player-visible continuity,Continuity.RepairCreditMAE,coin_per_paired_snapshot,0.0,0.0,0.0,0.0,0.0,Continuity
HarvestCap,20260825,Player-visible continuity,Continuity.RepairCreditMAE,coin_per_paired_snapshot,0.0,0.0,0.0,0.0,0.0,Continuity
HarvestCap,20260826,Player-visible continuity,Continuity.RepairCreditMAE,coin_per_paired_snapshot,0.0,0.0,0.0,0.0,0.0,Continuity
HarvestCap,20260827,Player-visible continuity,Continuity.RepairCreditMAE,coin_per_paired_snapshot,0.0,0.0,0.0,0.0,0.0,Continuity
HarvestCap,20260828,Player-visible continuity,Continuity.RepairCreditMAE,coin_per_paired_snapshot,0.0,0.0,0.0,0.0,0.0,Continuity
HarvestCap,20260829,Player-visible continuity,Continuity.RepairCreditMAE,coin_per_paired_snapshot,0.0,0.0,0.0,0.0,0.0,Continuity
HarvestCap,20260830,Player-visible continuity,Continuity.RepairCreditMAE,coin_per_paired_snapshot,0.0,0.0,0.0,0.0,0.0,Continuity
HarvestCap,20260831,Player-visible continuity,Continuity.RepairCreditMAE,coin_per_paired_snapshot,0.0,0.0,0.0,0.0,0.0,Continuity
HarvestCap,20260832,Player-visible continuity,Continuity.RepairCreditMAE,coin_per_paired_snapshot,0.0,0.0,0.0,0.0,0.0,Continuity
HarvestCap,20260833,Player-visible continuity,Continuity.RepairCreditMAE,coin_per_paired_snapshot,0.0,0.0,0.0,0.0,0.0,Continuity
HarvestCap,20260834,Player-visible continuity,Continuity.RepairCreditMAE,coin_per_paired_snapshot,0.0,0.0,0.0,0.0,0.0,Continuity
HarvestCap,20260835,Player-visible continuity,Continuity.RepairCreditMAE,coin_per_paired_snapshot,0.0,0.0,0.0,0.0,0.0,Continuity
HarvestCap,20260836,Player-visible continuity,Continuity.RepairCreditMAE,coin_per_paired_snapshot,0.0,0.0,0.0,0.0,0.0,Continuity
HarvestCap,20260837,Player-visible continuity,Continuity.RepairCreditMAE,coin_per_paired_snapshot,0.0,0.0,0.0,0.0,0.0,Continuity
HarvestCap,20260838,Player-visible continuity,Continuity.RepairCreditMAE,coin_per_paired_snapshot,0.0,0.0,0.0,0.0,0.0,Continuity
HarvestCap,20260839,Player-visible continuity,Continuity.RepairCreditMAE,coin_per_paired_snapshot,0.0,0.0,0.0,0.0,0.0,Continuity
HarvestCap,20260840,Player-visible continuity,Continuity.RepairCreditMAE,coin_per_paired_snapshot,0.0,0.0,0.0,0.0,0.0,Continuity
HarvestCap,20260841,Player-visible continuity,Continuity.RepairCreditMAE,coin_per_paired_snapshot,0.0,0.0,0.0,0.0,0.0,Continuity
HarvestCap,20260842,Player-visible continuity,Continuity.RepairCreditMAE,coin_per_paired_snapshot,0.0,0.0,0.0,0.0,0.0,Continuity
HarvestCap,20260843,Player-visible continuity,Continuity.RepairCreditMAE,coin_per_paired_snapshot,0.0,0.0,0.0,0.0,0.0,Continuity
HarvestCap,20260844,Player-visible continuity,Continuity.RepairCreditMAE,coin_per_paired_snapshot,0.0,0.0,0.0,0.0,0.0,Continuity
HarvestCap,20260815,Player-visible continuity,Continuity.RepairCreditMismatchRate,paired_snapshots=60,0.0,0.0,0.0,0.0,0.0,Continuity
HarvestCap,20260816,Player-visible continuity,Continuity.RepairCreditMismatchRate,paired_snapshots=60,0.0,0.0,0.0,0.0,0.0,Continuity
HarvestCap,20260817,Player-visible continuity,Continuity.RepairCreditMismatchRate,paired_snapshots=60,0.0,0.0,0.0,0.0,0.0,Continuity
HarvestCap,20260818,Player-visible continuity,Continuity.RepairCreditMismatchRate,paired_snapshots=60,0.0,0.0,0.0,0.0,0.0,Continuity
HarvestCap,20260819,Player-visible continuity,Continuity.RepairCreditMismatchRate,paired_snapshots=60,0.0,0.0,0.0,0.0,0.0,Continuity
HarvestCap,20260820,Player-visible continuity,Continuity.RepairCreditMismatchRate,paired_snapshots=60,0.0,0.0,0.0,0.0,0.0,Continuity
HarvestCap,20260821,Player-visible continuity,Continuity.RepairCreditMismatchRate,paired_snapshots=60,0.0,0.0,0.0,0.0,0.0,Continuity
HarvestCap,20260822,Player-visible continuity,Continuity.RepairCreditMismatchRate,paired_snapshots=60,0.0,0.0,0.0,0.0,0.0,Continuity
HarvestCap,20260823,Player-visible continuity,Continuity.RepairCreditMismatchRate,paired_snapshots=60,0.0,0.0,0.0,0.0,0.0,Continuity
HarvestCap,20260824,Player-visible continuity,Continuity.RepairCreditMismatchRate,paired_snapshots=60,0.0,0.0,0.0,0.0,0.0,Continuity
HarvestCap,20260825,Player-visible continuity,Continuity.RepairCreditMismatchRate,paired_snapshots=60,0.0,0.0,0.0,0.0,0.0,Continuity
HarvestCap,20260826,Player-visible continuity,Continuity.RepairCreditMismatchRate,paired_snapshots=60,0.0,0.0,0.0,0.0,0.0,Continuity
HarvestCap,20260827,Player-visible continuity,Continuity.RepairCreditMismatchRate,paired_snapshots=60,0.0,0.0,0.0,0.0,0.0,Continuity
HarvestCap,20260828,Player-visible continuity,Continuity.RepairCreditMismatchRate,paired_snapshots=60,0.0,0.0,0.0,0.0,0.0,Continuity
HarvestCap,20260829,Player-visible continuity,Continuity.RepairCreditMismatchRate,paired_snapshots=60,0.0,0.0,0.0,0.0,0.0,Continuity
HarvestCap,20260830,Player-visible continuity,Continuity.RepairCreditMismatchRate,paired_snapshots=60,0.0,0.0,0.0,0.0,0.0,Continuity
HarvestCap,20260831,Player-visible continuity,Continuity.RepairCreditMismatchRate,paired_snapshots=60,0.0,0.0,0.0,0.0,0.0,Continuity
HarvestCap,20260832,Player-visible continuity,Continuity.RepairCreditMismatchRate,paired_snapshots=60,0.0,0.0,0.0,0.0,0.0,Continuity
HarvestCap,20260833,Player-visible continuity,Continuity.RepairCreditMismatchRate,paired_snapshots=60,0.0,0.0,0.0,0.0,0.0,Continuity
HarvestCap,20260834,Player-visible continuity,Continuity.RepairCreditMismatchRate,paired_snapshots=60,0.0,0.0,0.0,0.0,0.0,Continuity
HarvestCap,20260835,Player-visible continuity,Continuity.RepairCreditMismatchRate,paired_snapshots=60,0.0,0.0,0.0,0.0,0.0,Continuity
HarvestCap,20260836,Player-visible continuity,Continuity.RepairCreditMismatchRate,paired_snapshots=60,0.0,0.0,0.0,0.0,0.0,Continuity
HarvestCap,20260837,Player-visible continuity,Continuity.RepairCreditMismatchRate,paired_snapshots=60,0.0,0.0,0.0,0.0,0.0,Continuity
HarvestCap,20260838,Player-visible continuity,Continuity.RepairCreditMismatchRate,paired_snapshots=60,0.0,0.0,0.0,0.0,0.0,Continuity
HarvestCap,20260839,Player-visible continuity,Continuity.RepairCreditMismatchRate,paired_snapshots=60,0.0,0.0,0.0,0.0,0.0,Continuity
HarvestCap,20260840,Player-visible continuity,Continuity.RepairCreditMismatchRate,paired_snapshots=60,0.0,0.0,0.0,0.0,0.0,Continuity
HarvestCap,20260841,Player-visible continuity,Continuity.RepairCreditMismatchRate,paired_snapshots=60,0.0,0.0,0.0,0.0,0.0,Continuity
HarvestCap,20260842,Player-visible continuity,Continuity.RepairCreditMismatchRate,paired_snapshots=60,0.0,0.0,0.0,0.0,0.0,Continuity
HarvestCap,20260843,Player-visible continuity,Continuity.RepairCreditMismatchRate,paired_snapshots=60,0.0,0.0,0.0,0.0,0.0,Continuity
HarvestCap,20260844,Player-visible continuity,Continuity.RepairCreditMismatchRate,paired_snapshots=60,0.0,0.0,0.0,0.0,0.0,Continuity
HarvestCap,20260815,Player-visible continuity,Continuity.RepairCreditNormalizedMAE,abs_error_div_max_1_abs_oracle,0.0,0.0,0.0,0.0,0.0,Continuity
HarvestCap,20260816,Player-visible continuity,Continuity.RepairCreditNormalizedMAE,abs_error_div_max_1_abs_oracle,0.0,0.0,0.0,0.0,0.0,Continuity
HarvestCap,20260817,Player-visible continuity,Continuity.RepairCreditNormalizedMAE,abs_error_div_max_1_abs_oracle,0.0,0.0,0.0,0.0,0.0,Continuity
HarvestCap,20260818,Player-visible continuity,Continuity.RepairCreditNormalizedMAE,abs_error_div_max_1_abs_oracle,0.0,0.0,0.0,0.0,0.0,Continuity
HarvestCap,20260819,Player-visible continuity,Continuity.RepairCreditNormalizedMAE,abs_error_div_max_1_abs_oracle,0.0,0.0,0.0,0.0,0.0,Continuity
HarvestCap,20260820,Player-visible continuity,Continuity.RepairCreditNormalizedMAE,abs_error_div_max_1_abs_oracle,0.0,0.0,0.0,0.0,0.0,Continuity
HarvestCap,20260821,Player-visible continuity,Continuity.RepairCreditNormalizedMAE,abs_error_div_max_1_abs_oracle,0.0,0.0,0.0,0.0,0.0,Continuity
HarvestCap,20260822,Player-visible continuity,Continuity.RepairCreditNormalizedMAE,abs_error_div_max_1_abs_oracle,0.0,0.0,0.0,0.0,0.0,Continuity
HarvestCap,20260823,Player-visible continuity,Continuity.RepairCreditNormalizedMAE,abs_error_div_max_1_abs_oracle,0.0,0.0,0.0,0.0,0.0,Continuity
HarvestCap,20260824,Player-visible continuity,Continuity.RepairCreditNormalizedMAE,abs_error_div_max_1_abs_oracle,0.0,0.0,0.0,0.0,0.0,Continuity
HarvestCap,20260825,Player-visible continuity,Continuity.RepairCreditNormalizedMAE,abs_error_div_max_1_abs_oracle,0.0,0.0,0.0,0.0,0.0,Continuity
HarvestCap,20260826,Player-visible continuity,Continuity.RepairCreditNormalizedMAE,abs_error_div_max_1_abs_oracle,0.0,0.0,0.0,0.0,0.0,Continuity
HarvestCap,20260827,Player-visible continuity,Continuity.RepairCreditNormalizedMAE,abs_error_div_max_1_abs_oracle,0.0,0.0,0.0,0.0,0.0,Continuity
HarvestCap,20260828,Player-visible continuity,Continuity.RepairCreditNormalizedMAE,abs_error_div_max_1_abs_oracle,0.0,0.0,0.0,0.0,0.0,Continuity
HarvestCap,20260829,Player-visible continuity,Continuity.RepairCreditNormalizedMAE,abs_error_div_max_1_abs_oracle,0.0,0.0,0.0,0.0,0.0,Continuity
HarvestCap,20260830,Player-visible continuity,Continuity.RepairCreditNormalizedMAE,abs_error_div_max_1_abs_oracle,0.0,0.0,0.0,0.0,0.0,Continuity
HarvestCap,20260831,Player-visible continuity,Continuity.RepairCreditNormalizedMAE,abs_error_div_max_1_abs_oracle,0.0,0.0,0.0,0.0,0.0,Continuity
HarvestCap,20260832,Player-visible continuity,Continuity.RepairCreditNormalizedMAE,abs_error_div_max_1_abs_oracle,0.0,0.0,0.0,0.0,0.0,Continuity
HarvestCap,20260833,Player-visible continuity,Continuity.RepairCreditNormalizedMAE,abs_error_div_max_1_abs_oracle,0.0,0.0,0.0,0.0,0.0,Continuity
HarvestCap,20260834,Player-visible continuity,Continuity.RepairCreditNormalizedMAE,abs_error_div_max_1_abs_oracle,0.0,0.0,0.0,0.0,0.0,Continuity
HarvestCap,20260835,Player-visible continuity,Continuity.RepairCreditNormalizedMAE,abs_error_div_max_1_abs_oracle,0.0,0.0,0.0,0.0,0.0,Continuity
HarvestCap,20260836,Player-visible continuity,Continuity.RepairCreditNormalizedMAE,abs_error_div_max_1_abs_oracle,0.0,0.0,0.0,0.0,0.0,Continuity
HarvestCap,20260837,Player-visible continuity,Continuity.RepairCreditNormalizedMAE,abs_error_div_max_1_abs_oracle,0.0,0.0,0.0,0.0,0.0,Continuity
HarvestCap,20260838,Player-visible continuity,Continuity.RepairCreditNormalizedMAE,abs_error_div_max_1_abs_oracle,0.0,0.0,0.0,0.0,0.0,Continuity
HarvestCap,20260839,Player-visible continuity,Continuity.RepairCreditNormalizedMAE,abs_error_div_max_1_abs_oracle,0.0,0.0,0.0,0.0,0.0,Continuity
HarvestCap,20260840,Player-visible continuity,Continuity.RepairCreditNormalizedMAE,abs_error_div_max_1_abs_oracle,0.0,0.0,0.0,0.0,0.0,Continuity
HarvestCap,20260841,Player-visible continuity,Continuity.RepairCreditNormalizedMAE,abs_error_div_max_1_abs_oracle,0.0,0.0,0.0,0.0,0.0,Continuity
HarvestCap,20260842,Player-visible continuity,Continuity.RepairCreditNormalizedMAE,abs_error_div_max_1_abs_oracle,0.0,0.0,0.0,0.0,0.0,Continuity
HarvestCap,20260843,Player-visible continuity,Continuity.RepairCreditNormalizedMAE,abs_error_div_max_1_abs_oracle,0.0,0.0,0.0,0.0,0.0,Continuity
HarvestCap,20260844,Player-visible continuity,Continuity.RepairCreditNormalizedMAE,abs_error_div_max_1_abs_oracle,0.0,0.0,0.0,0.0,0.0,Continuity
HarvestCap,20260815,Player-visible continuity,Continuity.TaskActiveStatusMismatchRate,paired_snapshots=60,0.916666666667,0.083333333333,0.0,0.8333333333340001,0.916666666667,Continuity
HarvestCap,20260816,Player-visible continuity,Continuity.TaskActiveStatusMismatchRate,paired_snapshots=60,0.916666666667,0.083333333333,0.0,0.8333333333340001,0.916666666667,Continuity
HarvestCap,20260817,Player-visible continuity,Continuity.TaskActiveStatusMismatchRate,paired_snapshots=60,0.883333333333,0.116666666667,0.0,0.766666666666,0.883333333333,Continuity
HarvestCap,20260818,Player-visible continuity,Continuity.TaskActiveStatusMismatchRate,paired_snapshots=60,0.933333333333,0.066666666667,0.0,0.8666666666659999,0.933333333333,Continuity
HarvestCap,20260819,Player-visible continuity,Continuity.TaskActiveStatusMismatchRate,paired_snapshots=60,0.783333333333,0.216666666667,0.0,0.5666666666660001,0.783333333333,Continuity
HarvestCap,20260820,Player-visible continuity,Continuity.TaskActiveStatusMismatchRate,paired_snapshots=60,0.933333333333,0.066666666667,0.0,0.8666666666659999,0.933333333333,Continuity
HarvestCap,20260821,Player-visible continuity,Continuity.TaskActiveStatusMismatchRate,paired_snapshots=60,0.933333333333,0.066666666667,0.0,0.8666666666659999,0.933333333333,Continuity
HarvestCap,20260822,Player-visible continuity,Continuity.TaskActiveStatusMismatchRate,paired_snapshots=60,0.766666666667,0.233333333333,0.0,0.533333333334,0.766666666667,Continuity
HarvestCap,20260823,Player-visible continuity,Continuity.TaskActiveStatusMismatchRate,paired_snapshots=60,0.816666666667,0.183333333333,0.0,0.6333333333340001,0.816666666667,Continuity
HarvestCap,20260824,Player-visible continuity,Continuity.TaskActiveStatusMismatchRate,paired_snapshots=60,0.933333333333,0.066666666667,0.0,0.8666666666659999,0.933333333333,Continuity
HarvestCap,20260825,Player-visible continuity,Continuity.TaskActiveStatusMismatchRate,paired_snapshots=60,0.933333333333,0.066666666667,0.0,0.8666666666659999,0.933333333333,Continuity
HarvestCap,20260826,Player-visible continuity,Continuity.TaskActiveStatusMismatchRate,paired_snapshots=60,0.883333333333,0.116666666667,0.0,0.766666666666,0.883333333333,Continuity
HarvestCap,20260827,Player-visible continuity,Continuity.TaskActiveStatusMismatchRate,paired_snapshots=60,0.783333333333,0.216666666667,0.0,0.5666666666660001,0.783333333333,Continuity
HarvestCap,20260828,Player-visible continuity,Continuity.TaskActiveStatusMismatchRate,paired_snapshots=60,0.85,0.15,0.0,0.7,0.85,Continuity
HarvestCap,20260829,Player-visible continuity,Continuity.TaskActiveStatusMismatchRate,paired_snapshots=60,0.916666666667,0.083333333333,0.0,0.8333333333340001,0.916666666667,Continuity
HarvestCap,20260830,Player-visible continuity,Continuity.TaskActiveStatusMismatchRate,paired_snapshots=60,0.833333333333,0.166666666667,0.0,0.6666666666659999,0.833333333333,Continuity
HarvestCap,20260831,Player-visible continuity,Continuity.TaskActiveStatusMismatchRate,paired_snapshots=60,0.866666666667,0.133333333333,0.0,0.733333333334,0.866666666667,Continuity
HarvestCap,20260832,Player-visible continuity,Continuity.TaskActiveStatusMismatchRate,paired_snapshots=60,0.883333333333,0.116666666667,0.0,0.766666666666,0.883333333333,Continuity
HarvestCap,20260833,Player-visible continuity,Continuity.TaskActiveStatusMismatchRate,paired_snapshots=60,0.916666666667,0.083333333333,0.0,0.8333333333340001,0.916666666667,Continuity
HarvestCap,20260834,Player-visible continuity,Continuity.TaskActiveStatusMismatchRate,paired_snapshots=60,0.866666666667,0.133333333333,0.0,0.733333333334,0.866666666667,Continuity
HarvestCap,20260835,Player-visible continuity,Continuity.TaskActiveStatusMismatchRate,paired_snapshots=60,0.916666666667,0.083333333333,0.0,0.8333333333340001,0.916666666667,Continuity
HarvestCap,20260836,Player-visible continuity,Continuity.TaskActiveStatusMismatchRate,paired_snapshots=60,0.9,0.1,0.0,0.8,0.9,Continuity
HarvestCap,20260837,Player-visible continuity,Continuity.TaskActiveStatusMismatchRate,paired_snapshots=60,0.866666666667,0.133333333333,0.0,0.733333333334,0.866666666667,Continuity
HarvestCap,20260838,Player-visible continuity,Continuity.TaskActiveStatusMismatchRate,paired_snapshots=60,0.866666666667,0.133333333333,0.0,0.733333333334,0.866666666667,Continuity
HarvestCap,20260839,Player-visible continuity,Continuity.TaskActiveStatusMismatchRate,paired_snapshots=60,0.966666666667,0.033333333333,0.0,0.9333333333339999,0.966666666667,Continuity
HarvestCap,20260840,Player-visible continuity,Continuity.TaskActiveStatusMismatchRate,paired_snapshots=60,0.95,0.05,0.0,0.8999999999999999,0.95,Continuity
HarvestCap,20260841,Player-visible continuity,Continuity.TaskActiveStatusMismatchRate,paired_snapshots=60,0.833333333333,0.166666666667,0.0,0.6666666666659999,0.833333333333,Continuity
HarvestCap,20260842,Player-visible continuity,Continuity.TaskActiveStatusMismatchRate,paired_snapshots=60,0.95,0.05,0.0,0.8999999999999999,0.95,Continuity
HarvestCap,20260843,Player-visible continuity,Continuity.TaskActiveStatusMismatchRate,paired_snapshots=60,0.95,0.05,0.0,0.8999999999999999,0.95,Continuity
HarvestCap,20260844,Player-visible continuity,Continuity.TaskActiveStatusMismatchRate,paired_snapshots=60,0.966666666667,0.033333333333,0.0,0.9333333333339999,0.966666666667,Continuity
HarvestCap,20260815,Player-visible continuity,Continuity.TaskRemainingHoursMAE,hours;paired_same_goal_active_snapshots=0,0.0,0.0,0.0,0.0,0.0,Continuity
HarvestCap,20260816,Player-visible continuity,Continuity.TaskRemainingHoursMAE,hours;paired_same_goal_active_snapshots=0,0.0,0.0,0.0,0.0,0.0,Continuity
HarvestCap,20260817,Player-visible continuity,Continuity.TaskRemainingHoursMAE,hours;paired_same_goal_active_snapshots=0,0.0,0.0,0.0,0.0,0.0,Continuity
HarvestCap,20260818,Player-visible continuity,Continuity.TaskRemainingHoursMAE,hours;paired_same_goal_active_snapshots=0,0.0,0.0,0.0,0.0,0.0,Continuity
HarvestCap,20260819,Player-visible continuity,Continuity.TaskRemainingHoursMAE,hours;paired_same_goal_active_snapshots=0,1.846153846154,0.0,0.0,1.846153846154,1.846153846154,Continuity
HarvestCap,20260820,Player-visible continuity,Continuity.TaskRemainingHoursMAE,hours;paired_same_goal_active_snapshots=0,0.0,0.0,0.0,0.0,0.0,Continuity
HarvestCap,20260821,Player-visible continuity,Continuity.TaskRemainingHoursMAE,hours;paired_same_goal_active_snapshots=0,0.0,0.0,0.0,0.0,0.0,Continuity
HarvestCap,20260822,Player-visible continuity,Continuity.TaskRemainingHoursMAE,hours;paired_same_goal_active_snapshots=0,0.0,0.0,0.0,0.0,0.0,Continuity
HarvestCap,20260823,Player-visible continuity,Continuity.TaskRemainingHoursMAE,hours;paired_same_goal_active_snapshots=0,0.0,0.0,0.0,0.0,0.0,Continuity
HarvestCap,20260824,Player-visible continuity,Continuity.TaskRemainingHoursMAE,hours;paired_same_goal_active_snapshots=0,0.0,0.0,0.0,0.0,0.0,Continuity
HarvestCap,20260825,Player-visible continuity,Continuity.TaskRemainingHoursMAE,hours;paired_same_goal_active_snapshots=0,0.0,0.0,0.0,0.0,0.0,Continuity
HarvestCap,20260826,Player-visible continuity,Continuity.TaskRemainingHoursMAE,hours;paired_same_goal_active_snapshots=0,4.0,0.0,0.0,4.0,4.0,Continuity
HarvestCap,20260827,Player-visible continuity,Continuity.TaskRemainingHoursMAE,hours;paired_same_goal_active_snapshots=0,2.0,0.0,0.0,2.0,2.0,Continuity
HarvestCap,20260828,Player-visible continuity,Continuity.TaskRemainingHoursMAE,hours;paired_same_goal_active_snapshots=0,0.0,0.0,0.0,0.0,0.0,Continuity
HarvestCap,20260829,Player-visible continuity,Continuity.TaskRemainingHoursMAE,hours;paired_same_goal_active_snapshots=0,0.0,0.0,0.0,0.0,0.0,Continuity
HarvestCap,20260830,Player-visible continuity,Continuity.TaskRemainingHoursMAE,hours;paired_same_goal_active_snapshots=0,0.0,0.0,0.0,0.0,0.0,Continuity
HarvestCap,20260831,Player-visible continuity,Continuity.TaskRemainingHoursMAE,hours;paired_same_goal_active_snapshots=0,0.0,0.0,0.0,0.0,0.0,Continuity
HarvestCap,20260832,Player-visible continuity,Continuity.TaskRemainingHoursMAE,hours;paired_same_goal_active_snapshots=0,0.0,0.0,0.0,0.0,0.0,Continuity
HarvestCap,20260833,Player-visible continuity,Continuity.TaskRemainingHoursMAE,hours;paired_same_goal_active_snapshots=0,0.0,0.0,0.0,0.0,0.0,Continuity
HarvestCap,20260834,Player-visible continuity,Continuity.TaskRemainingHoursMAE,hours;paired_same_goal_active_snapshots=0,3.428571428571,0.0,0.0,3.428571428571,3.428571428571,Continuity
HarvestCap,20260835,Player-visible continuity,Continuity.TaskRemainingHoursMAE,hours;paired_same_goal_active_snapshots=0,6.0,0.0,0.0,6.0,6.0,Continuity
HarvestCap,20260836,Player-visible continuity,Continuity.TaskRemainingHoursMAE,hours;paired_same_goal_active_snapshots=0,0.0,0.0,0.0,0.0,0.0,Continuity
HarvestCap,20260837,Player-visible continuity,Continuity.TaskRemainingHoursMAE,hours;paired_same_goal_active_snapshots=0,0.0,0.0,0.0,0.0,0.0,Continuity
HarvestCap,20260838,Player-visible continuity,Continuity.TaskRemainingHoursMAE,hours;paired_same_goal_active_snapshots=0,0.0,0.0,0.0,0.0,0.0,Continuity
HarvestCap,20260839,Player-visible continuity,Continuity.TaskRemainingHoursMAE,hours;paired_same_goal_active_snapshots=0,0.0,0.0,0.0,0.0,0.0,Continuity
HarvestCap,20260840,Player-visible continuity,Continuity.TaskRemainingHoursMAE,hours;paired_same_goal_active_snapshots=0,0.0,0.0,0.0,0.0,0.0,Continuity
HarvestCap,20260841,Player-visible continuity,Continuity.TaskRemainingHoursMAE,hours;paired_same_goal_active_snapshots=0,3.0,0.0,0.0,3.0,3.0,Continuity
HarvestCap,20260842,Player-visible continuity,Continuity.TaskRemainingHoursMAE,hours;paired_same_goal_active_snapshots=0,0.0,0.0,0.0,0.0,0.0,Continuity
HarvestCap,20260843,Player-visible continuity,Continuity.TaskRemainingHoursMAE,hours;paired_same_goal_active_snapshots=0,0.0,0.0,0.0,0.0,0.0,Continuity
HarvestCap,20260844,Player-visible continuity,Continuity.TaskRemainingHoursMAE,hours;paired_same_goal_active_snapshots=0,0.0,0.0,0.0,0.0,0.0,Continuity
HarvestCap,20260815,Policy-effect error,PolicyEffect.DamagedWaiting,N=100,0.0,5.2047189e-05,0.0,-5.2047189e-05,0.0,Primary accuracy
HarvestCap,20260816,Policy-effect error,PolicyEffect.DamagedWaiting,N=100,0.0,6.592644e-05,0.0,-6.592644e-05,0.0,Primary accuracy
HarvestCap,20260817,Policy-effect error,PolicyEffect.DamagedWaiting,N=100,0.0,6.592644e-05,0.0,-6.592644e-05,0.0,Primary accuracy
HarvestCap,20260818,Policy-effect error,PolicyEffect.DamagedWaiting,N=100,0.0,6.592644e-05,0.0,-6.592644e-05,0.0,Primary accuracy
HarvestCap,20260819,Policy-effect error,PolicyEffect.DamagedWaiting,N=100,0.0,5.2047189e-05,0.0,-5.2047189e-05,0.0,Primary accuracy
HarvestCap,20260820,Policy-effect error,PolicyEffect.DamagedWaiting,N=100,0.0,6.592644e-05,0.0,-6.592644e-05,0.0,Primary accuracy
HarvestCap,20260821,Policy-effect error,PolicyEffect.DamagedWaiting,N=100,0.0,4.8577377e-05,0.0,-4.8577377e-05,0.0,Primary accuracy
HarvestCap,20260822,Policy-effect error,PolicyEffect.DamagedWaiting,N=100,0.0,6.592644e-05,0.0,-6.592644e-05,0.0,Primary accuracy
HarvestCap,20260823,Policy-effect error,PolicyEffect.DamagedWaiting,N=100,0.0,6.592644e-05,0.0,-6.592644e-05,0.0,Primary accuracy
HarvestCap,20260824,Policy-effect error,PolicyEffect.DamagedWaiting,N=100,0.0,6.592644e-05,0.0,-6.592644e-05,0.0,Primary accuracy
HarvestCap,20260825,Policy-effect error,PolicyEffect.DamagedWaiting,N=100,0.0,6.592644e-05,0.0,-6.592644e-05,0.0,Primary accuracy
HarvestCap,20260826,Policy-effect error,PolicyEffect.DamagedWaiting,N=100,0.0,6.592644e-05,0.0,-6.592644e-05,0.0,Primary accuracy
HarvestCap,20260827,Policy-effect error,PolicyEffect.DamagedWaiting,N=100,0.0,6.592644e-05,0.0,-6.592644e-05,0.0,Primary accuracy
HarvestCap,20260828,Policy-effect error,PolicyEffect.DamagedWaiting,N=100,0.0,6.592644e-05,0.0,-6.592644e-05,0.0,Primary accuracy
HarvestCap,20260829,Policy-effect error,PolicyEffect.DamagedWaiting,N=100,0.0,6.592644e-05,0.0,-6.592644e-05,0.0,Primary accuracy
HarvestCap,20260830,Policy-effect error,PolicyEffect.DamagedWaiting,N=100,0.0,6.592644e-05,0.0,-6.592644e-05,0.0,Primary accuracy
HarvestCap,20260831,Policy-effect error,PolicyEffect.DamagedWaiting,N=100,0.0,4.8577377e-05,0.0,-4.8577377e-05,0.0,Primary accuracy
HarvestCap,20260832,Policy-effect error,PolicyEffect.DamagedWaiting,N=100,0.0,6.9396253e-05,0.0,-6.9396253e-05,0.0,Primary accuracy
HarvestCap,20260833,Policy-effect error,PolicyEffect.DamagedWaiting,N=100,0.0,6.592644e-05,0.0,-6.592644e-05,0.0,Primary accuracy
HarvestCap,20260834,Policy-effect error,PolicyEffect.DamagedWaiting,N=100,0.0,6.592644e-05,0.0,-6.592644e-05,0.0,Primary accuracy
HarvestCap,20260835,Policy-effect error,PolicyEffect.DamagedWaiting,N=100,0.0,6.592644e-05,0.0,-6.592644e-05,0.0,Primary accuracy
HarvestCap,20260836,Policy-effect error,PolicyEffect.DamagedWaiting,N=100,0.0,6.592644e-05,0.0,-6.592644e-05,0.0,Primary accuracy
HarvestCap,20260837,Policy-effect error,PolicyEffect.DamagedWaiting,N=100,0.0,6.592644e-05,0.0,-6.592644e-05,0.0,Primary accuracy
HarvestCap,20260838,Policy-effect error,PolicyEffect.DamagedWaiting,N=100,0.0,5.2047189e-05,0.0,-5.2047189e-05,0.0,Primary accuracy
HarvestCap,20260839,Policy-effect error,PolicyEffect.DamagedWaiting,N=100,0.0,6.592644e-05,0.0,-6.592644e-05,0.0,Primary accuracy
HarvestCap,20260840,Policy-effect error,PolicyEffect.DamagedWaiting,N=100,0.0,6.592644e-05,0.0,-6.592644e-05,0.0,Primary accuracy
HarvestCap,20260841,Policy-effect error,PolicyEffect.DamagedWaiting,N=100,0.0,6.592644e-05,0.0,-6.592644e-05,0.0,Primary accuracy
HarvestCap,20260842,Policy-effect error,PolicyEffect.DamagedWaiting,N=100,0.0,6.592644e-05,0.0,-6.592644e-05,0.0,Primary accuracy
HarvestCap,20260843,Policy-effect error,PolicyEffect.DamagedWaiting,N=100,0.0,6.592644e-05,0.0,-6.592644e-05,0.0,Primary accuracy
HarvestCap,20260844,Policy-effect error,PolicyEffect.DamagedWaiting,N=100,0.0,6.9396253e-05,0.0,-6.9396253e-05,0.0,Primary accuracy
HarvestCap,20260815,Policy-effect error,PolicyEffect.ForestWood,16N=1600,0.0,0.000251978049,0.0,-0.000251978049,0.0,Primary accuracy
HarvestCap,20260816,Policy-effect error,PolicyEffect.ForestWood,16N=1600,0.0,0.000265717295,0.0,-0.000265717295,0.0,Primary accuracy
HarvestCap,20260817,Policy-effect error,PolicyEffect.ForestWood,16N=1600,0.0,0.000265717295,0.0,-0.000265717295,0.0,Primary accuracy
HarvestCap,20260818,Policy-effect error,PolicyEffect.ForestWood,16N=1600,0.0,0.000265717295,0.0,-0.000265717295,0.0,Primary accuracy
HarvestCap,20260819,Policy-effect error,PolicyEffect.ForestWood,16N=1600,0.0,0.000251978049,0.0,-0.000251978049,0.0,Primary accuracy
HarvestCap,20260820,Policy-effect error,PolicyEffect.ForestWood,16N=1600,0.0,0.000265717295,0.0,-0.000265717295,0.0,Primary accuracy
HarvestCap,20260821,Policy-effect error,PolicyEffect.ForestWood,16N=1600,0.0,0.000251978049,0.0,-0.000251978049,0.0,Primary accuracy
HarvestCap,20260822,Policy-effect error,PolicyEffect.ForestWood,16N=1600,0.0,0.000265717295,0.0,-0.000265717295,0.0,Primary accuracy
HarvestCap,20260823,Policy-effect error,PolicyEffect.ForestWood,16N=1600,0.0,0.00026473892,0.0,-0.00026473892,0.0,Primary accuracy
HarvestCap,20260824,Policy-effect error,PolicyEffect.ForestWood,16N=1600,0.0,0.000265717295,0.0,-0.000265717295,0.0,Primary accuracy
HarvestCap,20260825,Policy-effect error,PolicyEffect.ForestWood,16N=1600,0.0,0.000265717295,0.0,-0.000265717295,0.0,Primary accuracy
HarvestCap,20260826,Policy-effect error,PolicyEffect.ForestWood,16N=1600,0.0,0.000265717295,0.0,-0.000265717295,0.0,Primary accuracy
HarvestCap,20260827,Policy-effect error,PolicyEffect.ForestWood,16N=1600,0.0,0.000265717295,0.0,-0.000265717295,0.0,Primary accuracy
HarvestCap,20260828,Policy-effect error,PolicyEffect.ForestWood,16N=1600,0.0,0.000265717295,0.0,-0.000265717295,0.0,Primary accuracy
HarvestCap,20260829,Policy-effect error,PolicyEffect.ForestWood,16N=1600,0.0,0.000265717295,0.0,-0.000265717295,0.0,Primary accuracy
HarvestCap,20260830,Policy-effect error,PolicyEffect.ForestWood,16N=1600,0.0,0.000265717295,0.0,-0.000265717295,0.0,Primary accuracy
HarvestCap,20260831,Policy-effect error,PolicyEffect.ForestWood,16N=1600,0.0,0.000251978049,0.0,-0.000251978049,0.0,Primary accuracy
HarvestCap,20260832,Policy-effect error,PolicyEffect.ForestWood,16N=1600,0.0,0.000265717295,0.0,-0.000265717295,0.0,Primary accuracy
HarvestCap,20260833,Policy-effect error,PolicyEffect.ForestWood,16N=1600,0.0,0.00026473892,0.0,-0.00026473892,0.0,Primary accuracy
HarvestCap,20260834,Policy-effect error,PolicyEffect.ForestWood,16N=1600,0.0,0.00026473892,0.0,-0.00026473892,0.0,Primary accuracy
HarvestCap,20260835,Policy-effect error,PolicyEffect.ForestWood,16N=1600,0.0,0.000265717295,0.0,-0.000265717295,0.0,Primary accuracy
HarvestCap,20260836,Policy-effect error,PolicyEffect.ForestWood,16N=1600,0.0,0.000265717295,0.0,-0.000265717295,0.0,Primary accuracy
HarvestCap,20260837,Policy-effect error,PolicyEffect.ForestWood,16N=1600,0.0,0.000265717295,0.0,-0.000265717295,0.0,Primary accuracy
HarvestCap,20260838,Policy-effect error,PolicyEffect.ForestWood,16N=1600,0.0,0.000251978049,0.0,-0.000251978049,0.0,Primary accuracy
HarvestCap,20260839,Policy-effect error,PolicyEffect.ForestWood,16N=1600,0.0,0.000265717295,0.0,-0.000265717295,0.0,Primary accuracy
HarvestCap,20260840,Policy-effect error,PolicyEffect.ForestWood,16N=1600,0.0,0.000265717295,0.0,-0.000265717295,0.0,Primary accuracy
HarvestCap,20260841,Policy-effect error,PolicyEffect.ForestWood,16N=1600,0.0,0.000265717295,0.0,-0.000265717295,0.0,Primary accuracy
HarvestCap,20260842,Policy-effect error,PolicyEffect.ForestWood,16N=1600,0.0,0.00026473892,0.0,-0.00026473892,0.0,Primary accuracy
HarvestCap,20260843,Policy-effect error,PolicyEffect.ForestWood,16N=1600,0.0,0.000265717295,0.0,-0.000265717295,0.0,Primary accuracy
HarvestCap,20260844,Policy-effect error,PolicyEffect.ForestWood,16N=1600,0.0,0.000265717295,0.0,-0.000265717295,0.0,Primary accuracy
HarvestCap,20260815,Policy-effect error,PolicyEffect.MarketWoodAvailable,2N=200,0.0,0.069856002776,0.0,-0.069856002776,0.0,Primary accuracy
HarvestCap,20260816,Policy-effect error,PolicyEffect.MarketWoodAvailable,2N=200,0.0,0.077239764053,0.0,-0.077239764053,0.0,Primary accuracy
HarvestCap,20260817,Policy-effect error,PolicyEffect.MarketWoodAvailable,2N=200,0.0,0.077239764053,0.0,-0.077239764053,0.0,Primary accuracy
HarvestCap,20260818,Policy-effect error,PolicyEffect.MarketWoodAvailable,2N=200,0.0,0.077239764053,0.0,-0.077239764053,0.0,Primary accuracy
HarvestCap,20260819,Policy-effect error,PolicyEffect.MarketWoodAvailable,2N=200,0.0,0.069856002776,0.0,-0.069856002776,0.0,Primary accuracy
HarvestCap,20260820,Policy-effect error,PolicyEffect.MarketWoodAvailable,2N=200,0.0,0.077239764053,0.0,-0.077239764053,0.0,Primary accuracy
HarvestCap,20260821,Policy-effect error,PolicyEffect.MarketWoodAvailable,2N=200,0.0,0.064668632894,0.0,-0.064668632894,0.0,Primary accuracy
HarvestCap,20260822,Policy-effect error,PolicyEffect.MarketWoodAvailable,2N=200,0.0,0.077239764053,0.0,-0.077239764053,0.0,Primary accuracy
HarvestCap,20260823,Policy-effect error,PolicyEffect.MarketWoodAvailable,2N=200,0.0,0.08044240111,0.0,-0.08044240111,0.0,Primary accuracy
HarvestCap,20260824,Policy-effect error,PolicyEffect.MarketWoodAvailable,2N=200,0.0,0.077239764053,0.0,-0.077239764053,0.0,Primary accuracy
HarvestCap,20260825,Policy-effect error,PolicyEffect.MarketWoodAvailable,2N=200,0.001165857044,0.076073907009,0.0,-0.074908049965,0.001165857044,Primary accuracy
HarvestCap,20260826,Policy-effect error,PolicyEffect.MarketWoodAvailable,2N=200,0.000999306037,0.076240458015,0.0,-0.07524115197799999,0.000999306037,Primary accuracy
HarvestCap,20260827,Policy-effect error,PolicyEffect.MarketWoodAvailable,2N=200,0.0,0.077239764053,0.0,-0.077239764053,0.0,Primary accuracy
HarvestCap,20260828,Policy-effect error,PolicyEffect.MarketWoodAvailable,2N=200,0.0,0.077239764053,0.0,-0.077239764053,0.0,Primary accuracy
HarvestCap,20260829,Policy-effect error,PolicyEffect.MarketWoodAvailable,2N=200,0.0,0.077239764053,0.0,-0.077239764053,0.0,Primary accuracy
HarvestCap,20260830,Policy-effect error,PolicyEffect.MarketWoodAvailable,2N=200,0.0,0.077239764053,0.0,-0.077239764053,0.0,Primary accuracy
HarvestCap,20260831,Policy-effect error,PolicyEffect.MarketWoodAvailable,2N=200,0.0,0.064668632894,0.0,-0.064668632894,0.0,Primary accuracy
HarvestCap,20260832,Policy-effect error,PolicyEffect.MarketWoodAvailable,2N=200,0.0,0.083374392783,0.0,-0.083374392783,0.0,Primary accuracy
HarvestCap,20260833,Policy-effect error,PolicyEffect.MarketWoodAvailable,2N=200,0.0,0.08044240111,0.0,-0.08044240111,0.0,Primary accuracy
HarvestCap,20260834,Policy-effect error,PolicyEffect.MarketWoodAvailable,2N=200,0.0,0.08044240111,0.0,-0.08044240111,0.0,Primary accuracy
HarvestCap,20260835,Policy-effect error,PolicyEffect.MarketWoodAvailable,2N=200,0.0,0.077239764053,0.0,-0.077239764053,0.0,Primary accuracy
HarvestCap,20260836,Policy-effect error,PolicyEffect.MarketWoodAvailable,2N=200,0.0,0.077239764053,0.0,-0.077239764053,0.0,Primary accuracy
HarvestCap,20260837,Policy-effect error,PolicyEffect.MarketWoodAvailable,2N=200,0.0,0.077239764053,0.0,-0.077239764053,0.0,Primary accuracy
HarvestCap,20260838,Policy-effect error,PolicyEffect.MarketWoodAvailable,2N=200,0.0,0.069856002776,0.0,-0.069856002776,0.0,Primary accuracy
HarvestCap,20260839,Policy-effect error,PolicyEffect.MarketWoodAvailable,2N=200,0.0,0.077239764053,0.0,-0.077239764053,0.0,Primary accuracy
HarvestCap,20260840,Policy-effect error,PolicyEffect.MarketWoodAvailable,2N=200,0.0,0.077239764053,0.0,-0.077239764053,0.0,Primary accuracy
HarvestCap,20260841,Policy-effect error,PolicyEffect.MarketWoodAvailable,2N=200,0.0,0.077239764053,0.0,-0.077239764053,0.0,Primary accuracy
HarvestCap,20260842,Policy-effect error,PolicyEffect.MarketWoodAvailable,2N=200,0.0,0.08044240111,0.0,-0.08044240111,0.0,Primary accuracy
HarvestCap,20260843,Policy-effect error,PolicyEffect.MarketWoodAvailable,2N=200,0.0,0.077239764053,0.0,-0.077239764053,0.0,Primary accuracy
HarvestCap,20260844,Policy-effect error,PolicyEffect.MarketWoodAvailable,2N=200,0.0,0.083374392783,0.0,-0.083374392783,0.0,Primary accuracy
HarvestCap,20260815,Policy-effect error,PolicyEffect.Repaired,N=100,0.0,5.2047189e-05,0.0,-5.2047189e-05,0.0,Primary accuracy
HarvestCap,20260816,Policy-effect error,PolicyEffect.Repaired,N=100,0.0,6.592644e-05,0.0,-6.592644e-05,0.0,Primary accuracy
HarvestCap,20260817,Policy-effect error,PolicyEffect.Repaired,N=100,0.0,6.592644e-05,0.0,-6.592644e-05,0.0,Primary accuracy
HarvestCap,20260818,Policy-effect error,PolicyEffect.Repaired,N=100,0.0,6.592644e-05,0.0,-6.592644e-05,0.0,Primary accuracy
HarvestCap,20260819,Policy-effect error,PolicyEffect.Repaired,N=100,0.0,5.2047189e-05,0.0,-5.2047189e-05,0.0,Primary accuracy
HarvestCap,20260820,Policy-effect error,PolicyEffect.Repaired,N=100,0.0,6.592644e-05,0.0,-6.592644e-05,0.0,Primary accuracy
HarvestCap,20260821,Policy-effect error,PolicyEffect.Repaired,N=100,0.0,4.8577377e-05,0.0,-4.8577377e-05,0.0,Primary accuracy
HarvestCap,20260822,Policy-effect error,PolicyEffect.Repaired,N=100,0.0,6.592644e-05,0.0,-6.592644e-05,0.0,Primary accuracy
HarvestCap,20260823,Policy-effect error,PolicyEffect.Repaired,N=100,0.0,6.592644e-05,0.0,-6.592644e-05,0.0,Primary accuracy
HarvestCap,20260824,Policy-effect error,PolicyEffect.Repaired,N=100,0.0,6.592644e-05,0.0,-6.592644e-05,0.0,Primary accuracy
HarvestCap,20260825,Policy-effect error,PolicyEffect.Repaired,N=100,0.0,6.592644e-05,0.0,-6.592644e-05,0.0,Primary accuracy
HarvestCap,20260826,Policy-effect error,PolicyEffect.Repaired,N=100,0.0,6.592644e-05,0.0,-6.592644e-05,0.0,Primary accuracy
HarvestCap,20260827,Policy-effect error,PolicyEffect.Repaired,N=100,0.0,6.592644e-05,0.0,-6.592644e-05,0.0,Primary accuracy
HarvestCap,20260828,Policy-effect error,PolicyEffect.Repaired,N=100,0.0,6.592644e-05,0.0,-6.592644e-05,0.0,Primary accuracy
HarvestCap,20260829,Policy-effect error,PolicyEffect.Repaired,N=100,0.0,6.592644e-05,0.0,-6.592644e-05,0.0,Primary accuracy
HarvestCap,20260830,Policy-effect error,PolicyEffect.Repaired,N=100,0.0,6.592644e-05,0.0,-6.592644e-05,0.0,Primary accuracy
HarvestCap,20260831,Policy-effect error,PolicyEffect.Repaired,N=100,0.0,4.8577377e-05,0.0,-4.8577377e-05,0.0,Primary accuracy
HarvestCap,20260832,Policy-effect error,PolicyEffect.Repaired,N=100,0.0,6.9396253e-05,0.0,-6.9396253e-05,0.0,Primary accuracy
HarvestCap,20260833,Policy-effect error,PolicyEffect.Repaired,N=100,0.0,6.592644e-05,0.0,-6.592644e-05,0.0,Primary accuracy
HarvestCap,20260834,Policy-effect error,PolicyEffect.Repaired,N=100,0.0,6.592644e-05,0.0,-6.592644e-05,0.0,Primary accuracy
HarvestCap,20260835,Policy-effect error,PolicyEffect.Repaired,N=100,0.0,6.592644e-05,0.0,-6.592644e-05,0.0,Primary accuracy
HarvestCap,20260836,Policy-effect error,PolicyEffect.Repaired,N=100,0.0,6.592644e-05,0.0,-6.592644e-05,0.0,Primary accuracy
HarvestCap,20260837,Policy-effect error,PolicyEffect.Repaired,N=100,0.0,6.592644e-05,0.0,-6.592644e-05,0.0,Primary accuracy
HarvestCap,20260838,Policy-effect error,PolicyEffect.Repaired,N=100,0.0,5.2047189e-05,0.0,-5.2047189e-05,0.0,Primary accuracy
HarvestCap,20260839,Policy-effect error,PolicyEffect.Repaired,N=100,0.0,6.592644e-05,0.0,-6.592644e-05,0.0,Primary accuracy
HarvestCap,20260840,Policy-effect error,PolicyEffect.Repaired,N=100,0.0,6.592644e-05,0.0,-6.592644e-05,0.0,Primary accuracy
HarvestCap,20260841,Policy-effect error,PolicyEffect.Repaired,N=100,0.0,6.592644e-05,0.0,-6.592644e-05,0.0,Primary accuracy
HarvestCap,20260842,Policy-effect error,PolicyEffect.Repaired,N=100,0.0,6.592644e-05,0.0,-6.592644e-05,0.0,Primary accuracy
HarvestCap,20260843,Policy-effect error,PolicyEffect.Repaired,N=100,0.0,6.592644e-05,0.0,-6.592644e-05,0.0,Primary accuracy
HarvestCap,20260844,Policy-effect error,PolicyEffect.Repaired,N=100,0.0,6.9396253e-05,0.0,-6.9396253e-05,0.0,Primary accuracy
HarvestCap,20260815,Policy-effect error,PolicyEffect.TreasuryAvailable,5N=500,0.0,0.0,0.0,0.0,0.0,Primary accuracy
HarvestCap,20260816,Policy-effect error,PolicyEffect.TreasuryAvailable,5N=500,0.0,0.0,0.0,0.0,0.0,Primary accuracy
HarvestCap,20260817,Policy-effect error,PolicyEffect.TreasuryAvailable,5N=500,0.0,0.0,0.0,0.0,0.0,Primary accuracy
HarvestCap,20260818,Policy-effect error,PolicyEffect.TreasuryAvailable,5N=500,0.0,0.0,0.0,0.0,0.0,Primary accuracy
HarvestCap,20260819,Policy-effect error,PolicyEffect.TreasuryAvailable,5N=500,0.0,0.0,0.0,0.0,0.0,Primary accuracy
HarvestCap,20260820,Policy-effect error,PolicyEffect.TreasuryAvailable,5N=500,0.0,0.0,0.0,0.0,0.0,Primary accuracy
HarvestCap,20260821,Policy-effect error,PolicyEffect.TreasuryAvailable,5N=500,0.0,0.0,0.0,0.0,0.0,Primary accuracy
HarvestCap,20260822,Policy-effect error,PolicyEffect.TreasuryAvailable,5N=500,0.0,0.0,0.0,0.0,0.0,Primary accuracy
HarvestCap,20260823,Policy-effect error,PolicyEffect.TreasuryAvailable,5N=500,0.0,0.0,0.0,0.0,0.0,Primary accuracy
HarvestCap,20260824,Policy-effect error,PolicyEffect.TreasuryAvailable,5N=500,0.0,0.0,0.0,0.0,0.0,Primary accuracy
HarvestCap,20260825,Policy-effect error,PolicyEffect.TreasuryAvailable,5N=500,0.0,0.0,0.0,0.0,0.0,Primary accuracy
HarvestCap,20260826,Policy-effect error,PolicyEffect.TreasuryAvailable,5N=500,0.0,0.0,0.0,0.0,0.0,Primary accuracy
HarvestCap,20260827,Policy-effect error,PolicyEffect.TreasuryAvailable,5N=500,0.0,0.0,0.0,0.0,0.0,Primary accuracy
HarvestCap,20260828,Policy-effect error,PolicyEffect.TreasuryAvailable,5N=500,0.0,0.0,0.0,0.0,0.0,Primary accuracy
HarvestCap,20260829,Policy-effect error,PolicyEffect.TreasuryAvailable,5N=500,0.0,0.0,0.0,0.0,0.0,Primary accuracy
HarvestCap,20260830,Policy-effect error,PolicyEffect.TreasuryAvailable,5N=500,0.0,0.0,0.0,0.0,0.0,Primary accuracy
HarvestCap,20260831,Policy-effect error,PolicyEffect.TreasuryAvailable,5N=500,0.0,0.0,0.0,0.0,0.0,Primary accuracy
HarvestCap,20260832,Policy-effect error,PolicyEffect.TreasuryAvailable,5N=500,0.0,0.0,0.0,0.0,0.0,Primary accuracy
HarvestCap,20260833,Policy-effect error,PolicyEffect.TreasuryAvailable,5N=500,0.0,0.0,0.0,0.0,0.0,Primary accuracy
HarvestCap,20260834,Policy-effect error,PolicyEffect.TreasuryAvailable,5N=500,0.0,0.0,0.0,0.0,0.0,Primary accuracy
HarvestCap,20260835,Policy-effect error,PolicyEffect.TreasuryAvailable,5N=500,0.0,0.0,0.0,0.0,0.0,Primary accuracy
HarvestCap,20260836,Policy-effect error,PolicyEffect.TreasuryAvailable,5N=500,0.0,0.0,0.0,0.0,0.0,Primary accuracy
HarvestCap,20260837,Policy-effect error,PolicyEffect.TreasuryAvailable,5N=500,0.0,0.0,0.0,0.0,0.0,Primary accuracy
HarvestCap,20260838,Policy-effect error,PolicyEffect.TreasuryAvailable,5N=500,0.0,0.0,0.0,0.0,0.0,Primary accuracy
HarvestCap,20260839,Policy-effect error,PolicyEffect.TreasuryAvailable,5N=500,0.0,0.0,0.0,0.0,0.0,Primary accuracy
HarvestCap,20260840,Policy-effect error,PolicyEffect.TreasuryAvailable,5N=500,0.0,0.0,0.0,0.0,0.0,Primary accuracy
HarvestCap,20260841,Policy-effect error,PolicyEffect.TreasuryAvailable,5N=500,0.0,0.0,0.0,0.0,0.0,Primary accuracy
HarvestCap,20260842,Policy-effect error,PolicyEffect.TreasuryAvailable,5N=500,0.0,0.0,0.0,0.0,0.0,Primary accuracy
HarvestCap,20260843,Policy-effect error,PolicyEffect.TreasuryAvailable,5N=500,0.0,0.0,0.0,0.0,0.0,Primary accuracy
HarvestCap,20260844,Policy-effect error,PolicyEffect.TreasuryAvailable,5N=500,0.0,0.0,0.0,0.0,0.0,Primary accuracy
HarvestCap,20260815,Policy-effect error,PolicyEffect.UnderRepair,N=100,0.0,0.000104094379,0.0,-0.000104094379,0.0,Primary accuracy
HarvestCap,20260816,Policy-effect error,PolicyEffect.UnderRepair,N=100,0.0,0.00013185288,0.0,-0.00013185288,0.0,Primary accuracy
HarvestCap,20260817,Policy-effect error,PolicyEffect.UnderRepair,N=100,0.0,0.00013185288,0.0,-0.00013185288,0.0,Primary accuracy
HarvestCap,20260818,Policy-effect error,PolicyEffect.UnderRepair,N=100,0.0,0.00013185288,0.0,-0.00013185288,0.0,Primary accuracy
HarvestCap,20260819,Policy-effect error,PolicyEffect.UnderRepair,N=100,0.0,0.000104094379,0.0,-0.000104094379,0.0,Primary accuracy
HarvestCap,20260820,Policy-effect error,PolicyEffect.UnderRepair,N=100,0.0,0.00013185288,0.0,-0.00013185288,0.0,Primary accuracy
HarvestCap,20260821,Policy-effect error,PolicyEffect.UnderRepair,N=100,0.0,9.7154754e-05,0.0,-9.7154754e-05,0.0,Primary accuracy
HarvestCap,20260822,Policy-effect error,PolicyEffect.UnderRepair,N=100,0.0,0.00013185288,0.0,-0.00013185288,0.0,Primary accuracy
HarvestCap,20260823,Policy-effect error,PolicyEffect.UnderRepair,N=100,0.0,0.00013185288,0.0,-0.00013185288,0.0,Primary accuracy
HarvestCap,20260824,Policy-effect error,PolicyEffect.UnderRepair,N=100,0.0,0.00013185288,0.0,-0.00013185288,0.0,Primary accuracy
HarvestCap,20260825,Policy-effect error,PolicyEffect.UnderRepair,N=100,0.0,0.00013185288,0.0,-0.00013185288,0.0,Primary accuracy
HarvestCap,20260826,Policy-effect error,PolicyEffect.UnderRepair,N=100,0.0,0.00013185288,0.0,-0.00013185288,0.0,Primary accuracy
HarvestCap,20260827,Policy-effect error,PolicyEffect.UnderRepair,N=100,0.0,0.00013185288,0.0,-0.00013185288,0.0,Primary accuracy
HarvestCap,20260828,Policy-effect error,PolicyEffect.UnderRepair,N=100,0.0,0.00013185288,0.0,-0.00013185288,0.0,Primary accuracy
HarvestCap,20260829,Policy-effect error,PolicyEffect.UnderRepair,N=100,0.0,0.00013185288,0.0,-0.00013185288,0.0,Primary accuracy
HarvestCap,20260830,Policy-effect error,PolicyEffect.UnderRepair,N=100,0.0,0.00013185288,0.0,-0.00013185288,0.0,Primary accuracy
HarvestCap,20260831,Policy-effect error,PolicyEffect.UnderRepair,N=100,0.0,9.7154754e-05,0.0,-9.7154754e-05,0.0,Primary accuracy
HarvestCap,20260832,Policy-effect error,PolicyEffect.UnderRepair,N=100,0.0,0.000138792505,0.0,-0.000138792505,0.0,Primary accuracy
HarvestCap,20260833,Policy-effect error,PolicyEffect.UnderRepair,N=100,0.0,0.00013185288,0.0,-0.00013185288,0.0,Primary accuracy
HarvestCap,20260834,Policy-effect error,PolicyEffect.UnderRepair,N=100,0.0,0.00013185288,0.0,-0.00013185288,0.0,Primary accuracy
HarvestCap,20260835,Policy-effect error,PolicyEffect.UnderRepair,N=100,0.0,0.00013185288,0.0,-0.00013185288,0.0,Primary accuracy
HarvestCap,20260836,Policy-effect error,PolicyEffect.UnderRepair,N=100,0.0,0.00013185288,0.0,-0.00013185288,0.0,Primary accuracy
HarvestCap,20260837,Policy-effect error,PolicyEffect.UnderRepair,N=100,0.0,0.00013185288,0.0,-0.00013185288,0.0,Primary accuracy
HarvestCap,20260838,Policy-effect error,PolicyEffect.UnderRepair,N=100,0.0,0.000104094379,0.0,-0.000104094379,0.0,Primary accuracy
HarvestCap,20260839,Policy-effect error,PolicyEffect.UnderRepair,N=100,0.0,0.00013185288,0.0,-0.00013185288,0.0,Primary accuracy
HarvestCap,20260840,Policy-effect error,PolicyEffect.UnderRepair,N=100,0.0,0.00013185288,0.0,-0.00013185288,0.0,Primary accuracy
HarvestCap,20260841,Policy-effect error,PolicyEffect.UnderRepair,N=100,0.0,0.00013185288,0.0,-0.00013185288,0.0,Primary accuracy
HarvestCap,20260842,Policy-effect error,PolicyEffect.UnderRepair,N=100,0.0,0.00013185288,0.0,-0.00013185288,0.0,Primary accuracy
HarvestCap,20260843,Policy-effect error,PolicyEffect.UnderRepair,N=100,0.0,0.00013185288,0.0,-0.00013185288,0.0,Primary accuracy
HarvestCap,20260844,Policy-effect error,PolicyEffect.UnderRepair,N=100,0.0,0.000138792505,0.0,-0.000138792505,0.0,Primary accuracy
HarvestCap,20260815,Policy-effect error,PolicyEffect.WoodPrice,P0=1,6.8427024e-05,0.298104594159,0.0,-0.298036167135,6.8427024e-05,Primary accuracy
HarvestCap,20260816,Policy-effect error,PolicyEffect.WoodPrice,P0=1,6.9481525e-05,0.285916850421,0.0,-0.285847368896,6.9481525e-05,Primary accuracy
HarvestCap,20260817,Policy-effect error,PolicyEffect.WoodPrice,P0=1,8.9049874e-05,0.285898282973,0.0,-0.285809233099,8.9049874e-05,Primary accuracy
HarvestCap,20260818,Policy-effect error,PolicyEffect.WoodPrice,P0=1,0.000122043176,0.285867368714,0.0,-0.285745325538,0.000122043176,Primary accuracy
HarvestCap,20260819,Policy-effect error,PolicyEffect.WoodPrice,P0=1,7.3826246e-05,0.298108725559,0.0,-0.298034899313,7.3826246e-05,Primary accuracy
HarvestCap,20260820,Policy-effect error,PolicyEffect.WoodPrice,P0=1,0.000106940369,0.285881328926,0.0,-0.285774388557,0.000106940369,Primary accuracy
HarvestCap,20260821,Policy-effect error,PolicyEffect.WoodPrice,P0=1,2.4288117e-05,0.267992283517,0.0,-0.2679679954,2.4288117e-05,Primary accuracy
HarvestCap,20260822,Policy-effect error,PolicyEffect.WoodPrice,P0=1,0.000106117753,0.285882334417,0.0,-0.285776216664,0.000106117753,Primary accuracy
HarvestCap,20260823,Policy-effect error,PolicyEffect.WoodPrice,P0=1,0.000106541549,0.282067780303,0.0,-0.281961238754,0.000106541549,Primary accuracy
HarvestCap,20260824,Policy-effect error,PolicyEffect.WoodPrice,P0=1,8.942025e-05,0.285897833889,0.0,-0.28580841363899995,8.942025e-05,Primary accuracy
HarvestCap,20260825,Policy-effect error,PolicyEffect.WoodPrice,P0=1,0.00158133931,0.284507193057,0.0,-0.282925853747,0.00158133931,Primary accuracy
HarvestCap,20260826,Policy-effect error,PolicyEffect.WoodPrice,P0=1,0.001393092417,0.28468211659,0.0,-0.283289024173,0.001393092417,Primary accuracy
HarvestCap,20260827,Policy-effect error,PolicyEffect.WoodPrice,P0=1,0.000122929439,0.285866282192,0.0,-0.285743352753,0.000122929439,Primary accuracy
HarvestCap,20260828,Policy-effect error,PolicyEffect.WoodPrice,P0=1,8.9049875e-05,0.285898282966,0.0,-0.285809233091,8.9049875e-05,Primary accuracy
HarvestCap,20260829,Policy-effect error,PolicyEffect.WoodPrice,P0=1,6.842702e-05,0.285918420532,0.0,-0.285849993512,6.842702e-05,Primary accuracy
HarvestCap,20260830,Policy-effect error,PolicyEffect.WoodPrice,P0=1,4.6337941e-05,0.285937112866,0.0,-0.285890774925,4.6337941e-05,Primary accuracy
HarvestCap,20260831,Policy-effect error,PolicyEffect.WoodPrice,P0=1,2.4252408e-05,0.267991464121,0.0,-0.267967211713,2.4252408e-05,Primary accuracy
HarvestCap,20260832,Policy-effect error,PolicyEffect.WoodPrice,P0=1,5.0712916e-05,0.279100320272,0.0,-0.279049607356,5.0712916e-05,Primary accuracy
HarvestCap,20260833,Policy-effect error,PolicyEffect.WoodPrice,P0=1,6.9126279e-05,0.282099625716,0.0,-0.282030499437,6.9126279e-05,Primary accuracy
HarvestCap,20260834,Policy-effect error,PolicyEffect.WoodPrice,P0=1,0.000106117749,0.282068286527,0.0,-0.281962168778,0.000106117749,Primary accuracy
HarvestCap,20260835,Policy-effect error,PolicyEffect.WoodPrice,P0=1,5.6407908e-05,0.285927189546,0.0,-0.285870781638,5.6407908e-05,Primary accuracy
HarvestCap,20260836,Policy-effect error,PolicyEffect.WoodPrice,P0=1,8.9049876e-05,0.285898282972,0.0,-0.285809233096,8.9049876e-05,Primary accuracy
HarvestCap,20260837,Policy-effect error,PolicyEffect.WoodPrice,P0=1,0.000123333515,0.285865798607,0.0,-0.285742465092,0.000123333515,Primary accuracy
HarvestCap,20260838,Policy-effect error,PolicyEffect.WoodPrice,P0=1,4.6947942e-05,0.298082178422,0.0,-0.29803523048,4.6947942e-05,Primary accuracy
HarvestCap,20260839,Policy-effect error,PolicyEffect.WoodPrice,P0=1,0.000107325757,0.285880879842,0.0,-0.285773554085,0.000107325757,Primary accuracy
HarvestCap,20260840,Policy-effect error,PolicyEffect.WoodPrice,P0=1,0.000106940377,0.285881328925,0.0,-0.285774388548,0.000106940377,Primary accuracy
HarvestCap,20260841,Policy-effect error,PolicyEffect.WoodPrice,P0=1,0.000106940372,0.285881328935,0.0,-0.285774388563,0.000106940372,Primary accuracy
HarvestCap,20260842,Policy-effect error,PolicyEffect.WoodPrice,P0=1,8.7877515e-05,0.282084028898,0.0,-0.281996151383,8.7877515e-05,Primary accuracy
HarvestCap,20260843,Policy-effect error,PolicyEffect.WoodPrice,P0=1,8.9420252e-05,0.285897833877,0.0,-0.28580841362500004,8.9420252e-05,Primary accuracy
HarvestCap,20260844,Policy-effect error,PolicyEffect.WoodPrice,P0=1,2.425241e-05,0.279129374109,0.0,-0.27910512169900004,2.425241e-05,Primary accuracy
StateImport,20260815,Behavior distribution,Behavior.TVD,fixed_8_categories,0.000858539641,0.77751455881,0.0,-0.776656019169,0.000858539641,Primary accuracy
StateImport,20260816,Behavior distribution,Behavior.TVD,fixed_8_categories,0.000536720903,0.785350828649,0.0,-0.7848141077459999,0.000536720903,Primary accuracy
StateImport,20260817,Behavior distribution,Behavior.TVD,fixed_8_categories,0.000322086015,0.785294794522,0.0,-0.7849727085070001,0.000322086015,Primary accuracy
StateImport,20260818,Behavior distribution,Behavior.TVD,fixed_8_categories,0.000214741839,0.78526677048,0.0,-0.785052028641,0.000214741839,Primary accuracy
StateImport,20260819,Behavior distribution,Behavior.TVD,fixed_8_categories,0.001180198173,0.777598533298,0.0,-0.776418335125,0.001180198173,Primary accuracy
StateImport,20260820,Behavior distribution,Behavior.TVD,fixed_8_categories,0.000107397671,0.785428612382,0.0,-0.785321214711,0.000107397671,Primary accuracy
StateImport,20260821,Behavior distribution,Behavior.TVD,fixed_8_categories,0.001608827213,0.777445007056,0.0,-0.7758361798429999,0.001608827213,Primary accuracy
StateImport,20260822,Behavior distribution,Behavior.TVD,fixed_8_categories,0.000644011624,0.785378838736,0.0,-0.784734827112,0.000644011624,Primary accuracy
StateImport,20260823,Behavior distribution,Behavior.TVD,fixed_8_categories,0.000107379835,0.785484683741,0.0,-0.785377303906,0.000107379835,Primary accuracy
StateImport,20260824,Behavior distribution,Behavior.TVD,fixed_8_categories,0.000214741839,0.785512712438,0.0,-0.785297970599,0.000214741839,Primary accuracy
StateImport,20260825,Behavior distribution,Behavior.TVD,fixed_8_categories,0.000751284535,0.785406844173,0.0,-0.784655559638,0.000751284535,Primary accuracy
StateImport,20260826,Behavior distribution,Behavior.TVD,fixed_8_categories,0.0,0.78545665039,0.0,-0.78545665039,0.0,Primary accuracy
StateImport,20260827,Behavior distribution,Behavior.TVD,fixed_8_categories,0.000107397671,0.785182670424,0.0,-0.785075272753,0.000107397671,Primary accuracy
StateImport,20260828,Behavior distribution,Behavior.TVD,fixed_8_categories,0.000429412368,0.785322813911,0.0,-0.784893401543,0.000429412368,Primary accuracy
StateImport,20260829,Behavior distribution,Behavior.TVD,fixed_8_categories,0.000751284535,0.785406844173,0.0,-0.784655559638,0.000751284535,Primary accuracy
StateImport,20260830,Behavior distribution,Behavior.TVD,fixed_8_categories,0.000322086015,0.78554073648,0.0,-0.7852186504650001,0.000322086015,Primary accuracy
StateImport,20260831,Behavior distribution,Behavior.TVD,fixed_8_categories,0.001608827213,0.777445007056,0.0,-0.7758361798429999,0.001608827213,Primary accuracy
StateImport,20260832,Behavior distribution,Behavior.TVD,fixed_8_categories,0.000322086015,0.78554073648,0.0,-0.7852186504650001,0.000322086015,Primary accuracy
StateImport,20260833,Behavior distribution,Behavior.TVD,fixed_8_categories,0.000751284535,0.785652786131,0.0,-0.784901501596,0.000751284535,Primary accuracy
StateImport,20260834,Behavior distribution,Behavior.TVD,fixed_8_categories,0.000322086015,0.78554073648,0.0,-0.7852186504650001,0.000322086015,Primary accuracy
StateImport,20260835,Behavior distribution,Behavior.TVD,fixed_8_categories,0.000107397671,0.785182670424,0.0,-0.785075272753,0.000107397671,Primary accuracy
StateImport,20260836,Behavior distribution,Behavior.TVD,fixed_8_categories,0.000107379835,0.785238741784,0.0,-0.785131361949,0.000107379835,Primary accuracy
StateImport,20260837,Behavior distribution,Behavior.TVD,fixed_8_categories,0.000107397671,0.785182670424,0.0,-0.785075272753,0.000107397671,Primary accuracy
StateImport,20260838,Behavior distribution,Behavior.TVD,fixed_8_categories,0.000965776946,0.777542554951,0.0,-0.776576778005,0.000965776946,Primary accuracy
StateImport,20260839,Behavior distribution,Behavior.TVD,fixed_8_categories,0.00032224654,0.785126580434,0.0,-0.784804333894,0.00032224654,Primary accuracy
StateImport,20260840,Behavior distribution,Behavior.TVD,fixed_8_categories,0.000214741839,0.785512712438,0.0,-0.785297970599,0.000214741839,Primary accuracy
StateImport,20260841,Behavior distribution,Behavior.TVD,fixed_8_categories,0.000322086015,0.78554073648,0.0,-0.7852186504650001,0.000322086015,Primary accuracy
StateImport,20260842,Behavior distribution,Behavior.TVD,fixed_8_categories,0.000751284535,0.785652786131,0.0,-0.784901501596,0.000751284535,Primary accuracy
StateImport,20260843,Behavior distribution,Behavior.TVD,fixed_8_categories,0.000107397671,0.785182670424,0.0,-0.785075272753,0.000107397671,Primary accuracy
StateImport,20260844,Behavior distribution,Behavior.TVD,fixed_8_categories,0.001180198173,0.785764761408,0.0,-0.784584563235,0.001180198173,Primary accuracy
StateImport,20260815,Commitment continuity diagnostic,Continuity.CommitmentTaskActiveStatusMismatchRate,restore_home_relevant_paired_snapshots=0,0.0,1.0,0.0,-1.0,0.0,Secondary commitment diagnostic
StateImport,20260816,Commitment continuity diagnostic,Continuity.CommitmentTaskActiveStatusMismatchRate,restore_home_relevant_paired_snapshots=0,0.0,1.0,0.0,-1.0,0.0,Secondary commitment diagnostic
StateImport,20260817,Commitment continuity diagnostic,Continuity.CommitmentTaskActiveStatusMismatchRate,restore_home_relevant_paired_snapshots=0,0.0,1.0,0.0,-1.0,0.0,Secondary commitment diagnostic
StateImport,20260818,Commitment continuity diagnostic,Continuity.CommitmentTaskActiveStatusMismatchRate,restore_home_relevant_paired_snapshots=0,0.0,0.0,0.0,0.0,0.0,Secondary commitment diagnostic
StateImport,20260819,Commitment continuity diagnostic,Continuity.CommitmentTaskActiveStatusMismatchRate,restore_home_relevant_paired_snapshots=0,0.0,1.0,0.0,-1.0,0.0,Secondary commitment diagnostic
StateImport,20260820,Commitment continuity diagnostic,Continuity.CommitmentTaskActiveStatusMismatchRate,restore_home_relevant_paired_snapshots=0,0.0,1.0,0.0,-1.0,0.0,Secondary commitment diagnostic
StateImport,20260821,Commitment continuity diagnostic,Continuity.CommitmentTaskActiveStatusMismatchRate,restore_home_relevant_paired_snapshots=0,0.0,1.0,0.0,-1.0,0.0,Secondary commitment diagnostic
StateImport,20260822,Commitment continuity diagnostic,Continuity.CommitmentTaskActiveStatusMismatchRate,restore_home_relevant_paired_snapshots=0,0.0,1.0,0.0,-1.0,0.0,Secondary commitment diagnostic
StateImport,20260823,Commitment continuity diagnostic,Continuity.CommitmentTaskActiveStatusMismatchRate,restore_home_relevant_paired_snapshots=0,0.0,1.0,0.0,-1.0,0.0,Secondary commitment diagnostic
StateImport,20260824,Commitment continuity diagnostic,Continuity.CommitmentTaskActiveStatusMismatchRate,restore_home_relevant_paired_snapshots=0,0.0,1.0,0.0,-1.0,0.0,Secondary commitment diagnostic
StateImport,20260825,Commitment continuity diagnostic,Continuity.CommitmentTaskActiveStatusMismatchRate,restore_home_relevant_paired_snapshots=0,0.0,1.0,0.0,-1.0,0.0,Secondary commitment diagnostic
StateImport,20260826,Commitment continuity diagnostic,Continuity.CommitmentTaskActiveStatusMismatchRate,restore_home_relevant_paired_snapshots=0,0.0,1.0,0.0,-1.0,0.0,Secondary commitment diagnostic
StateImport,20260827,Commitment continuity diagnostic,Continuity.CommitmentTaskActiveStatusMismatchRate,restore_home_relevant_paired_snapshots=0,0.0,1.0,0.0,-1.0,0.0,Secondary commitment diagnostic
StateImport,20260828,Commitment continuity diagnostic,Continuity.CommitmentTaskActiveStatusMismatchRate,restore_home_relevant_paired_snapshots=0,0.0,1.0,0.0,-1.0,0.0,Secondary commitment diagnostic
StateImport,20260829,Commitment continuity diagnostic,Continuity.CommitmentTaskActiveStatusMismatchRate,restore_home_relevant_paired_snapshots=0,0.0,1.0,0.0,-1.0,0.0,Secondary commitment diagnostic
StateImport,20260830,Commitment continuity diagnostic,Continuity.CommitmentTaskActiveStatusMismatchRate,restore_home_relevant_paired_snapshots=0,0.0,1.0,0.0,-1.0,0.0,Secondary commitment diagnostic
StateImport,20260831,Commitment continuity diagnostic,Continuity.CommitmentTaskActiveStatusMismatchRate,restore_home_relevant_paired_snapshots=0,0.0,1.0,0.0,-1.0,0.0,Secondary commitment diagnostic
StateImport,20260832,Commitment continuity diagnostic,Continuity.CommitmentTaskActiveStatusMismatchRate,restore_home_relevant_paired_snapshots=0,0.0,1.0,0.0,-1.0,0.0,Secondary commitment diagnostic
StateImport,20260833,Commitment continuity diagnostic,Continuity.CommitmentTaskActiveStatusMismatchRate,restore_home_relevant_paired_snapshots=0,0.0,1.0,0.0,-1.0,0.0,Secondary commitment diagnostic
StateImport,20260834,Commitment continuity diagnostic,Continuity.CommitmentTaskActiveStatusMismatchRate,restore_home_relevant_paired_snapshots=0,0.0,1.0,0.0,-1.0,0.0,Secondary commitment diagnostic
StateImport,20260835,Commitment continuity diagnostic,Continuity.CommitmentTaskActiveStatusMismatchRate,restore_home_relevant_paired_snapshots=0,0.0,1.0,0.0,-1.0,0.0,Secondary commitment diagnostic
StateImport,20260836,Commitment continuity diagnostic,Continuity.CommitmentTaskActiveStatusMismatchRate,restore_home_relevant_paired_snapshots=0,0.0,1.0,0.0,-1.0,0.0,Secondary commitment diagnostic
StateImport,20260837,Commitment continuity diagnostic,Continuity.CommitmentTaskActiveStatusMismatchRate,restore_home_relevant_paired_snapshots=0,0.0,1.0,0.0,-1.0,0.0,Secondary commitment diagnostic
StateImport,20260838,Commitment continuity diagnostic,Continuity.CommitmentTaskActiveStatusMismatchRate,restore_home_relevant_paired_snapshots=0,0.0,1.0,0.0,-1.0,0.0,Secondary commitment diagnostic
StateImport,20260839,Commitment continuity diagnostic,Continuity.CommitmentTaskActiveStatusMismatchRate,restore_home_relevant_paired_snapshots=0,0.0,0.0,0.0,0.0,0.0,Secondary commitment diagnostic
StateImport,20260840,Commitment continuity diagnostic,Continuity.CommitmentTaskActiveStatusMismatchRate,restore_home_relevant_paired_snapshots=0,0.0,1.0,0.0,-1.0,0.0,Secondary commitment diagnostic
StateImport,20260841,Commitment continuity diagnostic,Continuity.CommitmentTaskActiveStatusMismatchRate,restore_home_relevant_paired_snapshots=0,0.0,1.0,0.0,-1.0,0.0,Secondary commitment diagnostic
StateImport,20260842,Commitment continuity diagnostic,Continuity.CommitmentTaskActiveStatusMismatchRate,restore_home_relevant_paired_snapshots=0,0.0,1.0,0.0,-1.0,0.0,Secondary commitment diagnostic
StateImport,20260843,Commitment continuity diagnostic,Continuity.CommitmentTaskActiveStatusMismatchRate,restore_home_relevant_paired_snapshots=0,0.0,1.0,0.0,-1.0,0.0,Secondary commitment diagnostic
StateImport,20260844,Commitment continuity diagnostic,Continuity.CommitmentTaskActiveStatusMismatchRate,restore_home_relevant_paired_snapshots=0,0.0,0.0,0.0,0.0,0.0,Secondary commitment diagnostic
StateImport,20260815,Commitment continuity diagnostic,Continuity.CommitmentTaskRemainingHoursMAE,hours;paired_restore_home_active_snapshots=0,0.0,0.0,0.0,0.0,0.0,Secondary commitment diagnostic
StateImport,20260816,Commitment continuity diagnostic,Continuity.CommitmentTaskRemainingHoursMAE,hours;paired_restore_home_active_snapshots=0,0.0,0.0,0.0,0.0,0.0,Secondary commitment diagnostic
StateImport,20260817,Commitment continuity diagnostic,Continuity.CommitmentTaskRemainingHoursMAE,hours;paired_restore_home_active_snapshots=0,0.0,0.0,0.0,0.0,0.0,Secondary commitment diagnostic
StateImport,20260818,Commitment continuity diagnostic,Continuity.CommitmentTaskRemainingHoursMAE,hours;paired_restore_home_active_snapshots=0,0.0,0.0,0.0,0.0,0.0,Secondary commitment diagnostic
StateImport,20260819,Commitment continuity diagnostic,Continuity.CommitmentTaskRemainingHoursMAE,hours;paired_restore_home_active_snapshots=0,6.0,0.0,0.0,6.0,6.0,Secondary commitment diagnostic
StateImport,20260820,Commitment continuity diagnostic,Continuity.CommitmentTaskRemainingHoursMAE,hours;paired_restore_home_active_snapshots=0,0.0,0.0,0.0,0.0,0.0,Secondary commitment diagnostic
StateImport,20260821,Commitment continuity diagnostic,Continuity.CommitmentTaskRemainingHoursMAE,hours;paired_restore_home_active_snapshots=0,0.0,0.0,0.0,0.0,0.0,Secondary commitment diagnostic
StateImport,20260822,Commitment continuity diagnostic,Continuity.CommitmentTaskRemainingHoursMAE,hours;paired_restore_home_active_snapshots=0,0.0,0.0,0.0,0.0,0.0,Secondary commitment diagnostic
StateImport,20260823,Commitment continuity diagnostic,Continuity.CommitmentTaskRemainingHoursMAE,hours;paired_restore_home_active_snapshots=0,0.0,0.0,0.0,0.0,0.0,Secondary commitment diagnostic
StateImport,20260824,Commitment continuity diagnostic,Continuity.CommitmentTaskRemainingHoursMAE,hours;paired_restore_home_active_snapshots=0,0.0,0.0,0.0,0.0,0.0,Secondary commitment diagnostic
StateImport,20260825,Commitment continuity diagnostic,Continuity.CommitmentTaskRemainingHoursMAE,hours;paired_restore_home_active_snapshots=0,0.0,0.0,0.0,0.0,0.0,Secondary commitment diagnostic
StateImport,20260826,Commitment continuity diagnostic,Continuity.CommitmentTaskRemainingHoursMAE,hours;paired_restore_home_active_snapshots=0,12.0,0.0,0.0,12.0,12.0,Secondary commitment diagnostic
StateImport,20260827,Commitment continuity diagnostic,Continuity.CommitmentTaskRemainingHoursMAE,hours;paired_restore_home_active_snapshots=0,3.428571428571,0.0,0.0,3.428571428571,3.428571428571,Secondary commitment diagnostic
StateImport,20260828,Commitment continuity diagnostic,Continuity.CommitmentTaskRemainingHoursMAE,hours;paired_restore_home_active_snapshots=0,0.0,0.0,0.0,0.0,0.0,Secondary commitment diagnostic
StateImport,20260829,Commitment continuity diagnostic,Continuity.CommitmentTaskRemainingHoursMAE,hours;paired_restore_home_active_snapshots=0,0.0,0.0,0.0,0.0,0.0,Secondary commitment diagnostic
StateImport,20260830,Commitment continuity diagnostic,Continuity.CommitmentTaskRemainingHoursMAE,hours;paired_restore_home_active_snapshots=0,0.0,0.0,0.0,0.0,0.0,Secondary commitment diagnostic
StateImport,20260831,Commitment continuity diagnostic,Continuity.CommitmentTaskRemainingHoursMAE,hours;paired_restore_home_active_snapshots=0,0.0,0.0,0.0,0.0,0.0,Secondary commitment diagnostic
StateImport,20260832,Commitment continuity diagnostic,Continuity.CommitmentTaskRemainingHoursMAE,hours;paired_restore_home_active_snapshots=0,0.0,0.0,0.0,0.0,0.0,Secondary commitment diagnostic
StateImport,20260833,Commitment continuity diagnostic,Continuity.CommitmentTaskRemainingHoursMAE,hours;paired_restore_home_active_snapshots=0,0.0,0.0,0.0,0.0,0.0,Secondary commitment diagnostic
StateImport,20260834,Commitment continuity diagnostic,Continuity.CommitmentTaskRemainingHoursMAE,hours;paired_restore_home_active_snapshots=0,8.0,0.0,0.0,8.0,8.0,Secondary commitment diagnostic
StateImport,20260835,Commitment continuity diagnostic,Continuity.CommitmentTaskRemainingHoursMAE,hours;paired_restore_home_active_snapshots=0,24.0,0.0,0.0,24.0,24.0,Secondary commitment diagnostic
StateImport,20260836,Commitment continuity diagnostic,Continuity.CommitmentTaskRemainingHoursMAE,hours;paired_restore_home_active_snapshots=0,0.0,0.0,0.0,0.0,0.0,Secondary commitment diagnostic
StateImport,20260837,Commitment continuity diagnostic,Continuity.CommitmentTaskRemainingHoursMAE,hours;paired_restore_home_active_snapshots=0,0.0,0.0,0.0,0.0,0.0,Secondary commitment diagnostic
StateImport,20260838,Commitment continuity diagnostic,Continuity.CommitmentTaskRemainingHoursMAE,hours;paired_restore_home_active_snapshots=0,0.0,0.0,0.0,0.0,0.0,Secondary commitment diagnostic
StateImport,20260839,Commitment continuity diagnostic,Continuity.CommitmentTaskRemainingHoursMAE,hours;paired_restore_home_active_snapshots=0,0.0,0.0,0.0,0.0,0.0,Secondary commitment diagnostic
StateImport,20260840,Commitment continuity diagnostic,Continuity.CommitmentTaskRemainingHoursMAE,hours;paired_restore_home_active_snapshots=0,0.0,0.0,0.0,0.0,0.0,Secondary commitment diagnostic
StateImport,20260841,Commitment continuity diagnostic,Continuity.CommitmentTaskRemainingHoursMAE,hours;paired_restore_home_active_snapshots=0,6.0,0.0,0.0,6.0,6.0,Secondary commitment diagnostic
StateImport,20260842,Commitment continuity diagnostic,Continuity.CommitmentTaskRemainingHoursMAE,hours;paired_restore_home_active_snapshots=0,0.0,0.0,0.0,0.0,0.0,Secondary commitment diagnostic
StateImport,20260843,Commitment continuity diagnostic,Continuity.CommitmentTaskRemainingHoursMAE,hours;paired_restore_home_active_snapshots=0,0.0,0.0,0.0,0.0,0.0,Secondary commitment diagnostic
StateImport,20260844,Commitment continuity diagnostic,Continuity.CommitmentTaskRemainingHoursMAE,hours;paired_restore_home_active_snapshots=0,0.0,0.0,0.0,0.0,0.0,Secondary commitment diagnostic
StateImport,20260815,Internal diagnostic,Continuity.Diagnostic.EventIDExactMismatchRate,paired_snapshots=60;internal_representation_only,1.0,0.083333333333,0.0,0.916666666667,1.0,Diagnostic only
StateImport,20260816,Internal diagnostic,Continuity.Diagnostic.EventIDExactMismatchRate,paired_snapshots=60;internal_representation_only,1.0,0.083333333333,0.0,0.916666666667,1.0,Diagnostic only
StateImport,20260817,Internal diagnostic,Continuity.Diagnostic.EventIDExactMismatchRate,paired_snapshots=60;internal_representation_only,1.0,0.116666666667,0.0,0.883333333333,1.0,Diagnostic only
StateImport,20260818,Internal diagnostic,Continuity.Diagnostic.EventIDExactMismatchRate,paired_snapshots=60;internal_representation_only,1.0,0.066666666667,0.0,0.9333333333330001,1.0,Diagnostic only
StateImport,20260819,Internal diagnostic,Continuity.Diagnostic.EventIDExactMismatchRate,paired_snapshots=60;internal_representation_only,1.0,0.216666666667,0.0,0.783333333333,1.0,Diagnostic only
StateImport,20260820,Internal diagnostic,Continuity.Diagnostic.EventIDExactMismatchRate,paired_snapshots=60;internal_representation_only,1.0,0.066666666667,0.0,0.9333333333330001,1.0,Diagnostic only
StateImport,20260821,Internal diagnostic,Continuity.Diagnostic.EventIDExactMismatchRate,paired_snapshots=60;internal_representation_only,1.0,0.066666666667,0.0,0.9333333333330001,1.0,Diagnostic only
StateImport,20260822,Internal diagnostic,Continuity.Diagnostic.EventIDExactMismatchRate,paired_snapshots=60;internal_representation_only,1.0,0.233333333333,0.0,0.766666666667,1.0,Diagnostic only
StateImport,20260823,Internal diagnostic,Continuity.Diagnostic.EventIDExactMismatchRate,paired_snapshots=60;internal_representation_only,1.0,0.183333333333,0.0,0.8166666666669999,1.0,Diagnostic only
StateImport,20260824,Internal diagnostic,Continuity.Diagnostic.EventIDExactMismatchRate,paired_snapshots=60;internal_representation_only,1.0,0.066666666667,0.0,0.9333333333330001,1.0,Diagnostic only
StateImport,20260825,Internal diagnostic,Continuity.Diagnostic.EventIDExactMismatchRate,paired_snapshots=60;internal_representation_only,1.0,0.066666666667,0.0,0.9333333333330001,1.0,Diagnostic only
StateImport,20260826,Internal diagnostic,Continuity.Diagnostic.EventIDExactMismatchRate,paired_snapshots=60;internal_representation_only,1.0,0.116666666667,0.0,0.883333333333,1.0,Diagnostic only
StateImport,20260827,Internal diagnostic,Continuity.Diagnostic.EventIDExactMismatchRate,paired_snapshots=60;internal_representation_only,1.0,0.216666666667,0.0,0.783333333333,1.0,Diagnostic only
StateImport,20260828,Internal diagnostic,Continuity.Diagnostic.EventIDExactMismatchRate,paired_snapshots=60;internal_representation_only,1.0,0.15,0.0,0.85,1.0,Diagnostic only
StateImport,20260829,Internal diagnostic,Continuity.Diagnostic.EventIDExactMismatchRate,paired_snapshots=60;internal_representation_only,1.0,0.083333333333,0.0,0.916666666667,1.0,Diagnostic only
StateImport,20260830,Internal diagnostic,Continuity.Diagnostic.EventIDExactMismatchRate,paired_snapshots=60;internal_representation_only,1.0,0.166666666667,0.0,0.833333333333,1.0,Diagnostic only
StateImport,20260831,Internal diagnostic,Continuity.Diagnostic.EventIDExactMismatchRate,paired_snapshots=60;internal_representation_only,1.0,0.133333333333,0.0,0.866666666667,1.0,Diagnostic only
StateImport,20260832,Internal diagnostic,Continuity.Diagnostic.EventIDExactMismatchRate,paired_snapshots=60;internal_representation_only,1.0,0.116666666667,0.0,0.883333333333,1.0,Diagnostic only
StateImport,20260833,Internal diagnostic,Continuity.Diagnostic.EventIDExactMismatchRate,paired_snapshots=60;internal_representation_only,1.0,0.083333333333,0.0,0.916666666667,1.0,Diagnostic only
StateImport,20260834,Internal diagnostic,Continuity.Diagnostic.EventIDExactMismatchRate,paired_snapshots=60;internal_representation_only,1.0,0.133333333333,0.0,0.866666666667,1.0,Diagnostic only
StateImport,20260835,Internal diagnostic,Continuity.Diagnostic.EventIDExactMismatchRate,paired_snapshots=60;internal_representation_only,1.0,0.083333333333,0.0,0.916666666667,1.0,Diagnostic only
StateImport,20260836,Internal diagnostic,Continuity.Diagnostic.EventIDExactMismatchRate,paired_snapshots=60;internal_representation_only,1.0,0.1,0.0,0.9,1.0,Diagnostic only
StateImport,20260837,Internal diagnostic,Continuity.Diagnostic.EventIDExactMismatchRate,paired_snapshots=60;internal_representation_only,1.0,0.133333333333,0.0,0.866666666667,1.0,Diagnostic only
StateImport,20260838,Internal diagnostic,Continuity.Diagnostic.EventIDExactMismatchRate,paired_snapshots=60;internal_representation_only,1.0,0.133333333333,0.0,0.866666666667,1.0,Diagnostic only
StateImport,20260839,Internal diagnostic,Continuity.Diagnostic.EventIDExactMismatchRate,paired_snapshots=60;internal_representation_only,1.0,0.033333333333,0.0,0.966666666667,1.0,Diagnostic only
StateImport,20260840,Internal diagnostic,Continuity.Diagnostic.EventIDExactMismatchRate,paired_snapshots=60;internal_representation_only,1.0,0.05,0.0,0.95,1.0,Diagnostic only
StateImport,20260841,Internal diagnostic,Continuity.Diagnostic.EventIDExactMismatchRate,paired_snapshots=60;internal_representation_only,1.0,0.166666666667,0.0,0.833333333333,1.0,Diagnostic only
StateImport,20260842,Internal diagnostic,Continuity.Diagnostic.EventIDExactMismatchRate,paired_snapshots=60;internal_representation_only,1.0,0.05,0.0,0.95,1.0,Diagnostic only
StateImport,20260843,Internal diagnostic,Continuity.Diagnostic.EventIDExactMismatchRate,paired_snapshots=60;internal_representation_only,1.0,0.05,0.0,0.95,1.0,Diagnostic only
StateImport,20260844,Internal diagnostic,Continuity.Diagnostic.EventIDExactMismatchRate,paired_snapshots=60;internal_representation_only,1.0,0.033333333333,0.0,0.966666666667,1.0,Diagnostic only
StateImport,20260815,Internal diagnostic,Continuity.Diagnostic.ReservationIDExactMismatchRate,paired_snapshots=60;internal_representation_only,0.0,0.0,0.0,0.0,0.0,Diagnostic only
StateImport,20260816,Internal diagnostic,Continuity.Diagnostic.ReservationIDExactMismatchRate,paired_snapshots=60;internal_representation_only,0.0,0.0,0.0,0.0,0.0,Diagnostic only
StateImport,20260817,Internal diagnostic,Continuity.Diagnostic.ReservationIDExactMismatchRate,paired_snapshots=60;internal_representation_only,0.0,0.0,0.0,0.0,0.0,Diagnostic only
StateImport,20260818,Internal diagnostic,Continuity.Diagnostic.ReservationIDExactMismatchRate,paired_snapshots=60;internal_representation_only,0.0,0.0,0.0,0.0,0.0,Diagnostic only
StateImport,20260819,Internal diagnostic,Continuity.Diagnostic.ReservationIDExactMismatchRate,paired_snapshots=60;internal_representation_only,0.0,0.0,0.0,0.0,0.0,Diagnostic only
StateImport,20260820,Internal diagnostic,Continuity.Diagnostic.ReservationIDExactMismatchRate,paired_snapshots=60;internal_representation_only,0.0,0.0,0.0,0.0,0.0,Diagnostic only
StateImport,20260821,Internal diagnostic,Continuity.Diagnostic.ReservationIDExactMismatchRate,paired_snapshots=60;internal_representation_only,0.0,0.0,0.0,0.0,0.0,Diagnostic only
StateImport,20260822,Internal diagnostic,Continuity.Diagnostic.ReservationIDExactMismatchRate,paired_snapshots=60;internal_representation_only,0.0,0.0,0.0,0.0,0.0,Diagnostic only
StateImport,20260823,Internal diagnostic,Continuity.Diagnostic.ReservationIDExactMismatchRate,paired_snapshots=60;internal_representation_only,0.0,0.0,0.0,0.0,0.0,Diagnostic only
StateImport,20260824,Internal diagnostic,Continuity.Diagnostic.ReservationIDExactMismatchRate,paired_snapshots=60;internal_representation_only,0.0,0.0,0.0,0.0,0.0,Diagnostic only
StateImport,20260825,Internal diagnostic,Continuity.Diagnostic.ReservationIDExactMismatchRate,paired_snapshots=60;internal_representation_only,0.0,0.0,0.0,0.0,0.0,Diagnostic only
StateImport,20260826,Internal diagnostic,Continuity.Diagnostic.ReservationIDExactMismatchRate,paired_snapshots=60;internal_representation_only,0.0,0.0,0.0,0.0,0.0,Diagnostic only
StateImport,20260827,Internal diagnostic,Continuity.Diagnostic.ReservationIDExactMismatchRate,paired_snapshots=60;internal_representation_only,0.0,0.0,0.0,0.0,0.0,Diagnostic only
StateImport,20260828,Internal diagnostic,Continuity.Diagnostic.ReservationIDExactMismatchRate,paired_snapshots=60;internal_representation_only,0.0,0.0,0.0,0.0,0.0,Diagnostic only
StateImport,20260829,Internal diagnostic,Continuity.Diagnostic.ReservationIDExactMismatchRate,paired_snapshots=60;internal_representation_only,0.0,0.0,0.0,0.0,0.0,Diagnostic only
StateImport,20260830,Internal diagnostic,Continuity.Diagnostic.ReservationIDExactMismatchRate,paired_snapshots=60;internal_representation_only,0.0,0.0,0.0,0.0,0.0,Diagnostic only
StateImport,20260831,Internal diagnostic,Continuity.Diagnostic.ReservationIDExactMismatchRate,paired_snapshots=60;internal_representation_only,0.0,0.0,0.0,0.0,0.0,Diagnostic only
StateImport,20260832,Internal diagnostic,Continuity.Diagnostic.ReservationIDExactMismatchRate,paired_snapshots=60;internal_representation_only,0.0,0.0,0.0,0.0,0.0,Diagnostic only
StateImport,20260833,Internal diagnostic,Continuity.Diagnostic.ReservationIDExactMismatchRate,paired_snapshots=60;internal_representation_only,0.0,0.0,0.0,0.0,0.0,Diagnostic only
StateImport,20260834,Internal diagnostic,Continuity.Diagnostic.ReservationIDExactMismatchRate,paired_snapshots=60;internal_representation_only,0.0,0.0,0.0,0.0,0.0,Diagnostic only
StateImport,20260835,Internal diagnostic,Continuity.Diagnostic.ReservationIDExactMismatchRate,paired_snapshots=60;internal_representation_only,0.0,0.0,0.0,0.0,0.0,Diagnostic only
StateImport,20260836,Internal diagnostic,Continuity.Diagnostic.ReservationIDExactMismatchRate,paired_snapshots=60;internal_representation_only,0.0,0.0,0.0,0.0,0.0,Diagnostic only
StateImport,20260837,Internal diagnostic,Continuity.Diagnostic.ReservationIDExactMismatchRate,paired_snapshots=60;internal_representation_only,0.0,0.0,0.0,0.0,0.0,Diagnostic only
StateImport,20260838,Internal diagnostic,Continuity.Diagnostic.ReservationIDExactMismatchRate,paired_snapshots=60;internal_representation_only,0.0,0.0,0.0,0.0,0.0,Diagnostic only
StateImport,20260839,Internal diagnostic,Continuity.Diagnostic.ReservationIDExactMismatchRate,paired_snapshots=60;internal_representation_only,0.0,0.0,0.0,0.0,0.0,Diagnostic only
StateImport,20260840,Internal diagnostic,Continuity.Diagnostic.ReservationIDExactMismatchRate,paired_snapshots=60;internal_representation_only,0.0,0.0,0.0,0.0,0.0,Diagnostic only
StateImport,20260841,Internal diagnostic,Continuity.Diagnostic.ReservationIDExactMismatchRate,paired_snapshots=60;internal_representation_only,0.0,0.0,0.0,0.0,0.0,Diagnostic only
StateImport,20260842,Internal diagnostic,Continuity.Diagnostic.ReservationIDExactMismatchRate,paired_snapshots=60;internal_representation_only,0.0,0.0,0.0,0.0,0.0,Diagnostic only
StateImport,20260843,Internal diagnostic,Continuity.Diagnostic.ReservationIDExactMismatchRate,paired_snapshots=60;internal_representation_only,0.0,0.0,0.0,0.0,0.0,Diagnostic only
StateImport,20260844,Internal diagnostic,Continuity.Diagnostic.ReservationIDExactMismatchRate,paired_snapshots=60;internal_representation_only,0.0,0.0,0.0,0.0,0.0,Diagnostic only
StateImport,20260815,Internal diagnostic,Continuity.Diagnostic.TaskProgressExactMismatchRate,paired_snapshots=60;internal_representation_only,0.916666666667,0.083333333333,0.0,0.8333333333340001,0.916666666667,Diagnostic only
StateImport,20260816,Internal diagnostic,Continuity.Diagnostic.TaskProgressExactMismatchRate,paired_snapshots=60;internal_representation_only,0.916666666667,0.083333333333,0.0,0.8333333333340001,0.916666666667,Diagnostic only
StateImport,20260817,Internal diagnostic,Continuity.Diagnostic.TaskProgressExactMismatchRate,paired_snapshots=60;internal_representation_only,0.9,0.116666666667,0.0,0.783333333333,0.9,Diagnostic only
StateImport,20260818,Internal diagnostic,Continuity.Diagnostic.TaskProgressExactMismatchRate,paired_snapshots=60;internal_representation_only,0.933333333333,0.066666666667,0.0,0.8666666666659999,0.933333333333,Diagnostic only
StateImport,20260819,Internal diagnostic,Continuity.Diagnostic.TaskProgressExactMismatchRate,paired_snapshots=60;internal_representation_only,0.8,0.216666666667,0.0,0.5833333333330001,0.8,Diagnostic only
StateImport,20260820,Internal diagnostic,Continuity.Diagnostic.TaskProgressExactMismatchRate,paired_snapshots=60;internal_representation_only,0.933333333333,0.066666666667,0.0,0.8666666666659999,0.933333333333,Diagnostic only
StateImport,20260821,Internal diagnostic,Continuity.Diagnostic.TaskProgressExactMismatchRate,paired_snapshots=60;internal_representation_only,0.933333333333,0.066666666667,0.0,0.8666666666659999,0.933333333333,Diagnostic only
StateImport,20260822,Internal diagnostic,Continuity.Diagnostic.TaskProgressExactMismatchRate,paired_snapshots=60;internal_representation_only,0.766666666667,0.233333333333,0.0,0.533333333334,0.766666666667,Diagnostic only
StateImport,20260823,Internal diagnostic,Continuity.Diagnostic.TaskProgressExactMismatchRate,paired_snapshots=60;internal_representation_only,0.85,0.183333333333,0.0,0.666666666667,0.85,Diagnostic only
StateImport,20260824,Internal diagnostic,Continuity.Diagnostic.TaskProgressExactMismatchRate,paired_snapshots=60;internal_representation_only,0.933333333333,0.066666666667,0.0,0.8666666666659999,0.933333333333,Diagnostic only
StateImport,20260825,Internal diagnostic,Continuity.Diagnostic.TaskProgressExactMismatchRate,paired_snapshots=60;internal_representation_only,0.933333333333,0.066666666667,0.0,0.8666666666659999,0.933333333333,Diagnostic only
StateImport,20260826,Internal diagnostic,Continuity.Diagnostic.TaskProgressExactMismatchRate,paired_snapshots=60;internal_representation_only,0.9,0.116666666667,0.0,0.783333333333,0.9,Diagnostic only
StateImport,20260827,Internal diagnostic,Continuity.Diagnostic.TaskProgressExactMismatchRate,paired_snapshots=60;internal_representation_only,0.8,0.216666666667,0.0,0.5833333333330001,0.8,Diagnostic only
StateImport,20260828,Internal diagnostic,Continuity.Diagnostic.TaskProgressExactMismatchRate,paired_snapshots=60;internal_representation_only,0.85,0.15,0.0,0.7,0.85,Diagnostic only
StateImport,20260829,Internal diagnostic,Continuity.Diagnostic.TaskProgressExactMismatchRate,paired_snapshots=60;internal_representation_only,0.916666666667,0.083333333333,0.0,0.8333333333340001,0.916666666667,Diagnostic only
StateImport,20260830,Internal diagnostic,Continuity.Diagnostic.TaskProgressExactMismatchRate,paired_snapshots=60;internal_representation_only,0.833333333333,0.166666666667,0.0,0.6666666666659999,0.833333333333,Diagnostic only
StateImport,20260831,Internal diagnostic,Continuity.Diagnostic.TaskProgressExactMismatchRate,paired_snapshots=60;internal_representation_only,0.883333333333,0.133333333333,0.0,0.75,0.883333333333,Diagnostic only
StateImport,20260832,Internal diagnostic,Continuity.Diagnostic.TaskProgressExactMismatchRate,paired_snapshots=60;internal_representation_only,0.883333333333,0.116666666667,0.0,0.766666666666,0.883333333333,Diagnostic only
StateImport,20260833,Internal diagnostic,Continuity.Diagnostic.TaskProgressExactMismatchRate,paired_snapshots=60;internal_representation_only,0.933333333333,0.083333333333,0.0,0.85,0.933333333333,Diagnostic only
StateImport,20260834,Internal diagnostic,Continuity.Diagnostic.TaskProgressExactMismatchRate,paired_snapshots=60;internal_representation_only,0.883333333333,0.133333333333,0.0,0.75,0.883333333333,Diagnostic only
StateImport,20260835,Internal diagnostic,Continuity.Diagnostic.TaskProgressExactMismatchRate,paired_snapshots=60;internal_representation_only,0.933333333333,0.083333333333,0.0,0.85,0.933333333333,Diagnostic only
StateImport,20260836,Internal diagnostic,Continuity.Diagnostic.TaskProgressExactMismatchRate,paired_snapshots=60;internal_representation_only,0.9,0.1,0.0,0.8,0.9,Diagnostic only
StateImport,20260837,Internal diagnostic,Continuity.Diagnostic.TaskProgressExactMismatchRate,paired_snapshots=60;internal_representation_only,0.866666666667,0.133333333333,0.0,0.733333333334,0.866666666667,Diagnostic only
StateImport,20260838,Internal diagnostic,Continuity.Diagnostic.TaskProgressExactMismatchRate,paired_snapshots=60;internal_representation_only,0.883333333333,0.133333333333,0.0,0.75,0.883333333333,Diagnostic only
StateImport,20260839,Internal diagnostic,Continuity.Diagnostic.TaskProgressExactMismatchRate,paired_snapshots=60;internal_representation_only,0.966666666667,0.033333333333,0.0,0.9333333333339999,0.966666666667,Diagnostic only
StateImport,20260840,Internal diagnostic,Continuity.Diagnostic.TaskProgressExactMismatchRate,paired_snapshots=60;internal_representation_only,0.95,0.05,0.0,0.8999999999999999,0.95,Diagnostic only
StateImport,20260841,Internal diagnostic,Continuity.Diagnostic.TaskProgressExactMismatchRate,paired_snapshots=60;internal_representation_only,0.85,0.166666666667,0.0,0.683333333333,0.85,Diagnostic only
StateImport,20260842,Internal diagnostic,Continuity.Diagnostic.TaskProgressExactMismatchRate,paired_snapshots=60;internal_representation_only,0.95,0.05,0.0,0.8999999999999999,0.95,Diagnostic only
StateImport,20260843,Internal diagnostic,Continuity.Diagnostic.TaskProgressExactMismatchRate,paired_snapshots=60;internal_representation_only,0.95,0.05,0.0,0.8999999999999999,0.95,Diagnostic only
StateImport,20260844,Internal diagnostic,Continuity.Diagnostic.TaskProgressExactMismatchRate,paired_snapshots=60;internal_representation_only,0.966666666667,0.033333333333,0.0,0.9333333333339999,0.966666666667,Diagnostic only
StateImport,20260815,Macro trajectory error,Trajectory.DamagedWaiting,N=100,0.0,0.007609299098,0.0,-0.007609299098,0.0,Primary accuracy
StateImport,20260816,Macro trajectory error,Trajectory.DamagedWaiting,N=100,0.0,0.010111034004,0.0,-0.010111034004,0.0,Primary accuracy
StateImport,20260817,Macro trajectory error,Trajectory.DamagedWaiting,N=100,0.0,0.010111034004,0.0,-0.010111034004,0.0,Primary accuracy
StateImport,20260818,Macro trajectory error,Trajectory.DamagedWaiting,N=100,0.0,0.010111034004,0.0,-0.010111034004,0.0,Primary accuracy
StateImport,20260819,Macro trajectory error,Trajectory.DamagedWaiting,N=100,0.0,0.007609299098,0.0,-0.007609299098,0.0,Primary accuracy
StateImport,20260820,Macro trajectory error,Trajectory.DamagedWaiting,N=100,0.0,0.010114503817,0.0,-0.010114503817,0.0,Primary accuracy
StateImport,20260821,Macro trajectory error,Trajectory.DamagedWaiting,N=100,0.0,0.007605829285,0.0,-0.007605829285,0.0,Primary accuracy
StateImport,20260822,Macro trajectory error,Trajectory.DamagedWaiting,N=100,0.0,0.010111034004,0.0,-0.010111034004,0.0,Primary accuracy
StateImport,20260823,Macro trajectory error,Trajectory.DamagedWaiting,N=100,0.0,0.010114503817,0.0,-0.010114503817,0.0,Primary accuracy
StateImport,20260824,Macro trajectory error,Trajectory.DamagedWaiting,N=100,0.0,0.010114503817,0.0,-0.010114503817,0.0,Primary accuracy
StateImport,20260825,Macro trajectory error,Trajectory.DamagedWaiting,N=100,0.0,0.010111034004,0.0,-0.010111034004,0.0,Primary accuracy
StateImport,20260826,Macro trajectory error,Trajectory.DamagedWaiting,N=100,0.0,0.010114503817,0.0,-0.010114503817,0.0,Primary accuracy
StateImport,20260827,Macro trajectory error,Trajectory.DamagedWaiting,N=100,0.0,0.010111034004,0.0,-0.010111034004,0.0,Primary accuracy
StateImport,20260828,Macro trajectory error,Trajectory.DamagedWaiting,N=100,0.0,0.010111034004,0.0,-0.010111034004,0.0,Primary accuracy
StateImport,20260829,Macro trajectory error,Trajectory.DamagedWaiting,N=100,0.0,0.010111034004,0.0,-0.010111034004,0.0,Primary accuracy
StateImport,20260830,Macro trajectory error,Trajectory.DamagedWaiting,N=100,0.0,0.010114503817,0.0,-0.010114503817,0.0,Primary accuracy
StateImport,20260831,Macro trajectory error,Trajectory.DamagedWaiting,N=100,0.0,0.007605829285,0.0,-0.007605829285,0.0,Primary accuracy
StateImport,20260832,Macro trajectory error,Trajectory.DamagedWaiting,N=100,0.0,0.010114503817,0.0,-0.010114503817,0.0,Primary accuracy
StateImport,20260833,Macro trajectory error,Trajectory.DamagedWaiting,N=100,0.0,0.010114503817,0.0,-0.010114503817,0.0,Primary accuracy
StateImport,20260834,Macro trajectory error,Trajectory.DamagedWaiting,N=100,0.0,0.010114503817,0.0,-0.010114503817,0.0,Primary accuracy
StateImport,20260835,Macro trajectory error,Trajectory.DamagedWaiting,N=100,0.0,0.010111034004,0.0,-0.010111034004,0.0,Primary accuracy
StateImport,20260836,Macro trajectory error,Trajectory.DamagedWaiting,N=100,0.0,0.010111034004,0.0,-0.010111034004,0.0,Primary accuracy
StateImport,20260837,Macro trajectory error,Trajectory.DamagedWaiting,N=100,0.0,0.010111034004,0.0,-0.010111034004,0.0,Primary accuracy
StateImport,20260838,Macro trajectory error,Trajectory.DamagedWaiting,N=100,0.0,0.007609299098,0.0,-0.007609299098,0.0,Primary accuracy
StateImport,20260839,Macro trajectory error,Trajectory.DamagedWaiting,N=100,0.0,0.010111034004,0.0,-0.010111034004,0.0,Primary accuracy
StateImport,20260840,Macro trajectory error,Trajectory.DamagedWaiting,N=100,0.0,0.010114503817,0.0,-0.010114503817,0.0,Primary accuracy
StateImport,20260841,Macro trajectory error,Trajectory.DamagedWaiting,N=100,0.0,0.010114503817,0.0,-0.010114503817,0.0,Primary accuracy
StateImport,20260842,Macro trajectory error,Trajectory.DamagedWaiting,N=100,0.0,0.010114503817,0.0,-0.010114503817,0.0,Primary accuracy
StateImport,20260843,Macro trajectory error,Trajectory.DamagedWaiting,N=100,0.0,0.010111034004,0.0,-0.010111034004,0.0,Primary accuracy
StateImport,20260844,Macro trajectory error,Trajectory.DamagedWaiting,N=100,0.0,0.010114503817,0.0,-0.010114503817,0.0,Primary accuracy
StateImport,20260815,Macro trajectory error,Trajectory.ForestWood,16N=1600,0.0,0.00330828889,0.0,-0.00330828889,0.0,Primary accuracy
StateImport,20260816,Macro trajectory error,Trajectory.ForestWood,16N=1600,0.0,0.00330828889,0.0,-0.00330828889,0.0,Primary accuracy
StateImport,20260817,Macro trajectory error,Trajectory.ForestWood,16N=1600,0.0,0.00330828889,0.0,-0.00330828889,0.0,Primary accuracy
StateImport,20260818,Macro trajectory error,Trajectory.ForestWood,16N=1600,0.0,0.00330828889,0.0,-0.00330828889,0.0,Primary accuracy
StateImport,20260819,Macro trajectory error,Trajectory.ForestWood,16N=1600,0.0,0.00330828889,0.0,-0.00330828889,0.0,Primary accuracy
StateImport,20260820,Macro trajectory error,Trajectory.ForestWood,16N=1600,0.0,0.00330828889,0.0,-0.00330828889,0.0,Primary accuracy
StateImport,20260821,Macro trajectory error,Trajectory.ForestWood,16N=1600,0.0,0.00330828889,0.0,-0.00330828889,0.0,Primary accuracy
StateImport,20260822,Macro trajectory error,Trajectory.ForestWood,16N=1600,0.0,0.00330828889,0.0,-0.00330828889,0.0,Primary accuracy
StateImport,20260823,Macro trajectory error,Trajectory.ForestWood,16N=1600,0.0,0.00330828889,0.0,-0.00330828889,0.0,Primary accuracy
StateImport,20260824,Macro trajectory error,Trajectory.ForestWood,16N=1600,0.0,0.00330828889,0.0,-0.00330828889,0.0,Primary accuracy
StateImport,20260825,Macro trajectory error,Trajectory.ForestWood,16N=1600,0.0,0.00330828889,0.0,-0.00330828889,0.0,Primary accuracy
StateImport,20260826,Macro trajectory error,Trajectory.ForestWood,16N=1600,0.0,0.00330828889,0.0,-0.00330828889,0.0,Primary accuracy
StateImport,20260827,Macro trajectory error,Trajectory.ForestWood,16N=1600,0.0,0.00330828889,0.0,-0.00330828889,0.0,Primary accuracy
StateImport,20260828,Macro trajectory error,Trajectory.ForestWood,16N=1600,0.0,0.00330828889,0.0,-0.00330828889,0.0,Primary accuracy
StateImport,20260829,Macro trajectory error,Trajectory.ForestWood,16N=1600,0.0,0.00330828889,0.0,-0.00330828889,0.0,Primary accuracy
StateImport,20260830,Macro trajectory error,Trajectory.ForestWood,16N=1600,0.0,0.00330828889,0.0,-0.00330828889,0.0,Primary accuracy
StateImport,20260831,Macro trajectory error,Trajectory.ForestWood,16N=1600,0.0,0.00330828889,0.0,-0.00330828889,0.0,Primary accuracy
StateImport,20260832,Macro trajectory error,Trajectory.ForestWood,16N=1600,0.0,0.00330828889,0.0,-0.00330828889,0.0,Primary accuracy
StateImport,20260833,Macro trajectory error,Trajectory.ForestWood,16N=1600,0.0,0.00330828889,0.0,-0.00330828889,0.0,Primary accuracy
StateImport,20260834,Macro trajectory error,Trajectory.ForestWood,16N=1600,0.0,0.00330828889,0.0,-0.00330828889,0.0,Primary accuracy
StateImport,20260835,Macro trajectory error,Trajectory.ForestWood,16N=1600,0.0,0.00330828889,0.0,-0.00330828889,0.0,Primary accuracy
StateImport,20260836,Macro trajectory error,Trajectory.ForestWood,16N=1600,0.0,0.00330828889,0.0,-0.00330828889,0.0,Primary accuracy
StateImport,20260837,Macro trajectory error,Trajectory.ForestWood,16N=1600,0.0,0.00330828889,0.0,-0.00330828889,0.0,Primary accuracy
StateImport,20260838,Macro trajectory error,Trajectory.ForestWood,16N=1600,0.0,0.00330828889,0.0,-0.00330828889,0.0,Primary accuracy
StateImport,20260839,Macro trajectory error,Trajectory.ForestWood,16N=1600,0.0,0.00330828889,0.0,-0.00330828889,0.0,Primary accuracy
StateImport,20260840,Macro trajectory error,Trajectory.ForestWood,16N=1600,0.0,0.00330828889,0.0,-0.00330828889,0.0,Primary accuracy
StateImport,20260841,Macro trajectory error,Trajectory.ForestWood,16N=1600,0.0,0.00330828889,0.0,-0.00330828889,0.0,Primary accuracy
StateImport,20260842,Macro trajectory error,Trajectory.ForestWood,16N=1600,0.0,0.00330828889,0.0,-0.00330828889,0.0,Primary accuracy
StateImport,20260843,Macro trajectory error,Trajectory.ForestWood,16N=1600,0.0,0.00330828889,0.0,-0.00330828889,0.0,Primary accuracy
StateImport,20260844,Macro trajectory error,Trajectory.ForestWood,16N=1600,0.0,0.00330828889,0.0,-0.00330828889,0.0,Primary accuracy
StateImport,20260815,Macro trajectory error,Trajectory.MarketWoodAvailable,2N=200,0.003331020125,0.260388619015,0.0,-0.25705759889,0.003331020125,Primary accuracy
StateImport,20260816,Macro trajectory error,Trajectory.MarketWoodAvailable,2N=200,0.002831367106,0.267709923664,0.0,-0.26487855655799997,0.002831367106,Primary accuracy
StateImport,20260817,Macro trajectory error,Trajectory.MarketWoodAvailable,2N=200,0.003164469119,0.268043025677,0.0,-0.264878556558,0.003164469119,Primary accuracy
StateImport,20260818,Macro trajectory error,Trajectory.MarketWoodAvailable,2N=200,0.004330326162,0.26920888272,0.0,-0.26487855655799997,0.004330326162,Primary accuracy
StateImport,20260819,Macro trajectory error,Trajectory.MarketWoodAvailable,2N=200,0.004163775156,0.260222068008,0.0,-0.256058292852,0.004163775156,Primary accuracy
StateImport,20260820,Macro trajectory error,Trajectory.MarketWoodAvailable,2N=200,0.003164469119,0.275690492713,0.0,-0.272526023594,0.003164469119,Primary accuracy
StateImport,20260821,Macro trajectory error,Trajectory.MarketWoodAvailable,2N=200,0.003164469119,0.252741151978,0.0,-0.249576682859,0.003164469119,Primary accuracy
StateImport,20260822,Macro trajectory error,Trajectory.MarketWoodAvailable,2N=200,0.004330326162,0.26920888272,0.0,-0.26487855655799997,0.004330326162,Primary accuracy
StateImport,20260823,Macro trajectory error,Trajectory.MarketWoodAvailable,2N=200,0.003497571131,0.276023594726,0.0,-0.272526023595,0.003497571131,Primary accuracy
StateImport,20260824,Macro trajectory error,Trajectory.MarketWoodAvailable,2N=200,0.002997918112,0.275523941707,0.0,-0.272526023595,0.002997918112,Primary accuracy
StateImport,20260825,Macro trajectory error,Trajectory.MarketWoodAvailable,2N=200,0.003497571131,0.268376127689,0.0,-0.26487855655799997,0.003497571131,Primary accuracy
StateImport,20260826,Macro trajectory error,Trajectory.MarketWoodAvailable,2N=200,0.001998612075,0.27452463567,0.0,-0.272526023595,0.001998612075,Primary accuracy
StateImport,20260827,Macro trajectory error,Trajectory.MarketWoodAvailable,2N=200,0.003830673144,0.268709229702,0.0,-0.264878556558,0.003830673144,Primary accuracy
StateImport,20260828,Macro trajectory error,Trajectory.MarketWoodAvailable,2N=200,0.003331020125,0.268209576683,0.0,-0.264878556558,0.003331020125,Primary accuracy
StateImport,20260829,Macro trajectory error,Trajectory.MarketWoodAvailable,2N=200,0.003164469119,0.268043025677,0.0,-0.264878556558,0.003164469119,Primary accuracy
StateImport,20260830,Macro trajectory error,Trajectory.MarketWoodAvailable,2N=200,0.002831367106,0.275357390701,0.0,-0.272526023595,0.002831367106,Primary accuracy
StateImport,20260831,Macro trajectory error,Trajectory.MarketWoodAvailable,2N=200,0.003164469119,0.252408049965,0.0,-0.24924358084599998,0.003164469119,Primary accuracy
StateImport,20260832,Macro trajectory error,Trajectory.MarketWoodAvailable,2N=200,0.003164469119,0.275690492713,0.0,-0.272526023594,0.003164469119,Primary accuracy
StateImport,20260833,Macro trajectory error,Trajectory.MarketWoodAvailable,2N=200,0.003164469119,0.275690492713,0.0,-0.272526023594,0.003164469119,Primary accuracy
StateImport,20260834,Macro trajectory error,Trajectory.MarketWoodAvailable,2N=200,0.003830673144,0.276356696738,0.0,-0.272526023594,0.003830673144,Primary accuracy
StateImport,20260835,Macro trajectory error,Trajectory.MarketWoodAvailable,2N=200,0.002831367106,0.267709923664,0.0,-0.26487855655799997,0.002831367106,Primary accuracy
StateImport,20260836,Macro trajectory error,Trajectory.MarketWoodAvailable,2N=200,0.002831367106,0.267709923664,0.0,-0.26487855655799997,0.002831367106,Primary accuracy
StateImport,20260837,Macro trajectory error,Trajectory.MarketWoodAvailable,2N=200,0.003830673144,0.268709229702,0.0,-0.264878556558,0.003830673144,Primary accuracy
StateImport,20260838,Macro trajectory error,Trajectory.MarketWoodAvailable,2N=200,0.002831367106,0.259555863983,0.0,-0.256724496877,0.002831367106,Primary accuracy
StateImport,20260839,Macro trajectory error,Trajectory.MarketWoodAvailable,2N=200,0.002831367106,0.267709923664,0.0,-0.26487855655799997,0.002831367106,Primary accuracy
StateImport,20260840,Macro trajectory error,Trajectory.MarketWoodAvailable,2N=200,0.003664122137,0.276190145732,0.0,-0.272526023595,0.003664122137,Primary accuracy
StateImport,20260841,Macro trajectory error,Trajectory.MarketWoodAvailable,2N=200,0.003830673144,0.276356696738,0.0,-0.272526023594,0.003830673144,Primary accuracy
StateImport,20260842,Macro trajectory error,Trajectory.MarketWoodAvailable,2N=200,0.003830673144,0.276356696738,0.0,-0.272526023594,0.003830673144,Primary accuracy
StateImport,20260843,Macro trajectory error,Trajectory.MarketWoodAvailable,2N=200,0.002498265094,0.267376821652,0.0,-0.264878556558,0.002498265094,Primary accuracy
StateImport,20260844,Macro trajectory error,Trajectory.MarketWoodAvailable,2N=200,0.002498265094,0.275024288688,0.0,-0.272526023594,0.002498265094,Primary accuracy
StateImport,20260815,Macro trajectory error,Trajectory.Repaired,N=100,0.0,0.007609299098,0.0,-0.007609299098,0.0,Primary accuracy
StateImport,20260816,Macro trajectory error,Trajectory.Repaired,N=100,0.0,0.010111034004,0.0,-0.010111034004,0.0,Primary accuracy
StateImport,20260817,Macro trajectory error,Trajectory.Repaired,N=100,0.0,0.010111034004,0.0,-0.010111034004,0.0,Primary accuracy
StateImport,20260818,Macro trajectory error,Trajectory.Repaired,N=100,0.0,0.010111034004,0.0,-0.010111034004,0.0,Primary accuracy
StateImport,20260819,Macro trajectory error,Trajectory.Repaired,N=100,0.0,0.007609299098,0.0,-0.007609299098,0.0,Primary accuracy
StateImport,20260820,Macro trajectory error,Trajectory.Repaired,N=100,0.0,0.010114503817,0.0,-0.010114503817,0.0,Primary accuracy
StateImport,20260821,Macro trajectory error,Trajectory.Repaired,N=100,0.0,0.007605829285,0.0,-0.007605829285,0.0,Primary accuracy
StateImport,20260822,Macro trajectory error,Trajectory.Repaired,N=100,0.0,0.010111034004,0.0,-0.010111034004,0.0,Primary accuracy
StateImport,20260823,Macro trajectory error,Trajectory.Repaired,N=100,0.0,0.010114503817,0.0,-0.010114503817,0.0,Primary accuracy
StateImport,20260824,Macro trajectory error,Trajectory.Repaired,N=100,0.0,0.010114503817,0.0,-0.010114503817,0.0,Primary accuracy
StateImport,20260825,Macro trajectory error,Trajectory.Repaired,N=100,0.0,0.010111034004,0.0,-0.010111034004,0.0,Primary accuracy
StateImport,20260826,Macro trajectory error,Trajectory.Repaired,N=100,0.0,0.010114503817,0.0,-0.010114503817,0.0,Primary accuracy
StateImport,20260827,Macro trajectory error,Trajectory.Repaired,N=100,0.0,0.010111034004,0.0,-0.010111034004,0.0,Primary accuracy
StateImport,20260828,Macro trajectory error,Trajectory.Repaired,N=100,0.0,0.010111034004,0.0,-0.010111034004,0.0,Primary accuracy
StateImport,20260829,Macro trajectory error,Trajectory.Repaired,N=100,0.0,0.010111034004,0.0,-0.010111034004,0.0,Primary accuracy
StateImport,20260830,Macro trajectory error,Trajectory.Repaired,N=100,0.0,0.010114503817,0.0,-0.010114503817,0.0,Primary accuracy
StateImport,20260831,Macro trajectory error,Trajectory.Repaired,N=100,0.0,0.007605829285,0.0,-0.007605829285,0.0,Primary accuracy
StateImport,20260832,Macro trajectory error,Trajectory.Repaired,N=100,0.0,0.010114503817,0.0,-0.010114503817,0.0,Primary accuracy
StateImport,20260833,Macro trajectory error,Trajectory.Repaired,N=100,0.0,0.010114503817,0.0,-0.010114503817,0.0,Primary accuracy
StateImport,20260834,Macro trajectory error,Trajectory.Repaired,N=100,0.0,0.010114503817,0.0,-0.010114503817,0.0,Primary accuracy
StateImport,20260835,Macro trajectory error,Trajectory.Repaired,N=100,0.0,0.010111034004,0.0,-0.010111034004,0.0,Primary accuracy
StateImport,20260836,Macro trajectory error,Trajectory.Repaired,N=100,0.0,0.010111034004,0.0,-0.010111034004,0.0,Primary accuracy
StateImport,20260837,Macro trajectory error,Trajectory.Repaired,N=100,0.0,0.010111034004,0.0,-0.010111034004,0.0,Primary accuracy
StateImport,20260838,Macro trajectory error,Trajectory.Repaired,N=100,0.0,0.007609299098,0.0,-0.007609299098,0.0,Primary accuracy
StateImport,20260839,Macro trajectory error,Trajectory.Repaired,N=100,0.0,0.010111034004,0.0,-0.010111034004,0.0,Primary accuracy
StateImport,20260840,Macro trajectory error,Trajectory.Repaired,N=100,0.0,0.010114503817,0.0,-0.010114503817,0.0,Primary accuracy
StateImport,20260841,Macro trajectory error,Trajectory.Repaired,N=100,0.0,0.010114503817,0.0,-0.010114503817,0.0,Primary accuracy
StateImport,20260842,Macro trajectory error,Trajectory.Repaired,N=100,0.0,0.010114503817,0.0,-0.010114503817,0.0,Primary accuracy
StateImport,20260843,Macro trajectory error,Trajectory.Repaired,N=100,0.0,0.010111034004,0.0,-0.010111034004,0.0,Primary accuracy
StateImport,20260844,Macro trajectory error,Trajectory.Repaired,N=100,0.0,0.010114503817,0.0,-0.010114503817,0.0,Primary accuracy
StateImport,20260815,Macro trajectory error,Trajectory.TreasuryAvailable,5N=500,0.0,0.0,0.0,0.0,0.0,Primary accuracy
StateImport,20260816,Macro trajectory error,Trajectory.TreasuryAvailable,5N=500,0.0,0.0,0.0,0.0,0.0,Primary accuracy
StateImport,20260817,Macro trajectory error,Trajectory.TreasuryAvailable,5N=500,0.0,0.0,0.0,0.0,0.0,Primary accuracy
StateImport,20260818,Macro trajectory error,Trajectory.TreasuryAvailable,5N=500,0.0,0.0,0.0,0.0,0.0,Primary accuracy
StateImport,20260819,Macro trajectory error,Trajectory.TreasuryAvailable,5N=500,0.0,0.0,0.0,0.0,0.0,Primary accuracy
StateImport,20260820,Macro trajectory error,Trajectory.TreasuryAvailable,5N=500,0.0,0.0,0.0,0.0,0.0,Primary accuracy
StateImport,20260821,Macro trajectory error,Trajectory.TreasuryAvailable,5N=500,0.0,0.0,0.0,0.0,0.0,Primary accuracy
StateImport,20260822,Macro trajectory error,Trajectory.TreasuryAvailable,5N=500,0.0,0.0,0.0,0.0,0.0,Primary accuracy
StateImport,20260823,Macro trajectory error,Trajectory.TreasuryAvailable,5N=500,0.0,0.0,0.0,0.0,0.0,Primary accuracy
StateImport,20260824,Macro trajectory error,Trajectory.TreasuryAvailable,5N=500,0.0,0.0,0.0,0.0,0.0,Primary accuracy
StateImport,20260825,Macro trajectory error,Trajectory.TreasuryAvailable,5N=500,0.0,0.0,0.0,0.0,0.0,Primary accuracy
StateImport,20260826,Macro trajectory error,Trajectory.TreasuryAvailable,5N=500,0.0,0.0,0.0,0.0,0.0,Primary accuracy
StateImport,20260827,Macro trajectory error,Trajectory.TreasuryAvailable,5N=500,0.0,0.0,0.0,0.0,0.0,Primary accuracy
StateImport,20260828,Macro trajectory error,Trajectory.TreasuryAvailable,5N=500,0.0,0.0,0.0,0.0,0.0,Primary accuracy
StateImport,20260829,Macro trajectory error,Trajectory.TreasuryAvailable,5N=500,0.0,0.0,0.0,0.0,0.0,Primary accuracy
StateImport,20260830,Macro trajectory error,Trajectory.TreasuryAvailable,5N=500,0.0,0.0,0.0,0.0,0.0,Primary accuracy
StateImport,20260831,Macro trajectory error,Trajectory.TreasuryAvailable,5N=500,0.0,0.0,0.0,0.0,0.0,Primary accuracy
StateImport,20260832,Macro trajectory error,Trajectory.TreasuryAvailable,5N=500,0.0,0.0,0.0,0.0,0.0,Primary accuracy
StateImport,20260833,Macro trajectory error,Trajectory.TreasuryAvailable,5N=500,0.0,0.0,0.0,0.0,0.0,Primary accuracy
StateImport,20260834,Macro trajectory error,Trajectory.TreasuryAvailable,5N=500,0.0,0.0,0.0,0.0,0.0,Primary accuracy
StateImport,20260835,Macro trajectory error,Trajectory.TreasuryAvailable,5N=500,0.0,0.0,0.0,0.0,0.0,Primary accuracy
StateImport,20260836,Macro trajectory error,Trajectory.TreasuryAvailable,5N=500,0.0,0.0,0.0,0.0,0.0,Primary accuracy
StateImport,20260837,Macro trajectory error,Trajectory.TreasuryAvailable,5N=500,0.0,0.0,0.0,0.0,0.0,Primary accuracy
StateImport,20260838,Macro trajectory error,Trajectory.TreasuryAvailable,5N=500,0.0,0.0,0.0,0.0,0.0,Primary accuracy
StateImport,20260839,Macro trajectory error,Trajectory.TreasuryAvailable,5N=500,0.0,0.0,0.0,0.0,0.0,Primary accuracy
StateImport,20260840,Macro trajectory error,Trajectory.TreasuryAvailable,5N=500,0.0,0.0,0.0,0.0,0.0,Primary accuracy
StateImport,20260841,Macro trajectory error,Trajectory.TreasuryAvailable,5N=500,0.0,0.0,0.0,0.0,0.0,Primary accuracy
StateImport,20260842,Macro trajectory error,Trajectory.TreasuryAvailable,5N=500,0.0,0.0,0.0,0.0,0.0,Primary accuracy
StateImport,20260843,Macro trajectory error,Trajectory.TreasuryAvailable,5N=500,0.0,0.0,0.0,0.0,0.0,Primary accuracy
StateImport,20260844,Macro trajectory error,Trajectory.TreasuryAvailable,5N=500,0.0,0.0,0.0,0.0,0.0,Primary accuracy
StateImport,20260815,Macro trajectory error,Trajectory.UnderRepair,N=100,0.0,0.001124219292,0.0,-0.001124219292,0.0,Primary accuracy
StateImport,20260816,Macro trajectory error,Trajectory.UnderRepair,N=100,0.0,0.001443442054,0.0,-0.001443442054,0.0,Primary accuracy
StateImport,20260817,Macro trajectory error,Trajectory.UnderRepair,N=100,0.0,0.001443442054,0.0,-0.001443442054,0.0,Primary accuracy
StateImport,20260818,Macro trajectory error,Trajectory.UnderRepair,N=100,0.0,0.001443442054,0.0,-0.001443442054,0.0,Primary accuracy
StateImport,20260819,Macro trajectory error,Trajectory.UnderRepair,N=100,0.0,0.001124219292,0.0,-0.001124219292,0.0,Primary accuracy
StateImport,20260820,Macro trajectory error,Trajectory.UnderRepair,N=100,0.0,0.001443442054,0.0,-0.001443442054,0.0,Primary accuracy
StateImport,20260821,Macro trajectory error,Trajectory.UnderRepair,N=100,0.0,0.001124219292,0.0,-0.001124219292,0.0,Primary accuracy
StateImport,20260822,Macro trajectory error,Trajectory.UnderRepair,N=100,0.0,0.001443442054,0.0,-0.001443442054,0.0,Primary accuracy
StateImport,20260823,Macro trajectory error,Trajectory.UnderRepair,N=100,0.0,0.001443442054,0.0,-0.001443442054,0.0,Primary accuracy
StateImport,20260824,Macro trajectory error,Trajectory.UnderRepair,N=100,0.0,0.001443442054,0.0,-0.001443442054,0.0,Primary accuracy
StateImport,20260825,Macro trajectory error,Trajectory.UnderRepair,N=100,0.0,0.001443442054,0.0,-0.001443442054,0.0,Primary accuracy
StateImport,20260826,Macro trajectory error,Trajectory.UnderRepair,N=100,0.0,0.001443442054,0.0,-0.001443442054,0.0,Primary accuracy
StateImport,20260827,Macro trajectory error,Trajectory.UnderRepair,N=100,0.0,0.001443442054,0.0,-0.001443442054,0.0,Primary accuracy
StateImport,20260828,Macro trajectory error,Trajectory.UnderRepair,N=100,0.0,0.001443442054,0.0,-0.001443442054,0.0,Primary accuracy
StateImport,20260829,Macro trajectory error,Trajectory.UnderRepair,N=100,0.0,0.001443442054,0.0,-0.001443442054,0.0,Primary accuracy
StateImport,20260830,Macro trajectory error,Trajectory.UnderRepair,N=100,0.0,0.001443442054,0.0,-0.001443442054,0.0,Primary accuracy
StateImport,20260831,Macro trajectory error,Trajectory.UnderRepair,N=100,0.0,0.001124219292,0.0,-0.001124219292,0.0,Primary accuracy
StateImport,20260832,Macro trajectory error,Trajectory.UnderRepair,N=100,0.0,0.001443442054,0.0,-0.001443442054,0.0,Primary accuracy
StateImport,20260833,Macro trajectory error,Trajectory.UnderRepair,N=100,0.0,0.001443442054,0.0,-0.001443442054,0.0,Primary accuracy
StateImport,20260834,Macro trajectory error,Trajectory.UnderRepair,N=100,0.0,0.001443442054,0.0,-0.001443442054,0.0,Primary accuracy
StateImport,20260835,Macro trajectory error,Trajectory.UnderRepair,N=100,0.0,0.001443442054,0.0,-0.001443442054,0.0,Primary accuracy
StateImport,20260836,Macro trajectory error,Trajectory.UnderRepair,N=100,0.0,0.001443442054,0.0,-0.001443442054,0.0,Primary accuracy
StateImport,20260837,Macro trajectory error,Trajectory.UnderRepair,N=100,0.0,0.001443442054,0.0,-0.001443442054,0.0,Primary accuracy
StateImport,20260838,Macro trajectory error,Trajectory.UnderRepair,N=100,0.0,0.001124219292,0.0,-0.001124219292,0.0,Primary accuracy
StateImport,20260839,Macro trajectory error,Trajectory.UnderRepair,N=100,0.0,0.001443442054,0.0,-0.001443442054,0.0,Primary accuracy
StateImport,20260840,Macro trajectory error,Trajectory.UnderRepair,N=100,0.0,0.001443442054,0.0,-0.001443442054,0.0,Primary accuracy
StateImport,20260841,Macro trajectory error,Trajectory.UnderRepair,N=100,0.0,0.001443442054,0.0,-0.001443442054,0.0,Primary accuracy
StateImport,20260842,Macro trajectory error,Trajectory.UnderRepair,N=100,0.0,0.001443442054,0.0,-0.001443442054,0.0,Primary accuracy
StateImport,20260843,Macro trajectory error,Trajectory.UnderRepair,N=100,0.0,0.001443442054,0.0,-0.001443442054,0.0,Primary accuracy
StateImport,20260844,Macro trajectory error,Trajectory.UnderRepair,N=100,0.0,0.001443442054,0.0,-0.001443442054,0.0,Primary accuracy
StateImport,20260815,Macro trajectory error,Trajectory.WoodPrice,P0=1,0.001955183142,0.379216558048,0.0,-0.377261374906,0.001955183142,Primary accuracy
StateImport,20260816,Macro trajectory error,Trajectory.WoodPrice,P0=1,0.001747828143,0.408029518415,0.0,-0.406281690272,0.001747828143,Primary accuracy
StateImport,20260817,Macro trajectory error,Trajectory.WoodPrice,P0=1,0.002069348128,0.408358798311,0.0,-0.406289450183,0.002069348128,Primary accuracy
StateImport,20260818,Macro trajectory error,Trajectory.WoodPrice,P0=1,0.002824507329,0.409113957511,0.0,-0.40628945018199997,0.002824507329,Primary accuracy
StateImport,20260819,Macro trajectory error,Trajectory.WoodPrice,P0=1,0.002416940797,0.378970980669,0.0,-0.376554039872,0.002416940797,Primary accuracy
StateImport,20260820,Macro trajectory error,Trajectory.WoodPrice,P0=1,0.002210286014,0.449783248346,0.0,-0.447572962332,0.002210286014,Primary accuracy
StateImport,20260821,Macro trajectory error,Trajectory.WoodPrice,P0=1,0.001940875965,0.34746456979,0.0,-0.34552369382500003,0.001940875965,Primary accuracy
StateImport,20260822,Macro trajectory error,Trajectory.WoodPrice,P0=1,0.002792961735,0.409078071314,0.0,-0.406285109579,0.002792961735,Primary accuracy
StateImport,20260823,Macro trajectory error,Trajectory.WoodPrice,P0=1,0.002335493077,0.449913805488,0.0,-0.447578312411,0.002335493077,Primary accuracy
StateImport,20260824,Macro trajectory error,Trajectory.WoodPrice,P0=1,0.00202953673,0.449607849141,0.0,-0.447578312411,0.00202953673,Primary accuracy
StateImport,20260825,Macro trajectory error,Trajectory.WoodPrice,P0=1,0.001877232053,0.408164200648,0.0,-0.406286968595,0.001877232053,Primary accuracy
StateImport,20260826,Macro trajectory error,Trajectory.WoodPrice,P0=1,0.001283161669,0.44881844885,0.0,-0.447535287181,0.001283161669,Primary accuracy
StateImport,20260827,Macro trajectory error,Trajectory.WoodPrice,P0=1,0.002646106298,0.408930751159,0.0,-0.406284644861,0.002646106298,Primary accuracy
StateImport,20260828,Macro trajectory error,Trajectory.WoodPrice,P0=1,0.002168966345,0.408458416527,0.0,-0.40628945018199997,0.002168966345,Primary accuracy
StateImport,20260829,Macro trajectory error,Trajectory.WoodPrice,P0=1,0.001851075291,0.408096335862,0.0,-0.406245260571,0.001851075291,Primary accuracy
StateImport,20260830,Macro trajectory error,Trajectory.WoodPrice,P0=1,0.001632926252,0.449191329987,0.0,-0.447558403735,0.001632926252,Primary accuracy
StateImport,20260831,Macro trajectory error,Trajectory.WoodPrice,P0=1,0.001944850262,0.347290427405,0.0,-0.345345577143,0.001944850262,Primary accuracy
StateImport,20260832,Macro trajectory error,Trajectory.WoodPrice,P0=1,0.001799599077,0.449359297913,0.0,-0.447559698836,0.001799599077,Primary accuracy
StateImport,20260833,Macro trajectory error,Trajectory.WoodPrice,P0=1,0.001913618496,0.449470337878,0.0,-0.447556719382,0.001913618496,Primary accuracy
StateImport,20260834,Macro trajectory error,Trajectory.WoodPrice,P0=1,0.00247600637,0.450054438256,0.0,-0.447578431886,0.00247600637,Primary accuracy
StateImport,20260835,Macro trajectory error,Trajectory.WoodPrice,P0=1,0.001909114468,0.408128393784,0.0,-0.406219279316,0.001909114468,Primary accuracy
StateImport,20260836,Macro trajectory error,Trajectory.WoodPrice,P0=1,0.001883061542,0.408172207196,0.0,-0.406289145654,0.001883061542,Primary accuracy
StateImport,20260837,Macro trajectory error,Trajectory.WoodPrice,P0=1,0.002707166885,0.408988260503,0.0,-0.406281093618,0.002707166885,Primary accuracy
StateImport,20260838,Macro trajectory error,Trajectory.WoodPrice,P0=1,0.001596368247,0.378622008656,0.0,-0.377025640409,0.001596368247,Primary accuracy
StateImport,20260839,Macro trajectory error,Trajectory.WoodPrice,P0=1,0.002100573714,0.40837455803,0.0,-0.406273984316,0.002100573714,Primary accuracy
StateImport,20260840,Macro trajectory error,Trajectory.WoodPrice,P0=1,0.002487956686,0.450066098263,0.0,-0.447578141577,0.002487956686,Primary accuracy
StateImport,20260841,Macro trajectory error,Trajectory.WoodPrice,P0=1,0.002590106248,0.450168418658,0.0,-0.44757831241,0.002590106248,Primary accuracy
StateImport,20260842,Macro trajectory error,Trajectory.WoodPrice,P0=1,0.002343163036,0.449900836182,0.0,-0.447557673146,0.002343163036,Primary accuracy
StateImport,20260843,Macro trajectory error,Trajectory.WoodPrice,P0=1,0.001762818737,0.408046667066,0.0,-0.406283848329,0.001762818737,Primary accuracy
StateImport,20260844,Macro trajectory error,Trajectory.WoodPrice,P0=1,0.001460589066,0.448725928643,0.0,-0.447265339577,0.001460589066,Primary accuracy
StateImport,20260815,Player-visible continuity,Continuity.CurrentGoalMismatchRate,paired_snapshots=60,0.016666666667,0.016666666667,0.0,0.0,0.016666666667,Continuity
StateImport,20260816,Player-visible continuity,Continuity.CurrentGoalMismatchRate,paired_snapshots=60,0.016666666667,0.05,0.0,-0.033333333333,0.016666666667,Continuity
StateImport,20260817,Player-visible continuity,Continuity.CurrentGoalMismatchRate,paired_snapshots=60,0.05,0.083333333333,0.0,-0.033333333332999995,0.05,Continuity
StateImport,20260818,Player-visible continuity,Continuity.CurrentGoalMismatchRate,paired_snapshots=60,0.016666666667,0.0,0.0,0.016666666667,0.016666666667,Continuity
StateImport,20260819,Player-visible continuity,Continuity.CurrentGoalMismatchRate,paired_snapshots=60,0.0,0.066666666667,0.0,-0.066666666667,0.0,Continuity
StateImport,20260820,Player-visible continuity,Continuity.CurrentGoalMismatchRate,paired_snapshots=60,0.016666666667,0.016666666667,0.0,0.0,0.016666666667,Continuity
StateImport,20260821,Player-visible continuity,Continuity.CurrentGoalMismatchRate,paired_snapshots=60,0.016666666667,0.016666666667,0.0,0.0,0.016666666667,Continuity
StateImport,20260822,Player-visible continuity,Continuity.CurrentGoalMismatchRate,paired_snapshots=60,0.05,0.1,0.0,-0.05,0.05,Continuity
StateImport,20260823,Player-visible continuity,Continuity.CurrentGoalMismatchRate,paired_snapshots=60,0.066666666667,0.066666666667,0.0,0.0,0.066666666667,Continuity
StateImport,20260824,Player-visible continuity,Continuity.CurrentGoalMismatchRate,paired_snapshots=60,0.05,0.05,0.0,0.0,0.05,Continuity
StateImport,20260825,Player-visible continuity,Continuity.CurrentGoalMismatchRate,paired_snapshots=60,0.0,0.016666666667,0.0,-0.016666666667,0.0,Continuity
StateImport,20260826,Player-visible continuity,Continuity.CurrentGoalMismatchRate,paired_snapshots=60,0.016666666667,0.033333333333,0.0,-0.016666666666000002,0.016666666667,Continuity
StateImport,20260827,Player-visible continuity,Continuity.CurrentGoalMismatchRate,paired_snapshots=60,0.016666666667,0.133333333333,0.0,-0.11666666666599998,0.016666666667,Continuity
StateImport,20260828,Player-visible continuity,Continuity.CurrentGoalMismatchRate,paired_snapshots=60,0.016666666667,0.066666666667,0.0,-0.049999999999999996,0.016666666667,Continuity
StateImport,20260829,Player-visible continuity,Continuity.CurrentGoalMismatchRate,paired_snapshots=60,0.0,0.016666666667,0.0,-0.016666666667,0.0,Continuity
StateImport,20260830,Player-visible continuity,Continuity.CurrentGoalMismatchRate,paired_snapshots=60,0.066666666667,0.066666666667,0.0,0.0,0.066666666667,Continuity
StateImport,20260831,Player-visible continuity,Continuity.CurrentGoalMismatchRate,paired_snapshots=60,0.033333333333,0.033333333333,0.0,0.0,0.033333333333,Continuity
StateImport,20260832,Player-visible continuity,Continuity.CurrentGoalMismatchRate,paired_snapshots=60,0.016666666667,0.05,0.0,-0.033333333333,0.016666666667,Continuity
StateImport,20260833,Player-visible continuity,Continuity.CurrentGoalMismatchRate,paired_snapshots=60,0.016666666667,0.066666666667,0.0,-0.049999999999999996,0.016666666667,Continuity
StateImport,20260834,Player-visible continuity,Continuity.CurrentGoalMismatchRate,paired_snapshots=60,0.016666666667,0.05,0.0,-0.033333333333,0.016666666667,Continuity
StateImport,20260835,Player-visible continuity,Continuity.CurrentGoalMismatchRate,paired_snapshots=60,0.016666666667,0.033333333333,0.0,-0.016666666666000002,0.016666666667,Continuity
StateImport,20260836,Player-visible continuity,Continuity.CurrentGoalMismatchRate,paired_snapshots=60,0.033333333333,0.016666666667,0.0,0.016666666666000002,0.033333333333,Continuity
StateImport,20260837,Player-visible continuity,Continuity.CurrentGoalMismatchRate,paired_snapshots=60,0.05,0.05,0.0,0.0,0.05,Continuity
StateImport,20260838,Player-visible continuity,Continuity.CurrentGoalMismatchRate,paired_snapshots=60,0.05,0.033333333333,0.0,0.016666666667,0.05,Continuity
StateImport,20260839,Player-visible continuity,Continuity.CurrentGoalMismatchRate,paired_snapshots=60,0.0,0.0,0.0,0.0,0.0,Continuity
StateImport,20260840,Player-visible continuity,Continuity.CurrentGoalMismatchRate,paired_snapshots=60,0.0,0.033333333333,0.0,-0.033333333333,0.0,Continuity
StateImport,20260841,Player-visible continuity,Continuity.CurrentGoalMismatchRate,paired_snapshots=60,0.033333333333,0.083333333333,0.0,-0.049999999999999996,0.033333333333,Continuity
StateImport,20260842,Player-visible continuity,Continuity.CurrentGoalMismatchRate,paired_snapshots=60,0.033333333333,0.016666666667,0.0,0.016666666666000002,0.033333333333,Continuity
StateImport,20260843,Player-visible continuity,Continuity.CurrentGoalMismatchRate,paired_snapshots=60,0.016666666667,0.033333333333,0.0,-0.016666666666000002,0.016666666667,Continuity
StateImport,20260844,Player-visible continuity,Continuity.CurrentGoalMismatchRate,paired_snapshots=60,0.016666666667,0.0,0.0,0.016666666667,0.016666666667,Continuity
StateImport,20260815,Player-visible continuity,Continuity.FirstActionMismatchRate,paired_snapshots=60,0.033333333333,0.016666666667,0.0,0.016666666666000002,0.033333333333,Continuity
StateImport,20260816,Player-visible continuity,Continuity.FirstActionMismatchRate,paired_snapshots=60,0.016666666667,0.05,0.0,-0.033333333333,0.016666666667,Continuity
StateImport,20260817,Player-visible continuity,Continuity.FirstActionMismatchRate,paired_snapshots=60,0.066666666667,0.083333333333,0.0,-0.016666666666000002,0.066666666667,Continuity
StateImport,20260818,Player-visible continuity,Continuity.FirstActionMismatchRate,paired_snapshots=60,0.016666666667,0.0,0.0,0.016666666667,0.016666666667,Continuity
StateImport,20260819,Player-visible continuity,Continuity.FirstActionMismatchRate,paired_snapshots=60,0.016666666667,0.066666666667,0.0,-0.049999999999999996,0.016666666667,Continuity
StateImport,20260820,Player-visible continuity,Continuity.FirstActionMismatchRate,paired_snapshots=60,0.016666666667,0.016666666667,0.0,0.0,0.016666666667,Continuity
StateImport,20260821,Player-visible continuity,Continuity.FirstActionMismatchRate,paired_snapshots=60,0.016666666667,0.016666666667,0.0,0.0,0.016666666667,Continuity
StateImport,20260822,Player-visible continuity,Continuity.FirstActionMismatchRate,paired_snapshots=60,0.083333333333,0.1,0.0,-0.016666666667000007,0.083333333333,Continuity
StateImport,20260823,Player-visible continuity,Continuity.FirstActionMismatchRate,paired_snapshots=60,0.066666666667,0.066666666667,0.0,0.0,0.066666666667,Continuity
StateImport,20260824,Player-visible continuity,Continuity.FirstActionMismatchRate,paired_snapshots=60,0.066666666667,0.05,0.0,0.016666666666999994,0.066666666667,Continuity
StateImport,20260825,Player-visible continuity,Continuity.FirstActionMismatchRate,paired_snapshots=60,0.0,0.016666666667,0.0,-0.016666666667,0.0,Continuity
StateImport,20260826,Player-visible continuity,Continuity.FirstActionMismatchRate,paired_snapshots=60,0.033333333333,0.033333333333,0.0,0.0,0.033333333333,Continuity
StateImport,20260827,Player-visible continuity,Continuity.FirstActionMismatchRate,paired_snapshots=60,0.033333333333,0.133333333333,0.0,-0.09999999999999998,0.033333333333,Continuity
StateImport,20260828,Player-visible continuity,Continuity.FirstActionMismatchRate,paired_snapshots=60,0.033333333333,0.066666666667,0.0,-0.033333333333999994,0.033333333333,Continuity
StateImport,20260829,Player-visible continuity,Continuity.FirstActionMismatchRate,paired_snapshots=60,0.0,0.016666666667,0.0,-0.016666666667,0.0,Continuity
StateImport,20260830,Player-visible continuity,Continuity.FirstActionMismatchRate,paired_snapshots=60,0.066666666667,0.066666666667,0.0,0.0,0.066666666667,Continuity
StateImport,20260831,Player-visible continuity,Continuity.FirstActionMismatchRate,paired_snapshots=60,0.033333333333,0.033333333333,0.0,0.0,0.033333333333,Continuity
StateImport,20260832,Player-visible continuity,Continuity.FirstActionMismatchRate,paired_snapshots=60,0.016666666667,0.05,0.0,-0.033333333333,0.016666666667,Continuity
StateImport,20260833,Player-visible continuity,Continuity.FirstActionMismatchRate,paired_snapshots=60,0.016666666667,0.066666666667,0.0,-0.049999999999999996,0.016666666667,Continuity
StateImport,20260834,Player-visible continuity,Continuity.FirstActionMismatchRate,paired_snapshots=60,0.033333333333,0.05,0.0,-0.016666666667,0.033333333333,Continuity
StateImport,20260835,Player-visible continuity,Continuity.FirstActionMismatchRate,paired_snapshots=60,0.033333333333,0.033333333333,0.0,0.0,0.033333333333,Continuity
StateImport,20260836,Player-visible continuity,Continuity.FirstActionMismatchRate,paired_snapshots=60,0.033333333333,0.016666666667,0.0,0.016666666666000002,0.033333333333,Continuity
StateImport,20260837,Player-visible continuity,Continuity.FirstActionMismatchRate,paired_snapshots=60,0.05,0.05,0.0,0.0,0.05,Continuity
StateImport,20260838,Player-visible continuity,Continuity.FirstActionMismatchRate,paired_snapshots=60,0.05,0.033333333333,0.0,0.016666666667,0.05,Continuity
StateImport,20260839,Player-visible continuity,Continuity.FirstActionMismatchRate,paired_snapshots=60,0.0,0.0,0.0,0.0,0.0,Continuity
StateImport,20260840,Player-visible continuity,Continuity.FirstActionMismatchRate,paired_snapshots=60,0.0,0.033333333333,0.0,-0.033333333333,0.0,Continuity
StateImport,20260841,Player-visible continuity,Continuity.FirstActionMismatchRate,paired_snapshots=60,0.066666666667,0.083333333333,0.0,-0.016666666666000002,0.066666666667,Continuity
StateImport,20260842,Player-visible continuity,Continuity.FirstActionMismatchRate,paired_snapshots=60,0.033333333333,0.016666666667,0.0,0.016666666666000002,0.033333333333,Continuity
StateImport,20260843,Player-visible continuity,Continuity.FirstActionMismatchRate,paired_snapshots=60,0.016666666667,0.033333333333,0.0,-0.016666666666000002,0.016666666667,Continuity
StateImport,20260844,Player-visible continuity,Continuity.FirstActionMismatchRate,paired_snapshots=60,0.016666666667,0.0,0.0,0.016666666667,0.016666666667,Continuity
StateImport,20260815,Player-visible continuity,Continuity.HomeIDMismatchRate,paired_snapshots=60,0.0,0.0,0.0,0.0,0.0,Continuity
StateImport,20260816,Player-visible continuity,Continuity.HomeIDMismatchRate,paired_snapshots=60,0.0,0.0,0.0,0.0,0.0,Continuity
StateImport,20260817,Player-visible continuity,Continuity.HomeIDMismatchRate,paired_snapshots=60,0.0,0.0,0.0,0.0,0.0,Continuity
StateImport,20260818,Player-visible continuity,Continuity.HomeIDMismatchRate,paired_snapshots=60,0.0,0.0,0.0,0.0,0.0,Continuity
StateImport,20260819,Player-visible continuity,Continuity.HomeIDMismatchRate,paired_snapshots=60,0.0,0.0,0.0,0.0,0.0,Continuity
StateImport,20260820,Player-visible continuity,Continuity.HomeIDMismatchRate,paired_snapshots=60,0.0,0.0,0.0,0.0,0.0,Continuity
StateImport,20260821,Player-visible continuity,Continuity.HomeIDMismatchRate,paired_snapshots=60,0.0,0.0,0.0,0.0,0.0,Continuity
StateImport,20260822,Player-visible continuity,Continuity.HomeIDMismatchRate,paired_snapshots=60,0.0,0.0,0.0,0.0,0.0,Continuity
StateImport,20260823,Player-visible continuity,Continuity.HomeIDMismatchRate,paired_snapshots=60,0.0,0.0,0.0,0.0,0.0,Continuity
StateImport,20260824,Player-visible continuity,Continuity.HomeIDMismatchRate,paired_snapshots=60,0.0,0.0,0.0,0.0,0.0,Continuity
StateImport,20260825,Player-visible continuity,Continuity.HomeIDMismatchRate,paired_snapshots=60,0.0,0.0,0.0,0.0,0.0,Continuity
StateImport,20260826,Player-visible continuity,Continuity.HomeIDMismatchRate,paired_snapshots=60,0.0,0.0,0.0,0.0,0.0,Continuity
StateImport,20260827,Player-visible continuity,Continuity.HomeIDMismatchRate,paired_snapshots=60,0.0,0.0,0.0,0.0,0.0,Continuity
StateImport,20260828,Player-visible continuity,Continuity.HomeIDMismatchRate,paired_snapshots=60,0.0,0.0,0.0,0.0,0.0,Continuity
StateImport,20260829,Player-visible continuity,Continuity.HomeIDMismatchRate,paired_snapshots=60,0.0,0.0,0.0,0.0,0.0,Continuity
StateImport,20260830,Player-visible continuity,Continuity.HomeIDMismatchRate,paired_snapshots=60,0.0,0.0,0.0,0.0,0.0,Continuity
StateImport,20260831,Player-visible continuity,Continuity.HomeIDMismatchRate,paired_snapshots=60,0.0,0.0,0.0,0.0,0.0,Continuity
StateImport,20260832,Player-visible continuity,Continuity.HomeIDMismatchRate,paired_snapshots=60,0.0,0.0,0.0,0.0,0.0,Continuity
StateImport,20260833,Player-visible continuity,Continuity.HomeIDMismatchRate,paired_snapshots=60,0.0,0.0,0.0,0.0,0.0,Continuity
StateImport,20260834,Player-visible continuity,Continuity.HomeIDMismatchRate,paired_snapshots=60,0.0,0.0,0.0,0.0,0.0,Continuity
StateImport,20260835,Player-visible continuity,Continuity.HomeIDMismatchRate,paired_snapshots=60,0.0,0.0,0.0,0.0,0.0,Continuity
StateImport,20260836,Player-visible continuity,Continuity.HomeIDMismatchRate,paired_snapshots=60,0.0,0.0,0.0,0.0,0.0,Continuity
StateImport,20260837,Player-visible continuity,Continuity.HomeIDMismatchRate,paired_snapshots=60,0.0,0.0,0.0,0.0,0.0,Continuity
StateImport,20260838,Player-visible continuity,Continuity.HomeIDMismatchRate,paired_snapshots=60,0.0,0.0,0.0,0.0,0.0,Continuity
StateImport,20260839,Player-visible continuity,Continuity.HomeIDMismatchRate,paired_snapshots=60,0.0,0.0,0.0,0.0,0.0,Continuity
StateImport,20260840,Player-visible continuity,Continuity.HomeIDMismatchRate,paired_snapshots=60,0.0,0.0,0.0,0.0,0.0,Continuity
StateImport,20260841,Player-visible continuity,Continuity.HomeIDMismatchRate,paired_snapshots=60,0.0,0.0,0.0,0.0,0.0,Continuity
StateImport,20260842,Player-visible continuity,Continuity.HomeIDMismatchRate,paired_snapshots=60,0.0,0.0,0.0,0.0,0.0,Continuity
StateImport,20260843,Player-visible continuity,Continuity.HomeIDMismatchRate,paired_snapshots=60,0.0,0.0,0.0,0.0,0.0,Continuity
StateImport,20260844,Player-visible continuity,Continuity.HomeIDMismatchRate,paired_snapshots=60,0.0,0.0,0.0,0.0,0.0,Continuity
StateImport,20260815,Player-visible continuity,Continuity.HomeStateMismatchRate,paired_snapshots=60,0.033333333333,0.116666666667,0.0,-0.083333333334,0.033333333333,Continuity
StateImport,20260816,Player-visible continuity,Continuity.HomeStateMismatchRate,paired_snapshots=60,0.016666666667,0.116666666667,0.0,-0.1,0.016666666667,Continuity
StateImport,20260817,Player-visible continuity,Continuity.HomeStateMismatchRate,paired_snapshots=60,0.066666666667,0.183333333333,0.0,-0.11666666666600001,0.066666666667,Continuity
StateImport,20260818,Player-visible continuity,Continuity.HomeStateMismatchRate,paired_snapshots=60,0.016666666667,0.083333333333,0.0,-0.06666666666599999,0.016666666667,Continuity
StateImport,20260819,Player-visible continuity,Continuity.HomeStateMismatchRate,paired_snapshots=60,0.016666666667,0.166666666667,0.0,-0.15,0.016666666667,Continuity
StateImport,20260820,Player-visible continuity,Continuity.HomeStateMismatchRate,paired_snapshots=60,0.016666666667,0.133333333333,0.0,-0.11666666666599998,0.016666666667,Continuity
StateImport,20260821,Player-visible continuity,Continuity.HomeStateMismatchRate,paired_snapshots=60,0.016666666667,0.133333333333,0.0,-0.11666666666599998,0.016666666667,Continuity
StateImport,20260822,Player-visible continuity,Continuity.HomeStateMismatchRate,paired_snapshots=60,0.083333333333,0.25,0.0,-0.166666666667,0.083333333333,Continuity
StateImport,20260823,Player-visible continuity,Continuity.HomeStateMismatchRate,paired_snapshots=60,0.066666666667,0.25,0.0,-0.183333333333,0.066666666667,Continuity
StateImport,20260824,Player-visible continuity,Continuity.HomeStateMismatchRate,paired_snapshots=60,0.066666666667,0.15,0.0,-0.083333333333,0.066666666667,Continuity
StateImport,20260825,Player-visible continuity,Continuity.HomeStateMismatchRate,paired_snapshots=60,0.0,0.116666666667,0.0,-0.116666666667,0.0,Continuity
StateImport,20260826,Player-visible continuity,Continuity.HomeStateMismatchRate,paired_snapshots=60,0.033333333333,0.166666666667,0.0,-0.133333333334,0.033333333333,Continuity
StateImport,20260827,Player-visible continuity,Continuity.HomeStateMismatchRate,paired_snapshots=60,0.033333333333,0.266666666667,0.0,-0.233333333334,0.033333333333,Continuity
StateImport,20260828,Player-visible continuity,Continuity.HomeStateMismatchRate,paired_snapshots=60,0.033333333333,0.2,0.0,-0.166666666667,0.033333333333,Continuity
StateImport,20260829,Player-visible continuity,Continuity.HomeStateMismatchRate,paired_snapshots=60,0.0,0.166666666667,0.0,-0.166666666667,0.0,Continuity
StateImport,20260830,Player-visible continuity,Continuity.HomeStateMismatchRate,paired_snapshots=60,0.066666666667,0.266666666667,0.0,-0.2,0.066666666667,Continuity
StateImport,20260831,Player-visible continuity,Continuity.HomeStateMismatchRate,paired_snapshots=60,0.033333333333,0.183333333333,0.0,-0.15,0.033333333333,Continuity
StateImport,20260832,Player-visible continuity,Continuity.HomeStateMismatchRate,paired_snapshots=60,0.016666666667,0.166666666667,0.0,-0.15,0.016666666667,Continuity
StateImport,20260833,Player-visible continuity,Continuity.HomeStateMismatchRate,paired_snapshots=60,0.016666666667,0.116666666667,0.0,-0.1,0.016666666667,Continuity
StateImport,20260834,Player-visible continuity,Continuity.HomeStateMismatchRate,paired_snapshots=60,0.033333333333,0.183333333333,0.0,-0.15,0.033333333333,Continuity
StateImport,20260835,Player-visible continuity,Continuity.HomeStateMismatchRate,paired_snapshots=60,0.033333333333,0.15,0.0,-0.11666666666699999,0.033333333333,Continuity
StateImport,20260836,Player-visible continuity,Continuity.HomeStateMismatchRate,paired_snapshots=60,0.033333333333,0.116666666667,0.0,-0.083333333334,0.033333333333,Continuity
StateImport,20260837,Player-visible continuity,Continuity.HomeStateMismatchRate,paired_snapshots=60,0.05,0.216666666667,0.0,-0.16666666666699997,0.05,Continuity
StateImport,20260838,Player-visible continuity,Continuity.HomeStateMismatchRate,paired_snapshots=60,0.05,0.166666666667,0.0,-0.116666666667,0.05,Continuity
StateImport,20260839,Player-visible continuity,Continuity.HomeStateMismatchRate,paired_snapshots=60,0.0,0.083333333333,0.0,-0.083333333333,0.0,Continuity
StateImport,20260840,Player-visible continuity,Continuity.HomeStateMismatchRate,paired_snapshots=60,0.0,0.133333333333,0.0,-0.133333333333,0.0,Continuity
StateImport,20260841,Player-visible continuity,Continuity.HomeStateMismatchRate,paired_snapshots=60,0.066666666667,0.233333333333,0.0,-0.166666666666,0.066666666667,Continuity
StateImport,20260842,Player-visible continuity,Continuity.HomeStateMismatchRate,paired_snapshots=60,0.033333333333,0.1,0.0,-0.066666666667,0.033333333333,Continuity
StateImport,20260843,Player-visible continuity,Continuity.HomeStateMismatchRate,paired_snapshots=60,0.016666666667,0.166666666667,0.0,-0.15,0.016666666667,Continuity
StateImport,20260844,Player-visible continuity,Continuity.HomeStateMismatchRate,paired_snapshots=60,0.016666666667,0.083333333333,0.0,-0.06666666666599999,0.016666666667,Continuity
StateImport,20260815,Player-visible continuity,Continuity.InventoryWoodMAE,wood_per_paired_snapshot,0.066666666667,0.533333333333,0.0,-0.46666666666600004,0.066666666667,Continuity
StateImport,20260816,Player-visible continuity,Continuity.InventoryWoodMAE,wood_per_paired_snapshot,0.066666666667,0.6,0.0,-0.5333333333329999,0.066666666667,Continuity
StateImport,20260817,Player-visible continuity,Continuity.InventoryWoodMAE,wood_per_paired_snapshot,0.2,0.6,0.0,-0.39999999999999997,0.2,Continuity
StateImport,20260818,Player-visible continuity,Continuity.InventoryWoodMAE,wood_per_paired_snapshot,0.066666666667,0.5,0.0,-0.433333333333,0.066666666667,Continuity
StateImport,20260819,Player-visible continuity,Continuity.InventoryWoodMAE,wood_per_paired_snapshot,0.066666666667,0.633333333333,0.0,-0.5666666666660001,0.066666666667,Continuity
StateImport,20260820,Player-visible continuity,Continuity.InventoryWoodMAE,wood_per_paired_snapshot,0.066666666667,0.533333333333,0.0,-0.46666666666600004,0.066666666667,Continuity
StateImport,20260821,Player-visible continuity,Continuity.InventoryWoodMAE,wood_per_paired_snapshot,0.066666666667,0.533333333333,0.0,-0.46666666666600004,0.066666666667,Continuity
StateImport,20260822,Player-visible continuity,Continuity.InventoryWoodMAE,wood_per_paired_snapshot,0.333333333333,0.7,0.0,-0.36666666666699993,0.333333333333,Continuity
StateImport,20260823,Player-visible continuity,Continuity.InventoryWoodMAE,wood_per_paired_snapshot,0.133333333333,0.6,0.0,-0.46666666666699996,0.133333333333,Continuity
StateImport,20260824,Player-visible continuity,Continuity.InventoryWoodMAE,wood_per_paired_snapshot,0.266666666667,0.6,0.0,-0.33333333333299997,0.266666666667,Continuity
StateImport,20260825,Player-visible continuity,Continuity.InventoryWoodMAE,wood_per_paired_snapshot,0.0,0.533333333333,0.0,-0.533333333333,0.0,Continuity
StateImport,20260826,Player-visible continuity,Continuity.InventoryWoodMAE,wood_per_paired_snapshot,0.133333333333,0.566666666667,0.0,-0.43333333333400004,0.133333333333,Continuity
StateImport,20260827,Player-visible continuity,Continuity.InventoryWoodMAE,wood_per_paired_snapshot,0.066666666667,0.733333333333,0.0,-0.6666666666659999,0.066666666667,Continuity
StateImport,20260828,Player-visible continuity,Continuity.InventoryWoodMAE,wood_per_paired_snapshot,0.133333333333,0.633333333333,0.0,-0.5,0.133333333333,Continuity
StateImport,20260829,Player-visible continuity,Continuity.InventoryWoodMAE,wood_per_paired_snapshot,0.0,0.533333333333,0.0,-0.533333333333,0.0,Continuity
StateImport,20260830,Player-visible continuity,Continuity.InventoryWoodMAE,wood_per_paired_snapshot,0.266666666667,0.633333333333,0.0,-0.366666666666,0.266666666667,Continuity
StateImport,20260831,Player-visible continuity,Continuity.InventoryWoodMAE,wood_per_paired_snapshot,0.066666666667,0.566666666667,0.0,-0.5,0.066666666667,Continuity
StateImport,20260832,Player-visible continuity,Continuity.InventoryWoodMAE,wood_per_paired_snapshot,0.0,0.6,0.0,-0.6,0.0,Continuity
StateImport,20260833,Player-visible continuity,Continuity.InventoryWoodMAE,wood_per_paired_snapshot,0.0,0.6,0.0,-0.6,0.0,Continuity
StateImport,20260834,Player-visible continuity,Continuity.InventoryWoodMAE,wood_per_paired_snapshot,0.133333333333,0.6,0.0,-0.46666666666699996,0.133333333333,Continuity
StateImport,20260835,Player-visible continuity,Continuity.InventoryWoodMAE,wood_per_paired_snapshot,0.133333333333,0.566666666667,0.0,-0.43333333333400004,0.133333333333,Continuity
StateImport,20260836,Player-visible continuity,Continuity.InventoryWoodMAE,wood_per_paired_snapshot,0.133333333333,0.533333333333,0.0,-0.4,0.133333333333,Continuity
StateImport,20260837,Player-visible continuity,Continuity.InventoryWoodMAE,wood_per_paired_snapshot,0.2,0.6,0.0,-0.39999999999999997,0.2,Continuity
StateImport,20260838,Player-visible continuity,Continuity.InventoryWoodMAE,wood_per_paired_snapshot,0.133333333333,0.566666666667,0.0,-0.43333333333400004,0.133333333333,Continuity
StateImport,20260839,Player-visible continuity,Continuity.InventoryWoodMAE,wood_per_paired_snapshot,0.0,0.5,0.0,-0.5,0.0,Continuity
StateImport,20260840,Player-visible continuity,Continuity.InventoryWoodMAE,wood_per_paired_snapshot,0.0,0.566666666667,0.0,-0.566666666667,0.0,Continuity
StateImport,20260841,Player-visible continuity,Continuity.InventoryWoodMAE,wood_per_paired_snapshot,0.266666666667,0.633333333333,0.0,-0.366666666666,0.266666666667,Continuity
StateImport,20260842,Player-visible continuity,Continuity.InventoryWoodMAE,wood_per_paired_snapshot,0.133333333333,0.533333333333,0.0,-0.4,0.133333333333,Continuity
StateImport,20260843,Player-visible continuity,Continuity.InventoryWoodMAE,wood_per_paired_snapshot,0.0,0.566666666667,0.0,-0.566666666667,0.0,Continuity
StateImport,20260844,Player-visible continuity,Continuity.InventoryWoodMAE,wood_per_paired_snapshot,0.066666666667,0.5,0.0,-0.433333333333,0.066666666667,Continuity
StateImport,20260815,Player-visible continuity,Continuity.InventoryWoodMismatchRate,paired_snapshots=60,0.016666666667,0.5,0.0,-0.483333333333,0.016666666667,Continuity
StateImport,20260816,Player-visible continuity,Continuity.InventoryWoodMismatchRate,paired_snapshots=60,0.016666666667,0.5,0.0,-0.483333333333,0.016666666667,Continuity
StateImport,20260817,Player-visible continuity,Continuity.InventoryWoodMismatchRate,paired_snapshots=60,0.05,0.5,0.0,-0.45,0.05,Continuity
StateImport,20260818,Player-visible continuity,Continuity.InventoryWoodMismatchRate,paired_snapshots=60,0.016666666667,0.5,0.0,-0.483333333333,0.016666666667,Continuity
StateImport,20260819,Player-visible continuity,Continuity.InventoryWoodMismatchRate,paired_snapshots=60,0.016666666667,0.5,0.0,-0.483333333333,0.016666666667,Continuity
StateImport,20260820,Player-visible continuity,Continuity.InventoryWoodMismatchRate,paired_snapshots=60,0.016666666667,0.5,0.0,-0.483333333333,0.016666666667,Continuity
StateImport,20260821,Player-visible continuity,Continuity.InventoryWoodMismatchRate,paired_snapshots=60,0.016666666667,0.5,0.0,-0.483333333333,0.016666666667,Continuity
StateImport,20260822,Player-visible continuity,Continuity.InventoryWoodMismatchRate,paired_snapshots=60,0.083333333333,0.5,0.0,-0.41666666666700003,0.083333333333,Continuity
StateImport,20260823,Player-visible continuity,Continuity.InventoryWoodMismatchRate,paired_snapshots=60,0.033333333333,0.5,0.0,-0.466666666667,0.033333333333,Continuity
StateImport,20260824,Player-visible continuity,Continuity.InventoryWoodMismatchRate,paired_snapshots=60,0.066666666667,0.5,0.0,-0.433333333333,0.066666666667,Continuity
StateImport,20260825,Player-visible continuity,Continuity.InventoryWoodMismatchRate,paired_snapshots=60,0.0,0.5,0.0,-0.5,0.0,Continuity
StateImport,20260826,Player-visible continuity,Continuity.InventoryWoodMismatchRate,paired_snapshots=60,0.033333333333,0.5,0.0,-0.466666666667,0.033333333333,Continuity
StateImport,20260827,Player-visible continuity,Continuity.InventoryWoodMismatchRate,paired_snapshots=60,0.016666666667,0.5,0.0,-0.483333333333,0.016666666667,Continuity
StateImport,20260828,Player-visible continuity,Continuity.InventoryWoodMismatchRate,paired_snapshots=60,0.033333333333,0.5,0.0,-0.466666666667,0.033333333333,Continuity
StateImport,20260829,Player-visible continuity,Continuity.InventoryWoodMismatchRate,paired_snapshots=60,0.0,0.5,0.0,-0.5,0.0,Continuity
StateImport,20260830,Player-visible continuity,Continuity.InventoryWoodMismatchRate,paired_snapshots=60,0.066666666667,0.5,0.0,-0.433333333333,0.066666666667,Continuity
StateImport,20260831,Player-visible continuity,Continuity.InventoryWoodMismatchRate,paired_snapshots=60,0.016666666667,0.5,0.0,-0.483333333333,0.016666666667,Continuity
StateImport,20260832,Player-visible continuity,Continuity.InventoryWoodMismatchRate,paired_snapshots=60,0.0,0.5,0.0,-0.5,0.0,Continuity
StateImport,20260833,Player-visible continuity,Continuity.InventoryWoodMismatchRate,paired_snapshots=60,0.0,0.5,0.0,-0.5,0.0,Continuity
StateImport,20260834,Player-visible continuity,Continuity.InventoryWoodMismatchRate,paired_snapshots=60,0.033333333333,0.5,0.0,-0.466666666667,0.033333333333,Continuity
StateImport,20260835,Player-visible continuity,Continuity.InventoryWoodMismatchRate,paired_snapshots=60,0.033333333333,0.5,0.0,-0.466666666667,0.033333333333,Continuity
StateImport,20260836,Player-visible continuity,Continuity.InventoryWoodMismatchRate,paired_snapshots=60,0.033333333333,0.5,0.0,-0.466666666667,0.033333333333,Continuity
StateImport,20260837,Player-visible continuity,Continuity.InventoryWoodMismatchRate,paired_snapshots=60,0.05,0.5,0.0,-0.45,0.05,Continuity
StateImport,20260838,Player-visible continuity,Continuity.InventoryWoodMismatchRate,paired_snapshots=60,0.033333333333,0.5,0.0,-0.466666666667,0.033333333333,Continuity
StateImport,20260839,Player-visible continuity,Continuity.InventoryWoodMismatchRate,paired_snapshots=60,0.0,0.5,0.0,-0.5,0.0,Continuity
StateImport,20260840,Player-visible continuity,Continuity.InventoryWoodMismatchRate,paired_snapshots=60,0.0,0.5,0.0,-0.5,0.0,Continuity
StateImport,20260841,Player-visible continuity,Continuity.InventoryWoodMismatchRate,paired_snapshots=60,0.066666666667,0.5,0.0,-0.433333333333,0.066666666667,Continuity
StateImport,20260842,Player-visible continuity,Continuity.InventoryWoodMismatchRate,paired_snapshots=60,0.033333333333,0.5,0.0,-0.466666666667,0.033333333333,Continuity
StateImport,20260843,Player-visible continuity,Continuity.InventoryWoodMismatchRate,paired_snapshots=60,0.0,0.5,0.0,-0.5,0.0,Continuity
StateImport,20260844,Player-visible continuity,Continuity.InventoryWoodMismatchRate,paired_snapshots=60,0.016666666667,0.5,0.0,-0.483333333333,0.016666666667,Continuity
StateImport,20260815,Player-visible continuity,Continuity.InventoryWoodNormalizedMAE,abs_error_div_max_1_abs_oracle,0.016666666667,0.495833333333,0.0,-0.479166666666,0.016666666667,Continuity
StateImport,20260816,Player-visible continuity,Continuity.InventoryWoodNormalizedMAE,abs_error_div_max_1_abs_oracle,0.016666666667,0.4875,0.0,-0.470833333333,0.016666666667,Continuity
StateImport,20260817,Player-visible continuity,Continuity.InventoryWoodNormalizedMAE,abs_error_div_max_1_abs_oracle,0.1,0.4875,0.0,-0.38749999999999996,0.1,Continuity
StateImport,20260818,Player-visible continuity,Continuity.InventoryWoodNormalizedMAE,abs_error_div_max_1_abs_oracle,0.066666666667,0.5,0.0,-0.433333333333,0.066666666667,Continuity
StateImport,20260819,Player-visible continuity,Continuity.InventoryWoodNormalizedMAE,abs_error_div_max_1_abs_oracle,0.016666666667,0.483333333333,0.0,-0.466666666666,0.016666666667,Continuity
StateImport,20260820,Player-visible continuity,Continuity.InventoryWoodNormalizedMAE,abs_error_div_max_1_abs_oracle,0.066666666667,0.495833333333,0.0,-0.429166666666,0.066666666667,Continuity
StateImport,20260821,Player-visible continuity,Continuity.InventoryWoodNormalizedMAE,abs_error_div_max_1_abs_oracle,0.066666666667,0.495833333333,0.0,-0.429166666666,0.066666666667,Continuity
StateImport,20260822,Player-visible continuity,Continuity.InventoryWoodNormalizedMAE,abs_error_div_max_1_abs_oracle,0.183333333333,0.475,0.0,-0.291666666667,0.183333333333,Continuity
StateImport,20260823,Player-visible continuity,Continuity.InventoryWoodNormalizedMAE,abs_error_div_max_1_abs_oracle,0.083333333333,0.4875,0.0,-0.40416666666699996,0.083333333333,Continuity
StateImport,20260824,Player-visible continuity,Continuity.InventoryWoodNormalizedMAE,abs_error_div_max_1_abs_oracle,0.116666666667,0.4875,0.0,-0.370833333333,0.116666666667,Continuity
StateImport,20260825,Player-visible continuity,Continuity.InventoryWoodNormalizedMAE,abs_error_div_max_1_abs_oracle,0.0,0.495833333333,0.0,-0.495833333333,0.0,Continuity
StateImport,20260826,Player-visible continuity,Continuity.InventoryWoodNormalizedMAE,abs_error_div_max_1_abs_oracle,0.083333333333,0.491666666667,0.0,-0.408333333334,0.083333333333,Continuity
StateImport,20260827,Player-visible continuity,Continuity.InventoryWoodNormalizedMAE,abs_error_div_max_1_abs_oracle,0.016666666667,0.470833333333,0.0,-0.454166666666,0.016666666667,Continuity
StateImport,20260828,Player-visible continuity,Continuity.InventoryWoodNormalizedMAE,abs_error_div_max_1_abs_oracle,0.033333333333,0.483333333333,0.0,-0.45,0.033333333333,Continuity
StateImport,20260829,Player-visible continuity,Continuity.InventoryWoodNormalizedMAE,abs_error_div_max_1_abs_oracle,0.0,0.495833333333,0.0,-0.495833333333,0.0,Continuity
StateImport,20260830,Player-visible continuity,Continuity.InventoryWoodNormalizedMAE,abs_error_div_max_1_abs_oracle,0.166666666667,0.483333333333,0.0,-0.31666666666599996,0.166666666667,Continuity
StateImport,20260831,Player-visible continuity,Continuity.InventoryWoodNormalizedMAE,abs_error_div_max_1_abs_oracle,0.016666666667,0.491666666667,0.0,-0.475,0.016666666667,Continuity
StateImport,20260832,Player-visible continuity,Continuity.InventoryWoodNormalizedMAE,abs_error_div_max_1_abs_oracle,0.0,0.4875,0.0,-0.4875,0.0,Continuity
StateImport,20260833,Player-visible continuity,Continuity.InventoryWoodNormalizedMAE,abs_error_div_max_1_abs_oracle,0.0,0.4875,0.0,-0.4875,0.0,Continuity
StateImport,20260834,Player-visible continuity,Continuity.InventoryWoodNormalizedMAE,abs_error_div_max_1_abs_oracle,0.083333333333,0.4875,0.0,-0.40416666666699996,0.083333333333,Continuity
StateImport,20260835,Player-visible continuity,Continuity.InventoryWoodNormalizedMAE,abs_error_div_max_1_abs_oracle,0.033333333333,0.491666666667,0.0,-0.458333333334,0.033333333333,Continuity
StateImport,20260836,Player-visible continuity,Continuity.InventoryWoodNormalizedMAE,abs_error_div_max_1_abs_oracle,0.133333333333,0.495833333333,0.0,-0.36250000000000004,0.133333333333,Continuity
StateImport,20260837,Player-visible continuity,Continuity.InventoryWoodNormalizedMAE,abs_error_div_max_1_abs_oracle,0.15,0.4875,0.0,-0.3375,0.15,Continuity
StateImport,20260838,Player-visible continuity,Continuity.InventoryWoodNormalizedMAE,abs_error_div_max_1_abs_oracle,0.133333333333,0.491666666667,0.0,-0.35833333333399997,0.133333333333,Continuity
StateImport,20260839,Player-visible continuity,Continuity.InventoryWoodNormalizedMAE,abs_error_div_max_1_abs_oracle,0.0,0.5,0.0,-0.5,0.0,Continuity
StateImport,20260840,Player-visible continuity,Continuity.InventoryWoodNormalizedMAE,abs_error_div_max_1_abs_oracle,0.0,0.491666666667,0.0,-0.491666666667,0.0,Continuity
StateImport,20260841,Player-visible continuity,Continuity.InventoryWoodNormalizedMAE,abs_error_div_max_1_abs_oracle,0.166666666667,0.483333333333,0.0,-0.31666666666599996,0.166666666667,Continuity
StateImport,20260842,Player-visible continuity,Continuity.InventoryWoodNormalizedMAE,abs_error_div_max_1_abs_oracle,0.083333333333,0.495833333333,0.0,-0.4125,0.083333333333,Continuity
StateImport,20260843,Player-visible continuity,Continuity.InventoryWoodNormalizedMAE,abs_error_div_max_1_abs_oracle,0.0,0.491666666667,0.0,-0.491666666667,0.0,Continuity
StateImport,20260844,Player-visible continuity,Continuity.InventoryWoodNormalizedMAE,abs_error_div_max_1_abs_oracle,0.066666666667,0.5,0.0,-0.433333333333,0.066666666667,Continuity
StateImport,20260815,Player-visible continuity,Continuity.KingdomMismatchRate,paired_snapshots=60,0.0,0.0,0.0,0.0,0.0,Continuity
StateImport,20260816,Player-visible continuity,Continuity.KingdomMismatchRate,paired_snapshots=60,0.0,0.0,0.0,0.0,0.0,Continuity
StateImport,20260817,Player-visible continuity,Continuity.KingdomMismatchRate,paired_snapshots=60,0.0,0.0,0.0,0.0,0.0,Continuity
StateImport,20260818,Player-visible continuity,Continuity.KingdomMismatchRate,paired_snapshots=60,0.0,0.0,0.0,0.0,0.0,Continuity
StateImport,20260819,Player-visible continuity,Continuity.KingdomMismatchRate,paired_snapshots=60,0.0,0.0,0.0,0.0,0.0,Continuity
StateImport,20260820,Player-visible continuity,Continuity.KingdomMismatchRate,paired_snapshots=60,0.0,0.0,0.0,0.0,0.0,Continuity
StateImport,20260821,Player-visible continuity,Continuity.KingdomMismatchRate,paired_snapshots=60,0.0,0.0,0.0,0.0,0.0,Continuity
StateImport,20260822,Player-visible continuity,Continuity.KingdomMismatchRate,paired_snapshots=60,0.0,0.0,0.0,0.0,0.0,Continuity
StateImport,20260823,Player-visible continuity,Continuity.KingdomMismatchRate,paired_snapshots=60,0.0,0.0,0.0,0.0,0.0,Continuity
StateImport,20260824,Player-visible continuity,Continuity.KingdomMismatchRate,paired_snapshots=60,0.0,0.0,0.0,0.0,0.0,Continuity
StateImport,20260825,Player-visible continuity,Continuity.KingdomMismatchRate,paired_snapshots=60,0.0,0.0,0.0,0.0,0.0,Continuity
StateImport,20260826,Player-visible continuity,Continuity.KingdomMismatchRate,paired_snapshots=60,0.0,0.0,0.0,0.0,0.0,Continuity
StateImport,20260827,Player-visible continuity,Continuity.KingdomMismatchRate,paired_snapshots=60,0.0,0.0,0.0,0.0,0.0,Continuity
StateImport,20260828,Player-visible continuity,Continuity.KingdomMismatchRate,paired_snapshots=60,0.0,0.0,0.0,0.0,0.0,Continuity
StateImport,20260829,Player-visible continuity,Continuity.KingdomMismatchRate,paired_snapshots=60,0.0,0.0,0.0,0.0,0.0,Continuity
StateImport,20260830,Player-visible continuity,Continuity.KingdomMismatchRate,paired_snapshots=60,0.0,0.0,0.0,0.0,0.0,Continuity
StateImport,20260831,Player-visible continuity,Continuity.KingdomMismatchRate,paired_snapshots=60,0.0,0.0,0.0,0.0,0.0,Continuity
StateImport,20260832,Player-visible continuity,Continuity.KingdomMismatchRate,paired_snapshots=60,0.0,0.0,0.0,0.0,0.0,Continuity
StateImport,20260833,Player-visible continuity,Continuity.KingdomMismatchRate,paired_snapshots=60,0.0,0.0,0.0,0.0,0.0,Continuity
StateImport,20260834,Player-visible continuity,Continuity.KingdomMismatchRate,paired_snapshots=60,0.0,0.0,0.0,0.0,0.0,Continuity
StateImport,20260835,Player-visible continuity,Continuity.KingdomMismatchRate,paired_snapshots=60,0.0,0.0,0.0,0.0,0.0,Continuity
StateImport,20260836,Player-visible continuity,Continuity.KingdomMismatchRate,paired_snapshots=60,0.0,0.0,0.0,0.0,0.0,Continuity
StateImport,20260837,Player-visible continuity,Continuity.KingdomMismatchRate,paired_snapshots=60,0.0,0.0,0.0,0.0,0.0,Continuity
StateImport,20260838,Player-visible continuity,Continuity.KingdomMismatchRate,paired_snapshots=60,0.0,0.0,0.0,0.0,0.0,Continuity
StateImport,20260839,Player-visible continuity,Continuity.KingdomMismatchRate,paired_snapshots=60,0.0,0.0,0.0,0.0,0.0,Continuity
StateImport,20260840,Player-visible continuity,Continuity.KingdomMismatchRate,paired_snapshots=60,0.0,0.0,0.0,0.0,0.0,Continuity
StateImport,20260841,Player-visible continuity,Continuity.KingdomMismatchRate,paired_snapshots=60,0.0,0.0,0.0,0.0,0.0,Continuity
StateImport,20260842,Player-visible continuity,Continuity.KingdomMismatchRate,paired_snapshots=60,0.0,0.0,0.0,0.0,0.0,Continuity
StateImport,20260843,Player-visible continuity,Continuity.KingdomMismatchRate,paired_snapshots=60,0.0,0.0,0.0,0.0,0.0,Continuity
StateImport,20260844,Player-visible continuity,Continuity.KingdomMismatchRate,paired_snapshots=60,0.0,0.0,0.0,0.0,0.0,Continuity
StateImport,20260815,Player-visible continuity,Continuity.MoneyMAE,coin_per_paired_snapshot,1.066666666667,2.483333333333,0.0,-1.416666666666,1.066666666667,Continuity
StateImport,20260816,Player-visible continuity,Continuity.MoneyMAE,coin_per_paired_snapshot,1.45,2.716666666667,0.0,-1.266666666667,1.45,Continuity
StateImport,20260817,Player-visible continuity,Continuity.MoneyMAE,coin_per_paired_snapshot,1.3,2.866666666667,0.0,-1.5666666666670002,1.3,Continuity
StateImport,20260818,Player-visible continuity,Continuity.MoneyMAE,coin_per_paired_snapshot,1.016666666667,2.633333333333,0.0,-1.616666666666,1.016666666667,Continuity
StateImport,20260819,Player-visible continuity,Continuity.MoneyMAE,coin_per_paired_snapshot,1.066666666667,2.866666666667,0.0,-1.8000000000000003,1.066666666667,Continuity
StateImport,20260820,Player-visible continuity,Continuity.MoneyMAE,coin_per_paired_snapshot,1.05,2.616666666667,0.0,-1.5666666666670002,1.05,Continuity
StateImport,20260821,Player-visible continuity,Continuity.MoneyMAE,coin_per_paired_snapshot,0.983333333333,2.35,0.0,-1.3666666666670002,0.983333333333,Continuity
StateImport,20260822,Player-visible continuity,Continuity.MoneyMAE,coin_per_paired_snapshot,0.933333333333,2.683333333333,0.0,-1.75,0.933333333333,Continuity
StateImport,20260823,Player-visible continuity,Continuity.MoneyMAE,coin_per_paired_snapshot,1.116666666667,2.916666666667,0.0,-1.8,1.116666666667,Continuity
StateImport,20260824,Player-visible continuity,Continuity.MoneyMAE,coin_per_paired_snapshot,1.133333333333,2.6,0.0,-1.466666666667,1.133333333333,Continuity
StateImport,20260825,Player-visible continuity,Continuity.MoneyMAE,coin_per_paired_snapshot,1.183333333333,2.616666666667,0.0,-1.4333333333340001,1.183333333333,Continuity
StateImport,20260826,Player-visible continuity,Continuity.MoneyMAE,coin_per_paired_snapshot,1.2,2.783333333333,0.0,-1.5833333333330002,1.2,Continuity
StateImport,20260827,Player-visible continuity,Continuity.MoneyMAE,coin_per_paired_snapshot,0.95,2.75,0.0,-1.8,0.95,Continuity
StateImport,20260828,Player-visible continuity,Continuity.MoneyMAE,coin_per_paired_snapshot,1.216666666667,2.583333333333,0.0,-1.366666666666,1.216666666667,Continuity
StateImport,20260829,Player-visible continuity,Continuity.MoneyMAE,coin_per_paired_snapshot,1.216666666667,2.4,0.0,-1.1833333333329998,1.216666666667,Continuity
StateImport,20260830,Player-visible continuity,Continuity.MoneyMAE,coin_per_paired_snapshot,0.9,2.666666666667,0.0,-1.7666666666670001,0.9,Continuity
StateImport,20260831,Player-visible continuity,Continuity.MoneyMAE,coin_per_paired_snapshot,1.15,2.866666666667,0.0,-1.7166666666670003,1.15,Continuity
StateImport,20260832,Player-visible continuity,Continuity.MoneyMAE,coin_per_paired_snapshot,0.883333333333,2.7,0.0,-1.8166666666670002,0.883333333333,Continuity
StateImport,20260833,Player-visible continuity,Continuity.MoneyMAE,coin_per_paired_snapshot,1.316666666667,2.516666666667,0.0,-1.2000000000000002,1.316666666667,Continuity
StateImport,20260834,Player-visible continuity,Continuity.MoneyMAE,coin_per_paired_snapshot,1.283333333333,2.5,0.0,-1.216666666667,1.283333333333,Continuity
StateImport,20260835,Player-visible continuity,Continuity.MoneyMAE,coin_per_paired_snapshot,1.183333333333,2.6,0.0,-1.416666666667,1.183333333333,Continuity
StateImport,20260836,Player-visible continuity,Continuity.MoneyMAE,coin_per_paired_snapshot,1.133333333333,2.566666666667,0.0,-1.433333333334,1.133333333333,Continuity
StateImport,20260837,Player-visible continuity,Continuity.MoneyMAE,coin_per_paired_snapshot,1.3,2.583333333333,0.0,-1.283333333333,1.3,Continuity
StateImport,20260838,Player-visible continuity,Continuity.MoneyMAE,coin_per_paired_snapshot,1.0,2.666666666667,0.0,-1.666666666667,1.0,Continuity
StateImport,20260839,Player-visible continuity,Continuity.MoneyMAE,coin_per_paired_snapshot,1.233333333333,2.4,0.0,-1.1666666666669998,1.233333333333,Continuity
StateImport,20260840,Player-visible continuity,Continuity.MoneyMAE,coin_per_paired_snapshot,0.833333333333,2.583333333333,0.0,-1.75,0.833333333333,Continuity
StateImport,20260841,Player-visible continuity,Continuity.MoneyMAE,coin_per_paired_snapshot,1.116666666667,2.883333333333,0.0,-1.7666666666659998,1.116666666667,Continuity
StateImport,20260842,Player-visible continuity,Continuity.MoneyMAE,coin_per_paired_snapshot,1.15,2.4,0.0,-1.25,1.15,Continuity
StateImport,20260843,Player-visible continuity,Continuity.MoneyMAE,coin_per_paired_snapshot,1.333333333333,2.35,0.0,-1.0166666666670001,1.333333333333,Continuity
StateImport,20260844,Player-visible continuity,Continuity.MoneyMAE,coin_per_paired_snapshot,1.2,2.633333333333,0.0,-1.4333333333329998,1.2,Continuity
StateImport,20260815,Player-visible continuity,Continuity.MoneyMismatchRate,paired_snapshots=60,0.616666666667,0.816666666667,0.0,-0.20000000000000007,0.616666666667,Continuity
StateImport,20260816,Player-visible continuity,Continuity.MoneyMismatchRate,paired_snapshots=60,0.783333333333,0.916666666667,0.0,-0.133333333334,0.783333333333,Continuity
StateImport,20260817,Player-visible continuity,Continuity.MoneyMismatchRate,paired_snapshots=60,0.733333333333,0.9,0.0,-0.16666666666700003,0.733333333333,Continuity
StateImport,20260818,Player-visible continuity,Continuity.MoneyMismatchRate,paired_snapshots=60,0.616666666667,0.833333333333,0.0,-0.21666666666599999,0.616666666667,Continuity
StateImport,20260819,Player-visible continuity,Continuity.MoneyMismatchRate,paired_snapshots=60,0.75,0.8,0.0,-0.050000000000000044,0.75,Continuity
StateImport,20260820,Player-visible continuity,Continuity.MoneyMismatchRate,paired_snapshots=60,0.7,0.883333333333,0.0,-0.18333333333300006,0.7,Continuity
StateImport,20260821,Player-visible continuity,Continuity.MoneyMismatchRate,paired_snapshots=60,0.666666666667,0.716666666667,0.0,-0.04999999999999993,0.666666666667,Continuity
StateImport,20260822,Player-visible continuity,Continuity.MoneyMismatchRate,paired_snapshots=60,0.633333333333,0.916666666667,0.0,-0.283333333334,0.633333333333,Continuity
StateImport,20260823,Player-visible continuity,Continuity.MoneyMismatchRate,paired_snapshots=60,0.65,0.933333333333,0.0,-0.2833333333329999,0.65,Continuity
StateImport,20260824,Player-visible continuity,Continuity.MoneyMismatchRate,paired_snapshots=60,0.65,0.883333333333,0.0,-0.233333333333,0.65,Continuity
StateImport,20260825,Player-visible continuity,Continuity.MoneyMismatchRate,paired_snapshots=60,0.716666666667,0.883333333333,0.0,-0.16666666666600005,0.716666666667,Continuity
StateImport,20260826,Player-visible continuity,Continuity.MoneyMismatchRate,paired_snapshots=60,0.716666666667,0.833333333333,0.0,-0.11666666666600001,0.716666666667,Continuity
StateImport,20260827,Player-visible continuity,Continuity.MoneyMismatchRate,paired_snapshots=60,0.616666666667,0.866666666667,0.0,-0.25,0.616666666667,Continuity
StateImport,20260828,Player-visible continuity,Continuity.MoneyMismatchRate,paired_snapshots=60,0.683333333333,0.866666666667,0.0,-0.18333333333400004,0.683333333333,Continuity
StateImport,20260829,Player-visible continuity,Continuity.MoneyMismatchRate,paired_snapshots=60,0.766666666667,0.766666666667,0.0,0.0,0.766666666667,Continuity
StateImport,20260830,Player-visible continuity,Continuity.MoneyMismatchRate,paired_snapshots=60,0.5,0.85,0.0,-0.35,0.5,Continuity
StateImport,20260831,Player-visible continuity,Continuity.MoneyMismatchRate,paired_snapshots=60,0.716666666667,0.883333333333,0.0,-0.16666666666600005,0.716666666667,Continuity
StateImport,20260832,Player-visible continuity,Continuity.MoneyMismatchRate,paired_snapshots=60,0.6,0.95,0.0,-0.35,0.6,Continuity
StateImport,20260833,Player-visible continuity,Continuity.MoneyMismatchRate,paired_snapshots=60,0.783333333333,0.883333333333,0.0,-0.09999999999999998,0.783333333333,Continuity
StateImport,20260834,Player-visible continuity,Continuity.MoneyMismatchRate,paired_snapshots=60,0.8,0.833333333333,0.0,-0.033333333332999926,0.8,Continuity
StateImport,20260835,Player-visible continuity,Continuity.MoneyMismatchRate,paired_snapshots=60,0.716666666667,0.9,0.0,-0.18333333333300006,0.716666666667,Continuity
StateImport,20260836,Player-visible continuity,Continuity.MoneyMismatchRate,paired_snapshots=60,0.633333333333,0.916666666667,0.0,-0.283333333334,0.633333333333,Continuity
StateImport,20260837,Player-visible continuity,Continuity.MoneyMismatchRate,paired_snapshots=60,0.816666666667,0.883333333333,0.0,-0.06666666666599996,0.816666666667,Continuity
StateImport,20260838,Player-visible continuity,Continuity.MoneyMismatchRate,paired_snapshots=60,0.7,0.85,0.0,-0.15000000000000002,0.7,Continuity
StateImport,20260839,Player-visible continuity,Continuity.MoneyMismatchRate,paired_snapshots=60,0.75,0.9,0.0,-0.15000000000000002,0.75,Continuity
StateImport,20260840,Player-visible continuity,Continuity.MoneyMismatchRate,paired_snapshots=60,0.583333333333,0.9,0.0,-0.31666666666700005,0.583333333333,Continuity
StateImport,20260841,Player-visible continuity,Continuity.MoneyMismatchRate,paired_snapshots=60,0.65,0.916666666667,0.0,-0.266666666667,0.65,Continuity
StateImport,20260842,Player-visible continuity,Continuity.MoneyMismatchRate,paired_snapshots=60,0.733333333333,0.933333333333,0.0,-0.19999999999999996,0.733333333333,Continuity
StateImport,20260843,Player-visible continuity,Continuity.MoneyMismatchRate,paired_snapshots=60,0.816666666667,0.866666666667,0.0,-0.04999999999999993,0.816666666667,Continuity
StateImport,20260844,Player-visible continuity,Continuity.MoneyMismatchRate,paired_snapshots=60,0.65,0.866666666667,0.0,-0.21666666666699996,0.65,Continuity
StateImport,20260815,Player-visible continuity,Continuity.MoneyNormalizedMAE,abs_error_div_max_1_abs_oracle,0.519761904762,1.482222222222,0.0,-0.96246031746,0.519761904762,Continuity
StateImport,20260816,Player-visible continuity,Continuity.MoneyNormalizedMAE,abs_error_div_max_1_abs_oracle,0.895833333333,1.999682539683,0.0,-1.10384920635,0.895833333333,Continuity
StateImport,20260817,Player-visible continuity,Continuity.MoneyNormalizedMAE,abs_error_div_max_1_abs_oracle,0.814642857143,2.123333333333,0.0,-1.30869047619,0.814642857143,Continuity
StateImport,20260818,Player-visible continuity,Continuity.MoneyNormalizedMAE,abs_error_div_max_1_abs_oracle,0.570277777778,1.767142857143,0.0,-1.1968650793649998,0.570277777778,Continuity
StateImport,20260819,Player-visible continuity,Continuity.MoneyNormalizedMAE,abs_error_div_max_1_abs_oracle,0.668650793651,2.13996031746,0.0,-1.471309523809,0.668650793651,Continuity
StateImport,20260820,Player-visible continuity,Continuity.MoneyNormalizedMAE,abs_error_div_max_1_abs_oracle,0.696031746032,1.851547619048,0.0,-1.155515873016,0.696031746032,Continuity
StateImport,20260821,Player-visible continuity,Continuity.MoneyNormalizedMAE,abs_error_div_max_1_abs_oracle,0.527579365079,1.558928571429,0.0,-1.0313492063499998,0.527579365079,Continuity
StateImport,20260822,Player-visible continuity,Continuity.MoneyNormalizedMAE,abs_error_div_max_1_abs_oracle,0.551865079365,1.986547619048,0.0,-1.434682539683,0.551865079365,Continuity
StateImport,20260823,Player-visible continuity,Continuity.MoneyNormalizedMAE,abs_error_div_max_1_abs_oracle,0.646785714286,2.124603174603,0.0,-1.477817460317,0.646785714286,Continuity
StateImport,20260824,Player-visible continuity,Continuity.MoneyNormalizedMAE,abs_error_div_max_1_abs_oracle,0.57126984127,1.566746031746,0.0,-0.995476190476,0.57126984127,Continuity
StateImport,20260825,Player-visible continuity,Continuity.MoneyNormalizedMAE,abs_error_div_max_1_abs_oracle,0.807222222222,1.924444444444,0.0,-1.117222222222,0.807222222222,Continuity
StateImport,20260826,Player-visible continuity,Continuity.MoneyNormalizedMAE,abs_error_div_max_1_abs_oracle,0.809880952381,2.029047619048,0.0,-1.2191666666669998,0.809880952381,Continuity
StateImport,20260827,Player-visible continuity,Continuity.MoneyNormalizedMAE,abs_error_div_max_1_abs_oracle,0.433134920635,1.861944444444,0.0,-1.4288095238090002,0.433134920635,Continuity
StateImport,20260828,Player-visible continuity,Continuity.MoneyNormalizedMAE,abs_error_div_max_1_abs_oracle,0.605992063492,1.75876984127,0.0,-1.152777777778,0.605992063492,Continuity
StateImport,20260829,Player-visible continuity,Continuity.MoneyNormalizedMAE,abs_error_div_max_1_abs_oracle,0.690317460317,1.750793650794,0.0,-1.060476190477,0.690317460317,Continuity
StateImport,20260830,Player-visible continuity,Continuity.MoneyNormalizedMAE,abs_error_div_max_1_abs_oracle,0.602976190476,2.023293650794,0.0,-1.4203174603179998,0.602976190476,Continuity
StateImport,20260831,Player-visible continuity,Continuity.MoneyNormalizedMAE,abs_error_div_max_1_abs_oracle,0.648928571429,2.025198412698,0.0,-1.376269841269,0.648928571429,Continuity
StateImport,20260832,Player-visible continuity,Continuity.MoneyNormalizedMAE,abs_error_div_max_1_abs_oracle,0.517182539683,1.886071428571,0.0,-1.3688888888880002,0.517182539683,Continuity
StateImport,20260833,Player-visible continuity,Continuity.MoneyNormalizedMAE,abs_error_div_max_1_abs_oracle,0.744880952381,1.613095238095,0.0,-0.8682142857140001,0.744880952381,Continuity
StateImport,20260834,Player-visible continuity,Continuity.MoneyNormalizedMAE,abs_error_div_max_1_abs_oracle,0.643174603175,1.638968253968,0.0,-0.995793650793,0.643174603175,Continuity
StateImport,20260835,Player-visible continuity,Continuity.MoneyNormalizedMAE,abs_error_div_max_1_abs_oracle,0.694722222222,2.051349206349,0.0,-1.3566269841270002,0.694722222222,Continuity
StateImport,20260836,Player-visible continuity,Continuity.MoneyNormalizedMAE,abs_error_div_max_1_abs_oracle,0.575555555556,1.842261904762,0.0,-1.2667063492059998,0.575555555556,Continuity
StateImport,20260837,Player-visible continuity,Continuity.MoneyNormalizedMAE,abs_error_div_max_1_abs_oracle,0.773888888889,1.816388888889,0.0,-1.0425,0.773888888889,Continuity
StateImport,20260838,Player-visible continuity,Continuity.MoneyNormalizedMAE,abs_error_div_max_1_abs_oracle,0.586349206349,1.806785714286,0.0,-1.2204365079369999,0.586349206349,Continuity
StateImport,20260839,Player-visible continuity,Continuity.MoneyNormalizedMAE,abs_error_div_max_1_abs_oracle,0.703095238095,1.59126984127,0.0,-0.888174603175,0.703095238095,Continuity
StateImport,20260840,Player-visible continuity,Continuity.MoneyNormalizedMAE,abs_error_div_max_1_abs_oracle,0.499166666667,1.773611111111,0.0,-1.274444444444,0.499166666667,Continuity
StateImport,20260841,Player-visible continuity,Continuity.MoneyNormalizedMAE,abs_error_div_max_1_abs_oracle,0.716428571429,2.059801587302,0.0,-1.3433730158730002,0.716428571429,Continuity
StateImport,20260842,Player-visible continuity,Continuity.MoneyNormalizedMAE,abs_error_div_max_1_abs_oracle,0.540714285714,1.339404761905,0.0,-0.798690476191,0.540714285714,Continuity
StateImport,20260843,Player-visible continuity,Continuity.MoneyNormalizedMAE,abs_error_div_max_1_abs_oracle,0.744206349206,1.522896825397,0.0,-0.7786904761910001,0.744206349206,Continuity
StateImport,20260844,Player-visible continuity,Continuity.MoneyNormalizedMAE,abs_error_div_max_1_abs_oracle,0.695198412698,1.547301587302,0.0,-0.852103174604,0.695198412698,Continuity
StateImport,20260815,Player-visible continuity,Continuity.PersistentIDMismatchRate,paired_snapshots=60,0.0,0.0,0.0,0.0,0.0,Continuity
StateImport,20260816,Player-visible continuity,Continuity.PersistentIDMismatchRate,paired_snapshots=60,0.0,0.0,0.0,0.0,0.0,Continuity
StateImport,20260817,Player-visible continuity,Continuity.PersistentIDMismatchRate,paired_snapshots=60,0.0,0.0,0.0,0.0,0.0,Continuity
StateImport,20260818,Player-visible continuity,Continuity.PersistentIDMismatchRate,paired_snapshots=60,0.0,0.0,0.0,0.0,0.0,Continuity
StateImport,20260819,Player-visible continuity,Continuity.PersistentIDMismatchRate,paired_snapshots=60,0.0,0.0,0.0,0.0,0.0,Continuity
StateImport,20260820,Player-visible continuity,Continuity.PersistentIDMismatchRate,paired_snapshots=60,0.0,0.0,0.0,0.0,0.0,Continuity
StateImport,20260821,Player-visible continuity,Continuity.PersistentIDMismatchRate,paired_snapshots=60,0.0,0.0,0.0,0.0,0.0,Continuity
StateImport,20260822,Player-visible continuity,Continuity.PersistentIDMismatchRate,paired_snapshots=60,0.0,0.0,0.0,0.0,0.0,Continuity
StateImport,20260823,Player-visible continuity,Continuity.PersistentIDMismatchRate,paired_snapshots=60,0.0,0.0,0.0,0.0,0.0,Continuity
StateImport,20260824,Player-visible continuity,Continuity.PersistentIDMismatchRate,paired_snapshots=60,0.0,0.0,0.0,0.0,0.0,Continuity
StateImport,20260825,Player-visible continuity,Continuity.PersistentIDMismatchRate,paired_snapshots=60,0.0,0.0,0.0,0.0,0.0,Continuity
StateImport,20260826,Player-visible continuity,Continuity.PersistentIDMismatchRate,paired_snapshots=60,0.0,0.0,0.0,0.0,0.0,Continuity
StateImport,20260827,Player-visible continuity,Continuity.PersistentIDMismatchRate,paired_snapshots=60,0.0,0.0,0.0,0.0,0.0,Continuity
StateImport,20260828,Player-visible continuity,Continuity.PersistentIDMismatchRate,paired_snapshots=60,0.0,0.0,0.0,0.0,0.0,Continuity
StateImport,20260829,Player-visible continuity,Continuity.PersistentIDMismatchRate,paired_snapshots=60,0.0,0.0,0.0,0.0,0.0,Continuity
StateImport,20260830,Player-visible continuity,Continuity.PersistentIDMismatchRate,paired_snapshots=60,0.0,0.0,0.0,0.0,0.0,Continuity
StateImport,20260831,Player-visible continuity,Continuity.PersistentIDMismatchRate,paired_snapshots=60,0.0,0.0,0.0,0.0,0.0,Continuity
StateImport,20260832,Player-visible continuity,Continuity.PersistentIDMismatchRate,paired_snapshots=60,0.0,0.0,0.0,0.0,0.0,Continuity
StateImport,20260833,Player-visible continuity,Continuity.PersistentIDMismatchRate,paired_snapshots=60,0.0,0.0,0.0,0.0,0.0,Continuity
StateImport,20260834,Player-visible continuity,Continuity.PersistentIDMismatchRate,paired_snapshots=60,0.0,0.0,0.0,0.0,0.0,Continuity
StateImport,20260835,Player-visible continuity,Continuity.PersistentIDMismatchRate,paired_snapshots=60,0.0,0.0,0.0,0.0,0.0,Continuity
StateImport,20260836,Player-visible continuity,Continuity.PersistentIDMismatchRate,paired_snapshots=60,0.0,0.0,0.0,0.0,0.0,Continuity
StateImport,20260837,Player-visible continuity,Continuity.PersistentIDMismatchRate,paired_snapshots=60,0.0,0.0,0.0,0.0,0.0,Continuity
StateImport,20260838,Player-visible continuity,Continuity.PersistentIDMismatchRate,paired_snapshots=60,0.0,0.0,0.0,0.0,0.0,Continuity
StateImport,20260839,Player-visible continuity,Continuity.PersistentIDMismatchRate,paired_snapshots=60,0.0,0.0,0.0,0.0,0.0,Continuity
StateImport,20260840,Player-visible continuity,Continuity.PersistentIDMismatchRate,paired_snapshots=60,0.0,0.0,0.0,0.0,0.0,Continuity
StateImport,20260841,Player-visible continuity,Continuity.PersistentIDMismatchRate,paired_snapshots=60,0.0,0.0,0.0,0.0,0.0,Continuity
StateImport,20260842,Player-visible continuity,Continuity.PersistentIDMismatchRate,paired_snapshots=60,0.0,0.0,0.0,0.0,0.0,Continuity
StateImport,20260843,Player-visible continuity,Continuity.PersistentIDMismatchRate,paired_snapshots=60,0.0,0.0,0.0,0.0,0.0,Continuity
StateImport,20260844,Player-visible continuity,Continuity.PersistentIDMismatchRate,paired_snapshots=60,0.0,0.0,0.0,0.0,0.0,Continuity
StateImport,20260815,Player-visible continuity,Continuity.ProfessionMismatchRate,paired_snapshots=60,0.0,0.0,0.0,0.0,0.0,Continuity
StateImport,20260816,Player-visible continuity,Continuity.ProfessionMismatchRate,paired_snapshots=60,0.0,0.0,0.0,0.0,0.0,Continuity
StateImport,20260817,Player-visible continuity,Continuity.ProfessionMismatchRate,paired_snapshots=60,0.0,0.0,0.0,0.0,0.0,Continuity
StateImport,20260818,Player-visible continuity,Continuity.ProfessionMismatchRate,paired_snapshots=60,0.0,0.0,0.0,0.0,0.0,Continuity
StateImport,20260819,Player-visible continuity,Continuity.ProfessionMismatchRate,paired_snapshots=60,0.0,0.0,0.0,0.0,0.0,Continuity
StateImport,20260820,Player-visible continuity,Continuity.ProfessionMismatchRate,paired_snapshots=60,0.0,0.0,0.0,0.0,0.0,Continuity
StateImport,20260821,Player-visible continuity,Continuity.ProfessionMismatchRate,paired_snapshots=60,0.0,0.0,0.0,0.0,0.0,Continuity
StateImport,20260822,Player-visible continuity,Continuity.ProfessionMismatchRate,paired_snapshots=60,0.0,0.0,0.0,0.0,0.0,Continuity
StateImport,20260823,Player-visible continuity,Continuity.ProfessionMismatchRate,paired_snapshots=60,0.0,0.0,0.0,0.0,0.0,Continuity
StateImport,20260824,Player-visible continuity,Continuity.ProfessionMismatchRate,paired_snapshots=60,0.0,0.0,0.0,0.0,0.0,Continuity
StateImport,20260825,Player-visible continuity,Continuity.ProfessionMismatchRate,paired_snapshots=60,0.0,0.0,0.0,0.0,0.0,Continuity
StateImport,20260826,Player-visible continuity,Continuity.ProfessionMismatchRate,paired_snapshots=60,0.0,0.0,0.0,0.0,0.0,Continuity
StateImport,20260827,Player-visible continuity,Continuity.ProfessionMismatchRate,paired_snapshots=60,0.0,0.0,0.0,0.0,0.0,Continuity
StateImport,20260828,Player-visible continuity,Continuity.ProfessionMismatchRate,paired_snapshots=60,0.0,0.0,0.0,0.0,0.0,Continuity
StateImport,20260829,Player-visible continuity,Continuity.ProfessionMismatchRate,paired_snapshots=60,0.0,0.0,0.0,0.0,0.0,Continuity
StateImport,20260830,Player-visible continuity,Continuity.ProfessionMismatchRate,paired_snapshots=60,0.0,0.0,0.0,0.0,0.0,Continuity
StateImport,20260831,Player-visible continuity,Continuity.ProfessionMismatchRate,paired_snapshots=60,0.0,0.0,0.0,0.0,0.0,Continuity
StateImport,20260832,Player-visible continuity,Continuity.ProfessionMismatchRate,paired_snapshots=60,0.0,0.0,0.0,0.0,0.0,Continuity
StateImport,20260833,Player-visible continuity,Continuity.ProfessionMismatchRate,paired_snapshots=60,0.0,0.0,0.0,0.0,0.0,Continuity
StateImport,20260834,Player-visible continuity,Continuity.ProfessionMismatchRate,paired_snapshots=60,0.0,0.0,0.0,0.0,0.0,Continuity
StateImport,20260835,Player-visible continuity,Continuity.ProfessionMismatchRate,paired_snapshots=60,0.0,0.0,0.0,0.0,0.0,Continuity
StateImport,20260836,Player-visible continuity,Continuity.ProfessionMismatchRate,paired_snapshots=60,0.0,0.0,0.0,0.0,0.0,Continuity
StateImport,20260837,Player-visible continuity,Continuity.ProfessionMismatchRate,paired_snapshots=60,0.0,0.0,0.0,0.0,0.0,Continuity
StateImport,20260838,Player-visible continuity,Continuity.ProfessionMismatchRate,paired_snapshots=60,0.0,0.0,0.0,0.0,0.0,Continuity
StateImport,20260839,Player-visible continuity,Continuity.ProfessionMismatchRate,paired_snapshots=60,0.0,0.0,0.0,0.0,0.0,Continuity
StateImport,20260840,Player-visible continuity,Continuity.ProfessionMismatchRate,paired_snapshots=60,0.0,0.0,0.0,0.0,0.0,Continuity
StateImport,20260841,Player-visible continuity,Continuity.ProfessionMismatchRate,paired_snapshots=60,0.0,0.0,0.0,0.0,0.0,Continuity
StateImport,20260842,Player-visible continuity,Continuity.ProfessionMismatchRate,paired_snapshots=60,0.0,0.0,0.0,0.0,0.0,Continuity
StateImport,20260843,Player-visible continuity,Continuity.ProfessionMismatchRate,paired_snapshots=60,0.0,0.0,0.0,0.0,0.0,Continuity
StateImport,20260844,Player-visible continuity,Continuity.ProfessionMismatchRate,paired_snapshots=60,0.0,0.0,0.0,0.0,0.0,Continuity
StateImport,20260815,Player-visible continuity,Continuity.RepairCreditMAE,coin_per_paired_snapshot,0.0,0.0,0.0,0.0,0.0,Continuity
StateImport,20260816,Player-visible continuity,Continuity.RepairCreditMAE,coin_per_paired_snapshot,0.0,0.0,0.0,0.0,0.0,Continuity
StateImport,20260817,Player-visible continuity,Continuity.RepairCreditMAE,coin_per_paired_snapshot,0.0,0.0,0.0,0.0,0.0,Continuity
StateImport,20260818,Player-visible continuity,Continuity.RepairCreditMAE,coin_per_paired_snapshot,0.0,0.0,0.0,0.0,0.0,Continuity
StateImport,20260819,Player-visible continuity,Continuity.RepairCreditMAE,coin_per_paired_snapshot,0.0,0.0,0.0,0.0,0.0,Continuity
StateImport,20260820,Player-visible continuity,Continuity.RepairCreditMAE,coin_per_paired_snapshot,0.0,0.0,0.0,0.0,0.0,Continuity
StateImport,20260821,Player-visible continuity,Continuity.RepairCreditMAE,coin_per_paired_snapshot,0.0,0.0,0.0,0.0,0.0,Continuity
StateImport,20260822,Player-visible continuity,Continuity.RepairCreditMAE,coin_per_paired_snapshot,0.0,0.0,0.0,0.0,0.0,Continuity
StateImport,20260823,Player-visible continuity,Continuity.RepairCreditMAE,coin_per_paired_snapshot,0.0,0.0,0.0,0.0,0.0,Continuity
StateImport,20260824,Player-visible continuity,Continuity.RepairCreditMAE,coin_per_paired_snapshot,0.0,0.0,0.0,0.0,0.0,Continuity
StateImport,20260825,Player-visible continuity,Continuity.RepairCreditMAE,coin_per_paired_snapshot,0.0,0.0,0.0,0.0,0.0,Continuity
StateImport,20260826,Player-visible continuity,Continuity.RepairCreditMAE,coin_per_paired_snapshot,0.0,0.0,0.0,0.0,0.0,Continuity
StateImport,20260827,Player-visible continuity,Continuity.RepairCreditMAE,coin_per_paired_snapshot,0.0,0.0,0.0,0.0,0.0,Continuity
StateImport,20260828,Player-visible continuity,Continuity.RepairCreditMAE,coin_per_paired_snapshot,0.0,0.0,0.0,0.0,0.0,Continuity
StateImport,20260829,Player-visible continuity,Continuity.RepairCreditMAE,coin_per_paired_snapshot,0.0,0.0,0.0,0.0,0.0,Continuity
StateImport,20260830,Player-visible continuity,Continuity.RepairCreditMAE,coin_per_paired_snapshot,0.0,0.0,0.0,0.0,0.0,Continuity
StateImport,20260831,Player-visible continuity,Continuity.RepairCreditMAE,coin_per_paired_snapshot,0.0,0.0,0.0,0.0,0.0,Continuity
StateImport,20260832,Player-visible continuity,Continuity.RepairCreditMAE,coin_per_paired_snapshot,0.0,0.0,0.0,0.0,0.0,Continuity
StateImport,20260833,Player-visible continuity,Continuity.RepairCreditMAE,coin_per_paired_snapshot,0.0,0.0,0.0,0.0,0.0,Continuity
StateImport,20260834,Player-visible continuity,Continuity.RepairCreditMAE,coin_per_paired_snapshot,0.0,0.0,0.0,0.0,0.0,Continuity
StateImport,20260835,Player-visible continuity,Continuity.RepairCreditMAE,coin_per_paired_snapshot,0.0,0.0,0.0,0.0,0.0,Continuity
StateImport,20260836,Player-visible continuity,Continuity.RepairCreditMAE,coin_per_paired_snapshot,0.0,0.0,0.0,0.0,0.0,Continuity
StateImport,20260837,Player-visible continuity,Continuity.RepairCreditMAE,coin_per_paired_snapshot,0.0,0.0,0.0,0.0,0.0,Continuity
StateImport,20260838,Player-visible continuity,Continuity.RepairCreditMAE,coin_per_paired_snapshot,0.0,0.0,0.0,0.0,0.0,Continuity
StateImport,20260839,Player-visible continuity,Continuity.RepairCreditMAE,coin_per_paired_snapshot,0.0,0.0,0.0,0.0,0.0,Continuity
StateImport,20260840,Player-visible continuity,Continuity.RepairCreditMAE,coin_per_paired_snapshot,0.0,0.0,0.0,0.0,0.0,Continuity
StateImport,20260841,Player-visible continuity,Continuity.RepairCreditMAE,coin_per_paired_snapshot,0.0,0.0,0.0,0.0,0.0,Continuity
StateImport,20260842,Player-visible continuity,Continuity.RepairCreditMAE,coin_per_paired_snapshot,0.0,0.0,0.0,0.0,0.0,Continuity
StateImport,20260843,Player-visible continuity,Continuity.RepairCreditMAE,coin_per_paired_snapshot,0.0,0.0,0.0,0.0,0.0,Continuity
StateImport,20260844,Player-visible continuity,Continuity.RepairCreditMAE,coin_per_paired_snapshot,0.0,0.0,0.0,0.0,0.0,Continuity
StateImport,20260815,Player-visible continuity,Continuity.RepairCreditMismatchRate,paired_snapshots=60,0.0,0.0,0.0,0.0,0.0,Continuity
StateImport,20260816,Player-visible continuity,Continuity.RepairCreditMismatchRate,paired_snapshots=60,0.0,0.0,0.0,0.0,0.0,Continuity
StateImport,20260817,Player-visible continuity,Continuity.RepairCreditMismatchRate,paired_snapshots=60,0.0,0.0,0.0,0.0,0.0,Continuity
StateImport,20260818,Player-visible continuity,Continuity.RepairCreditMismatchRate,paired_snapshots=60,0.0,0.0,0.0,0.0,0.0,Continuity
StateImport,20260819,Player-visible continuity,Continuity.RepairCreditMismatchRate,paired_snapshots=60,0.0,0.0,0.0,0.0,0.0,Continuity
StateImport,20260820,Player-visible continuity,Continuity.RepairCreditMismatchRate,paired_snapshots=60,0.0,0.0,0.0,0.0,0.0,Continuity
StateImport,20260821,Player-visible continuity,Continuity.RepairCreditMismatchRate,paired_snapshots=60,0.0,0.0,0.0,0.0,0.0,Continuity
StateImport,20260822,Player-visible continuity,Continuity.RepairCreditMismatchRate,paired_snapshots=60,0.0,0.0,0.0,0.0,0.0,Continuity
StateImport,20260823,Player-visible continuity,Continuity.RepairCreditMismatchRate,paired_snapshots=60,0.0,0.0,0.0,0.0,0.0,Continuity
StateImport,20260824,Player-visible continuity,Continuity.RepairCreditMismatchRate,paired_snapshots=60,0.0,0.0,0.0,0.0,0.0,Continuity
StateImport,20260825,Player-visible continuity,Continuity.RepairCreditMismatchRate,paired_snapshots=60,0.0,0.0,0.0,0.0,0.0,Continuity
StateImport,20260826,Player-visible continuity,Continuity.RepairCreditMismatchRate,paired_snapshots=60,0.0,0.0,0.0,0.0,0.0,Continuity
StateImport,20260827,Player-visible continuity,Continuity.RepairCreditMismatchRate,paired_snapshots=60,0.0,0.0,0.0,0.0,0.0,Continuity
StateImport,20260828,Player-visible continuity,Continuity.RepairCreditMismatchRate,paired_snapshots=60,0.0,0.0,0.0,0.0,0.0,Continuity
StateImport,20260829,Player-visible continuity,Continuity.RepairCreditMismatchRate,paired_snapshots=60,0.0,0.0,0.0,0.0,0.0,Continuity
StateImport,20260830,Player-visible continuity,Continuity.RepairCreditMismatchRate,paired_snapshots=60,0.0,0.0,0.0,0.0,0.0,Continuity
StateImport,20260831,Player-visible continuity,Continuity.RepairCreditMismatchRate,paired_snapshots=60,0.0,0.0,0.0,0.0,0.0,Continuity
StateImport,20260832,Player-visible continuity,Continuity.RepairCreditMismatchRate,paired_snapshots=60,0.0,0.0,0.0,0.0,0.0,Continuity
StateImport,20260833,Player-visible continuity,Continuity.RepairCreditMismatchRate,paired_snapshots=60,0.0,0.0,0.0,0.0,0.0,Continuity
StateImport,20260834,Player-visible continuity,Continuity.RepairCreditMismatchRate,paired_snapshots=60,0.0,0.0,0.0,0.0,0.0,Continuity
StateImport,20260835,Player-visible continuity,Continuity.RepairCreditMismatchRate,paired_snapshots=60,0.0,0.0,0.0,0.0,0.0,Continuity
StateImport,20260836,Player-visible continuity,Continuity.RepairCreditMismatchRate,paired_snapshots=60,0.0,0.0,0.0,0.0,0.0,Continuity
StateImport,20260837,Player-visible continuity,Continuity.RepairCreditMismatchRate,paired_snapshots=60,0.0,0.0,0.0,0.0,0.0,Continuity
StateImport,20260838,Player-visible continuity,Continuity.RepairCreditMismatchRate,paired_snapshots=60,0.0,0.0,0.0,0.0,0.0,Continuity
StateImport,20260839,Player-visible continuity,Continuity.RepairCreditMismatchRate,paired_snapshots=60,0.0,0.0,0.0,0.0,0.0,Continuity
StateImport,20260840,Player-visible continuity,Continuity.RepairCreditMismatchRate,paired_snapshots=60,0.0,0.0,0.0,0.0,0.0,Continuity
StateImport,20260841,Player-visible continuity,Continuity.RepairCreditMismatchRate,paired_snapshots=60,0.0,0.0,0.0,0.0,0.0,Continuity
StateImport,20260842,Player-visible continuity,Continuity.RepairCreditMismatchRate,paired_snapshots=60,0.0,0.0,0.0,0.0,0.0,Continuity
StateImport,20260843,Player-visible continuity,Continuity.RepairCreditMismatchRate,paired_snapshots=60,0.0,0.0,0.0,0.0,0.0,Continuity
StateImport,20260844,Player-visible continuity,Continuity.RepairCreditMismatchRate,paired_snapshots=60,0.0,0.0,0.0,0.0,0.0,Continuity
StateImport,20260815,Player-visible continuity,Continuity.RepairCreditNormalizedMAE,abs_error_div_max_1_abs_oracle,0.0,0.0,0.0,0.0,0.0,Continuity
StateImport,20260816,Player-visible continuity,Continuity.RepairCreditNormalizedMAE,abs_error_div_max_1_abs_oracle,0.0,0.0,0.0,0.0,0.0,Continuity
StateImport,20260817,Player-visible continuity,Continuity.RepairCreditNormalizedMAE,abs_error_div_max_1_abs_oracle,0.0,0.0,0.0,0.0,0.0,Continuity
StateImport,20260818,Player-visible continuity,Continuity.RepairCreditNormalizedMAE,abs_error_div_max_1_abs_oracle,0.0,0.0,0.0,0.0,0.0,Continuity
StateImport,20260819,Player-visible continuity,Continuity.RepairCreditNormalizedMAE,abs_error_div_max_1_abs_oracle,0.0,0.0,0.0,0.0,0.0,Continuity
StateImport,20260820,Player-visible continuity,Continuity.RepairCreditNormalizedMAE,abs_error_div_max_1_abs_oracle,0.0,0.0,0.0,0.0,0.0,Continuity
StateImport,20260821,Player-visible continuity,Continuity.RepairCreditNormalizedMAE,abs_error_div_max_1_abs_oracle,0.0,0.0,0.0,0.0,0.0,Continuity
StateImport,20260822,Player-visible continuity,Continuity.RepairCreditNormalizedMAE,abs_error_div_max_1_abs_oracle,0.0,0.0,0.0,0.0,0.0,Continuity
StateImport,20260823,Player-visible continuity,Continuity.RepairCreditNormalizedMAE,abs_error_div_max_1_abs_oracle,0.0,0.0,0.0,0.0,0.0,Continuity
StateImport,20260824,Player-visible continuity,Continuity.RepairCreditNormalizedMAE,abs_error_div_max_1_abs_oracle,0.0,0.0,0.0,0.0,0.0,Continuity
StateImport,20260825,Player-visible continuity,Continuity.RepairCreditNormalizedMAE,abs_error_div_max_1_abs_oracle,0.0,0.0,0.0,0.0,0.0,Continuity
StateImport,20260826,Player-visible continuity,Continuity.RepairCreditNormalizedMAE,abs_error_div_max_1_abs_oracle,0.0,0.0,0.0,0.0,0.0,Continuity
StateImport,20260827,Player-visible continuity,Continuity.RepairCreditNormalizedMAE,abs_error_div_max_1_abs_oracle,0.0,0.0,0.0,0.0,0.0,Continuity
StateImport,20260828,Player-visible continuity,Continuity.RepairCreditNormalizedMAE,abs_error_div_max_1_abs_oracle,0.0,0.0,0.0,0.0,0.0,Continuity
StateImport,20260829,Player-visible continuity,Continuity.RepairCreditNormalizedMAE,abs_error_div_max_1_abs_oracle,0.0,0.0,0.0,0.0,0.0,Continuity
StateImport,20260830,Player-visible continuity,Continuity.RepairCreditNormalizedMAE,abs_error_div_max_1_abs_oracle,0.0,0.0,0.0,0.0,0.0,Continuity
StateImport,20260831,Player-visible continuity,Continuity.RepairCreditNormalizedMAE,abs_error_div_max_1_abs_oracle,0.0,0.0,0.0,0.0,0.0,Continuity
StateImport,20260832,Player-visible continuity,Continuity.RepairCreditNormalizedMAE,abs_error_div_max_1_abs_oracle,0.0,0.0,0.0,0.0,0.0,Continuity
StateImport,20260833,Player-visible continuity,Continuity.RepairCreditNormalizedMAE,abs_error_div_max_1_abs_oracle,0.0,0.0,0.0,0.0,0.0,Continuity
StateImport,20260834,Player-visible continuity,Continuity.RepairCreditNormalizedMAE,abs_error_div_max_1_abs_oracle,0.0,0.0,0.0,0.0,0.0,Continuity
StateImport,20260835,Player-visible continuity,Continuity.RepairCreditNormalizedMAE,abs_error_div_max_1_abs_oracle,0.0,0.0,0.0,0.0,0.0,Continuity
StateImport,20260836,Player-visible continuity,Continuity.RepairCreditNormalizedMAE,abs_error_div_max_1_abs_oracle,0.0,0.0,0.0,0.0,0.0,Continuity
StateImport,20260837,Player-visible continuity,Continuity.RepairCreditNormalizedMAE,abs_error_div_max_1_abs_oracle,0.0,0.0,0.0,0.0,0.0,Continuity
StateImport,20260838,Player-visible continuity,Continuity.RepairCreditNormalizedMAE,abs_error_div_max_1_abs_oracle,0.0,0.0,0.0,0.0,0.0,Continuity
StateImport,20260839,Player-visible continuity,Continuity.RepairCreditNormalizedMAE,abs_error_div_max_1_abs_oracle,0.0,0.0,0.0,0.0,0.0,Continuity
StateImport,20260840,Player-visible continuity,Continuity.RepairCreditNormalizedMAE,abs_error_div_max_1_abs_oracle,0.0,0.0,0.0,0.0,0.0,Continuity
StateImport,20260841,Player-visible continuity,Continuity.RepairCreditNormalizedMAE,abs_error_div_max_1_abs_oracle,0.0,0.0,0.0,0.0,0.0,Continuity
StateImport,20260842,Player-visible continuity,Continuity.RepairCreditNormalizedMAE,abs_error_div_max_1_abs_oracle,0.0,0.0,0.0,0.0,0.0,Continuity
StateImport,20260843,Player-visible continuity,Continuity.RepairCreditNormalizedMAE,abs_error_div_max_1_abs_oracle,0.0,0.0,0.0,0.0,0.0,Continuity
StateImport,20260844,Player-visible continuity,Continuity.RepairCreditNormalizedMAE,abs_error_div_max_1_abs_oracle,0.0,0.0,0.0,0.0,0.0,Continuity
StateImport,20260815,Player-visible continuity,Continuity.TaskActiveStatusMismatchRate,paired_snapshots=60,0.916666666667,0.083333333333,0.0,0.8333333333340001,0.916666666667,Continuity
StateImport,20260816,Player-visible continuity,Continuity.TaskActiveStatusMismatchRate,paired_snapshots=60,0.916666666667,0.083333333333,0.0,0.8333333333340001,0.916666666667,Continuity
StateImport,20260817,Player-visible continuity,Continuity.TaskActiveStatusMismatchRate,paired_snapshots=60,0.883333333333,0.116666666667,0.0,0.766666666666,0.883333333333,Continuity
StateImport,20260818,Player-visible continuity,Continuity.TaskActiveStatusMismatchRate,paired_snapshots=60,0.933333333333,0.066666666667,0.0,0.8666666666659999,0.933333333333,Continuity
StateImport,20260819,Player-visible continuity,Continuity.TaskActiveStatusMismatchRate,paired_snapshots=60,0.783333333333,0.216666666667,0.0,0.5666666666660001,0.783333333333,Continuity
StateImport,20260820,Player-visible continuity,Continuity.TaskActiveStatusMismatchRate,paired_snapshots=60,0.933333333333,0.066666666667,0.0,0.8666666666659999,0.933333333333,Continuity
StateImport,20260821,Player-visible continuity,Continuity.TaskActiveStatusMismatchRate,paired_snapshots=60,0.933333333333,0.066666666667,0.0,0.8666666666659999,0.933333333333,Continuity
StateImport,20260822,Player-visible continuity,Continuity.TaskActiveStatusMismatchRate,paired_snapshots=60,0.766666666667,0.233333333333,0.0,0.533333333334,0.766666666667,Continuity
StateImport,20260823,Player-visible continuity,Continuity.TaskActiveStatusMismatchRate,paired_snapshots=60,0.816666666667,0.183333333333,0.0,0.6333333333340001,0.816666666667,Continuity
StateImport,20260824,Player-visible continuity,Continuity.TaskActiveStatusMismatchRate,paired_snapshots=60,0.933333333333,0.066666666667,0.0,0.8666666666659999,0.933333333333,Continuity
StateImport,20260825,Player-visible continuity,Continuity.TaskActiveStatusMismatchRate,paired_snapshots=60,0.933333333333,0.066666666667,0.0,0.8666666666659999,0.933333333333,Continuity
StateImport,20260826,Player-visible continuity,Continuity.TaskActiveStatusMismatchRate,paired_snapshots=60,0.883333333333,0.116666666667,0.0,0.766666666666,0.883333333333,Continuity
StateImport,20260827,Player-visible continuity,Continuity.TaskActiveStatusMismatchRate,paired_snapshots=60,0.783333333333,0.216666666667,0.0,0.5666666666660001,0.783333333333,Continuity
StateImport,20260828,Player-visible continuity,Continuity.TaskActiveStatusMismatchRate,paired_snapshots=60,0.85,0.15,0.0,0.7,0.85,Continuity
StateImport,20260829,Player-visible continuity,Continuity.TaskActiveStatusMismatchRate,paired_snapshots=60,0.916666666667,0.083333333333,0.0,0.8333333333340001,0.916666666667,Continuity
StateImport,20260830,Player-visible continuity,Continuity.TaskActiveStatusMismatchRate,paired_snapshots=60,0.833333333333,0.166666666667,0.0,0.6666666666659999,0.833333333333,Continuity
StateImport,20260831,Player-visible continuity,Continuity.TaskActiveStatusMismatchRate,paired_snapshots=60,0.866666666667,0.133333333333,0.0,0.733333333334,0.866666666667,Continuity
StateImport,20260832,Player-visible continuity,Continuity.TaskActiveStatusMismatchRate,paired_snapshots=60,0.883333333333,0.116666666667,0.0,0.766666666666,0.883333333333,Continuity
StateImport,20260833,Player-visible continuity,Continuity.TaskActiveStatusMismatchRate,paired_snapshots=60,0.916666666667,0.083333333333,0.0,0.8333333333340001,0.916666666667,Continuity
StateImport,20260834,Player-visible continuity,Continuity.TaskActiveStatusMismatchRate,paired_snapshots=60,0.866666666667,0.133333333333,0.0,0.733333333334,0.866666666667,Continuity
StateImport,20260835,Player-visible continuity,Continuity.TaskActiveStatusMismatchRate,paired_snapshots=60,0.916666666667,0.083333333333,0.0,0.8333333333340001,0.916666666667,Continuity
StateImport,20260836,Player-visible continuity,Continuity.TaskActiveStatusMismatchRate,paired_snapshots=60,0.9,0.1,0.0,0.8,0.9,Continuity
StateImport,20260837,Player-visible continuity,Continuity.TaskActiveStatusMismatchRate,paired_snapshots=60,0.866666666667,0.133333333333,0.0,0.733333333334,0.866666666667,Continuity
StateImport,20260838,Player-visible continuity,Continuity.TaskActiveStatusMismatchRate,paired_snapshots=60,0.866666666667,0.133333333333,0.0,0.733333333334,0.866666666667,Continuity
StateImport,20260839,Player-visible continuity,Continuity.TaskActiveStatusMismatchRate,paired_snapshots=60,0.966666666667,0.033333333333,0.0,0.9333333333339999,0.966666666667,Continuity
StateImport,20260840,Player-visible continuity,Continuity.TaskActiveStatusMismatchRate,paired_snapshots=60,0.95,0.05,0.0,0.8999999999999999,0.95,Continuity
StateImport,20260841,Player-visible continuity,Continuity.TaskActiveStatusMismatchRate,paired_snapshots=60,0.833333333333,0.166666666667,0.0,0.6666666666659999,0.833333333333,Continuity
StateImport,20260842,Player-visible continuity,Continuity.TaskActiveStatusMismatchRate,paired_snapshots=60,0.95,0.05,0.0,0.8999999999999999,0.95,Continuity
StateImport,20260843,Player-visible continuity,Continuity.TaskActiveStatusMismatchRate,paired_snapshots=60,0.95,0.05,0.0,0.8999999999999999,0.95,Continuity
StateImport,20260844,Player-visible continuity,Continuity.TaskActiveStatusMismatchRate,paired_snapshots=60,0.966666666667,0.033333333333,0.0,0.9333333333339999,0.966666666667,Continuity
StateImport,20260815,Player-visible continuity,Continuity.TaskRemainingHoursMAE,hours;paired_same_goal_active_snapshots=0,0.0,0.0,0.0,0.0,0.0,Continuity
StateImport,20260816,Player-visible continuity,Continuity.TaskRemainingHoursMAE,hours;paired_same_goal_active_snapshots=0,0.0,0.0,0.0,0.0,0.0,Continuity
StateImport,20260817,Player-visible continuity,Continuity.TaskRemainingHoursMAE,hours;paired_same_goal_active_snapshots=0,0.0,0.0,0.0,0.0,0.0,Continuity
StateImport,20260818,Player-visible continuity,Continuity.TaskRemainingHoursMAE,hours;paired_same_goal_active_snapshots=0,0.0,0.0,0.0,0.0,0.0,Continuity
StateImport,20260819,Player-visible continuity,Continuity.TaskRemainingHoursMAE,hours;paired_same_goal_active_snapshots=0,1.846153846154,0.0,0.0,1.846153846154,1.846153846154,Continuity
StateImport,20260820,Player-visible continuity,Continuity.TaskRemainingHoursMAE,hours;paired_same_goal_active_snapshots=0,0.0,0.0,0.0,0.0,0.0,Continuity
StateImport,20260821,Player-visible continuity,Continuity.TaskRemainingHoursMAE,hours;paired_same_goal_active_snapshots=0,0.0,0.0,0.0,0.0,0.0,Continuity
StateImport,20260822,Player-visible continuity,Continuity.TaskRemainingHoursMAE,hours;paired_same_goal_active_snapshots=0,0.0,0.0,0.0,0.0,0.0,Continuity
StateImport,20260823,Player-visible continuity,Continuity.TaskRemainingHoursMAE,hours;paired_same_goal_active_snapshots=0,0.0,0.0,0.0,0.0,0.0,Continuity
StateImport,20260824,Player-visible continuity,Continuity.TaskRemainingHoursMAE,hours;paired_same_goal_active_snapshots=0,0.0,0.0,0.0,0.0,0.0,Continuity
StateImport,20260825,Player-visible continuity,Continuity.TaskRemainingHoursMAE,hours;paired_same_goal_active_snapshots=0,0.0,0.0,0.0,0.0,0.0,Continuity
StateImport,20260826,Player-visible continuity,Continuity.TaskRemainingHoursMAE,hours;paired_same_goal_active_snapshots=0,4.0,0.0,0.0,4.0,4.0,Continuity
StateImport,20260827,Player-visible continuity,Continuity.TaskRemainingHoursMAE,hours;paired_same_goal_active_snapshots=0,2.0,0.0,0.0,2.0,2.0,Continuity
StateImport,20260828,Player-visible continuity,Continuity.TaskRemainingHoursMAE,hours;paired_same_goal_active_snapshots=0,0.0,0.0,0.0,0.0,0.0,Continuity
StateImport,20260829,Player-visible continuity,Continuity.TaskRemainingHoursMAE,hours;paired_same_goal_active_snapshots=0,0.0,0.0,0.0,0.0,0.0,Continuity
StateImport,20260830,Player-visible continuity,Continuity.TaskRemainingHoursMAE,hours;paired_same_goal_active_snapshots=0,0.0,0.0,0.0,0.0,0.0,Continuity
StateImport,20260831,Player-visible continuity,Continuity.TaskRemainingHoursMAE,hours;paired_same_goal_active_snapshots=0,0.0,0.0,0.0,0.0,0.0,Continuity
StateImport,20260832,Player-visible continuity,Continuity.TaskRemainingHoursMAE,hours;paired_same_goal_active_snapshots=0,0.0,0.0,0.0,0.0,0.0,Continuity
StateImport,20260833,Player-visible continuity,Continuity.TaskRemainingHoursMAE,hours;paired_same_goal_active_snapshots=0,0.0,0.0,0.0,0.0,0.0,Continuity
StateImport,20260834,Player-visible continuity,Continuity.TaskRemainingHoursMAE,hours;paired_same_goal_active_snapshots=0,3.428571428571,0.0,0.0,3.428571428571,3.428571428571,Continuity
StateImport,20260835,Player-visible continuity,Continuity.TaskRemainingHoursMAE,hours;paired_same_goal_active_snapshots=0,6.0,0.0,0.0,6.0,6.0,Continuity
StateImport,20260836,Player-visible continuity,Continuity.TaskRemainingHoursMAE,hours;paired_same_goal_active_snapshots=0,0.0,0.0,0.0,0.0,0.0,Continuity
StateImport,20260837,Player-visible continuity,Continuity.TaskRemainingHoursMAE,hours;paired_same_goal_active_snapshots=0,0.0,0.0,0.0,0.0,0.0,Continuity
StateImport,20260838,Player-visible continuity,Continuity.TaskRemainingHoursMAE,hours;paired_same_goal_active_snapshots=0,0.0,0.0,0.0,0.0,0.0,Continuity
StateImport,20260839,Player-visible continuity,Continuity.TaskRemainingHoursMAE,hours;paired_same_goal_active_snapshots=0,0.0,0.0,0.0,0.0,0.0,Continuity
StateImport,20260840,Player-visible continuity,Continuity.TaskRemainingHoursMAE,hours;paired_same_goal_active_snapshots=0,0.0,0.0,0.0,0.0,0.0,Continuity
StateImport,20260841,Player-visible continuity,Continuity.TaskRemainingHoursMAE,hours;paired_same_goal_active_snapshots=0,3.0,0.0,0.0,3.0,3.0,Continuity
StateImport,20260842,Player-visible continuity,Continuity.TaskRemainingHoursMAE,hours;paired_same_goal_active_snapshots=0,0.0,0.0,0.0,0.0,0.0,Continuity
StateImport,20260843,Player-visible continuity,Continuity.TaskRemainingHoursMAE,hours;paired_same_goal_active_snapshots=0,0.0,0.0,0.0,0.0,0.0,Continuity
StateImport,20260844,Player-visible continuity,Continuity.TaskRemainingHoursMAE,hours;paired_same_goal_active_snapshots=0,0.0,0.0,0.0,0.0,0.0,Continuity
StateImport,20260815,Policy-effect error,PolicyEffect.DamagedWaiting,N=100,0.0,4.8577377e-05,0.0,-4.8577377e-05,0.0,Primary accuracy
StateImport,20260816,Policy-effect error,PolicyEffect.DamagedWaiting,N=100,0.0,5.2047189e-05,0.0,-5.2047189e-05,0.0,Primary accuracy
StateImport,20260817,Policy-effect error,PolicyEffect.DamagedWaiting,N=100,0.0,5.2047189e-05,0.0,-5.2047189e-05,0.0,Primary accuracy
StateImport,20260818,Policy-effect error,PolicyEffect.DamagedWaiting,N=100,0.0,5.2047189e-05,0.0,-5.2047189e-05,0.0,Primary accuracy
StateImport,20260819,Policy-effect error,PolicyEffect.DamagedWaiting,N=100,0.0,4.8577377e-05,0.0,-4.8577377e-05,0.0,Primary accuracy
StateImport,20260820,Policy-effect error,PolicyEffect.DamagedWaiting,N=100,0.0,5.5517002e-05,0.0,-5.5517002e-05,0.0,Primary accuracy
StateImport,20260821,Policy-effect error,PolicyEffect.DamagedWaiting,N=100,0.0,4.8577377e-05,0.0,-4.8577377e-05,0.0,Primary accuracy
StateImport,20260822,Policy-effect error,PolicyEffect.DamagedWaiting,N=100,0.0,5.2047189e-05,0.0,-5.2047189e-05,0.0,Primary accuracy
StateImport,20260823,Policy-effect error,PolicyEffect.DamagedWaiting,N=100,0.0,5.2047189e-05,0.0,-5.2047189e-05,0.0,Primary accuracy
StateImport,20260824,Policy-effect error,PolicyEffect.DamagedWaiting,N=100,0.0,5.5517002e-05,0.0,-5.5517002e-05,0.0,Primary accuracy
StateImport,20260825,Policy-effect error,PolicyEffect.DamagedWaiting,N=100,0.0,5.2047189e-05,0.0,-5.2047189e-05,0.0,Primary accuracy
StateImport,20260826,Policy-effect error,PolicyEffect.DamagedWaiting,N=100,0.0,5.5517002e-05,0.0,-5.5517002e-05,0.0,Primary accuracy
StateImport,20260827,Policy-effect error,PolicyEffect.DamagedWaiting,N=100,0.0,5.2047189e-05,0.0,-5.2047189e-05,0.0,Primary accuracy
StateImport,20260828,Policy-effect error,PolicyEffect.DamagedWaiting,N=100,0.0,5.2047189e-05,0.0,-5.2047189e-05,0.0,Primary accuracy
StateImport,20260829,Policy-effect error,PolicyEffect.DamagedWaiting,N=100,0.0,5.2047189e-05,0.0,-5.2047189e-05,0.0,Primary accuracy
StateImport,20260830,Policy-effect error,PolicyEffect.DamagedWaiting,N=100,0.0,5.5517002e-05,0.0,-5.5517002e-05,0.0,Primary accuracy
StateImport,20260831,Policy-effect error,PolicyEffect.DamagedWaiting,N=100,0.0,4.8577377e-05,0.0,-4.8577377e-05,0.0,Primary accuracy
StateImport,20260832,Policy-effect error,PolicyEffect.DamagedWaiting,N=100,0.0,5.2047189e-05,0.0,-5.2047189e-05,0.0,Primary accuracy
StateImport,20260833,Policy-effect error,PolicyEffect.DamagedWaiting,N=100,0.0,5.2047189e-05,0.0,-5.2047189e-05,0.0,Primary accuracy
StateImport,20260834,Policy-effect error,PolicyEffect.DamagedWaiting,N=100,0.0,5.2047189e-05,0.0,-5.2047189e-05,0.0,Primary accuracy
StateImport,20260835,Policy-effect error,PolicyEffect.DamagedWaiting,N=100,0.0,5.2047189e-05,0.0,-5.2047189e-05,0.0,Primary accuracy
StateImport,20260836,Policy-effect error,PolicyEffect.DamagedWaiting,N=100,0.0,5.2047189e-05,0.0,-5.2047189e-05,0.0,Primary accuracy
StateImport,20260837,Policy-effect error,PolicyEffect.DamagedWaiting,N=100,0.0,5.2047189e-05,0.0,-5.2047189e-05,0.0,Primary accuracy
StateImport,20260838,Policy-effect error,PolicyEffect.DamagedWaiting,N=100,0.0,4.8577377e-05,0.0,-4.8577377e-05,0.0,Primary accuracy
StateImport,20260839,Policy-effect error,PolicyEffect.DamagedWaiting,N=100,0.0,5.2047189e-05,0.0,-5.2047189e-05,0.0,Primary accuracy
StateImport,20260840,Policy-effect error,PolicyEffect.DamagedWaiting,N=100,0.0,5.5517002e-05,0.0,-5.5517002e-05,0.0,Primary accuracy
StateImport,20260841,Policy-effect error,PolicyEffect.DamagedWaiting,N=100,0.0,5.5517002e-05,0.0,-5.5517002e-05,0.0,Primary accuracy
StateImport,20260842,Policy-effect error,PolicyEffect.DamagedWaiting,N=100,0.0,5.2047189e-05,0.0,-5.2047189e-05,0.0,Primary accuracy
StateImport,20260843,Policy-effect error,PolicyEffect.DamagedWaiting,N=100,0.0,5.2047189e-05,0.0,-5.2047189e-05,0.0,Primary accuracy
StateImport,20260844,Policy-effect error,PolicyEffect.DamagedWaiting,N=100,0.0,5.2047189e-05,0.0,-5.2047189e-05,0.0,Primary accuracy
StateImport,20260815,Policy-effect error,PolicyEffect.ForestWood,16N=1600,0.0,0.0,0.0,0.0,0.0,Primary accuracy
StateImport,20260816,Policy-effect error,PolicyEffect.ForestWood,16N=1600,0.0,0.0,0.0,0.0,0.0,Primary accuracy
StateImport,20260817,Policy-effect error,PolicyEffect.ForestWood,16N=1600,0.0,0.0,0.0,0.0,0.0,Primary accuracy
StateImport,20260818,Policy-effect error,PolicyEffect.ForestWood,16N=1600,0.0,0.0,0.0,0.0,0.0,Primary accuracy
StateImport,20260819,Policy-effect error,PolicyEffect.ForestWood,16N=1600,0.0,0.0,0.0,0.0,0.0,Primary accuracy
StateImport,20260820,Policy-effect error,PolicyEffect.ForestWood,16N=1600,0.0,0.0,0.0,0.0,0.0,Primary accuracy
StateImport,20260821,Policy-effect error,PolicyEffect.ForestWood,16N=1600,0.0,0.0,0.0,0.0,0.0,Primary accuracy
StateImport,20260822,Policy-effect error,PolicyEffect.ForestWood,16N=1600,0.0,0.0,0.0,0.0,0.0,Primary accuracy
StateImport,20260823,Policy-effect error,PolicyEffect.ForestWood,16N=1600,0.0,0.0,0.0,0.0,0.0,Primary accuracy
StateImport,20260824,Policy-effect error,PolicyEffect.ForestWood,16N=1600,0.0,0.0,0.0,0.0,0.0,Primary accuracy
StateImport,20260825,Policy-effect error,PolicyEffect.ForestWood,16N=1600,0.0,0.0,0.0,0.0,0.0,Primary accuracy
StateImport,20260826,Policy-effect error,PolicyEffect.ForestWood,16N=1600,0.0,0.0,0.0,0.0,0.0,Primary accuracy
StateImport,20260827,Policy-effect error,PolicyEffect.ForestWood,16N=1600,0.0,0.0,0.0,0.0,0.0,Primary accuracy
StateImport,20260828,Policy-effect error,PolicyEffect.ForestWood,16N=1600,0.0,0.0,0.0,0.0,0.0,Primary accuracy
StateImport,20260829,Policy-effect error,PolicyEffect.ForestWood,16N=1600,0.0,0.0,0.0,0.0,0.0,Primary accuracy
StateImport,20260830,Policy-effect error,PolicyEffect.ForestWood,16N=1600,0.0,0.0,0.0,0.0,0.0,Primary accuracy
StateImport,20260831,Policy-effect error,PolicyEffect.ForestWood,16N=1600,0.0,0.0,0.0,0.0,0.0,Primary accuracy
StateImport,20260832,Policy-effect error,PolicyEffect.ForestWood,16N=1600,0.0,0.0,0.0,0.0,0.0,Primary accuracy
StateImport,20260833,Policy-effect error,PolicyEffect.ForestWood,16N=1600,0.0,0.0,0.0,0.0,0.0,Primary accuracy
StateImport,20260834,Policy-effect error,PolicyEffect.ForestWood,16N=1600,0.0,0.0,0.0,0.0,0.0,Primary accuracy
StateImport,20260835,Policy-effect error,PolicyEffect.ForestWood,16N=1600,0.0,0.0,0.0,0.0,0.0,Primary accuracy
StateImport,20260836,Policy-effect error,PolicyEffect.ForestWood,16N=1600,0.0,0.0,0.0,0.0,0.0,Primary accuracy
StateImport,20260837,Policy-effect error,PolicyEffect.ForestWood,16N=1600,0.0,0.0,0.0,0.0,0.0,Primary accuracy
StateImport,20260838,Policy-effect error,PolicyEffect.ForestWood,16N=1600,0.0,0.0,0.0,0.0,0.0,Primary accuracy
StateImport,20260839,Policy-effect error,PolicyEffect.ForestWood,16N=1600,0.0,0.0,0.0,0.0,0.0,Primary accuracy
StateImport,20260840,Policy-effect error,PolicyEffect.ForestWood,16N=1600,0.0,0.0,0.0,0.0,0.0,Primary accuracy
StateImport,20260841,Policy-effect error,PolicyEffect.ForestWood,16N=1600,0.0,0.0,0.0,0.0,0.0,Primary accuracy
StateImport,20260842,Policy-effect error,PolicyEffect.ForestWood,16N=1600,0.0,0.0,0.0,0.0,0.0,Primary accuracy
StateImport,20260843,Policy-effect error,PolicyEffect.ForestWood,16N=1600,0.0,0.0,0.0,0.0,0.0,Primary accuracy
StateImport,20260844,Policy-effect error,PolicyEffect.ForestWood,16N=1600,0.0,0.0,0.0,0.0,0.0,Primary accuracy
StateImport,20260815,Policy-effect error,PolicyEffect.MarketWoodAvailable,2N=200,0.0,0.107765440666,0.0,-0.107765440666,0.0,Primary accuracy
StateImport,20260816,Policy-effect error,PolicyEffect.MarketWoodAvailable,2N=200,0.0,0.116752255378,0.0,-0.116752255378,0.0,Primary accuracy
StateImport,20260817,Policy-effect error,PolicyEffect.MarketWoodAvailable,2N=200,0.0,0.116752255378,0.0,-0.116752255378,0.0,Primary accuracy
StateImport,20260818,Policy-effect error,PolicyEffect.MarketWoodAvailable,2N=200,0.0,0.116752255378,0.0,-0.116752255378,0.0,Primary accuracy
StateImport,20260819,Policy-effect error,PolicyEffect.MarketWoodAvailable,2N=200,0.0,0.107765440666,0.0,-0.107765440666,0.0,Primary accuracy
StateImport,20260820,Policy-effect error,PolicyEffect.MarketWoodAvailable,2N=200,0.0,0.124399722415,0.0,-0.124399722415,0.0,Primary accuracy
StateImport,20260821,Policy-effect error,PolicyEffect.MarketWoodAvailable,2N=200,0.0,0.109770992366,0.0,-0.109770992366,0.0,Primary accuracy
StateImport,20260822,Policy-effect error,PolicyEffect.MarketWoodAvailable,2N=200,0.0,0.116752255378,0.0,-0.116752255378,0.0,Primary accuracy
StateImport,20260823,Policy-effect error,PolicyEffect.MarketWoodAvailable,2N=200,0.0,0.114746703678,0.0,-0.114746703678,0.0,Primary accuracy
StateImport,20260824,Policy-effect error,PolicyEffect.MarketWoodAvailable,2N=200,0.0,0.124399722415,0.0,-0.124399722415,0.0,Primary accuracy
StateImport,20260825,Policy-effect error,PolicyEffect.MarketWoodAvailable,2N=200,0.0,0.116752255378,0.0,-0.116752255378,0.0,Primary accuracy
StateImport,20260826,Policy-effect error,PolicyEffect.MarketWoodAvailable,2N=200,0.0,0.124399722415,0.0,-0.124399722415,0.0,Primary accuracy
StateImport,20260827,Policy-effect error,PolicyEffect.MarketWoodAvailable,2N=200,0.0,0.116752255378,0.0,-0.116752255378,0.0,Primary accuracy
StateImport,20260828,Policy-effect error,PolicyEffect.MarketWoodAvailable,2N=200,0.0,0.116752255378,0.0,-0.116752255378,0.0,Primary accuracy
StateImport,20260829,Policy-effect error,PolicyEffect.MarketWoodAvailable,2N=200,0.0,0.116752255378,0.0,-0.116752255378,0.0,Primary accuracy
StateImport,20260830,Policy-effect error,PolicyEffect.MarketWoodAvailable,2N=200,0.0,0.124399722415,0.0,-0.124399722415,0.0,Primary accuracy
StateImport,20260831,Policy-effect error,PolicyEffect.MarketWoodAvailable,2N=200,0.0,0.109770992366,0.0,-0.109770992366,0.0,Primary accuracy
StateImport,20260832,Policy-effect error,PolicyEffect.MarketWoodAvailable,2N=200,0.0,0.114746703678,0.0,-0.114746703678,0.0,Primary accuracy
StateImport,20260833,Policy-effect error,PolicyEffect.MarketWoodAvailable,2N=200,0.0,0.114746703678,0.0,-0.114746703678,0.0,Primary accuracy
StateImport,20260834,Policy-effect error,PolicyEffect.MarketWoodAvailable,2N=200,0.0,0.114746703678,0.0,-0.114746703678,0.0,Primary accuracy
StateImport,20260835,Policy-effect error,PolicyEffect.MarketWoodAvailable,2N=200,0.0,0.116752255378,0.0,-0.116752255378,0.0,Primary accuracy
StateImport,20260836,Policy-effect error,PolicyEffect.MarketWoodAvailable,2N=200,0.0,0.116752255378,0.0,-0.116752255378,0.0,Primary accuracy
StateImport,20260837,Policy-effect error,PolicyEffect.MarketWoodAvailable,2N=200,0.0,0.116752255378,0.0,-0.116752255378,0.0,Primary accuracy
StateImport,20260838,Policy-effect error,PolicyEffect.MarketWoodAvailable,2N=200,0.0,0.107765440666,0.0,-0.107765440666,0.0,Primary accuracy
StateImport,20260839,Policy-effect error,PolicyEffect.MarketWoodAvailable,2N=200,0.0,0.116752255378,0.0,-0.116752255378,0.0,Primary accuracy
StateImport,20260840,Policy-effect error,PolicyEffect.MarketWoodAvailable,2N=200,0.0,0.124399722415,0.0,-0.124399722415,0.0,Primary accuracy
StateImport,20260841,Policy-effect error,PolicyEffect.MarketWoodAvailable,2N=200,0.0,0.124399722415,0.0,-0.124399722415,0.0,Primary accuracy
StateImport,20260842,Policy-effect error,PolicyEffect.MarketWoodAvailable,2N=200,0.0,0.114746703678,0.0,-0.114746703678,0.0,Primary accuracy
StateImport,20260843,Policy-effect error,PolicyEffect.MarketWoodAvailable,2N=200,0.0,0.116752255378,0.0,-0.116752255378,0.0,Primary accuracy
StateImport,20260844,Policy-effect error,PolicyEffect.MarketWoodAvailable,2N=200,0.0,0.114746703678,0.0,-0.114746703678,0.0,Primary accuracy
StateImport,20260815,Policy-effect error,PolicyEffect.Repaired,N=100,0.0,4.8577377e-05,0.0,-4.8577377e-05,0.0,Primary accuracy
StateImport,20260816,Policy-effect error,PolicyEffect.Repaired,N=100,0.0,5.2047189e-05,0.0,-5.2047189e-05,0.0,Primary accuracy
StateImport,20260817,Policy-effect error,PolicyEffect.Repaired,N=100,0.0,5.2047189e-05,0.0,-5.2047189e-05,0.0,Primary accuracy
StateImport,20260818,Policy-effect error,PolicyEffect.Repaired,N=100,0.0,5.2047189e-05,0.0,-5.2047189e-05,0.0,Primary accuracy
StateImport,20260819,Policy-effect error,PolicyEffect.Repaired,N=100,0.0,4.8577377e-05,0.0,-4.8577377e-05,0.0,Primary accuracy
StateImport,20260820,Policy-effect error,PolicyEffect.Repaired,N=100,0.0,5.5517002e-05,0.0,-5.5517002e-05,0.0,Primary accuracy
StateImport,20260821,Policy-effect error,PolicyEffect.Repaired,N=100,0.0,4.8577377e-05,0.0,-4.8577377e-05,0.0,Primary accuracy
StateImport,20260822,Policy-effect error,PolicyEffect.Repaired,N=100,0.0,5.2047189e-05,0.0,-5.2047189e-05,0.0,Primary accuracy
StateImport,20260823,Policy-effect error,PolicyEffect.Repaired,N=100,0.0,5.2047189e-05,0.0,-5.2047189e-05,0.0,Primary accuracy
StateImport,20260824,Policy-effect error,PolicyEffect.Repaired,N=100,0.0,5.5517002e-05,0.0,-5.5517002e-05,0.0,Primary accuracy
StateImport,20260825,Policy-effect error,PolicyEffect.Repaired,N=100,0.0,5.2047189e-05,0.0,-5.2047189e-05,0.0,Primary accuracy
StateImport,20260826,Policy-effect error,PolicyEffect.Repaired,N=100,0.0,5.5517002e-05,0.0,-5.5517002e-05,0.0,Primary accuracy
StateImport,20260827,Policy-effect error,PolicyEffect.Repaired,N=100,0.0,5.2047189e-05,0.0,-5.2047189e-05,0.0,Primary accuracy
StateImport,20260828,Policy-effect error,PolicyEffect.Repaired,N=100,0.0,5.2047189e-05,0.0,-5.2047189e-05,0.0,Primary accuracy
StateImport,20260829,Policy-effect error,PolicyEffect.Repaired,N=100,0.0,5.2047189e-05,0.0,-5.2047189e-05,0.0,Primary accuracy
StateImport,20260830,Policy-effect error,PolicyEffect.Repaired,N=100,0.0,5.5517002e-05,0.0,-5.5517002e-05,0.0,Primary accuracy
StateImport,20260831,Policy-effect error,PolicyEffect.Repaired,N=100,0.0,4.8577377e-05,0.0,-4.8577377e-05,0.0,Primary accuracy
StateImport,20260832,Policy-effect error,PolicyEffect.Repaired,N=100,0.0,5.2047189e-05,0.0,-5.2047189e-05,0.0,Primary accuracy
StateImport,20260833,Policy-effect error,PolicyEffect.Repaired,N=100,0.0,5.2047189e-05,0.0,-5.2047189e-05,0.0,Primary accuracy
StateImport,20260834,Policy-effect error,PolicyEffect.Repaired,N=100,0.0,5.2047189e-05,0.0,-5.2047189e-05,0.0,Primary accuracy
StateImport,20260835,Policy-effect error,PolicyEffect.Repaired,N=100,0.0,5.2047189e-05,0.0,-5.2047189e-05,0.0,Primary accuracy
StateImport,20260836,Policy-effect error,PolicyEffect.Repaired,N=100,0.0,5.2047189e-05,0.0,-5.2047189e-05,0.0,Primary accuracy
StateImport,20260837,Policy-effect error,PolicyEffect.Repaired,N=100,0.0,5.2047189e-05,0.0,-5.2047189e-05,0.0,Primary accuracy
StateImport,20260838,Policy-effect error,PolicyEffect.Repaired,N=100,0.0,4.8577377e-05,0.0,-4.8577377e-05,0.0,Primary accuracy
StateImport,20260839,Policy-effect error,PolicyEffect.Repaired,N=100,0.0,5.2047189e-05,0.0,-5.2047189e-05,0.0,Primary accuracy
StateImport,20260840,Policy-effect error,PolicyEffect.Repaired,N=100,0.0,5.5517002e-05,0.0,-5.5517002e-05,0.0,Primary accuracy
StateImport,20260841,Policy-effect error,PolicyEffect.Repaired,N=100,0.0,5.5517002e-05,0.0,-5.5517002e-05,0.0,Primary accuracy
StateImport,20260842,Policy-effect error,PolicyEffect.Repaired,N=100,0.0,5.2047189e-05,0.0,-5.2047189e-05,0.0,Primary accuracy
StateImport,20260843,Policy-effect error,PolicyEffect.Repaired,N=100,0.0,5.2047189e-05,0.0,-5.2047189e-05,0.0,Primary accuracy
StateImport,20260844,Policy-effect error,PolicyEffect.Repaired,N=100,0.0,5.2047189e-05,0.0,-5.2047189e-05,0.0,Primary accuracy
StateImport,20260815,Policy-effect error,PolicyEffect.TreasuryAvailable,5N=500,0.0,0.0,0.0,0.0,0.0,Primary accuracy
StateImport,20260816,Policy-effect error,PolicyEffect.TreasuryAvailable,5N=500,0.0,0.0,0.0,0.0,0.0,Primary accuracy
StateImport,20260817,Policy-effect error,PolicyEffect.TreasuryAvailable,5N=500,0.0,0.0,0.0,0.0,0.0,Primary accuracy
StateImport,20260818,Policy-effect error,PolicyEffect.TreasuryAvailable,5N=500,0.0,0.0,0.0,0.0,0.0,Primary accuracy
StateImport,20260819,Policy-effect error,PolicyEffect.TreasuryAvailable,5N=500,0.0,0.0,0.0,0.0,0.0,Primary accuracy
StateImport,20260820,Policy-effect error,PolicyEffect.TreasuryAvailable,5N=500,0.0,0.0,0.0,0.0,0.0,Primary accuracy
StateImport,20260821,Policy-effect error,PolicyEffect.TreasuryAvailable,5N=500,0.0,0.0,0.0,0.0,0.0,Primary accuracy
StateImport,20260822,Policy-effect error,PolicyEffect.TreasuryAvailable,5N=500,0.0,0.0,0.0,0.0,0.0,Primary accuracy
StateImport,20260823,Policy-effect error,PolicyEffect.TreasuryAvailable,5N=500,0.0,0.0,0.0,0.0,0.0,Primary accuracy
StateImport,20260824,Policy-effect error,PolicyEffect.TreasuryAvailable,5N=500,0.0,0.0,0.0,0.0,0.0,Primary accuracy
StateImport,20260825,Policy-effect error,PolicyEffect.TreasuryAvailable,5N=500,0.0,0.0,0.0,0.0,0.0,Primary accuracy
StateImport,20260826,Policy-effect error,PolicyEffect.TreasuryAvailable,5N=500,0.0,0.0,0.0,0.0,0.0,Primary accuracy
StateImport,20260827,Policy-effect error,PolicyEffect.TreasuryAvailable,5N=500,0.0,0.0,0.0,0.0,0.0,Primary accuracy
StateImport,20260828,Policy-effect error,PolicyEffect.TreasuryAvailable,5N=500,0.0,0.0,0.0,0.0,0.0,Primary accuracy
StateImport,20260829,Policy-effect error,PolicyEffect.TreasuryAvailable,5N=500,0.0,0.0,0.0,0.0,0.0,Primary accuracy
StateImport,20260830,Policy-effect error,PolicyEffect.TreasuryAvailable,5N=500,0.0,0.0,0.0,0.0,0.0,Primary accuracy
StateImport,20260831,Policy-effect error,PolicyEffect.TreasuryAvailable,5N=500,0.0,0.0,0.0,0.0,0.0,Primary accuracy
StateImport,20260832,Policy-effect error,PolicyEffect.TreasuryAvailable,5N=500,0.0,0.0,0.0,0.0,0.0,Primary accuracy
StateImport,20260833,Policy-effect error,PolicyEffect.TreasuryAvailable,5N=500,0.0,0.0,0.0,0.0,0.0,Primary accuracy
StateImport,20260834,Policy-effect error,PolicyEffect.TreasuryAvailable,5N=500,0.0,0.0,0.0,0.0,0.0,Primary accuracy
StateImport,20260835,Policy-effect error,PolicyEffect.TreasuryAvailable,5N=500,0.0,0.0,0.0,0.0,0.0,Primary accuracy
StateImport,20260836,Policy-effect error,PolicyEffect.TreasuryAvailable,5N=500,0.0,0.0,0.0,0.0,0.0,Primary accuracy
StateImport,20260837,Policy-effect error,PolicyEffect.TreasuryAvailable,5N=500,0.0,0.0,0.0,0.0,0.0,Primary accuracy
StateImport,20260838,Policy-effect error,PolicyEffect.TreasuryAvailable,5N=500,0.0,0.0,0.0,0.0,0.0,Primary accuracy
StateImport,20260839,Policy-effect error,PolicyEffect.TreasuryAvailable,5N=500,0.0,0.0,0.0,0.0,0.0,Primary accuracy
StateImport,20260840,Policy-effect error,PolicyEffect.TreasuryAvailable,5N=500,0.0,0.0,0.0,0.0,0.0,Primary accuracy
StateImport,20260841,Policy-effect error,PolicyEffect.TreasuryAvailable,5N=500,0.0,0.0,0.0,0.0,0.0,Primary accuracy
StateImport,20260842,Policy-effect error,PolicyEffect.TreasuryAvailable,5N=500,0.0,0.0,0.0,0.0,0.0,Primary accuracy
StateImport,20260843,Policy-effect error,PolicyEffect.TreasuryAvailable,5N=500,0.0,0.0,0.0,0.0,0.0,Primary accuracy
StateImport,20260844,Policy-effect error,PolicyEffect.TreasuryAvailable,5N=500,0.0,0.0,0.0,0.0,0.0,Primary accuracy
StateImport,20260815,Policy-effect error,PolicyEffect.UnderRepair,N=100,0.0,9.7154754e-05,0.0,-9.7154754e-05,0.0,Primary accuracy
StateImport,20260816,Policy-effect error,PolicyEffect.UnderRepair,N=100,0.0,0.000104094379,0.0,-0.000104094379,0.0,Primary accuracy
StateImport,20260817,Policy-effect error,PolicyEffect.UnderRepair,N=100,0.0,0.000104094379,0.0,-0.000104094379,0.0,Primary accuracy
StateImport,20260818,Policy-effect error,PolicyEffect.UnderRepair,N=100,0.0,0.000104094379,0.0,-0.000104094379,0.0,Primary accuracy
StateImport,20260819,Policy-effect error,PolicyEffect.UnderRepair,N=100,0.0,9.7154754e-05,0.0,-9.7154754e-05,0.0,Primary accuracy
StateImport,20260820,Policy-effect error,PolicyEffect.UnderRepair,N=100,0.0,0.000111034004,0.0,-0.000111034004,0.0,Primary accuracy
StateImport,20260821,Policy-effect error,PolicyEffect.UnderRepair,N=100,0.0,9.7154754e-05,0.0,-9.7154754e-05,0.0,Primary accuracy
StateImport,20260822,Policy-effect error,PolicyEffect.UnderRepair,N=100,0.0,0.000104094379,0.0,-0.000104094379,0.0,Primary accuracy
StateImport,20260823,Policy-effect error,PolicyEffect.UnderRepair,N=100,0.0,0.000104094379,0.0,-0.000104094379,0.0,Primary accuracy
StateImport,20260824,Policy-effect error,PolicyEffect.UnderRepair,N=100,0.0,0.000111034004,0.0,-0.000111034004,0.0,Primary accuracy
StateImport,20260825,Policy-effect error,PolicyEffect.UnderRepair,N=100,0.0,0.000104094379,0.0,-0.000104094379,0.0,Primary accuracy
StateImport,20260826,Policy-effect error,PolicyEffect.UnderRepair,N=100,0.0,0.000111034004,0.0,-0.000111034004,0.0,Primary accuracy
StateImport,20260827,Policy-effect error,PolicyEffect.UnderRepair,N=100,0.0,0.000104094379,0.0,-0.000104094379,0.0,Primary accuracy
StateImport,20260828,Policy-effect error,PolicyEffect.UnderRepair,N=100,0.0,0.000104094379,0.0,-0.000104094379,0.0,Primary accuracy
StateImport,20260829,Policy-effect error,PolicyEffect.UnderRepair,N=100,0.0,0.000104094379,0.0,-0.000104094379,0.0,Primary accuracy
StateImport,20260830,Policy-effect error,PolicyEffect.UnderRepair,N=100,0.0,0.000111034004,0.0,-0.000111034004,0.0,Primary accuracy
StateImport,20260831,Policy-effect error,PolicyEffect.UnderRepair,N=100,0.0,9.7154754e-05,0.0,-9.7154754e-05,0.0,Primary accuracy
StateImport,20260832,Policy-effect error,PolicyEffect.UnderRepair,N=100,0.0,0.000104094379,0.0,-0.000104094379,0.0,Primary accuracy
StateImport,20260833,Policy-effect error,PolicyEffect.UnderRepair,N=100,0.0,0.000104094379,0.0,-0.000104094379,0.0,Primary accuracy
StateImport,20260834,Policy-effect error,PolicyEffect.UnderRepair,N=100,0.0,0.000104094379,0.0,-0.000104094379,0.0,Primary accuracy
StateImport,20260835,Policy-effect error,PolicyEffect.UnderRepair,N=100,0.0,0.000104094379,0.0,-0.000104094379,0.0,Primary accuracy
StateImport,20260836,Policy-effect error,PolicyEffect.UnderRepair,N=100,0.0,0.000104094379,0.0,-0.000104094379,0.0,Primary accuracy
StateImport,20260837,Policy-effect error,PolicyEffect.UnderRepair,N=100,0.0,0.000104094379,0.0,-0.000104094379,0.0,Primary accuracy
StateImport,20260838,Policy-effect error,PolicyEffect.UnderRepair,N=100,0.0,9.7154754e-05,0.0,-9.7154754e-05,0.0,Primary accuracy
StateImport,20260839,Policy-effect error,PolicyEffect.UnderRepair,N=100,0.0,0.000104094379,0.0,-0.000104094379,0.0,Primary accuracy
StateImport,20260840,Policy-effect error,PolicyEffect.UnderRepair,N=100,0.0,0.000111034004,0.0,-0.000111034004,0.0,Primary accuracy
StateImport,20260841,Policy-effect error,PolicyEffect.UnderRepair,N=100,0.0,0.000111034004,0.0,-0.000111034004,0.0,Primary accuracy
StateImport,20260842,Policy-effect error,PolicyEffect.UnderRepair,N=100,0.0,0.000104094379,0.0,-0.000104094379,0.0,Primary accuracy
StateImport,20260843,Policy-effect error,PolicyEffect.UnderRepair,N=100,0.0,0.000104094379,0.0,-0.000104094379,0.0,Primary accuracy
StateImport,20260844,Policy-effect error,PolicyEffect.UnderRepair,N=100,0.0,0.000104094379,0.0,-0.000104094379,0.0,Primary accuracy
StateImport,20260815,Policy-effect error,PolicyEffect.WoodPrice,P0=1,7.9433778e-05,0.213033786236,0.0,-0.212954352458,7.9433778e-05,Primary accuracy
StateImport,20260816,Policy-effect error,PolicyEffect.WoodPrice,P0=1,7.9433777e-05,0.181554448058,0.0,-0.181475014281,7.9433777e-05,Primary accuracy
StateImport,20260817,Policy-effect error,PolicyEffect.WoodPrice,P0=1,0.000101417552,0.18157638012,0.0,-0.181474962568,0.000101417552,Primary accuracy
StateImport,20260818,Policy-effect error,PolicyEffect.WoodPrice,P0=1,0.000140142525,0.181615013982,0.0,-0.181474871457,0.000140142525,Primary accuracy
StateImport,20260819,Policy-effect error,PolicyEffect.WoodPrice,P0=1,8.0284413e-05,0.213034635748,0.0,-0.212954351335,8.0284413e-05,Primary accuracy
StateImport,20260820,Policy-effect error,PolicyEffect.WoodPrice,P0=1,0.000121586061,0.140307334422,0.0,-0.140185748361,0.000121586061,Primary accuracy
StateImport,20260821,Policy-effect error,PolicyEffect.WoodPrice,P0=1,2.9029269e-05,0.199891798019,0.0,-0.19986276875,2.9029269e-05,Primary accuracy
StateImport,20260822,Policy-effect error,PolicyEffect.WoodPrice,P0=1,0.000121586056,0.181596501179,0.0,-0.181474915123,0.000121586056,Primary accuracy
StateImport,20260823,Policy-effect error,PolicyEffect.WoodPrice,P0=1,0.00012158606,0.145151311702,0.0,-0.14502972564199998,0.00012158606,Primary accuracy
StateImport,20260824,Policy-effect error,PolicyEffect.WoodPrice,P0=1,0.000101417552,0.140287213364,0.0,-0.140185795812,0.000101417552,Primary accuracy
StateImport,20260825,Policy-effect error,PolicyEffect.WoodPrice,P0=1,6.085654e-06,0.181481278707,0.0,-0.181475193053,6.085654e-06,Primary accuracy
StateImport,20260826,Policy-effect error,PolicyEffect.WoodPrice,P0=1,5.423583e-06,0.140191450752,0.0,-0.140186027169,5.423583e-06,Primary accuracy
StateImport,20260827,Policy-effect error,PolicyEffect.WoodPrice,P0=1,0.000140142527,0.181615013982,0.0,-0.181474871455,0.000140142527,Primary accuracy
StateImport,20260828,Policy-effect error,PolicyEffect.WoodPrice,P0=1,0.00010141755,0.181576380116,0.0,-0.181474962566,0.00010141755,Primary accuracy
StateImport,20260829,Policy-effect error,PolicyEffect.WoodPrice,P0=1,7.9433777e-05,0.181554448052,0.0,-0.18147501427499999,7.9433777e-05,Primary accuracy
StateImport,20260830,Policy-effect error,PolicyEffect.WoodPrice,P0=1,6.085657e-06,0.140192111941,0.0,-0.140186026284,6.085657e-06,Primary accuracy
StateImport,20260831,Policy-effect error,PolicyEffect.WoodPrice,P0=1,2.9029269e-05,0.199891798015,0.0,-0.199862768746,2.9029269e-05,Primary accuracy
StateImport,20260832,Policy-effect error,PolicyEffect.WoodPrice,P0=1,6.697902e-06,0.145036699823,0.0,-0.145030001921,6.697902e-06,Primary accuracy
StateImport,20260833,Policy-effect error,PolicyEffect.WoodPrice,P0=1,7.9433774e-05,0.145109258277,0.0,-0.145029824503,7.9433774e-05,Primary accuracy
StateImport,20260834,Policy-effect error,PolicyEffect.WoodPrice,P0=1,0.000121586068,0.145151311706,0.0,-0.145029725638,0.000121586068,Primary accuracy
StateImport,20260835,Policy-effect error,PolicyEffect.WoodPrice,P0=1,7.26542e-06,0.181482456896,0.0,-0.181475191476,7.26542e-06,Primary accuracy
StateImport,20260836,Policy-effect error,PolicyEffect.WoodPrice,P0=1,0.00010141755,0.18157638012,0.0,-0.18147496256999998,0.00010141755,Primary accuracy
StateImport,20260837,Policy-effect error,PolicyEffect.WoodPrice,P0=1,0.000140142527,0.181615013978,0.0,-0.181474871451,0.000140142527,Primary accuracy
StateImport,20260838,Policy-effect error,PolicyEffect.WoodPrice,P0=1,5.5397319e-05,0.213009806126,0.0,-0.212954408807,5.5397319e-05,Primary accuracy
StateImport,20260839,Policy-effect error,PolicyEffect.WoodPrice,P0=1,0.000121586071,0.181596501183,0.0,-0.181474915112,0.000121586071,Primary accuracy
StateImport,20260840,Policy-effect error,PolicyEffect.WoodPrice,P0=1,0.000121586063,0.140307334428,0.0,-0.140185748365,0.000121586063,Primary accuracy
StateImport,20260841,Policy-effect error,PolicyEffect.WoodPrice,P0=1,0.000121586063,0.140307334428,0.0,-0.140185748365,0.000121586063,Primary accuracy
StateImport,20260842,Policy-effect error,PolicyEffect.WoodPrice,P0=1,0.000101417557,0.145131190497,0.0,-0.14502977294,0.000101417557,Primary accuracy
StateImport,20260843,Policy-effect error,PolicyEffect.WoodPrice,P0=1,0.00010141755,0.181576380117,0.0,-0.181474962567,0.00010141755,Primary accuracy
StateImport,20260844,Policy-effect error,PolicyEffect.WoodPrice,P0=1,2.9029271e-05,0.14505897197,0.0,-0.14502994269900002,2.9029271e-05,Primary accuracy
RepairAid,20260815,Behavior distribution,Behavior.TVD,fixed_8_categories,0.000431500587,0.779277934464,0.0,-0.7788464338769999,0.000431500587,Primary accuracy
RepairAid,20260816,Behavior distribution,Behavior.TVD,fixed_8_categories,0.000431500587,0.77901696278,0.0,-0.778585462193,0.000431500587,Primary accuracy
RepairAid,20260817,Behavior distribution,Behavior.TVD,fixed_8_categories,0.000431500587,0.77901696278,0.0,-0.778585462193,0.000431500587,Primary accuracy
RepairAid,20260818,Behavior distribution,Behavior.TVD,fixed_8_categories,0.000431500587,0.77901696278,0.0,-0.778585462193,0.000431500587,Primary accuracy
RepairAid,20260819,Behavior distribution,Behavior.TVD,fixed_8_categories,0.00053963591,0.779593745618,0.0,-0.779054109708,0.00053963591,Primary accuracy
RepairAid,20260820,Behavior distribution,Behavior.TVD,fixed_8_categories,0.000215194095,0.778906010783,0.0,-0.778690816688,0.000215194095,Primary accuracy
RepairAid,20260821,Behavior distribution,Behavior.TVD,fixed_8_categories,0.000755870719,0.779444316497,0.0,-0.778688445778,0.000755870719,Primary accuracy
RepairAid,20260822,Behavior distribution,Behavior.TVD,fixed_8_categories,0.000755870719,0.779183344813,0.0,-0.778427474094,0.000755870719,Primary accuracy
RepairAid,20260823,Behavior distribution,Behavior.TVD,fixed_8_categories,0.000323353316,0.779222461531,0.0,-0.7788991082150001,0.000323353316,Primary accuracy
RepairAid,20260824,Behavior distribution,Behavior.TVD,fixed_8_categories,0.000431500587,0.77901696278,0.0,-0.778585462193,0.000431500587,Primary accuracy
RepairAid,20260825,Behavior distribution,Behavior.TVD,fixed_8_categories,0.00053963591,0.779072429585,0.0,-0.7785327936750001,0.00053963591,Primary accuracy
RepairAid,20260826,Behavior distribution,Behavior.TVD,fixed_8_categories,0.000107022922,0.77885052559,0.0,-0.778743502668,0.000107022922,Primary accuracy
RepairAid,20260827,Behavior distribution,Behavior.TVD,fixed_8_categories,0.000323353316,0.778961489846,0.0,-0.77863813653,0.000323353316,Primary accuracy
RepairAid,20260828,Behavior distribution,Behavior.TVD,fixed_8_categories,0.00053963591,0.779072429585,0.0,-0.7785327936750001,0.00053963591,Primary accuracy
RepairAid,20260829,Behavior distribution,Behavior.TVD,fixed_8_categories,0.000323353316,0.778961489846,0.0,-0.77863813653,0.000323353316,Primary accuracy
RepairAid,20260830,Behavior distribution,Behavior.TVD,fixed_8_categories,0.000323353316,0.778961489846,0.0,-0.77863813653,0.000323353316,Primary accuracy
RepairAid,20260831,Behavior distribution,Behavior.TVD,fixed_8_categories,0.000647759286,0.779388861946,0.0,-0.77874110266,0.000647759286,Primary accuracy
RepairAid,20260832,Behavior distribution,Behavior.TVD,fixed_8_categories,0.000323353316,0.779222461531,0.0,-0.7788991082150001,0.000323353316,Primary accuracy
RepairAid,20260833,Behavior distribution,Behavior.TVD,fixed_8_categories,0.00053963591,0.779333401269,0.0,-0.778793765359,0.00053963591,Primary accuracy
RepairAid,20260834,Behavior distribution,Behavior.TVD,fixed_8_categories,0.000431500587,0.779277934464,0.0,-0.7788464338769999,0.000431500587,Primary accuracy
RepairAid,20260835,Behavior distribution,Behavior.TVD,fixed_8_categories,0.000323353316,0.778961489846,0.0,-0.77863813653,0.000323353316,Primary accuracy
RepairAid,20260836,Behavior distribution,Behavior.TVD,fixed_8_categories,0.000215194095,0.778906010783,0.0,-0.778690816688,0.000215194095,Primary accuracy
RepairAid,20260837,Behavior distribution,Behavior.TVD,fixed_8_categories,0.000431500587,0.77901696278,0.0,-0.778585462193,0.000431500587,Primary accuracy
RepairAid,20260838,Behavior distribution,Behavior.TVD,fixed_8_categories,0.000215194095,0.779427326817,0.0,-0.779212132722,0.000215194095,Primary accuracy
RepairAid,20260839,Behavior distribution,Behavior.TVD,fixed_8_categories,0.000107022922,0.77885052559,0.0,-0.778743502668,0.000107022922,Primary accuracy
RepairAid,20260840,Behavior distribution,Behavior.TVD,fixed_8_categories,0.00053963591,0.779333401269,0.0,-0.778793765359,0.00053963591,Primary accuracy
RepairAid,20260841,Behavior distribution,Behavior.TVD,fixed_8_categories,0.000647759286,0.779127890262,0.0,-0.778480130976,0.000647759286,Primary accuracy
RepairAid,20260842,Behavior distribution,Behavior.TVD,fixed_8_categories,0.00053963591,0.779333401269,0.0,-0.778793765359,0.00053963591,Primary accuracy
RepairAid,20260843,Behavior distribution,Behavior.TVD,fixed_8_categories,0.000107022922,0.77885052559,0.0,-0.778743502668,0.000107022922,Primary accuracy
RepairAid,20260844,Behavior distribution,Behavior.TVD,fixed_8_categories,0.000215194095,0.779166982468,0.0,-0.7789517883729999,0.000215194095,Primary accuracy
RepairAid,20260815,Commitment continuity diagnostic,Continuity.CommitmentTaskActiveStatusMismatchRate,restore_home_relevant_paired_snapshots=0,0.0,1.0,0.0,-1.0,0.0,Secondary commitment diagnostic
RepairAid,20260816,Commitment continuity diagnostic,Continuity.CommitmentTaskActiveStatusMismatchRate,restore_home_relevant_paired_snapshots=0,0.0,1.0,0.0,-1.0,0.0,Secondary commitment diagnostic
RepairAid,20260817,Commitment continuity diagnostic,Continuity.CommitmentTaskActiveStatusMismatchRate,restore_home_relevant_paired_snapshots=0,0.0,1.0,0.0,-1.0,0.0,Secondary commitment diagnostic
RepairAid,20260818,Commitment continuity diagnostic,Continuity.CommitmentTaskActiveStatusMismatchRate,restore_home_relevant_paired_snapshots=0,0.0,0.0,0.0,0.0,0.0,Secondary commitment diagnostic
RepairAid,20260819,Commitment continuity diagnostic,Continuity.CommitmentTaskActiveStatusMismatchRate,restore_home_relevant_paired_snapshots=0,0.0,1.0,0.0,-1.0,0.0,Secondary commitment diagnostic
RepairAid,20260820,Commitment continuity diagnostic,Continuity.CommitmentTaskActiveStatusMismatchRate,restore_home_relevant_paired_snapshots=0,0.0,1.0,0.0,-1.0,0.0,Secondary commitment diagnostic
RepairAid,20260821,Commitment continuity diagnostic,Continuity.CommitmentTaskActiveStatusMismatchRate,restore_home_relevant_paired_snapshots=0,0.0,1.0,0.0,-1.0,0.0,Secondary commitment diagnostic
RepairAid,20260822,Commitment continuity diagnostic,Continuity.CommitmentTaskActiveStatusMismatchRate,restore_home_relevant_paired_snapshots=0,0.0,1.0,0.0,-1.0,0.0,Secondary commitment diagnostic
RepairAid,20260823,Commitment continuity diagnostic,Continuity.CommitmentTaskActiveStatusMismatchRate,restore_home_relevant_paired_snapshots=0,0.0,1.0,0.0,-1.0,0.0,Secondary commitment diagnostic
RepairAid,20260824,Commitment continuity diagnostic,Continuity.CommitmentTaskActiveStatusMismatchRate,restore_home_relevant_paired_snapshots=0,0.0,1.0,0.0,-1.0,0.0,Secondary commitment diagnostic
RepairAid,20260825,Commitment continuity diagnostic,Continuity.CommitmentTaskActiveStatusMismatchRate,restore_home_relevant_paired_snapshots=0,0.0,1.0,0.0,-1.0,0.0,Secondary commitment diagnostic
RepairAid,20260826,Commitment continuity diagnostic,Continuity.CommitmentTaskActiveStatusMismatchRate,restore_home_relevant_paired_snapshots=0,0.0,1.0,0.0,-1.0,0.0,Secondary commitment diagnostic
RepairAid,20260827,Commitment continuity diagnostic,Continuity.CommitmentTaskActiveStatusMismatchRate,restore_home_relevant_paired_snapshots=0,0.0,1.0,0.0,-1.0,0.0,Secondary commitment diagnostic
RepairAid,20260828,Commitment continuity diagnostic,Continuity.CommitmentTaskActiveStatusMismatchRate,restore_home_relevant_paired_snapshots=0,0.0,1.0,0.0,-1.0,0.0,Secondary commitment diagnostic
RepairAid,20260829,Commitment continuity diagnostic,Continuity.CommitmentTaskActiveStatusMismatchRate,restore_home_relevant_paired_snapshots=0,0.0,1.0,0.0,-1.0,0.0,Secondary commitment diagnostic
RepairAid,20260830,Commitment continuity diagnostic,Continuity.CommitmentTaskActiveStatusMismatchRate,restore_home_relevant_paired_snapshots=0,0.0,1.0,0.0,-1.0,0.0,Secondary commitment diagnostic
RepairAid,20260831,Commitment continuity diagnostic,Continuity.CommitmentTaskActiveStatusMismatchRate,restore_home_relevant_paired_snapshots=0,0.0,1.0,0.0,-1.0,0.0,Secondary commitment diagnostic
RepairAid,20260832,Commitment continuity diagnostic,Continuity.CommitmentTaskActiveStatusMismatchRate,restore_home_relevant_paired_snapshots=0,0.0,1.0,0.0,-1.0,0.0,Secondary commitment diagnostic
RepairAid,20260833,Commitment continuity diagnostic,Continuity.CommitmentTaskActiveStatusMismatchRate,restore_home_relevant_paired_snapshots=0,0.0,1.0,0.0,-1.0,0.0,Secondary commitment diagnostic
RepairAid,20260834,Commitment continuity diagnostic,Continuity.CommitmentTaskActiveStatusMismatchRate,restore_home_relevant_paired_snapshots=0,0.0,1.0,0.0,-1.0,0.0,Secondary commitment diagnostic
RepairAid,20260835,Commitment continuity diagnostic,Continuity.CommitmentTaskActiveStatusMismatchRate,restore_home_relevant_paired_snapshots=0,0.0,1.0,0.0,-1.0,0.0,Secondary commitment diagnostic
RepairAid,20260836,Commitment continuity diagnostic,Continuity.CommitmentTaskActiveStatusMismatchRate,restore_home_relevant_paired_snapshots=0,0.0,1.0,0.0,-1.0,0.0,Secondary commitment diagnostic
RepairAid,20260837,Commitment continuity diagnostic,Continuity.CommitmentTaskActiveStatusMismatchRate,restore_home_relevant_paired_snapshots=0,0.0,1.0,0.0,-1.0,0.0,Secondary commitment diagnostic
RepairAid,20260838,Commitment continuity diagnostic,Continuity.CommitmentTaskActiveStatusMismatchRate,restore_home_relevant_paired_snapshots=0,0.0,1.0,0.0,-1.0,0.0,Secondary commitment diagnostic
RepairAid,20260839,Commitment continuity diagnostic,Continuity.CommitmentTaskActiveStatusMismatchRate,restore_home_relevant_paired_snapshots=0,0.0,0.0,0.0,0.0,0.0,Secondary commitment diagnostic
RepairAid,20260840,Commitment continuity diagnostic,Continuity.CommitmentTaskActiveStatusMismatchRate,restore_home_relevant_paired_snapshots=0,0.0,1.0,0.0,-1.0,0.0,Secondary commitment diagnostic
RepairAid,20260841,Commitment continuity diagnostic,Continuity.CommitmentTaskActiveStatusMismatchRate,restore_home_relevant_paired_snapshots=0,0.0,1.0,0.0,-1.0,0.0,Secondary commitment diagnostic
RepairAid,20260842,Commitment continuity diagnostic,Continuity.CommitmentTaskActiveStatusMismatchRate,restore_home_relevant_paired_snapshots=0,0.0,1.0,0.0,-1.0,0.0,Secondary commitment diagnostic
RepairAid,20260843,Commitment continuity diagnostic,Continuity.CommitmentTaskActiveStatusMismatchRate,restore_home_relevant_paired_snapshots=0,0.0,1.0,0.0,-1.0,0.0,Secondary commitment diagnostic
RepairAid,20260844,Commitment continuity diagnostic,Continuity.CommitmentTaskActiveStatusMismatchRate,restore_home_relevant_paired_snapshots=0,0.0,0.0,0.0,0.0,0.0,Secondary commitment diagnostic
RepairAid,20260815,Commitment continuity diagnostic,Continuity.CommitmentTaskRemainingHoursMAE,hours;paired_restore_home_active_snapshots=0,0.0,0.0,0.0,0.0,0.0,Secondary commitment diagnostic
RepairAid,20260816,Commitment continuity diagnostic,Continuity.CommitmentTaskRemainingHoursMAE,hours;paired_restore_home_active_snapshots=0,0.0,0.0,0.0,0.0,0.0,Secondary commitment diagnostic
RepairAid,20260817,Commitment continuity diagnostic,Continuity.CommitmentTaskRemainingHoursMAE,hours;paired_restore_home_active_snapshots=0,0.0,0.0,0.0,0.0,0.0,Secondary commitment diagnostic
RepairAid,20260818,Commitment continuity diagnostic,Continuity.CommitmentTaskRemainingHoursMAE,hours;paired_restore_home_active_snapshots=0,0.0,0.0,0.0,0.0,0.0,Secondary commitment diagnostic
RepairAid,20260819,Commitment continuity diagnostic,Continuity.CommitmentTaskRemainingHoursMAE,hours;paired_restore_home_active_snapshots=0,6.0,0.0,0.0,6.0,6.0,Secondary commitment diagnostic
RepairAid,20260820,Commitment continuity diagnostic,Continuity.CommitmentTaskRemainingHoursMAE,hours;paired_restore_home_active_snapshots=0,0.0,0.0,0.0,0.0,0.0,Secondary commitment diagnostic
RepairAid,20260821,Commitment continuity diagnostic,Continuity.CommitmentTaskRemainingHoursMAE,hours;paired_restore_home_active_snapshots=0,0.0,0.0,0.0,0.0,0.0,Secondary commitment diagnostic
RepairAid,20260822,Commitment continuity diagnostic,Continuity.CommitmentTaskRemainingHoursMAE,hours;paired_restore_home_active_snapshots=0,0.0,0.0,0.0,0.0,0.0,Secondary commitment diagnostic
RepairAid,20260823,Commitment continuity diagnostic,Continuity.CommitmentTaskRemainingHoursMAE,hours;paired_restore_home_active_snapshots=0,0.0,0.0,0.0,0.0,0.0,Secondary commitment diagnostic
RepairAid,20260824,Commitment continuity diagnostic,Continuity.CommitmentTaskRemainingHoursMAE,hours;paired_restore_home_active_snapshots=0,0.0,0.0,0.0,0.0,0.0,Secondary commitment diagnostic
RepairAid,20260825,Commitment continuity diagnostic,Continuity.CommitmentTaskRemainingHoursMAE,hours;paired_restore_home_active_snapshots=0,0.0,0.0,0.0,0.0,0.0,Secondary commitment diagnostic
RepairAid,20260826,Commitment continuity diagnostic,Continuity.CommitmentTaskRemainingHoursMAE,hours;paired_restore_home_active_snapshots=0,12.0,0.0,0.0,12.0,12.0,Secondary commitment diagnostic
RepairAid,20260827,Commitment continuity diagnostic,Continuity.CommitmentTaskRemainingHoursMAE,hours;paired_restore_home_active_snapshots=0,3.428571428571,0.0,0.0,3.428571428571,3.428571428571,Secondary commitment diagnostic
RepairAid,20260828,Commitment continuity diagnostic,Continuity.CommitmentTaskRemainingHoursMAE,hours;paired_restore_home_active_snapshots=0,0.0,0.0,0.0,0.0,0.0,Secondary commitment diagnostic
RepairAid,20260829,Commitment continuity diagnostic,Continuity.CommitmentTaskRemainingHoursMAE,hours;paired_restore_home_active_snapshots=0,0.0,0.0,0.0,0.0,0.0,Secondary commitment diagnostic
RepairAid,20260830,Commitment continuity diagnostic,Continuity.CommitmentTaskRemainingHoursMAE,hours;paired_restore_home_active_snapshots=0,0.0,0.0,0.0,0.0,0.0,Secondary commitment diagnostic
RepairAid,20260831,Commitment continuity diagnostic,Continuity.CommitmentTaskRemainingHoursMAE,hours;paired_restore_home_active_snapshots=0,0.0,0.0,0.0,0.0,0.0,Secondary commitment diagnostic
RepairAid,20260832,Commitment continuity diagnostic,Continuity.CommitmentTaskRemainingHoursMAE,hours;paired_restore_home_active_snapshots=0,0.0,0.0,0.0,0.0,0.0,Secondary commitment diagnostic
RepairAid,20260833,Commitment continuity diagnostic,Continuity.CommitmentTaskRemainingHoursMAE,hours;paired_restore_home_active_snapshots=0,0.0,0.0,0.0,0.0,0.0,Secondary commitment diagnostic
RepairAid,20260834,Commitment continuity diagnostic,Continuity.CommitmentTaskRemainingHoursMAE,hours;paired_restore_home_active_snapshots=0,8.0,0.0,0.0,8.0,8.0,Secondary commitment diagnostic
RepairAid,20260835,Commitment continuity diagnostic,Continuity.CommitmentTaskRemainingHoursMAE,hours;paired_restore_home_active_snapshots=0,24.0,0.0,0.0,24.0,24.0,Secondary commitment diagnostic
RepairAid,20260836,Commitment continuity diagnostic,Continuity.CommitmentTaskRemainingHoursMAE,hours;paired_restore_home_active_snapshots=0,0.0,0.0,0.0,0.0,0.0,Secondary commitment diagnostic
RepairAid,20260837,Commitment continuity diagnostic,Continuity.CommitmentTaskRemainingHoursMAE,hours;paired_restore_home_active_snapshots=0,0.0,0.0,0.0,0.0,0.0,Secondary commitment diagnostic
RepairAid,20260838,Commitment continuity diagnostic,Continuity.CommitmentTaskRemainingHoursMAE,hours;paired_restore_home_active_snapshots=0,0.0,0.0,0.0,0.0,0.0,Secondary commitment diagnostic
RepairAid,20260839,Commitment continuity diagnostic,Continuity.CommitmentTaskRemainingHoursMAE,hours;paired_restore_home_active_snapshots=0,0.0,0.0,0.0,0.0,0.0,Secondary commitment diagnostic
RepairAid,20260840,Commitment continuity diagnostic,Continuity.CommitmentTaskRemainingHoursMAE,hours;paired_restore_home_active_snapshots=0,0.0,0.0,0.0,0.0,0.0,Secondary commitment diagnostic
RepairAid,20260841,Commitment continuity diagnostic,Continuity.CommitmentTaskRemainingHoursMAE,hours;paired_restore_home_active_snapshots=0,6.0,0.0,0.0,6.0,6.0,Secondary commitment diagnostic
RepairAid,20260842,Commitment continuity diagnostic,Continuity.CommitmentTaskRemainingHoursMAE,hours;paired_restore_home_active_snapshots=0,0.0,0.0,0.0,0.0,0.0,Secondary commitment diagnostic
RepairAid,20260843,Commitment continuity diagnostic,Continuity.CommitmentTaskRemainingHoursMAE,hours;paired_restore_home_active_snapshots=0,0.0,0.0,0.0,0.0,0.0,Secondary commitment diagnostic
RepairAid,20260844,Commitment continuity diagnostic,Continuity.CommitmentTaskRemainingHoursMAE,hours;paired_restore_home_active_snapshots=0,0.0,0.0,0.0,0.0,0.0,Secondary commitment diagnostic
RepairAid,20260815,Internal diagnostic,Continuity.Diagnostic.EventIDExactMismatchRate,paired_snapshots=60;internal_representation_only,1.0,0.083333333333,0.0,0.916666666667,1.0,Diagnostic only
RepairAid,20260816,Internal diagnostic,Continuity.Diagnostic.EventIDExactMismatchRate,paired_snapshots=60;internal_representation_only,1.0,0.083333333333,0.0,0.916666666667,1.0,Diagnostic only
RepairAid,20260817,Internal diagnostic,Continuity.Diagnostic.EventIDExactMismatchRate,paired_snapshots=60;internal_representation_only,1.0,0.116666666667,0.0,0.883333333333,1.0,Diagnostic only
RepairAid,20260818,Internal diagnostic,Continuity.Diagnostic.EventIDExactMismatchRate,paired_snapshots=60;internal_representation_only,1.0,0.066666666667,0.0,0.9333333333330001,1.0,Diagnostic only
RepairAid,20260819,Internal diagnostic,Continuity.Diagnostic.EventIDExactMismatchRate,paired_snapshots=60;internal_representation_only,1.0,0.216666666667,0.0,0.783333333333,1.0,Diagnostic only
RepairAid,20260820,Internal diagnostic,Continuity.Diagnostic.EventIDExactMismatchRate,paired_snapshots=60;internal_representation_only,1.0,0.066666666667,0.0,0.9333333333330001,1.0,Diagnostic only
RepairAid,20260821,Internal diagnostic,Continuity.Diagnostic.EventIDExactMismatchRate,paired_snapshots=60;internal_representation_only,1.0,0.066666666667,0.0,0.9333333333330001,1.0,Diagnostic only
RepairAid,20260822,Internal diagnostic,Continuity.Diagnostic.EventIDExactMismatchRate,paired_snapshots=60;internal_representation_only,1.0,0.233333333333,0.0,0.766666666667,1.0,Diagnostic only
RepairAid,20260823,Internal diagnostic,Continuity.Diagnostic.EventIDExactMismatchRate,paired_snapshots=60;internal_representation_only,1.0,0.183333333333,0.0,0.8166666666669999,1.0,Diagnostic only
RepairAid,20260824,Internal diagnostic,Continuity.Diagnostic.EventIDExactMismatchRate,paired_snapshots=60;internal_representation_only,1.0,0.066666666667,0.0,0.9333333333330001,1.0,Diagnostic only
RepairAid,20260825,Internal diagnostic,Continuity.Diagnostic.EventIDExactMismatchRate,paired_snapshots=60;internal_representation_only,1.0,0.066666666667,0.0,0.9333333333330001,1.0,Diagnostic only
RepairAid,20260826,Internal diagnostic,Continuity.Diagnostic.EventIDExactMismatchRate,paired_snapshots=60;internal_representation_only,1.0,0.116666666667,0.0,0.883333333333,1.0,Diagnostic only
RepairAid,20260827,Internal diagnostic,Continuity.Diagnostic.EventIDExactMismatchRate,paired_snapshots=60;internal_representation_only,1.0,0.216666666667,0.0,0.783333333333,1.0,Diagnostic only
RepairAid,20260828,Internal diagnostic,Continuity.Diagnostic.EventIDExactMismatchRate,paired_snapshots=60;internal_representation_only,1.0,0.15,0.0,0.85,1.0,Diagnostic only
RepairAid,20260829,Internal diagnostic,Continuity.Diagnostic.EventIDExactMismatchRate,paired_snapshots=60;internal_representation_only,1.0,0.083333333333,0.0,0.916666666667,1.0,Diagnostic only
RepairAid,20260830,Internal diagnostic,Continuity.Diagnostic.EventIDExactMismatchRate,paired_snapshots=60;internal_representation_only,1.0,0.166666666667,0.0,0.833333333333,1.0,Diagnostic only
RepairAid,20260831,Internal diagnostic,Continuity.Diagnostic.EventIDExactMismatchRate,paired_snapshots=60;internal_representation_only,1.0,0.133333333333,0.0,0.866666666667,1.0,Diagnostic only
RepairAid,20260832,Internal diagnostic,Continuity.Diagnostic.EventIDExactMismatchRate,paired_snapshots=60;internal_representation_only,1.0,0.116666666667,0.0,0.883333333333,1.0,Diagnostic only
RepairAid,20260833,Internal diagnostic,Continuity.Diagnostic.EventIDExactMismatchRate,paired_snapshots=60;internal_representation_only,1.0,0.083333333333,0.0,0.916666666667,1.0,Diagnostic only
RepairAid,20260834,Internal diagnostic,Continuity.Diagnostic.EventIDExactMismatchRate,paired_snapshots=60;internal_representation_only,1.0,0.133333333333,0.0,0.866666666667,1.0,Diagnostic only
RepairAid,20260835,Internal diagnostic,Continuity.Diagnostic.EventIDExactMismatchRate,paired_snapshots=60;internal_representation_only,1.0,0.083333333333,0.0,0.916666666667,1.0,Diagnostic only
RepairAid,20260836,Internal diagnostic,Continuity.Diagnostic.EventIDExactMismatchRate,paired_snapshots=60;internal_representation_only,1.0,0.1,0.0,0.9,1.0,Diagnostic only
RepairAid,20260837,Internal diagnostic,Continuity.Diagnostic.EventIDExactMismatchRate,paired_snapshots=60;internal_representation_only,1.0,0.133333333333,0.0,0.866666666667,1.0,Diagnostic only
RepairAid,20260838,Internal diagnostic,Continuity.Diagnostic.EventIDExactMismatchRate,paired_snapshots=60;internal_representation_only,1.0,0.133333333333,0.0,0.866666666667,1.0,Diagnostic only
RepairAid,20260839,Internal diagnostic,Continuity.Diagnostic.EventIDExactMismatchRate,paired_snapshots=60;internal_representation_only,1.0,0.033333333333,0.0,0.966666666667,1.0,Diagnostic only
RepairAid,20260840,Internal diagnostic,Continuity.Diagnostic.EventIDExactMismatchRate,paired_snapshots=60;internal_representation_only,1.0,0.05,0.0,0.95,1.0,Diagnostic only
RepairAid,20260841,Internal diagnostic,Continuity.Diagnostic.EventIDExactMismatchRate,paired_snapshots=60;internal_representation_only,1.0,0.166666666667,0.0,0.833333333333,1.0,Diagnostic only
RepairAid,20260842,Internal diagnostic,Continuity.Diagnostic.EventIDExactMismatchRate,paired_snapshots=60;internal_representation_only,1.0,0.05,0.0,0.95,1.0,Diagnostic only
RepairAid,20260843,Internal diagnostic,Continuity.Diagnostic.EventIDExactMismatchRate,paired_snapshots=60;internal_representation_only,1.0,0.05,0.0,0.95,1.0,Diagnostic only
RepairAid,20260844,Internal diagnostic,Continuity.Diagnostic.EventIDExactMismatchRate,paired_snapshots=60;internal_representation_only,1.0,0.033333333333,0.0,0.966666666667,1.0,Diagnostic only
RepairAid,20260815,Internal diagnostic,Continuity.Diagnostic.ReservationIDExactMismatchRate,paired_snapshots=60;internal_representation_only,0.0,0.0,0.0,0.0,0.0,Diagnostic only
RepairAid,20260816,Internal diagnostic,Continuity.Diagnostic.ReservationIDExactMismatchRate,paired_snapshots=60;internal_representation_only,0.0,0.0,0.0,0.0,0.0,Diagnostic only
RepairAid,20260817,Internal diagnostic,Continuity.Diagnostic.ReservationIDExactMismatchRate,paired_snapshots=60;internal_representation_only,0.0,0.0,0.0,0.0,0.0,Diagnostic only
RepairAid,20260818,Internal diagnostic,Continuity.Diagnostic.ReservationIDExactMismatchRate,paired_snapshots=60;internal_representation_only,0.0,0.0,0.0,0.0,0.0,Diagnostic only
RepairAid,20260819,Internal diagnostic,Continuity.Diagnostic.ReservationIDExactMismatchRate,paired_snapshots=60;internal_representation_only,0.0,0.0,0.0,0.0,0.0,Diagnostic only
RepairAid,20260820,Internal diagnostic,Continuity.Diagnostic.ReservationIDExactMismatchRate,paired_snapshots=60;internal_representation_only,0.0,0.0,0.0,0.0,0.0,Diagnostic only
RepairAid,20260821,Internal diagnostic,Continuity.Diagnostic.ReservationIDExactMismatchRate,paired_snapshots=60;internal_representation_only,0.0,0.0,0.0,0.0,0.0,Diagnostic only
RepairAid,20260822,Internal diagnostic,Continuity.Diagnostic.ReservationIDExactMismatchRate,paired_snapshots=60;internal_representation_only,0.0,0.0,0.0,0.0,0.0,Diagnostic only
RepairAid,20260823,Internal diagnostic,Continuity.Diagnostic.ReservationIDExactMismatchRate,paired_snapshots=60;internal_representation_only,0.0,0.0,0.0,0.0,0.0,Diagnostic only
RepairAid,20260824,Internal diagnostic,Continuity.Diagnostic.ReservationIDExactMismatchRate,paired_snapshots=60;internal_representation_only,0.0,0.0,0.0,0.0,0.0,Diagnostic only
RepairAid,20260825,Internal diagnostic,Continuity.Diagnostic.ReservationIDExactMismatchRate,paired_snapshots=60;internal_representation_only,0.0,0.0,0.0,0.0,0.0,Diagnostic only
RepairAid,20260826,Internal diagnostic,Continuity.Diagnostic.ReservationIDExactMismatchRate,paired_snapshots=60;internal_representation_only,0.0,0.0,0.0,0.0,0.0,Diagnostic only
RepairAid,20260827,Internal diagnostic,Continuity.Diagnostic.ReservationIDExactMismatchRate,paired_snapshots=60;internal_representation_only,0.0,0.0,0.0,0.0,0.0,Diagnostic only
RepairAid,20260828,Internal diagnostic,Continuity.Diagnostic.ReservationIDExactMismatchRate,paired_snapshots=60;internal_representation_only,0.0,0.0,0.0,0.0,0.0,Diagnostic only
RepairAid,20260829,Internal diagnostic,Continuity.Diagnostic.ReservationIDExactMismatchRate,paired_snapshots=60;internal_representation_only,0.0,0.0,0.0,0.0,0.0,Diagnostic only
RepairAid,20260830,Internal diagnostic,Continuity.Diagnostic.ReservationIDExactMismatchRate,paired_snapshots=60;internal_representation_only,0.0,0.0,0.0,0.0,0.0,Diagnostic only
RepairAid,20260831,Internal diagnostic,Continuity.Diagnostic.ReservationIDExactMismatchRate,paired_snapshots=60;internal_representation_only,0.0,0.0,0.0,0.0,0.0,Diagnostic only
RepairAid,20260832,Internal diagnostic,Continuity.Diagnostic.ReservationIDExactMismatchRate,paired_snapshots=60;internal_representation_only,0.0,0.0,0.0,0.0,0.0,Diagnostic only
RepairAid,20260833,Internal diagnostic,Continuity.Diagnostic.ReservationIDExactMismatchRate,paired_snapshots=60;internal_representation_only,0.0,0.0,0.0,0.0,0.0,Diagnostic only
RepairAid,20260834,Internal diagnostic,Continuity.Diagnostic.ReservationIDExactMismatchRate,paired_snapshots=60;internal_representation_only,0.0,0.0,0.0,0.0,0.0,Diagnostic only
RepairAid,20260835,Internal diagnostic,Continuity.Diagnostic.ReservationIDExactMismatchRate,paired_snapshots=60;internal_representation_only,0.0,0.0,0.0,0.0,0.0,Diagnostic only
RepairAid,20260836,Internal diagnostic,Continuity.Diagnostic.ReservationIDExactMismatchRate,paired_snapshots=60;internal_representation_only,0.0,0.0,0.0,0.0,0.0,Diagnostic only
RepairAid,20260837,Internal diagnostic,Continuity.Diagnostic.ReservationIDExactMismatchRate,paired_snapshots=60;internal_representation_only,0.0,0.0,0.0,0.0,0.0,Diagnostic only
RepairAid,20260838,Internal diagnostic,Continuity.Diagnostic.ReservationIDExactMismatchRate,paired_snapshots=60;internal_representation_only,0.0,0.0,0.0,0.0,0.0,Diagnostic only
RepairAid,20260839,Internal diagnostic,Continuity.Diagnostic.ReservationIDExactMismatchRate,paired_snapshots=60;internal_representation_only,0.0,0.0,0.0,0.0,0.0,Diagnostic only
RepairAid,20260840,Internal diagnostic,Continuity.Diagnostic.ReservationIDExactMismatchRate,paired_snapshots=60;internal_representation_only,0.0,0.0,0.0,0.0,0.0,Diagnostic only
RepairAid,20260841,Internal diagnostic,Continuity.Diagnostic.ReservationIDExactMismatchRate,paired_snapshots=60;internal_representation_only,0.0,0.0,0.0,0.0,0.0,Diagnostic only
RepairAid,20260842,Internal diagnostic,Continuity.Diagnostic.ReservationIDExactMismatchRate,paired_snapshots=60;internal_representation_only,0.0,0.0,0.0,0.0,0.0,Diagnostic only
RepairAid,20260843,Internal diagnostic,Continuity.Diagnostic.ReservationIDExactMismatchRate,paired_snapshots=60;internal_representation_only,0.0,0.0,0.0,0.0,0.0,Diagnostic only
RepairAid,20260844,Internal diagnostic,Continuity.Diagnostic.ReservationIDExactMismatchRate,paired_snapshots=60;internal_representation_only,0.0,0.0,0.0,0.0,0.0,Diagnostic only
RepairAid,20260815,Internal diagnostic,Continuity.Diagnostic.TaskProgressExactMismatchRate,paired_snapshots=60;internal_representation_only,0.916666666667,0.083333333333,0.0,0.8333333333340001,0.916666666667,Diagnostic only
RepairAid,20260816,Internal diagnostic,Continuity.Diagnostic.TaskProgressExactMismatchRate,paired_snapshots=60;internal_representation_only,0.916666666667,0.083333333333,0.0,0.8333333333340001,0.916666666667,Diagnostic only
RepairAid,20260817,Internal diagnostic,Continuity.Diagnostic.TaskProgressExactMismatchRate,paired_snapshots=60;internal_representation_only,0.9,0.116666666667,0.0,0.783333333333,0.9,Diagnostic only
RepairAid,20260818,Internal diagnostic,Continuity.Diagnostic.TaskProgressExactMismatchRate,paired_snapshots=60;internal_representation_only,0.933333333333,0.066666666667,0.0,0.8666666666659999,0.933333333333,Diagnostic only
RepairAid,20260819,Internal diagnostic,Continuity.Diagnostic.TaskProgressExactMismatchRate,paired_snapshots=60;internal_representation_only,0.8,0.216666666667,0.0,0.5833333333330001,0.8,Diagnostic only
RepairAid,20260820,Internal diagnostic,Continuity.Diagnostic.TaskProgressExactMismatchRate,paired_snapshots=60;internal_representation_only,0.933333333333,0.066666666667,0.0,0.8666666666659999,0.933333333333,Diagnostic only
RepairAid,20260821,Internal diagnostic,Continuity.Diagnostic.TaskProgressExactMismatchRate,paired_snapshots=60;internal_representation_only,0.933333333333,0.066666666667,0.0,0.8666666666659999,0.933333333333,Diagnostic only
RepairAid,20260822,Internal diagnostic,Continuity.Diagnostic.TaskProgressExactMismatchRate,paired_snapshots=60;internal_representation_only,0.766666666667,0.233333333333,0.0,0.533333333334,0.766666666667,Diagnostic only
RepairAid,20260823,Internal diagnostic,Continuity.Diagnostic.TaskProgressExactMismatchRate,paired_snapshots=60;internal_representation_only,0.85,0.183333333333,0.0,0.666666666667,0.85,Diagnostic only
RepairAid,20260824,Internal diagnostic,Continuity.Diagnostic.TaskProgressExactMismatchRate,paired_snapshots=60;internal_representation_only,0.933333333333,0.066666666667,0.0,0.8666666666659999,0.933333333333,Diagnostic only
RepairAid,20260825,Internal diagnostic,Continuity.Diagnostic.TaskProgressExactMismatchRate,paired_snapshots=60;internal_representation_only,0.933333333333,0.066666666667,0.0,0.8666666666659999,0.933333333333,Diagnostic only
RepairAid,20260826,Internal diagnostic,Continuity.Diagnostic.TaskProgressExactMismatchRate,paired_snapshots=60;internal_representation_only,0.9,0.116666666667,0.0,0.783333333333,0.9,Diagnostic only
RepairAid,20260827,Internal diagnostic,Continuity.Diagnostic.TaskProgressExactMismatchRate,paired_snapshots=60;internal_representation_only,0.8,0.216666666667,0.0,0.5833333333330001,0.8,Diagnostic only
RepairAid,20260828,Internal diagnostic,Continuity.Diagnostic.TaskProgressExactMismatchRate,paired_snapshots=60;internal_representation_only,0.85,0.15,0.0,0.7,0.85,Diagnostic only
RepairAid,20260829,Internal diagnostic,Continuity.Diagnostic.TaskProgressExactMismatchRate,paired_snapshots=60;internal_representation_only,0.916666666667,0.083333333333,0.0,0.8333333333340001,0.916666666667,Diagnostic only
RepairAid,20260830,Internal diagnostic,Continuity.Diagnostic.TaskProgressExactMismatchRate,paired_snapshots=60;internal_representation_only,0.833333333333,0.166666666667,0.0,0.6666666666659999,0.833333333333,Diagnostic only
RepairAid,20260831,Internal diagnostic,Continuity.Diagnostic.TaskProgressExactMismatchRate,paired_snapshots=60;internal_representation_only,0.866666666667,0.133333333333,0.0,0.733333333334,0.866666666667,Diagnostic only
RepairAid,20260832,Internal diagnostic,Continuity.Diagnostic.TaskProgressExactMismatchRate,paired_snapshots=60;internal_representation_only,0.883333333333,0.116666666667,0.0,0.766666666666,0.883333333333,Diagnostic only
RepairAid,20260833,Internal diagnostic,Continuity.Diagnostic.TaskProgressExactMismatchRate,paired_snapshots=60;internal_representation_only,0.933333333333,0.083333333333,0.0,0.85,0.933333333333,Diagnostic only
RepairAid,20260834,Internal diagnostic,Continuity.Diagnostic.TaskProgressExactMismatchRate,paired_snapshots=60;internal_representation_only,0.883333333333,0.133333333333,0.0,0.75,0.883333333333,Diagnostic only
RepairAid,20260835,Internal diagnostic,Continuity.Diagnostic.TaskProgressExactMismatchRate,paired_snapshots=60;internal_representation_only,0.933333333333,0.083333333333,0.0,0.85,0.933333333333,Diagnostic only
RepairAid,20260836,Internal diagnostic,Continuity.Diagnostic.TaskProgressExactMismatchRate,paired_snapshots=60;internal_representation_only,0.9,0.1,0.0,0.8,0.9,Diagnostic only
RepairAid,20260837,Internal diagnostic,Continuity.Diagnostic.TaskProgressExactMismatchRate,paired_snapshots=60;internal_representation_only,0.866666666667,0.133333333333,0.0,0.733333333334,0.866666666667,Diagnostic only
RepairAid,20260838,Internal diagnostic,Continuity.Diagnostic.TaskProgressExactMismatchRate,paired_snapshots=60;internal_representation_only,0.866666666667,0.133333333333,0.0,0.733333333334,0.866666666667,Diagnostic only
RepairAid,20260839,Internal diagnostic,Continuity.Diagnostic.TaskProgressExactMismatchRate,paired_snapshots=60;internal_representation_only,0.966666666667,0.033333333333,0.0,0.9333333333339999,0.966666666667,Diagnostic only
RepairAid,20260840,Internal diagnostic,Continuity.Diagnostic.TaskProgressExactMismatchRate,paired_snapshots=60;internal_representation_only,0.95,0.05,0.0,0.8999999999999999,0.95,Diagnostic only
RepairAid,20260841,Internal diagnostic,Continuity.Diagnostic.TaskProgressExactMismatchRate,paired_snapshots=60;internal_representation_only,0.85,0.166666666667,0.0,0.683333333333,0.85,Diagnostic only
RepairAid,20260842,Internal diagnostic,Continuity.Diagnostic.TaskProgressExactMismatchRate,paired_snapshots=60;internal_representation_only,0.95,0.05,0.0,0.8999999999999999,0.95,Diagnostic only
RepairAid,20260843,Internal diagnostic,Continuity.Diagnostic.TaskProgressExactMismatchRate,paired_snapshots=60;internal_representation_only,0.95,0.05,0.0,0.8999999999999999,0.95,Diagnostic only
RepairAid,20260844,Internal diagnostic,Continuity.Diagnostic.TaskProgressExactMismatchRate,paired_snapshots=60;internal_representation_only,0.966666666667,0.033333333333,0.0,0.9333333333339999,0.966666666667,Diagnostic only
RepairAid,20260815,Macro trajectory error,Trajectory.DamagedWaiting,N=100,0.0,0.007564191534,0.0,-0.007564191534,0.0,Primary accuracy
RepairAid,20260816,Macro trajectory error,Trajectory.DamagedWaiting,N=100,0.0,0.007560721721,0.0,-0.007560721721,0.0,Primary accuracy
RepairAid,20260817,Macro trajectory error,Trajectory.DamagedWaiting,N=100,0.0,0.007560721721,0.0,-0.007560721721,0.0,Primary accuracy
RepairAid,20260818,Macro trajectory error,Trajectory.DamagedWaiting,N=100,0.0,0.007560721721,0.0,-0.007560721721,0.0,Primary accuracy
RepairAid,20260819,Macro trajectory error,Trajectory.DamagedWaiting,N=100,0.0,0.007567661346,0.0,-0.007567661346,0.0,Primary accuracy
RepairAid,20260820,Macro trajectory error,Trajectory.DamagedWaiting,N=100,0.0,0.007560721721,0.0,-0.007560721721,0.0,Primary accuracy
RepairAid,20260821,Macro trajectory error,Trajectory.DamagedWaiting,N=100,0.0,0.007564191534,0.0,-0.007564191534,0.0,Primary accuracy
RepairAid,20260822,Macro trajectory error,Trajectory.DamagedWaiting,N=100,0.0,0.007560721721,0.0,-0.007560721721,0.0,Primary accuracy
RepairAid,20260823,Macro trajectory error,Trajectory.DamagedWaiting,N=100,0.0,0.007564191534,0.0,-0.007564191534,0.0,Primary accuracy
RepairAid,20260824,Macro trajectory error,Trajectory.DamagedWaiting,N=100,0.0,0.007560721721,0.0,-0.007560721721,0.0,Primary accuracy
RepairAid,20260825,Macro trajectory error,Trajectory.DamagedWaiting,N=100,0.0,0.007560721721,0.0,-0.007560721721,0.0,Primary accuracy
RepairAid,20260826,Macro trajectory error,Trajectory.DamagedWaiting,N=100,0.0,0.007560721721,0.0,-0.007560721721,0.0,Primary accuracy
RepairAid,20260827,Macro trajectory error,Trajectory.DamagedWaiting,N=100,0.0,0.007560721721,0.0,-0.007560721721,0.0,Primary accuracy
RepairAid,20260828,Macro trajectory error,Trajectory.DamagedWaiting,N=100,0.0,0.007560721721,0.0,-0.007560721721,0.0,Primary accuracy
RepairAid,20260829,Macro trajectory error,Trajectory.DamagedWaiting,N=100,0.0,0.007560721721,0.0,-0.007560721721,0.0,Primary accuracy
RepairAid,20260830,Macro trajectory error,Trajectory.DamagedWaiting,N=100,0.0,0.007560721721,0.0,-0.007560721721,0.0,Primary accuracy
RepairAid,20260831,Macro trajectory error,Trajectory.DamagedWaiting,N=100,0.0,0.007564191534,0.0,-0.007564191534,0.0,Primary accuracy
RepairAid,20260832,Macro trajectory error,Trajectory.DamagedWaiting,N=100,0.0,0.007564191534,0.0,-0.007564191534,0.0,Primary accuracy
RepairAid,20260833,Macro trajectory error,Trajectory.DamagedWaiting,N=100,0.0,0.007564191534,0.0,-0.007564191534,0.0,Primary accuracy
RepairAid,20260834,Macro trajectory error,Trajectory.DamagedWaiting,N=100,0.0,0.007564191534,0.0,-0.007564191534,0.0,Primary accuracy
RepairAid,20260835,Macro trajectory error,Trajectory.DamagedWaiting,N=100,0.0,0.007560721721,0.0,-0.007560721721,0.0,Primary accuracy
RepairAid,20260836,Macro trajectory error,Trajectory.DamagedWaiting,N=100,0.0,0.007560721721,0.0,-0.007560721721,0.0,Primary accuracy
RepairAid,20260837,Macro trajectory error,Trajectory.DamagedWaiting,N=100,0.0,0.007560721721,0.0,-0.007560721721,0.0,Primary accuracy
RepairAid,20260838,Macro trajectory error,Trajectory.DamagedWaiting,N=100,0.0,0.007567661346,0.0,-0.007567661346,0.0,Primary accuracy
RepairAid,20260839,Macro trajectory error,Trajectory.DamagedWaiting,N=100,0.0,0.007560721721,0.0,-0.007560721721,0.0,Primary accuracy
RepairAid,20260840,Macro trajectory error,Trajectory.DamagedWaiting,N=100,0.0,0.007564191534,0.0,-0.007564191534,0.0,Primary accuracy
RepairAid,20260841,Macro trajectory error,Trajectory.DamagedWaiting,N=100,0.0,0.007560721721,0.0,-0.007560721721,0.0,Primary accuracy
RepairAid,20260842,Macro trajectory error,Trajectory.DamagedWaiting,N=100,0.0,0.007564191534,0.0,-0.007564191534,0.0,Primary accuracy
RepairAid,20260843,Macro trajectory error,Trajectory.DamagedWaiting,N=100,0.0,0.007560721721,0.0,-0.007560721721,0.0,Primary accuracy
RepairAid,20260844,Macro trajectory error,Trajectory.DamagedWaiting,N=100,0.0,0.007564191534,0.0,-0.007564191534,0.0,Primary accuracy
RepairAid,20260815,Macro trajectory error,Trajectory.ForestWood,16N=1600,0.0,0.00330828889,0.0,-0.00330828889,0.0,Primary accuracy
RepairAid,20260816,Macro trajectory error,Trajectory.ForestWood,16N=1600,0.0,0.00330828889,0.0,-0.00330828889,0.0,Primary accuracy
RepairAid,20260817,Macro trajectory error,Trajectory.ForestWood,16N=1600,0.0,0.00330828889,0.0,-0.00330828889,0.0,Primary accuracy
RepairAid,20260818,Macro trajectory error,Trajectory.ForestWood,16N=1600,0.0,0.00330828889,0.0,-0.00330828889,0.0,Primary accuracy
RepairAid,20260819,Macro trajectory error,Trajectory.ForestWood,16N=1600,0.0,0.00330828889,0.0,-0.00330828889,0.0,Primary accuracy
RepairAid,20260820,Macro trajectory error,Trajectory.ForestWood,16N=1600,0.0,0.00330828889,0.0,-0.00330828889,0.0,Primary accuracy
RepairAid,20260821,Macro trajectory error,Trajectory.ForestWood,16N=1600,0.0,0.00330828889,0.0,-0.00330828889,0.0,Primary accuracy
RepairAid,20260822,Macro trajectory error,Trajectory.ForestWood,16N=1600,0.0,0.00330828889,0.0,-0.00330828889,0.0,Primary accuracy
RepairAid,20260823,Macro trajectory error,Trajectory.ForestWood,16N=1600,0.0,0.00330828889,0.0,-0.00330828889,0.0,Primary accuracy
RepairAid,20260824,Macro trajectory error,Trajectory.ForestWood,16N=1600,0.0,0.00330828889,0.0,-0.00330828889,0.0,Primary accuracy
RepairAid,20260825,Macro trajectory error,Trajectory.ForestWood,16N=1600,0.0,0.00330828889,0.0,-0.00330828889,0.0,Primary accuracy
RepairAid,20260826,Macro trajectory error,Trajectory.ForestWood,16N=1600,0.0,0.00330828889,0.0,-0.00330828889,0.0,Primary accuracy
RepairAid,20260827,Macro trajectory error,Trajectory.ForestWood,16N=1600,0.0,0.00330828889,0.0,-0.00330828889,0.0,Primary accuracy
RepairAid,20260828,Macro trajectory error,Trajectory.ForestWood,16N=1600,0.0,0.00330828889,0.0,-0.00330828889,0.0,Primary accuracy
RepairAid,20260829,Macro trajectory error,Trajectory.ForestWood,16N=1600,0.0,0.00330828889,0.0,-0.00330828889,0.0,Primary accuracy
RepairAid,20260830,Macro trajectory error,Trajectory.ForestWood,16N=1600,0.0,0.00330828889,0.0,-0.00330828889,0.0,Primary accuracy
RepairAid,20260831,Macro trajectory error,Trajectory.ForestWood,16N=1600,0.0,0.00330828889,0.0,-0.00330828889,0.0,Primary accuracy
RepairAid,20260832,Macro trajectory error,Trajectory.ForestWood,16N=1600,0.0,0.00330828889,0.0,-0.00330828889,0.0,Primary accuracy
RepairAid,20260833,Macro trajectory error,Trajectory.ForestWood,16N=1600,0.0,0.00330828889,0.0,-0.00330828889,0.0,Primary accuracy
RepairAid,20260834,Macro trajectory error,Trajectory.ForestWood,16N=1600,0.0,0.00330828889,0.0,-0.00330828889,0.0,Primary accuracy
RepairAid,20260835,Macro trajectory error,Trajectory.ForestWood,16N=1600,0.0,0.00330828889,0.0,-0.00330828889,0.0,Primary accuracy
RepairAid,20260836,Macro trajectory error,Trajectory.ForestWood,16N=1600,0.0,0.00330828889,0.0,-0.00330828889,0.0,Primary accuracy
RepairAid,20260837,Macro trajectory error,Trajectory.ForestWood,16N=1600,0.0,0.00330828889,0.0,-0.00330828889,0.0,Primary accuracy
RepairAid,20260838,Macro trajectory error,Trajectory.ForestWood,16N=1600,0.0,0.00330828889,0.0,-0.00330828889,0.0,Primary accuracy
RepairAid,20260839,Macro trajectory error,Trajectory.ForestWood,16N=1600,0.0,0.00330828889,0.0,-0.00330828889,0.0,Primary accuracy
RepairAid,20260840,Macro trajectory error,Trajectory.ForestWood,16N=1600,0.0,0.00330828889,0.0,-0.00330828889,0.0,Primary accuracy
RepairAid,20260841,Macro trajectory error,Trajectory.ForestWood,16N=1600,0.0,0.00330828889,0.0,-0.00330828889,0.0,Primary accuracy
RepairAid,20260842,Macro trajectory error,Trajectory.ForestWood,16N=1600,0.0,0.00330828889,0.0,-0.00330828889,0.0,Primary accuracy
RepairAid,20260843,Macro trajectory error,Trajectory.ForestWood,16N=1600,0.0,0.00330828889,0.0,-0.00330828889,0.0,Primary accuracy
RepairAid,20260844,Macro trajectory error,Trajectory.ForestWood,16N=1600,0.0,0.00330828889,0.0,-0.00330828889,0.0,Primary accuracy
RepairAid,20260815,Macro trajectory error,Trajectory.MarketWoodAvailable,2N=200,0.000666204025,0.16027758501,0.0,-0.159611380985,0.000666204025,Primary accuracy
RepairAid,20260816,Macro trajectory error,Trajectory.MarketWoodAvailable,2N=200,0.000666204025,0.150458015267,0.0,-0.149791811242,0.000666204025,Primary accuracy
RepairAid,20260817,Macro trajectory error,Trajectory.MarketWoodAvailable,2N=200,0.000666204025,0.150458015267,0.0,-0.149791811242,0.000666204025,Primary accuracy
RepairAid,20260818,Macro trajectory error,Trajectory.MarketWoodAvailable,2N=200,0.000666204025,0.150458015267,0.0,-0.149791811242,0.000666204025,Primary accuracy
RepairAid,20260819,Macro trajectory error,Trajectory.MarketWoodAvailable,2N=200,0.000832755031,0.170596807772,0.0,-0.169764052741,0.000832755031,Primary accuracy
RepairAid,20260820,Macro trajectory error,Trajectory.MarketWoodAvailable,2N=200,0.000333102012,0.150124913255,0.0,-0.149791811243,0.000333102012,Primary accuracy
RepairAid,20260821,Macro trajectory error,Trajectory.MarketWoodAvailable,2N=200,0.001165857044,0.160777238029,0.0,-0.15961138098500002,0.001165857044,Primary accuracy
RepairAid,20260822,Macro trajectory error,Trajectory.MarketWoodAvailable,2N=200,0.001165857044,0.150957668286,0.0,-0.149791811242,0.001165857044,Primary accuracy
RepairAid,20260823,Macro trajectory error,Trajectory.MarketWoodAvailable,2N=200,0.000499653019,0.160111034004,0.0,-0.159611380985,0.000499653019,Primary accuracy
RepairAid,20260824,Macro trajectory error,Trajectory.MarketWoodAvailable,2N=200,0.000666204025,0.150458015267,0.0,-0.149791811242,0.000666204025,Primary accuracy
RepairAid,20260825,Macro trajectory error,Trajectory.MarketWoodAvailable,2N=200,0.000832755031,0.150624566273,0.0,-0.149791811242,0.000832755031,Primary accuracy
RepairAid,20260826,Macro trajectory error,Trajectory.MarketWoodAvailable,2N=200,0.000166551006,0.149958362248,0.0,-0.149791811242,0.000166551006,Primary accuracy
RepairAid,20260827,Macro trajectory error,Trajectory.MarketWoodAvailable,2N=200,0.000499653019,0.150291464261,0.0,-0.149791811242,0.000499653019,Primary accuracy
RepairAid,20260828,Macro trajectory error,Trajectory.MarketWoodAvailable,2N=200,0.000832755031,0.150624566273,0.0,-0.149791811242,0.000832755031,Primary accuracy
RepairAid,20260829,Macro trajectory error,Trajectory.MarketWoodAvailable,2N=200,0.000499653019,0.150291464261,0.0,-0.149791811242,0.000499653019,Primary accuracy
RepairAid,20260830,Macro trajectory error,Trajectory.MarketWoodAvailable,2N=200,0.000499653019,0.150291464261,0.0,-0.149791811242,0.000499653019,Primary accuracy
RepairAid,20260831,Macro trajectory error,Trajectory.MarketWoodAvailable,2N=200,0.000999306037,0.160610687023,0.0,-0.159611380986,0.000999306037,Primary accuracy
RepairAid,20260832,Macro trajectory error,Trajectory.MarketWoodAvailable,2N=200,0.000499653019,0.160111034004,0.0,-0.159611380985,0.000499653019,Primary accuracy
RepairAid,20260833,Macro trajectory error,Trajectory.MarketWoodAvailable,2N=200,0.000832755031,0.160444136017,0.0,-0.159611380986,0.000832755031,Primary accuracy
RepairAid,20260834,Macro trajectory error,Trajectory.MarketWoodAvailable,2N=200,0.000666204025,0.16027758501,0.0,-0.159611380985,0.000666204025,Primary accuracy
RepairAid,20260835,Macro trajectory error,Trajectory.MarketWoodAvailable,2N=200,0.000499653019,0.150291464261,0.0,-0.149791811242,0.000499653019,Primary accuracy
RepairAid,20260836,Macro trajectory error,Trajectory.MarketWoodAvailable,2N=200,0.000333102012,0.150124913255,0.0,-0.149791811243,0.000333102012,Primary accuracy
RepairAid,20260837,Macro trajectory error,Trajectory.MarketWoodAvailable,2N=200,0.000666204025,0.150458015267,0.0,-0.149791811242,0.000666204025,Primary accuracy
RepairAid,20260838,Macro trajectory error,Trajectory.MarketWoodAvailable,2N=200,0.000333102012,0.170097154754,0.0,-0.16976405274200002,0.000333102012,Primary accuracy
RepairAid,20260839,Macro trajectory error,Trajectory.MarketWoodAvailable,2N=200,0.000166551006,0.149958362248,0.0,-0.149791811242,0.000166551006,Primary accuracy
RepairAid,20260840,Macro trajectory error,Trajectory.MarketWoodAvailable,2N=200,0.000832755031,0.160444136017,0.0,-0.159611380986,0.000832755031,Primary accuracy
RepairAid,20260841,Macro trajectory error,Trajectory.MarketWoodAvailable,2N=200,0.000999306037,0.15079111728,0.0,-0.149791811243,0.000999306037,Primary accuracy
RepairAid,20260842,Macro trajectory error,Trajectory.MarketWoodAvailable,2N=200,0.000832755031,0.160444136017,0.0,-0.159611380986,0.000832755031,Primary accuracy
RepairAid,20260843,Macro trajectory error,Trajectory.MarketWoodAvailable,2N=200,0.000166551006,0.149958362248,0.0,-0.149791811242,0.000166551006,Primary accuracy
RepairAid,20260844,Macro trajectory error,Trajectory.MarketWoodAvailable,2N=200,0.000333102012,0.159944482998,0.0,-0.15961138098599997,0.000333102012,Primary accuracy
RepairAid,20260815,Macro trajectory error,Trajectory.Repaired,N=100,0.0,0.007564191534,0.0,-0.007564191534,0.0,Primary accuracy
RepairAid,20260816,Macro trajectory error,Trajectory.Repaired,N=100,0.0,0.007560721721,0.0,-0.007560721721,0.0,Primary accuracy
RepairAid,20260817,Macro trajectory error,Trajectory.Repaired,N=100,0.0,0.007560721721,0.0,-0.007560721721,0.0,Primary accuracy
RepairAid,20260818,Macro trajectory error,Trajectory.Repaired,N=100,0.0,0.007560721721,0.0,-0.007560721721,0.0,Primary accuracy
RepairAid,20260819,Macro trajectory error,Trajectory.Repaired,N=100,0.0,0.007567661346,0.0,-0.007567661346,0.0,Primary accuracy
RepairAid,20260820,Macro trajectory error,Trajectory.Repaired,N=100,0.0,0.007560721721,0.0,-0.007560721721,0.0,Primary accuracy
RepairAid,20260821,Macro trajectory error,Trajectory.Repaired,N=100,0.0,0.007564191534,0.0,-0.007564191534,0.0,Primary accuracy
RepairAid,20260822,Macro trajectory error,Trajectory.Repaired,N=100,0.0,0.007560721721,0.0,-0.007560721721,0.0,Primary accuracy
RepairAid,20260823,Macro trajectory error,Trajectory.Repaired,N=100,0.0,0.007564191534,0.0,-0.007564191534,0.0,Primary accuracy
RepairAid,20260824,Macro trajectory error,Trajectory.Repaired,N=100,0.0,0.007560721721,0.0,-0.007560721721,0.0,Primary accuracy
RepairAid,20260825,Macro trajectory error,Trajectory.Repaired,N=100,0.0,0.007560721721,0.0,-0.007560721721,0.0,Primary accuracy
RepairAid,20260826,Macro trajectory error,Trajectory.Repaired,N=100,0.0,0.007560721721,0.0,-0.007560721721,0.0,Primary accuracy
RepairAid,20260827,Macro trajectory error,Trajectory.Repaired,N=100,0.0,0.007560721721,0.0,-0.007560721721,0.0,Primary accuracy
RepairAid,20260828,Macro trajectory error,Trajectory.Repaired,N=100,0.0,0.007560721721,0.0,-0.007560721721,0.0,Primary accuracy
RepairAid,20260829,Macro trajectory error,Trajectory.Repaired,N=100,0.0,0.007560721721,0.0,-0.007560721721,0.0,Primary accuracy
RepairAid,20260830,Macro trajectory error,Trajectory.Repaired,N=100,0.0,0.007560721721,0.0,-0.007560721721,0.0,Primary accuracy
RepairAid,20260831,Macro trajectory error,Trajectory.Repaired,N=100,0.0,0.007564191534,0.0,-0.007564191534,0.0,Primary accuracy
RepairAid,20260832,Macro trajectory error,Trajectory.Repaired,N=100,0.0,0.007564191534,0.0,-0.007564191534,0.0,Primary accuracy
RepairAid,20260833,Macro trajectory error,Trajectory.Repaired,N=100,0.0,0.007564191534,0.0,-0.007564191534,0.0,Primary accuracy
RepairAid,20260834,Macro trajectory error,Trajectory.Repaired,N=100,0.0,0.007564191534,0.0,-0.007564191534,0.0,Primary accuracy
RepairAid,20260835,Macro trajectory error,Trajectory.Repaired,N=100,0.0,0.007560721721,0.0,-0.007560721721,0.0,Primary accuracy
RepairAid,20260836,Macro trajectory error,Trajectory.Repaired,N=100,0.0,0.007560721721,0.0,-0.007560721721,0.0,Primary accuracy
RepairAid,20260837,Macro trajectory error,Trajectory.Repaired,N=100,0.0,0.007560721721,0.0,-0.007560721721,0.0,Primary accuracy
RepairAid,20260838,Macro trajectory error,Trajectory.Repaired,N=100,0.0,0.007567661346,0.0,-0.007567661346,0.0,Primary accuracy
RepairAid,20260839,Macro trajectory error,Trajectory.Repaired,N=100,0.0,0.007560721721,0.0,-0.007560721721,0.0,Primary accuracy
RepairAid,20260840,Macro trajectory error,Trajectory.Repaired,N=100,0.0,0.007564191534,0.0,-0.007564191534,0.0,Primary accuracy
RepairAid,20260841,Macro trajectory error,Trajectory.Repaired,N=100,0.0,0.007560721721,0.0,-0.007560721721,0.0,Primary accuracy
RepairAid,20260842,Macro trajectory error,Trajectory.Repaired,N=100,0.0,0.007564191534,0.0,-0.007564191534,0.0,Primary accuracy
RepairAid,20260843,Macro trajectory error,Trajectory.Repaired,N=100,0.0,0.007560721721,0.0,-0.007560721721,0.0,Primary accuracy
RepairAid,20260844,Macro trajectory error,Trajectory.Repaired,N=100,0.0,0.007564191534,0.0,-0.007564191534,0.0,Primary accuracy
RepairAid,20260815,Macro trajectory error,Trajectory.TreasuryAvailable,5N=500,0.005696044414,0.007594725885,0.0,-0.0018986814709999996,0.005696044414,Primary accuracy
RepairAid,20260816,Macro trajectory error,Trajectory.TreasuryAvailable,5N=500,0.005696044414,0.007594725885,0.0,-0.0018986814709999996,0.005696044414,Primary accuracy
RepairAid,20260817,Macro trajectory error,Trajectory.TreasuryAvailable,5N=500,0.005696044414,0.007594725885,0.0,-0.0018986814709999996,0.005696044414,Primary accuracy
RepairAid,20260818,Macro trajectory error,Trajectory.TreasuryAvailable,5N=500,0.005696044414,0.007594725885,0.0,-0.0018986814709999996,0.005696044414,Primary accuracy
RepairAid,20260819,Macro trajectory error,Trajectory.TreasuryAvailable,5N=500,0.007594725885,0.009493407356,0.0,-0.0018986814709999996,0.007594725885,Primary accuracy
RepairAid,20260820,Macro trajectory error,Trajectory.TreasuryAvailable,5N=500,0.001898681471,0.003797362942,0.0,-0.001898681471,0.001898681471,Primary accuracy
RepairAid,20260821,Macro trajectory error,Trajectory.TreasuryAvailable,5N=500,0.011392088827,0.013290770298,0.0,-0.0018986814710000004,0.011392088827,Primary accuracy
RepairAid,20260822,Macro trajectory error,Trajectory.TreasuryAvailable,5N=500,0.011392088827,0.013290770298,0.0,-0.0018986814710000004,0.011392088827,Primary accuracy
RepairAid,20260823,Macro trajectory error,Trajectory.TreasuryAvailable,5N=500,0.003797362942,0.005696044414,0.0,-0.001898681472,0.003797362942,Primary accuracy
RepairAid,20260824,Macro trajectory error,Trajectory.TreasuryAvailable,5N=500,0.005696044414,0.007594725885,0.0,-0.0018986814709999996,0.005696044414,Primary accuracy
RepairAid,20260825,Macro trajectory error,Trajectory.TreasuryAvailable,5N=500,0.007594725885,0.009493407356,0.0,-0.0018986814709999996,0.007594725885,Primary accuracy
RepairAid,20260826,Macro trajectory error,Trajectory.TreasuryAvailable,5N=500,0.0,0.001898681471,0.0,-0.001898681471,0.0,Primary accuracy
RepairAid,20260827,Macro trajectory error,Trajectory.TreasuryAvailable,5N=500,0.003797362942,0.005696044414,0.0,-0.001898681472,0.003797362942,Primary accuracy
RepairAid,20260828,Macro trajectory error,Trajectory.TreasuryAvailable,5N=500,0.007594725885,0.009493407356,0.0,-0.0018986814709999996,0.007594725885,Primary accuracy
RepairAid,20260829,Macro trajectory error,Trajectory.TreasuryAvailable,5N=500,0.003797362942,0.005696044414,0.0,-0.001898681472,0.003797362942,Primary accuracy
RepairAid,20260830,Macro trajectory error,Trajectory.TreasuryAvailable,5N=500,0.003797362942,0.005696044414,0.0,-0.001898681472,0.003797362942,Primary accuracy
RepairAid,20260831,Macro trajectory error,Trajectory.TreasuryAvailable,5N=500,0.009493407356,0.011392088827,0.0,-0.0018986814710000004,0.009493407356,Primary accuracy
RepairAid,20260832,Macro trajectory error,Trajectory.TreasuryAvailable,5N=500,0.003797362942,0.005696044414,0.0,-0.001898681472,0.003797362942,Primary accuracy
RepairAid,20260833,Macro trajectory error,Trajectory.TreasuryAvailable,5N=500,0.007594725885,0.009493407356,0.0,-0.0018986814709999996,0.007594725885,Primary accuracy
RepairAid,20260834,Macro trajectory error,Trajectory.TreasuryAvailable,5N=500,0.005696044414,0.007594725885,0.0,-0.0018986814709999996,0.005696044414,Primary accuracy
RepairAid,20260835,Macro trajectory error,Trajectory.TreasuryAvailable,5N=500,0.003797362942,0.005696044414,0.0,-0.001898681472,0.003797362942,Primary accuracy
RepairAid,20260836,Macro trajectory error,Trajectory.TreasuryAvailable,5N=500,0.001898681471,0.003797362942,0.0,-0.001898681471,0.001898681471,Primary accuracy
RepairAid,20260837,Macro trajectory error,Trajectory.TreasuryAvailable,5N=500,0.005696044414,0.007594725885,0.0,-0.0018986814709999996,0.005696044414,Primary accuracy
RepairAid,20260838,Macro trajectory error,Trajectory.TreasuryAvailable,5N=500,0.001898681471,0.003797362942,0.0,-0.001898681471,0.001898681471,Primary accuracy
RepairAid,20260839,Macro trajectory error,Trajectory.TreasuryAvailable,5N=500,0.0,0.001898681471,0.0,-0.001898681471,0.0,Primary accuracy
RepairAid,20260840,Macro trajectory error,Trajectory.TreasuryAvailable,5N=500,0.007594725885,0.009493407356,0.0,-0.0018986814709999996,0.007594725885,Primary accuracy
RepairAid,20260841,Macro trajectory error,Trajectory.TreasuryAvailable,5N=500,0.009493407356,0.011392088827,0.0,-0.0018986814710000004,0.009493407356,Primary accuracy
RepairAid,20260842,Macro trajectory error,Trajectory.TreasuryAvailable,5N=500,0.007594725885,0.009493407356,0.0,-0.0018986814709999996,0.007594725885,Primary accuracy
RepairAid,20260843,Macro trajectory error,Trajectory.TreasuryAvailable,5N=500,0.0,0.001898681471,0.0,-0.001898681471,0.0,Primary accuracy
RepairAid,20260844,Macro trajectory error,Trajectory.TreasuryAvailable,5N=500,0.001898681471,0.003797362942,0.0,-0.001898681471,0.001898681471,Primary accuracy
RepairAid,20260815,Macro trajectory error,Trajectory.UnderRepair,N=100,0.0,0.001082581541,0.0,-0.001082581541,0.0,Primary accuracy
RepairAid,20260816,Macro trajectory error,Trajectory.UnderRepair,N=100,0.0,0.001075641915,0.0,-0.001075641915,0.0,Primary accuracy
RepairAid,20260817,Macro trajectory error,Trajectory.UnderRepair,N=100,0.0,0.001075641915,0.0,-0.001075641915,0.0,Primary accuracy
RepairAid,20260818,Macro trajectory error,Trajectory.UnderRepair,N=100,0.0,0.001075641915,0.0,-0.001075641915,0.0,Primary accuracy
RepairAid,20260819,Macro trajectory error,Trajectory.UnderRepair,N=100,0.0,0.001089521166,0.0,-0.001089521166,0.0,Primary accuracy
RepairAid,20260820,Macro trajectory error,Trajectory.UnderRepair,N=100,0.0,0.001075641915,0.0,-0.001075641915,0.0,Primary accuracy
RepairAid,20260821,Macro trajectory error,Trajectory.UnderRepair,N=100,0.0,0.001082581541,0.0,-0.001082581541,0.0,Primary accuracy
RepairAid,20260822,Macro trajectory error,Trajectory.UnderRepair,N=100,0.0,0.001075641915,0.0,-0.001075641915,0.0,Primary accuracy
RepairAid,20260823,Macro trajectory error,Trajectory.UnderRepair,N=100,0.0,0.001082581541,0.0,-0.001082581541,0.0,Primary accuracy
RepairAid,20260824,Macro trajectory error,Trajectory.UnderRepair,N=100,0.0,0.001075641915,0.0,-0.001075641915,0.0,Primary accuracy
RepairAid,20260825,Macro trajectory error,Trajectory.UnderRepair,N=100,0.0,0.001075641915,0.0,-0.001075641915,0.0,Primary accuracy
RepairAid,20260826,Macro trajectory error,Trajectory.UnderRepair,N=100,0.0,0.001075641915,0.0,-0.001075641915,0.0,Primary accuracy
RepairAid,20260827,Macro trajectory error,Trajectory.UnderRepair,N=100,0.0,0.001075641915,0.0,-0.001075641915,0.0,Primary accuracy
RepairAid,20260828,Macro trajectory error,Trajectory.UnderRepair,N=100,0.0,0.001075641915,0.0,-0.001075641915,0.0,Primary accuracy
RepairAid,20260829,Macro trajectory error,Trajectory.UnderRepair,N=100,0.0,0.001075641915,0.0,-0.001075641915,0.0,Primary accuracy
RepairAid,20260830,Macro trajectory error,Trajectory.UnderRepair,N=100,0.0,0.001075641915,0.0,-0.001075641915,0.0,Primary accuracy
RepairAid,20260831,Macro trajectory error,Trajectory.UnderRepair,N=100,0.0,0.001082581541,0.0,-0.001082581541,0.0,Primary accuracy
RepairAid,20260832,Macro trajectory error,Trajectory.UnderRepair,N=100,0.0,0.001082581541,0.0,-0.001082581541,0.0,Primary accuracy
RepairAid,20260833,Macro trajectory error,Trajectory.UnderRepair,N=100,0.0,0.001082581541,0.0,-0.001082581541,0.0,Primary accuracy
RepairAid,20260834,Macro trajectory error,Trajectory.UnderRepair,N=100,0.0,0.001082581541,0.0,-0.001082581541,0.0,Primary accuracy
RepairAid,20260835,Macro trajectory error,Trajectory.UnderRepair,N=100,0.0,0.001075641915,0.0,-0.001075641915,0.0,Primary accuracy
RepairAid,20260836,Macro trajectory error,Trajectory.UnderRepair,N=100,0.0,0.001075641915,0.0,-0.001075641915,0.0,Primary accuracy
RepairAid,20260837,Macro trajectory error,Trajectory.UnderRepair,N=100,0.0,0.001075641915,0.0,-0.001075641915,0.0,Primary accuracy
RepairAid,20260838,Macro trajectory error,Trajectory.UnderRepair,N=100,0.0,0.001089521166,0.0,-0.001089521166,0.0,Primary accuracy
RepairAid,20260839,Macro trajectory error,Trajectory.UnderRepair,N=100,0.0,0.001075641915,0.0,-0.001075641915,0.0,Primary accuracy
RepairAid,20260840,Macro trajectory error,Trajectory.UnderRepair,N=100,0.0,0.001082581541,0.0,-0.001082581541,0.0,Primary accuracy
RepairAid,20260841,Macro trajectory error,Trajectory.UnderRepair,N=100,0.0,0.001075641915,0.0,-0.001075641915,0.0,Primary accuracy
RepairAid,20260842,Macro trajectory error,Trajectory.UnderRepair,N=100,0.0,0.001082581541,0.0,-0.001082581541,0.0,Primary accuracy
RepairAid,20260843,Macro trajectory error,Trajectory.UnderRepair,N=100,0.0,0.001075641915,0.0,-0.001075641915,0.0,Primary accuracy
RepairAid,20260844,Macro trajectory error,Trajectory.UnderRepair,N=100,0.0,0.001082581541,0.0,-0.001082581541,0.0,Primary accuracy
RepairAid,20260815,Macro trajectory error,Trajectory.WoodPrice,P0=1,0.000484339711,0.573367644118,0.0,-0.572883304407,0.000484339711,Primary accuracy
RepairAid,20260816,Macro trajectory error,Trajectory.WoodPrice,P0=1,0.000484339711,0.561552006341,0.0,-0.56106766663,0.000484339711,Primary accuracy
RepairAid,20260817,Macro trajectory error,Trajectory.WoodPrice,P0=1,0.000484339711,0.561552006341,0.0,-0.56106766663,0.000484339711,Primary accuracy
RepairAid,20260818,Macro trajectory error,Trajectory.WoodPrice,P0=1,0.000484339711,0.561552006341,0.0,-0.56106766663,0.000484339711,Primary accuracy
RepairAid,20260819,Macro trajectory error,Trajectory.WoodPrice,P0=1,0.000617871266,0.585234143995,0.0,-0.584616272729,0.000617871266,Primary accuracy
RepairAid,20260820,Macro trajectory error,Trajectory.WoodPrice,P0=1,0.000232853076,0.56146474423,0.0,-0.5612318911540001,0.000232853076,Primary accuracy
RepairAid,20260821,Macro trajectory error,Trajectory.WoodPrice,P0=1,0.000902397209,0.57353704787,0.0,-0.572634650661,0.000902397209,Primary accuracy
RepairAid,20260822,Macro trajectory error,Trajectory.WoodPrice,P0=1,0.000902397209,0.561721410093,0.0,-0.560819012884,0.000902397209,Primary accuracy
RepairAid,20260823,Macro trajectory error,Trajectory.WoodPrice,P0=1,0.000356114438,0.573321692833,0.0,-0.5729655783950001,0.000356114438,Primary accuracy
RepairAid,20260824,Macro trajectory error,Trajectory.WoodPrice,P0=1,0.000484339711,0.561552006341,0.0,-0.56106766663,0.000484339711,Primary accuracy
RepairAid,20260825,Macro trajectory error,Trajectory.WoodPrice,P0=1,0.000617871266,0.561602868435,0.0,-0.560984997169,0.000617871266,Primary accuracy
RepairAid,20260826,Macro trajectory error,Trajectory.WoodPrice,P0=1,0.000114243395,0.561427833049,0.0,-0.561313589654,0.000114243395,Primary accuracy
RepairAid,20260827,Macro trajectory error,Trajectory.WoodPrice,P0=1,0.000356114438,0.561506055056,0.0,-0.561149940618,0.000356114438,Primary accuracy
RepairAid,20260828,Macro trajectory error,Trajectory.WoodPrice,P0=1,0.000617871266,0.561602868435,0.0,-0.560984997169,0.000617871266,Primary accuracy
RepairAid,20260829,Macro trajectory error,Trajectory.WoodPrice,P0=1,0.000356114438,0.561506055056,0.0,-0.561149940618,0.000356114438,Primary accuracy
RepairAid,20260830,Macro trajectory error,Trajectory.WoodPrice,P0=1,0.000356114438,0.561506055056,0.0,-0.561149940618,0.000356114438,Primary accuracy
RepairAid,20260831,Macro trajectory error,Trajectory.WoodPrice,P0=1,0.000757085489,0.573474899826,0.0,-0.572717814337,0.000757085489,Primary accuracy
RepairAid,20260832,Macro trajectory error,Trajectory.WoodPrice,P0=1,0.000356114438,0.573321692833,0.0,-0.5729655783950001,0.000356114438,Primary accuracy
RepairAid,20260833,Macro trajectory error,Trajectory.WoodPrice,P0=1,0.000617871266,0.573418506212,0.0,-0.572800634946,0.000617871266,Primary accuracy
RepairAid,20260834,Macro trajectory error,Trajectory.WoodPrice,P0=1,0.000484339711,0.573367644118,0.0,-0.572883304407,0.000484339711,Primary accuracy
RepairAid,20260835,Macro trajectory error,Trajectory.WoodPrice,P0=1,0.000356114438,0.561506055056,0.0,-0.561149940618,0.000356114438,Primary accuracy
RepairAid,20260836,Macro trajectory error,Trajectory.WoodPrice,P0=1,0.000232853076,0.56146474423,0.0,-0.5612318911540001,0.000232853076,Primary accuracy
RepairAid,20260837,Macro trajectory error,Trajectory.WoodPrice,P0=1,0.000484339711,0.561552006341,0.0,-0.56106766663,0.000484339711,Primary accuracy
RepairAid,20260838,Macro trajectory error,Trajectory.WoodPrice,P0=1,0.000232853076,0.585096019791,0.0,-0.584863166715,0.000232853076,Primary accuracy
RepairAid,20260839,Macro trajectory error,Trajectory.WoodPrice,P0=1,0.000114243395,0.561427833049,0.0,-0.561313589654,0.000114243395,Primary accuracy
RepairAid,20260840,Macro trajectory error,Trajectory.WoodPrice,P0=1,0.000617871266,0.573418506212,0.0,-0.572800634946,0.000617871266,Primary accuracy
RepairAid,20260841,Macro trajectory error,Trajectory.WoodPrice,P0=1,0.000757085489,0.561659262049,0.0,-0.56090217656,0.000757085489,Primary accuracy
RepairAid,20260842,Macro trajectory error,Trajectory.WoodPrice,P0=1,0.000617871266,0.573418506212,0.0,-0.572800634946,0.000617871266,Primary accuracy
RepairAid,20260843,Macro trajectory error,Trajectory.WoodPrice,P0=1,0.000114243395,0.561427833049,0.0,-0.561313589654,0.000114243395,Primary accuracy
RepairAid,20260844,Macro trajectory error,Trajectory.WoodPrice,P0=1,0.000232853076,0.573280382007,0.0,-0.5730475289310001,0.000232853076,Primary accuracy
RepairAid,20260815,Player-visible continuity,Continuity.CurrentGoalMismatchRate,paired_snapshots=60,0.016666666667,0.016666666667,0.0,0.0,0.016666666667,Continuity
RepairAid,20260816,Player-visible continuity,Continuity.CurrentGoalMismatchRate,paired_snapshots=60,0.016666666667,0.05,0.0,-0.033333333333,0.016666666667,Continuity
RepairAid,20260817,Player-visible continuity,Continuity.CurrentGoalMismatchRate,paired_snapshots=60,0.05,0.083333333333,0.0,-0.033333333332999995,0.05,Continuity
RepairAid,20260818,Player-visible continuity,Continuity.CurrentGoalMismatchRate,paired_snapshots=60,0.016666666667,0.0,0.0,0.016666666667,0.016666666667,Continuity
RepairAid,20260819,Player-visible continuity,Continuity.CurrentGoalMismatchRate,paired_snapshots=60,0.0,0.066666666667,0.0,-0.066666666667,0.0,Continuity
RepairAid,20260820,Player-visible continuity,Continuity.CurrentGoalMismatchRate,paired_snapshots=60,0.016666666667,0.016666666667,0.0,0.0,0.016666666667,Continuity
RepairAid,20260821,Player-visible continuity,Continuity.CurrentGoalMismatchRate,paired_snapshots=60,0.016666666667,0.016666666667,0.0,0.0,0.016666666667,Continuity
RepairAid,20260822,Player-visible continuity,Continuity.CurrentGoalMismatchRate,paired_snapshots=60,0.05,0.1,0.0,-0.05,0.05,Continuity
RepairAid,20260823,Player-visible continuity,Continuity.CurrentGoalMismatchRate,paired_snapshots=60,0.066666666667,0.066666666667,0.0,0.0,0.066666666667,Continuity
RepairAid,20260824,Player-visible continuity,Continuity.CurrentGoalMismatchRate,paired_snapshots=60,0.05,0.05,0.0,0.0,0.05,Continuity
RepairAid,20260825,Player-visible continuity,Continuity.CurrentGoalMismatchRate,paired_snapshots=60,0.0,0.016666666667,0.0,-0.016666666667,0.0,Continuity
RepairAid,20260826,Player-visible continuity,Continuity.CurrentGoalMismatchRate,paired_snapshots=60,0.016666666667,0.033333333333,0.0,-0.016666666666000002,0.016666666667,Continuity
RepairAid,20260827,Player-visible continuity,Continuity.CurrentGoalMismatchRate,paired_snapshots=60,0.016666666667,0.133333333333,0.0,-0.11666666666599998,0.016666666667,Continuity
RepairAid,20260828,Player-visible continuity,Continuity.CurrentGoalMismatchRate,paired_snapshots=60,0.016666666667,0.066666666667,0.0,-0.049999999999999996,0.016666666667,Continuity
RepairAid,20260829,Player-visible continuity,Continuity.CurrentGoalMismatchRate,paired_snapshots=60,0.0,0.016666666667,0.0,-0.016666666667,0.0,Continuity
RepairAid,20260830,Player-visible continuity,Continuity.CurrentGoalMismatchRate,paired_snapshots=60,0.066666666667,0.066666666667,0.0,0.0,0.066666666667,Continuity
RepairAid,20260831,Player-visible continuity,Continuity.CurrentGoalMismatchRate,paired_snapshots=60,0.033333333333,0.033333333333,0.0,0.0,0.033333333333,Continuity
RepairAid,20260832,Player-visible continuity,Continuity.CurrentGoalMismatchRate,paired_snapshots=60,0.0,0.05,0.0,-0.05,0.0,Continuity
RepairAid,20260833,Player-visible continuity,Continuity.CurrentGoalMismatchRate,paired_snapshots=60,0.016666666667,0.066666666667,0.0,-0.049999999999999996,0.016666666667,Continuity
RepairAid,20260834,Player-visible continuity,Continuity.CurrentGoalMismatchRate,paired_snapshots=60,0.016666666667,0.05,0.0,-0.033333333333,0.016666666667,Continuity
RepairAid,20260835,Player-visible continuity,Continuity.CurrentGoalMismatchRate,paired_snapshots=60,0.016666666667,0.033333333333,0.0,-0.016666666666000002,0.016666666667,Continuity
RepairAid,20260836,Player-visible continuity,Continuity.CurrentGoalMismatchRate,paired_snapshots=60,0.033333333333,0.016666666667,0.0,0.016666666666000002,0.033333333333,Continuity
RepairAid,20260837,Player-visible continuity,Continuity.CurrentGoalMismatchRate,paired_snapshots=60,0.05,0.05,0.0,0.0,0.05,Continuity
RepairAid,20260838,Player-visible continuity,Continuity.CurrentGoalMismatchRate,paired_snapshots=60,0.033333333333,0.033333333333,0.0,0.0,0.033333333333,Continuity
RepairAid,20260839,Player-visible continuity,Continuity.CurrentGoalMismatchRate,paired_snapshots=60,0.0,0.0,0.0,0.0,0.0,Continuity
RepairAid,20260840,Player-visible continuity,Continuity.CurrentGoalMismatchRate,paired_snapshots=60,0.0,0.033333333333,0.0,-0.033333333333,0.0,Continuity
RepairAid,20260841,Player-visible continuity,Continuity.CurrentGoalMismatchRate,paired_snapshots=60,0.033333333333,0.083333333333,0.0,-0.049999999999999996,0.033333333333,Continuity
RepairAid,20260842,Player-visible continuity,Continuity.CurrentGoalMismatchRate,paired_snapshots=60,0.033333333333,0.016666666667,0.0,0.016666666666000002,0.033333333333,Continuity
RepairAid,20260843,Player-visible continuity,Continuity.CurrentGoalMismatchRate,paired_snapshots=60,0.016666666667,0.033333333333,0.0,-0.016666666666000002,0.016666666667,Continuity
RepairAid,20260844,Player-visible continuity,Continuity.CurrentGoalMismatchRate,paired_snapshots=60,0.016666666667,0.0,0.0,0.016666666667,0.016666666667,Continuity
RepairAid,20260815,Player-visible continuity,Continuity.FirstActionMismatchRate,paired_snapshots=60,0.033333333333,0.016666666667,0.0,0.016666666666000002,0.033333333333,Continuity
RepairAid,20260816,Player-visible continuity,Continuity.FirstActionMismatchRate,paired_snapshots=60,0.016666666667,0.05,0.0,-0.033333333333,0.016666666667,Continuity
RepairAid,20260817,Player-visible continuity,Continuity.FirstActionMismatchRate,paired_snapshots=60,0.066666666667,0.083333333333,0.0,-0.016666666666000002,0.066666666667,Continuity
RepairAid,20260818,Player-visible continuity,Continuity.FirstActionMismatchRate,paired_snapshots=60,0.016666666667,0.0,0.0,0.016666666667,0.016666666667,Continuity
RepairAid,20260819,Player-visible continuity,Continuity.FirstActionMismatchRate,paired_snapshots=60,0.016666666667,0.066666666667,0.0,-0.049999999999999996,0.016666666667,Continuity
RepairAid,20260820,Player-visible continuity,Continuity.FirstActionMismatchRate,paired_snapshots=60,0.016666666667,0.016666666667,0.0,0.0,0.016666666667,Continuity
RepairAid,20260821,Player-visible continuity,Continuity.FirstActionMismatchRate,paired_snapshots=60,0.016666666667,0.016666666667,0.0,0.0,0.016666666667,Continuity
RepairAid,20260822,Player-visible continuity,Continuity.FirstActionMismatchRate,paired_snapshots=60,0.083333333333,0.1,0.0,-0.016666666667000007,0.083333333333,Continuity
RepairAid,20260823,Player-visible continuity,Continuity.FirstActionMismatchRate,paired_snapshots=60,0.066666666667,0.066666666667,0.0,0.0,0.066666666667,Continuity
RepairAid,20260824,Player-visible continuity,Continuity.FirstActionMismatchRate,paired_snapshots=60,0.066666666667,0.05,0.0,0.016666666666999994,0.066666666667,Continuity
RepairAid,20260825,Player-visible continuity,Continuity.FirstActionMismatchRate,paired_snapshots=60,0.0,0.016666666667,0.0,-0.016666666667,0.0,Continuity
RepairAid,20260826,Player-visible continuity,Continuity.FirstActionMismatchRate,paired_snapshots=60,0.033333333333,0.033333333333,0.0,0.0,0.033333333333,Continuity
RepairAid,20260827,Player-visible continuity,Continuity.FirstActionMismatchRate,paired_snapshots=60,0.033333333333,0.133333333333,0.0,-0.09999999999999998,0.033333333333,Continuity
RepairAid,20260828,Player-visible continuity,Continuity.FirstActionMismatchRate,paired_snapshots=60,0.033333333333,0.066666666667,0.0,-0.033333333333999994,0.033333333333,Continuity
RepairAid,20260829,Player-visible continuity,Continuity.FirstActionMismatchRate,paired_snapshots=60,0.0,0.016666666667,0.0,-0.016666666667,0.0,Continuity
RepairAid,20260830,Player-visible continuity,Continuity.FirstActionMismatchRate,paired_snapshots=60,0.066666666667,0.066666666667,0.0,0.0,0.066666666667,Continuity
RepairAid,20260831,Player-visible continuity,Continuity.FirstActionMismatchRate,paired_snapshots=60,0.033333333333,0.033333333333,0.0,0.0,0.033333333333,Continuity
RepairAid,20260832,Player-visible continuity,Continuity.FirstActionMismatchRate,paired_snapshots=60,0.0,0.05,0.0,-0.05,0.0,Continuity
RepairAid,20260833,Player-visible continuity,Continuity.FirstActionMismatchRate,paired_snapshots=60,0.016666666667,0.066666666667,0.0,-0.049999999999999996,0.016666666667,Continuity
RepairAid,20260834,Player-visible continuity,Continuity.FirstActionMismatchRate,paired_snapshots=60,0.033333333333,0.05,0.0,-0.016666666667,0.033333333333,Continuity
RepairAid,20260835,Player-visible continuity,Continuity.FirstActionMismatchRate,paired_snapshots=60,0.033333333333,0.033333333333,0.0,0.0,0.033333333333,Continuity
RepairAid,20260836,Player-visible continuity,Continuity.FirstActionMismatchRate,paired_snapshots=60,0.033333333333,0.016666666667,0.0,0.016666666666000002,0.033333333333,Continuity
RepairAid,20260837,Player-visible continuity,Continuity.FirstActionMismatchRate,paired_snapshots=60,0.05,0.05,0.0,0.0,0.05,Continuity
RepairAid,20260838,Player-visible continuity,Continuity.FirstActionMismatchRate,paired_snapshots=60,0.033333333333,0.033333333333,0.0,0.0,0.033333333333,Continuity
RepairAid,20260839,Player-visible continuity,Continuity.FirstActionMismatchRate,paired_snapshots=60,0.0,0.0,0.0,0.0,0.0,Continuity
RepairAid,20260840,Player-visible continuity,Continuity.FirstActionMismatchRate,paired_snapshots=60,0.0,0.033333333333,0.0,-0.033333333333,0.0,Continuity
RepairAid,20260841,Player-visible continuity,Continuity.FirstActionMismatchRate,paired_snapshots=60,0.066666666667,0.083333333333,0.0,-0.016666666666000002,0.066666666667,Continuity
RepairAid,20260842,Player-visible continuity,Continuity.FirstActionMismatchRate,paired_snapshots=60,0.033333333333,0.016666666667,0.0,0.016666666666000002,0.033333333333,Continuity
RepairAid,20260843,Player-visible continuity,Continuity.FirstActionMismatchRate,paired_snapshots=60,0.016666666667,0.033333333333,0.0,-0.016666666666000002,0.016666666667,Continuity
RepairAid,20260844,Player-visible continuity,Continuity.FirstActionMismatchRate,paired_snapshots=60,0.016666666667,0.0,0.0,0.016666666667,0.016666666667,Continuity
RepairAid,20260815,Player-visible continuity,Continuity.HomeIDMismatchRate,paired_snapshots=60,0.0,0.0,0.0,0.0,0.0,Continuity
RepairAid,20260816,Player-visible continuity,Continuity.HomeIDMismatchRate,paired_snapshots=60,0.0,0.0,0.0,0.0,0.0,Continuity
RepairAid,20260817,Player-visible continuity,Continuity.HomeIDMismatchRate,paired_snapshots=60,0.0,0.0,0.0,0.0,0.0,Continuity
RepairAid,20260818,Player-visible continuity,Continuity.HomeIDMismatchRate,paired_snapshots=60,0.0,0.0,0.0,0.0,0.0,Continuity
RepairAid,20260819,Player-visible continuity,Continuity.HomeIDMismatchRate,paired_snapshots=60,0.0,0.0,0.0,0.0,0.0,Continuity
RepairAid,20260820,Player-visible continuity,Continuity.HomeIDMismatchRate,paired_snapshots=60,0.0,0.0,0.0,0.0,0.0,Continuity
RepairAid,20260821,Player-visible continuity,Continuity.HomeIDMismatchRate,paired_snapshots=60,0.0,0.0,0.0,0.0,0.0,Continuity
RepairAid,20260822,Player-visible continuity,Continuity.HomeIDMismatchRate,paired_snapshots=60,0.0,0.0,0.0,0.0,0.0,Continuity
RepairAid,20260823,Player-visible continuity,Continuity.HomeIDMismatchRate,paired_snapshots=60,0.0,0.0,0.0,0.0,0.0,Continuity
RepairAid,20260824,Player-visible continuity,Continuity.HomeIDMismatchRate,paired_snapshots=60,0.0,0.0,0.0,0.0,0.0,Continuity
RepairAid,20260825,Player-visible continuity,Continuity.HomeIDMismatchRate,paired_snapshots=60,0.0,0.0,0.0,0.0,0.0,Continuity
RepairAid,20260826,Player-visible continuity,Continuity.HomeIDMismatchRate,paired_snapshots=60,0.0,0.0,0.0,0.0,0.0,Continuity
RepairAid,20260827,Player-visible continuity,Continuity.HomeIDMismatchRate,paired_snapshots=60,0.0,0.0,0.0,0.0,0.0,Continuity
RepairAid,20260828,Player-visible continuity,Continuity.HomeIDMismatchRate,paired_snapshots=60,0.0,0.0,0.0,0.0,0.0,Continuity
RepairAid,20260829,Player-visible continuity,Continuity.HomeIDMismatchRate,paired_snapshots=60,0.0,0.0,0.0,0.0,0.0,Continuity
RepairAid,20260830,Player-visible continuity,Continuity.HomeIDMismatchRate,paired_snapshots=60,0.0,0.0,0.0,0.0,0.0,Continuity
RepairAid,20260831,Player-visible continuity,Continuity.HomeIDMismatchRate,paired_snapshots=60,0.0,0.0,0.0,0.0,0.0,Continuity
RepairAid,20260832,Player-visible continuity,Continuity.HomeIDMismatchRate,paired_snapshots=60,0.0,0.0,0.0,0.0,0.0,Continuity
RepairAid,20260833,Player-visible continuity,Continuity.HomeIDMismatchRate,paired_snapshots=60,0.0,0.0,0.0,0.0,0.0,Continuity
RepairAid,20260834,Player-visible continuity,Continuity.HomeIDMismatchRate,paired_snapshots=60,0.0,0.0,0.0,0.0,0.0,Continuity
RepairAid,20260835,Player-visible continuity,Continuity.HomeIDMismatchRate,paired_snapshots=60,0.0,0.0,0.0,0.0,0.0,Continuity
RepairAid,20260836,Player-visible continuity,Continuity.HomeIDMismatchRate,paired_snapshots=60,0.0,0.0,0.0,0.0,0.0,Continuity
RepairAid,20260837,Player-visible continuity,Continuity.HomeIDMismatchRate,paired_snapshots=60,0.0,0.0,0.0,0.0,0.0,Continuity
RepairAid,20260838,Player-visible continuity,Continuity.HomeIDMismatchRate,paired_snapshots=60,0.0,0.0,0.0,0.0,0.0,Continuity
RepairAid,20260839,Player-visible continuity,Continuity.HomeIDMismatchRate,paired_snapshots=60,0.0,0.0,0.0,0.0,0.0,Continuity
RepairAid,20260840,Player-visible continuity,Continuity.HomeIDMismatchRate,paired_snapshots=60,0.0,0.0,0.0,0.0,0.0,Continuity
RepairAid,20260841,Player-visible continuity,Continuity.HomeIDMismatchRate,paired_snapshots=60,0.0,0.0,0.0,0.0,0.0,Continuity
RepairAid,20260842,Player-visible continuity,Continuity.HomeIDMismatchRate,paired_snapshots=60,0.0,0.0,0.0,0.0,0.0,Continuity
RepairAid,20260843,Player-visible continuity,Continuity.HomeIDMismatchRate,paired_snapshots=60,0.0,0.0,0.0,0.0,0.0,Continuity
RepairAid,20260844,Player-visible continuity,Continuity.HomeIDMismatchRate,paired_snapshots=60,0.0,0.0,0.0,0.0,0.0,Continuity
RepairAid,20260815,Player-visible continuity,Continuity.HomeStateMismatchRate,paired_snapshots=60,0.033333333333,0.116666666667,0.0,-0.083333333334,0.033333333333,Continuity
RepairAid,20260816,Player-visible continuity,Continuity.HomeStateMismatchRate,paired_snapshots=60,0.016666666667,0.133333333333,0.0,-0.11666666666599998,0.016666666667,Continuity
RepairAid,20260817,Player-visible continuity,Continuity.HomeStateMismatchRate,paired_snapshots=60,0.066666666667,0.166666666667,0.0,-0.1,0.066666666667,Continuity
RepairAid,20260818,Player-visible continuity,Continuity.HomeStateMismatchRate,paired_snapshots=60,0.016666666667,0.116666666667,0.0,-0.1,0.016666666667,Continuity
RepairAid,20260819,Player-visible continuity,Continuity.HomeStateMismatchRate,paired_snapshots=60,0.016666666667,0.166666666667,0.0,-0.15,0.016666666667,Continuity
RepairAid,20260820,Player-visible continuity,Continuity.HomeStateMismatchRate,paired_snapshots=60,0.016666666667,0.133333333333,0.0,-0.11666666666599998,0.016666666667,Continuity
RepairAid,20260821,Player-visible continuity,Continuity.HomeStateMismatchRate,paired_snapshots=60,0.016666666667,0.133333333333,0.0,-0.11666666666599998,0.016666666667,Continuity
RepairAid,20260822,Player-visible continuity,Continuity.HomeStateMismatchRate,paired_snapshots=60,0.083333333333,0.25,0.0,-0.166666666667,0.083333333333,Continuity
RepairAid,20260823,Player-visible continuity,Continuity.HomeStateMismatchRate,paired_snapshots=60,0.066666666667,0.25,0.0,-0.183333333333,0.066666666667,Continuity
RepairAid,20260824,Player-visible continuity,Continuity.HomeStateMismatchRate,paired_snapshots=60,0.066666666667,0.166666666667,0.0,-0.1,0.066666666667,Continuity
RepairAid,20260825,Player-visible continuity,Continuity.HomeStateMismatchRate,paired_snapshots=60,0.0,0.166666666667,0.0,-0.166666666667,0.0,Continuity
RepairAid,20260826,Player-visible continuity,Continuity.HomeStateMismatchRate,paired_snapshots=60,0.033333333333,0.15,0.0,-0.11666666666699999,0.033333333333,Continuity
RepairAid,20260827,Player-visible continuity,Continuity.HomeStateMismatchRate,paired_snapshots=60,0.033333333333,0.316666666667,0.0,-0.283333333334,0.033333333333,Continuity
RepairAid,20260828,Player-visible continuity,Continuity.HomeStateMismatchRate,paired_snapshots=60,0.033333333333,0.216666666667,0.0,-0.18333333333399998,0.033333333333,Continuity
RepairAid,20260829,Player-visible continuity,Continuity.HomeStateMismatchRate,paired_snapshots=60,0.0,0.183333333333,0.0,-0.183333333333,0.0,Continuity
RepairAid,20260830,Player-visible continuity,Continuity.HomeStateMismatchRate,paired_snapshots=60,0.066666666667,0.266666666667,0.0,-0.2,0.066666666667,Continuity
RepairAid,20260831,Player-visible continuity,Continuity.HomeStateMismatchRate,paired_snapshots=60,0.033333333333,0.183333333333,0.0,-0.15,0.033333333333,Continuity
RepairAid,20260832,Player-visible continuity,Continuity.HomeStateMismatchRate,paired_snapshots=60,0.0,0.133333333333,0.0,-0.133333333333,0.0,Continuity
RepairAid,20260833,Player-visible continuity,Continuity.HomeStateMismatchRate,paired_snapshots=60,0.016666666667,0.116666666667,0.0,-0.1,0.016666666667,Continuity
RepairAid,20260834,Player-visible continuity,Continuity.HomeStateMismatchRate,paired_snapshots=60,0.033333333333,0.2,0.0,-0.166666666667,0.033333333333,Continuity
RepairAid,20260835,Player-visible continuity,Continuity.HomeStateMismatchRate,paired_snapshots=60,0.033333333333,0.133333333333,0.0,-0.09999999999999998,0.033333333333,Continuity
RepairAid,20260836,Player-visible continuity,Continuity.HomeStateMismatchRate,paired_snapshots=60,0.033333333333,0.116666666667,0.0,-0.083333333334,0.033333333333,Continuity
RepairAid,20260837,Player-visible continuity,Continuity.HomeStateMismatchRate,paired_snapshots=60,0.05,0.15,0.0,-0.09999999999999999,0.05,Continuity
RepairAid,20260838,Player-visible continuity,Continuity.HomeStateMismatchRate,paired_snapshots=60,0.033333333333,0.166666666667,0.0,-0.133333333334,0.033333333333,Continuity
RepairAid,20260839,Player-visible continuity,Continuity.HomeStateMismatchRate,paired_snapshots=60,0.0,0.15,0.0,-0.15,0.0,Continuity
RepairAid,20260840,Player-visible continuity,Continuity.HomeStateMismatchRate,paired_snapshots=60,0.0,0.1,0.0,-0.1,0.0,Continuity
RepairAid,20260841,Player-visible continuity,Continuity.HomeStateMismatchRate,paired_snapshots=60,0.066666666667,0.216666666667,0.0,-0.15,0.066666666667,Continuity
RepairAid,20260842,Player-visible continuity,Continuity.HomeStateMismatchRate,paired_snapshots=60,0.033333333333,0.166666666667,0.0,-0.133333333334,0.033333333333,Continuity
RepairAid,20260843,Player-visible continuity,Continuity.HomeStateMismatchRate,paired_snapshots=60,0.016666666667,0.166666666667,0.0,-0.15,0.016666666667,Continuity
RepairAid,20260844,Player-visible continuity,Continuity.HomeStateMismatchRate,paired_snapshots=60,0.016666666667,0.083333333333,0.0,-0.06666666666599999,0.016666666667,Continuity
RepairAid,20260815,Player-visible continuity,Continuity.InventoryWoodMAE,wood_per_paired_snapshot,0.066666666667,0.116666666667,0.0,-0.05,0.066666666667,Continuity
RepairAid,20260816,Player-visible continuity,Continuity.InventoryWoodMAE,wood_per_paired_snapshot,0.066666666667,0.25,0.0,-0.183333333333,0.066666666667,Continuity
RepairAid,20260817,Player-visible continuity,Continuity.InventoryWoodMAE,wood_per_paired_snapshot,0.2,0.283333333333,0.0,-0.08333333333299997,0.2,Continuity
RepairAid,20260818,Player-visible continuity,Continuity.InventoryWoodMAE,wood_per_paired_snapshot,0.066666666667,0.083333333333,0.0,-0.016666666666000002,0.066666666667,Continuity
RepairAid,20260819,Player-visible continuity,Continuity.InventoryWoodMAE,wood_per_paired_snapshot,0.066666666667,0.25,0.0,-0.183333333333,0.066666666667,Continuity
RepairAid,20260820,Player-visible continuity,Continuity.InventoryWoodMAE,wood_per_paired_snapshot,0.066666666667,0.15,0.0,-0.083333333333,0.066666666667,Continuity
RepairAid,20260821,Player-visible continuity,Continuity.InventoryWoodMAE,wood_per_paired_snapshot,0.066666666667,0.15,0.0,-0.083333333333,0.066666666667,Continuity
RepairAid,20260822,Player-visible continuity,Continuity.InventoryWoodMAE,wood_per_paired_snapshot,0.333333333333,0.383333333333,0.0,-0.04999999999999999,0.333333333333,Continuity
RepairAid,20260823,Player-visible continuity,Continuity.InventoryWoodMAE,wood_per_paired_snapshot,0.133333333333,0.216666666667,0.0,-0.083333333334,0.133333333333,Continuity
RepairAid,20260824,Player-visible continuity,Continuity.InventoryWoodMAE,wood_per_paired_snapshot,0.266666666667,0.283333333333,0.0,-0.016666666665999974,0.266666666667,Continuity
RepairAid,20260825,Player-visible continuity,Continuity.InventoryWoodMAE,wood_per_paired_snapshot,0.0,0.15,0.0,-0.15,0.0,Continuity
RepairAid,20260826,Player-visible continuity,Continuity.InventoryWoodMAE,wood_per_paired_snapshot,0.133333333333,0.183333333333,0.0,-0.05000000000000002,0.133333333333,Continuity
RepairAid,20260827,Player-visible continuity,Continuity.InventoryWoodMAE,wood_per_paired_snapshot,0.066666666667,0.45,0.0,-0.383333333333,0.066666666667,Continuity
RepairAid,20260828,Player-visible continuity,Continuity.InventoryWoodMAE,wood_per_paired_snapshot,0.133333333333,0.283333333333,0.0,-0.15,0.133333333333,Continuity
RepairAid,20260829,Player-visible continuity,Continuity.InventoryWoodMAE,wood_per_paired_snapshot,0.0,0.116666666667,0.0,-0.116666666667,0.0,Continuity
RepairAid,20260830,Player-visible continuity,Continuity.InventoryWoodMAE,wood_per_paired_snapshot,0.266666666667,0.316666666667,0.0,-0.04999999999999999,0.266666666667,Continuity
RepairAid,20260831,Player-visible continuity,Continuity.InventoryWoodMAE,wood_per_paired_snapshot,0.066666666667,0.15,0.0,-0.083333333333,0.066666666667,Continuity
RepairAid,20260832,Player-visible continuity,Continuity.InventoryWoodMAE,wood_per_paired_snapshot,0.0,0.216666666667,0.0,-0.216666666667,0.0,Continuity
RepairAid,20260833,Player-visible continuity,Continuity.InventoryWoodMAE,wood_per_paired_snapshot,0.0,0.25,0.0,-0.25,0.0,Continuity
RepairAid,20260834,Player-visible continuity,Continuity.InventoryWoodMAE,wood_per_paired_snapshot,0.133333333333,0.25,0.0,-0.11666666666700001,0.133333333333,Continuity
RepairAid,20260835,Player-visible continuity,Continuity.InventoryWoodMAE,wood_per_paired_snapshot,0.133333333333,0.216666666667,0.0,-0.083333333334,0.133333333333,Continuity
RepairAid,20260836,Player-visible continuity,Continuity.InventoryWoodMAE,wood_per_paired_snapshot,0.133333333333,0.15,0.0,-0.016666666667000007,0.133333333333,Continuity
RepairAid,20260837,Player-visible continuity,Continuity.InventoryWoodMAE,wood_per_paired_snapshot,0.2,0.25,0.0,-0.04999999999999999,0.2,Continuity
RepairAid,20260838,Player-visible continuity,Continuity.InventoryWoodMAE,wood_per_paired_snapshot,0.133333333333,0.183333333333,0.0,-0.05000000000000002,0.133333333333,Continuity
RepairAid,20260839,Player-visible continuity,Continuity.InventoryWoodMAE,wood_per_paired_snapshot,0.0,0.083333333333,0.0,-0.083333333333,0.0,Continuity
RepairAid,20260840,Player-visible continuity,Continuity.InventoryWoodMAE,wood_per_paired_snapshot,0.0,0.216666666667,0.0,-0.216666666667,0.0,Continuity
RepairAid,20260841,Player-visible continuity,Continuity.InventoryWoodMAE,wood_per_paired_snapshot,0.266666666667,0.316666666667,0.0,-0.04999999999999999,0.266666666667,Continuity
RepairAid,20260842,Player-visible continuity,Continuity.InventoryWoodMAE,wood_per_paired_snapshot,0.133333333333,0.15,0.0,-0.016666666667000007,0.133333333333,Continuity
RepairAid,20260843,Player-visible continuity,Continuity.InventoryWoodMAE,wood_per_paired_snapshot,0.0,0.216666666667,0.0,-0.216666666667,0.0,Continuity
RepairAid,20260844,Player-visible continuity,Continuity.InventoryWoodMAE,wood_per_paired_snapshot,0.066666666667,0.083333333333,0.0,-0.016666666666000002,0.066666666667,Continuity
RepairAid,20260815,Player-visible continuity,Continuity.InventoryWoodMismatchRate,paired_snapshots=60,0.016666666667,0.083333333333,0.0,-0.06666666666599999,0.016666666667,Continuity
RepairAid,20260816,Player-visible continuity,Continuity.InventoryWoodMismatchRate,paired_snapshots=60,0.016666666667,0.116666666667,0.0,-0.1,0.016666666667,Continuity
RepairAid,20260817,Player-visible continuity,Continuity.InventoryWoodMismatchRate,paired_snapshots=60,0.05,0.133333333333,0.0,-0.08333333333299998,0.05,Continuity
RepairAid,20260818,Player-visible continuity,Continuity.InventoryWoodMismatchRate,paired_snapshots=60,0.016666666667,0.083333333333,0.0,-0.06666666666599999,0.016666666667,Continuity
RepairAid,20260819,Player-visible continuity,Continuity.InventoryWoodMismatchRate,paired_snapshots=60,0.016666666667,0.1,0.0,-0.083333333333,0.016666666667,Continuity
RepairAid,20260820,Player-visible continuity,Continuity.InventoryWoodMismatchRate,paired_snapshots=60,0.016666666667,0.1,0.0,-0.083333333333,0.016666666667,Continuity
RepairAid,20260821,Player-visible continuity,Continuity.InventoryWoodMismatchRate,paired_snapshots=60,0.016666666667,0.1,0.0,-0.083333333333,0.016666666667,Continuity
RepairAid,20260822,Player-visible continuity,Continuity.InventoryWoodMismatchRate,paired_snapshots=60,0.083333333333,0.133333333333,0.0,-0.04999999999999999,0.083333333333,Continuity
RepairAid,20260823,Player-visible continuity,Continuity.InventoryWoodMismatchRate,paired_snapshots=60,0.033333333333,0.1,0.0,-0.066666666667,0.033333333333,Continuity
RepairAid,20260824,Player-visible continuity,Continuity.InventoryWoodMismatchRate,paired_snapshots=60,0.066666666667,0.133333333333,0.0,-0.06666666666599999,0.066666666667,Continuity
RepairAid,20260825,Player-visible continuity,Continuity.InventoryWoodMismatchRate,paired_snapshots=60,0.0,0.1,0.0,-0.1,0.0,Continuity
RepairAid,20260826,Player-visible continuity,Continuity.InventoryWoodMismatchRate,paired_snapshots=60,0.033333333333,0.1,0.0,-0.066666666667,0.033333333333,Continuity
RepairAid,20260827,Player-visible continuity,Continuity.InventoryWoodMismatchRate,paired_snapshots=60,0.016666666667,0.15,0.0,-0.133333333333,0.016666666667,Continuity
RepairAid,20260828,Player-visible continuity,Continuity.InventoryWoodMismatchRate,paired_snapshots=60,0.033333333333,0.116666666667,0.0,-0.083333333334,0.033333333333,Continuity
RepairAid,20260829,Player-visible continuity,Continuity.InventoryWoodMismatchRate,paired_snapshots=60,0.0,0.083333333333,0.0,-0.083333333333,0.0,Continuity
RepairAid,20260830,Player-visible continuity,Continuity.InventoryWoodMismatchRate,paired_snapshots=60,0.066666666667,0.133333333333,0.0,-0.06666666666599999,0.066666666667,Continuity
RepairAid,20260831,Player-visible continuity,Continuity.InventoryWoodMismatchRate,paired_snapshots=60,0.016666666667,0.083333333333,0.0,-0.06666666666599999,0.016666666667,Continuity
RepairAid,20260832,Player-visible continuity,Continuity.InventoryWoodMismatchRate,paired_snapshots=60,0.0,0.1,0.0,-0.1,0.0,Continuity
RepairAid,20260833,Player-visible continuity,Continuity.InventoryWoodMismatchRate,paired_snapshots=60,0.0,0.116666666667,0.0,-0.116666666667,0.0,Continuity
RepairAid,20260834,Player-visible continuity,Continuity.InventoryWoodMismatchRate,paired_snapshots=60,0.033333333333,0.116666666667,0.0,-0.083333333334,0.033333333333,Continuity
RepairAid,20260835,Player-visible continuity,Continuity.InventoryWoodMismatchRate,paired_snapshots=60,0.033333333333,0.116666666667,0.0,-0.083333333334,0.033333333333,Continuity
RepairAid,20260836,Player-visible continuity,Continuity.InventoryWoodMismatchRate,paired_snapshots=60,0.033333333333,0.1,0.0,-0.066666666667,0.033333333333,Continuity
RepairAid,20260837,Player-visible continuity,Continuity.InventoryWoodMismatchRate,paired_snapshots=60,0.05,0.116666666667,0.0,-0.066666666667,0.05,Continuity
RepairAid,20260838,Player-visible continuity,Continuity.InventoryWoodMismatchRate,paired_snapshots=60,0.033333333333,0.1,0.0,-0.066666666667,0.033333333333,Continuity
RepairAid,20260839,Player-visible continuity,Continuity.InventoryWoodMismatchRate,paired_snapshots=60,0.0,0.083333333333,0.0,-0.083333333333,0.0,Continuity
RepairAid,20260840,Player-visible continuity,Continuity.InventoryWoodMismatchRate,paired_snapshots=60,0.0,0.116666666667,0.0,-0.116666666667,0.0,Continuity
RepairAid,20260841,Player-visible continuity,Continuity.InventoryWoodMismatchRate,paired_snapshots=60,0.066666666667,0.133333333333,0.0,-0.06666666666599999,0.066666666667,Continuity
RepairAid,20260842,Player-visible continuity,Continuity.InventoryWoodMismatchRate,paired_snapshots=60,0.033333333333,0.1,0.0,-0.066666666667,0.033333333333,Continuity
RepairAid,20260843,Player-visible continuity,Continuity.InventoryWoodMismatchRate,paired_snapshots=60,0.0,0.116666666667,0.0,-0.116666666667,0.0,Continuity
RepairAid,20260844,Player-visible continuity,Continuity.InventoryWoodMismatchRate,paired_snapshots=60,0.016666666667,0.083333333333,0.0,-0.06666666666599999,0.016666666667,Continuity
RepairAid,20260815,Player-visible continuity,Continuity.InventoryWoodNormalizedMAE,abs_error_div_max_1_abs_oracle,0.016666666667,0.079166666667,0.0,-0.06249999999999999,0.016666666667,Continuity
RepairAid,20260816,Player-visible continuity,Continuity.InventoryWoodNormalizedMAE,abs_error_div_max_1_abs_oracle,0.016666666667,0.1125,0.0,-0.09583333333300001,0.016666666667,Continuity
RepairAid,20260817,Player-visible continuity,Continuity.InventoryWoodNormalizedMAE,abs_error_div_max_1_abs_oracle,0.1,0.133333333333,0.0,-0.03333333333299998,0.1,Continuity
RepairAid,20260818,Player-visible continuity,Continuity.InventoryWoodNormalizedMAE,abs_error_div_max_1_abs_oracle,0.066666666667,0.083333333333,0.0,-0.016666666666000002,0.066666666667,Continuity
RepairAid,20260819,Player-visible continuity,Continuity.InventoryWoodNormalizedMAE,abs_error_div_max_1_abs_oracle,0.016666666667,0.0875,0.0,-0.07083333333299999,0.016666666667,Continuity
RepairAid,20260820,Player-visible continuity,Continuity.InventoryWoodNormalizedMAE,abs_error_div_max_1_abs_oracle,0.066666666667,0.1,0.0,-0.03333333333300001,0.066666666667,Continuity
RepairAid,20260821,Player-visible continuity,Continuity.InventoryWoodNormalizedMAE,abs_error_div_max_1_abs_oracle,0.066666666667,0.1,0.0,-0.03333333333300001,0.066666666667,Continuity
RepairAid,20260822,Player-visible continuity,Continuity.InventoryWoodNormalizedMAE,abs_error_div_max_1_abs_oracle,0.183333333333,0.120833333333,0.0,0.0625,0.183333333333,Continuity
RepairAid,20260823,Player-visible continuity,Continuity.InventoryWoodNormalizedMAE,abs_error_div_max_1_abs_oracle,0.083333333333,0.091666666667,0.0,-0.008333333334000007,0.083333333333,Continuity
RepairAid,20260824,Player-visible continuity,Continuity.InventoryWoodNormalizedMAE,abs_error_div_max_1_abs_oracle,0.116666666667,0.133333333333,0.0,-0.016666666665999988,0.116666666667,Continuity
RepairAid,20260825,Player-visible continuity,Continuity.InventoryWoodNormalizedMAE,abs_error_div_max_1_abs_oracle,0.0,0.1,0.0,-0.1,0.0,Continuity
RepairAid,20260826,Player-visible continuity,Continuity.InventoryWoodNormalizedMAE,abs_error_div_max_1_abs_oracle,0.083333333333,0.095833333333,0.0,-0.012499999999999997,0.083333333333,Continuity
RepairAid,20260827,Player-visible continuity,Continuity.InventoryWoodNormalizedMAE,abs_error_div_max_1_abs_oracle,0.016666666667,0.1375,0.0,-0.120833333333,0.016666666667,Continuity
RepairAid,20260828,Player-visible continuity,Continuity.InventoryWoodNormalizedMAE,abs_error_div_max_1_abs_oracle,0.033333333333,0.108333333333,0.0,-0.07500000000000001,0.033333333333,Continuity
RepairAid,20260829,Player-visible continuity,Continuity.InventoryWoodNormalizedMAE,abs_error_div_max_1_abs_oracle,0.0,0.079166666667,0.0,-0.079166666667,0.0,Continuity
RepairAid,20260830,Player-visible continuity,Continuity.InventoryWoodNormalizedMAE,abs_error_div_max_1_abs_oracle,0.166666666667,0.129166666667,0.0,0.037500000000000006,0.166666666667,Continuity
RepairAid,20260831,Player-visible continuity,Continuity.InventoryWoodNormalizedMAE,abs_error_div_max_1_abs_oracle,0.016666666667,0.075,0.0,-0.058333333333,0.016666666667,Continuity
RepairAid,20260832,Player-visible continuity,Continuity.InventoryWoodNormalizedMAE,abs_error_div_max_1_abs_oracle,0.0,0.091666666667,0.0,-0.091666666667,0.0,Continuity
RepairAid,20260833,Player-visible continuity,Continuity.InventoryWoodNormalizedMAE,abs_error_div_max_1_abs_oracle,0.0,0.1125,0.0,-0.1125,0.0,Continuity
RepairAid,20260834,Player-visible continuity,Continuity.InventoryWoodNormalizedMAE,abs_error_div_max_1_abs_oracle,0.083333333333,0.1125,0.0,-0.029166666667000005,0.083333333333,Continuity
RepairAid,20260835,Player-visible continuity,Continuity.InventoryWoodNormalizedMAE,abs_error_div_max_1_abs_oracle,0.033333333333,0.116666666667,0.0,-0.083333333334,0.033333333333,Continuity
RepairAid,20260836,Player-visible continuity,Continuity.InventoryWoodNormalizedMAE,abs_error_div_max_1_abs_oracle,0.133333333333,0.1,0.0,0.03333333333299998,0.133333333333,Continuity
RepairAid,20260837,Player-visible continuity,Continuity.InventoryWoodNormalizedMAE,abs_error_div_max_1_abs_oracle,0.15,0.1125,0.0,0.03749999999999999,0.15,Continuity
RepairAid,20260838,Player-visible continuity,Continuity.InventoryWoodNormalizedMAE,abs_error_div_max_1_abs_oracle,0.133333333333,0.095833333333,0.0,0.03749999999999999,0.133333333333,Continuity
RepairAid,20260839,Player-visible continuity,Continuity.InventoryWoodNormalizedMAE,abs_error_div_max_1_abs_oracle,0.0,0.083333333333,0.0,-0.083333333333,0.0,Continuity
RepairAid,20260840,Player-visible continuity,Continuity.InventoryWoodNormalizedMAE,abs_error_div_max_1_abs_oracle,0.0,0.116666666667,0.0,-0.116666666667,0.0,Continuity
RepairAid,20260841,Player-visible continuity,Continuity.InventoryWoodNormalizedMAE,abs_error_div_max_1_abs_oracle,0.166666666667,0.129166666667,0.0,0.037500000000000006,0.166666666667,Continuity
RepairAid,20260842,Player-visible continuity,Continuity.InventoryWoodNormalizedMAE,abs_error_div_max_1_abs_oracle,0.083333333333,0.1,0.0,-0.016666666667000007,0.083333333333,Continuity
RepairAid,20260843,Player-visible continuity,Continuity.InventoryWoodNormalizedMAE,abs_error_div_max_1_abs_oracle,0.0,0.116666666667,0.0,-0.116666666667,0.0,Continuity
RepairAid,20260844,Player-visible continuity,Continuity.InventoryWoodNormalizedMAE,abs_error_div_max_1_abs_oracle,0.066666666667,0.083333333333,0.0,-0.016666666666000002,0.066666666667,Continuity
RepairAid,20260815,Player-visible continuity,Continuity.KingdomMismatchRate,paired_snapshots=60,0.0,0.0,0.0,0.0,0.0,Continuity
RepairAid,20260816,Player-visible continuity,Continuity.KingdomMismatchRate,paired_snapshots=60,0.0,0.0,0.0,0.0,0.0,Continuity
RepairAid,20260817,Player-visible continuity,Continuity.KingdomMismatchRate,paired_snapshots=60,0.0,0.0,0.0,0.0,0.0,Continuity
RepairAid,20260818,Player-visible continuity,Continuity.KingdomMismatchRate,paired_snapshots=60,0.0,0.0,0.0,0.0,0.0,Continuity
RepairAid,20260819,Player-visible continuity,Continuity.KingdomMismatchRate,paired_snapshots=60,0.0,0.0,0.0,0.0,0.0,Continuity
RepairAid,20260820,Player-visible continuity,Continuity.KingdomMismatchRate,paired_snapshots=60,0.0,0.0,0.0,0.0,0.0,Continuity
RepairAid,20260821,Player-visible continuity,Continuity.KingdomMismatchRate,paired_snapshots=60,0.0,0.0,0.0,0.0,0.0,Continuity
RepairAid,20260822,Player-visible continuity,Continuity.KingdomMismatchRate,paired_snapshots=60,0.0,0.0,0.0,0.0,0.0,Continuity
RepairAid,20260823,Player-visible continuity,Continuity.KingdomMismatchRate,paired_snapshots=60,0.0,0.0,0.0,0.0,0.0,Continuity
RepairAid,20260824,Player-visible continuity,Continuity.KingdomMismatchRate,paired_snapshots=60,0.0,0.0,0.0,0.0,0.0,Continuity
RepairAid,20260825,Player-visible continuity,Continuity.KingdomMismatchRate,paired_snapshots=60,0.0,0.0,0.0,0.0,0.0,Continuity
RepairAid,20260826,Player-visible continuity,Continuity.KingdomMismatchRate,paired_snapshots=60,0.0,0.0,0.0,0.0,0.0,Continuity
RepairAid,20260827,Player-visible continuity,Continuity.KingdomMismatchRate,paired_snapshots=60,0.0,0.0,0.0,0.0,0.0,Continuity
RepairAid,20260828,Player-visible continuity,Continuity.KingdomMismatchRate,paired_snapshots=60,0.0,0.0,0.0,0.0,0.0,Continuity
RepairAid,20260829,Player-visible continuity,Continuity.KingdomMismatchRate,paired_snapshots=60,0.0,0.0,0.0,0.0,0.0,Continuity
RepairAid,20260830,Player-visible continuity,Continuity.KingdomMismatchRate,paired_snapshots=60,0.0,0.0,0.0,0.0,0.0,Continuity
RepairAid,20260831,Player-visible continuity,Continuity.KingdomMismatchRate,paired_snapshots=60,0.0,0.0,0.0,0.0,0.0,Continuity
RepairAid,20260832,Player-visible continuity,Continuity.KingdomMismatchRate,paired_snapshots=60,0.0,0.0,0.0,0.0,0.0,Continuity
RepairAid,20260833,Player-visible continuity,Continuity.KingdomMismatchRate,paired_snapshots=60,0.0,0.0,0.0,0.0,0.0,Continuity
RepairAid,20260834,Player-visible continuity,Continuity.KingdomMismatchRate,paired_snapshots=60,0.0,0.0,0.0,0.0,0.0,Continuity
RepairAid,20260835,Player-visible continuity,Continuity.KingdomMismatchRate,paired_snapshots=60,0.0,0.0,0.0,0.0,0.0,Continuity
RepairAid,20260836,Player-visible continuity,Continuity.KingdomMismatchRate,paired_snapshots=60,0.0,0.0,0.0,0.0,0.0,Continuity
RepairAid,20260837,Player-visible continuity,Continuity.KingdomMismatchRate,paired_snapshots=60,0.0,0.0,0.0,0.0,0.0,Continuity
RepairAid,20260838,Player-visible continuity,Continuity.KingdomMismatchRate,paired_snapshots=60,0.0,0.0,0.0,0.0,0.0,Continuity
RepairAid,20260839,Player-visible continuity,Continuity.KingdomMismatchRate,paired_snapshots=60,0.0,0.0,0.0,0.0,0.0,Continuity
RepairAid,20260840,Player-visible continuity,Continuity.KingdomMismatchRate,paired_snapshots=60,0.0,0.0,0.0,0.0,0.0,Continuity
RepairAid,20260841,Player-visible continuity,Continuity.KingdomMismatchRate,paired_snapshots=60,0.0,0.0,0.0,0.0,0.0,Continuity
RepairAid,20260842,Player-visible continuity,Continuity.KingdomMismatchRate,paired_snapshots=60,0.0,0.0,0.0,0.0,0.0,Continuity
RepairAid,20260843,Player-visible continuity,Continuity.KingdomMismatchRate,paired_snapshots=60,0.0,0.0,0.0,0.0,0.0,Continuity
RepairAid,20260844,Player-visible continuity,Continuity.KingdomMismatchRate,paired_snapshots=60,0.0,0.0,0.0,0.0,0.0,Continuity
RepairAid,20260815,Player-visible continuity,Continuity.MoneyMAE,coin_per_paired_snapshot,1.066666666667,2.683333333333,0.0,-1.6166666666660001,1.066666666667,Continuity
RepairAid,20260816,Player-visible continuity,Continuity.MoneyMAE,coin_per_paired_snapshot,1.466666666667,3.066666666667,0.0,-1.5999999999999999,1.466666666667,Continuity
RepairAid,20260817,Player-visible continuity,Continuity.MoneyMAE,coin_per_paired_snapshot,1.316666666667,3.283333333333,0.0,-1.9666666666660002,1.316666666667,Continuity
RepairAid,20260818,Player-visible continuity,Continuity.MoneyMAE,coin_per_paired_snapshot,1.05,2.966666666667,0.0,-1.9166666666669998,1.05,Continuity
RepairAid,20260819,Player-visible continuity,Continuity.MoneyMAE,coin_per_paired_snapshot,1.166666666667,2.916666666667,0.0,-1.75,1.166666666667,Continuity
RepairAid,20260820,Player-visible continuity,Continuity.MoneyMAE,coin_per_paired_snapshot,1.083333333333,2.883333333333,0.0,-1.7999999999999998,1.083333333333,Continuity
RepairAid,20260821,Player-visible continuity,Continuity.MoneyMAE,coin_per_paired_snapshot,1.016666666667,2.616666666667,0.0,-1.6000000000000003,1.016666666667,Continuity
RepairAid,20260822,Player-visible continuity,Continuity.MoneyMAE,coin_per_paired_snapshot,1.033333333333,3.05,0.0,-2.0166666666669997,1.033333333333,Continuity
RepairAid,20260823,Player-visible continuity,Continuity.MoneyMAE,coin_per_paired_snapshot,1.1,3.05,0.0,-1.9499999999999997,1.1,Continuity
RepairAid,20260824,Player-visible continuity,Continuity.MoneyMAE,coin_per_paired_snapshot,1.166666666667,2.833333333333,0.0,-1.666666666666,1.166666666667,Continuity
RepairAid,20260825,Player-visible continuity,Continuity.MoneyMAE,coin_per_paired_snapshot,1.2,3.016666666667,0.0,-1.8166666666670002,1.2,Continuity
RepairAid,20260826,Player-visible continuity,Continuity.MoneyMAE,coin_per_paired_snapshot,1.25,2.933333333333,0.0,-1.683333333333,1.25,Continuity
RepairAid,20260827,Player-visible continuity,Continuity.MoneyMAE,coin_per_paired_snapshot,1.133333333333,2.9,0.0,-1.766666666667,1.133333333333,Continuity
RepairAid,20260828,Player-visible continuity,Continuity.MoneyMAE,coin_per_paired_snapshot,1.233333333333,2.883333333333,0.0,-1.6499999999999997,1.233333333333,Continuity
RepairAid,20260829,Player-visible continuity,Continuity.MoneyMAE,coin_per_paired_snapshot,1.25,2.683333333333,0.0,-1.433333333333,1.25,Continuity
RepairAid,20260830,Player-visible continuity,Continuity.MoneyMAE,coin_per_paired_snapshot,1.033333333333,2.933333333333,0.0,-1.9000000000000001,1.033333333333,Continuity
RepairAid,20260831,Player-visible continuity,Continuity.MoneyMAE,coin_per_paired_snapshot,1.183333333333,3.05,0.0,-1.8666666666669998,1.183333333333,Continuity
RepairAid,20260832,Player-visible continuity,Continuity.MoneyMAE,coin_per_paired_snapshot,0.983333333333,2.95,0.0,-1.9666666666670003,0.983333333333,Continuity
RepairAid,20260833,Player-visible continuity,Continuity.MoneyMAE,coin_per_paired_snapshot,1.366666666667,2.583333333333,0.0,-1.216666666666,1.366666666667,Continuity
RepairAid,20260834,Player-visible continuity,Continuity.MoneyMAE,coin_per_paired_snapshot,1.366666666667,2.55,0.0,-1.1833333333329998,1.366666666667,Continuity
RepairAid,20260835,Player-visible continuity,Continuity.MoneyMAE,coin_per_paired_snapshot,1.25,2.933333333333,0.0,-1.683333333333,1.25,Continuity
RepairAid,20260836,Player-visible continuity,Continuity.MoneyMAE,coin_per_paired_snapshot,1.183333333333,2.966666666667,0.0,-1.7833333333339998,1.183333333333,Continuity
RepairAid,20260837,Player-visible continuity,Continuity.MoneyMAE,coin_per_paired_snapshot,1.35,3.05,0.0,-1.6999999999999997,1.35,Continuity
RepairAid,20260838,Player-visible continuity,Continuity.MoneyMAE,coin_per_paired_snapshot,1.0,2.816666666667,0.0,-1.816666666667,1.0,Continuity
RepairAid,20260839,Player-visible continuity,Continuity.MoneyMAE,coin_per_paired_snapshot,1.25,2.616666666667,0.0,-1.3666666666670002,1.25,Continuity
RepairAid,20260840,Player-visible continuity,Continuity.MoneyMAE,coin_per_paired_snapshot,0.866666666667,2.883333333333,0.0,-2.0166666666659996,0.866666666667,Continuity
RepairAid,20260841,Player-visible continuity,Continuity.MoneyMAE,coin_per_paired_snapshot,1.25,3.216666666667,0.0,-1.9666666666669999,1.25,Continuity
RepairAid,20260842,Player-visible continuity,Continuity.MoneyMAE,coin_per_paired_snapshot,1.166666666667,2.616666666667,0.0,-1.4500000000000002,1.166666666667,Continuity
RepairAid,20260843,Player-visible continuity,Continuity.MoneyMAE,coin_per_paired_snapshot,1.35,2.716666666667,0.0,-1.3666666666669998,1.35,Continuity
RepairAid,20260844,Player-visible continuity,Continuity.MoneyMAE,coin_per_paired_snapshot,1.216666666667,2.933333333333,0.0,-1.716666666666,1.216666666667,Continuity
RepairAid,20260815,Player-visible continuity,Continuity.MoneyMismatchRate,paired_snapshots=60,0.616666666667,0.833333333333,0.0,-0.21666666666599999,0.616666666667,Continuity
RepairAid,20260816,Player-visible continuity,Continuity.MoneyMismatchRate,paired_snapshots=60,0.8,0.916666666667,0.0,-0.11666666666699999,0.8,Continuity
RepairAid,20260817,Player-visible continuity,Continuity.MoneyMismatchRate,paired_snapshots=60,0.733333333333,0.933333333333,0.0,-0.19999999999999996,0.733333333333,Continuity
RepairAid,20260818,Player-visible continuity,Continuity.MoneyMismatchRate,paired_snapshots=60,0.633333333333,0.85,0.0,-0.21666666666699996,0.633333333333,Continuity
RepairAid,20260819,Player-visible continuity,Continuity.MoneyMismatchRate,paired_snapshots=60,0.833333333333,0.816666666667,0.0,0.01666666666599992,0.833333333333,Continuity
RepairAid,20260820,Player-visible continuity,Continuity.MoneyMismatchRate,paired_snapshots=60,0.716666666667,0.9,0.0,-0.18333333333300006,0.716666666667,Continuity
RepairAid,20260821,Player-visible continuity,Continuity.MoneyMismatchRate,paired_snapshots=60,0.7,0.733333333333,0.0,-0.03333333333300004,0.7,Continuity
RepairAid,20260822,Player-visible continuity,Continuity.MoneyMismatchRate,paired_snapshots=60,0.733333333333,0.933333333333,0.0,-0.19999999999999996,0.733333333333,Continuity
RepairAid,20260823,Player-visible continuity,Continuity.MoneyMismatchRate,paired_snapshots=60,0.633333333333,0.95,0.0,-0.31666666666699994,0.633333333333,Continuity
RepairAid,20260824,Player-visible continuity,Continuity.MoneyMismatchRate,paired_snapshots=60,0.683333333333,0.866666666667,0.0,-0.18333333333400004,0.683333333333,Continuity
RepairAid,20260825,Player-visible continuity,Continuity.MoneyMismatchRate,paired_snapshots=60,0.733333333333,0.933333333333,0.0,-0.19999999999999996,0.733333333333,Continuity
RepairAid,20260826,Player-visible continuity,Continuity.MoneyMismatchRate,paired_snapshots=60,0.766666666667,0.8,0.0,-0.03333333333300004,0.766666666667,Continuity
RepairAid,20260827,Player-visible continuity,Continuity.MoneyMismatchRate,paired_snapshots=60,0.783333333333,0.85,0.0,-0.06666666666699994,0.783333333333,Continuity
RepairAid,20260828,Player-visible continuity,Continuity.MoneyMismatchRate,paired_snapshots=60,0.7,0.883333333333,0.0,-0.18333333333300006,0.7,Continuity
RepairAid,20260829,Player-visible continuity,Continuity.MoneyMismatchRate,paired_snapshots=60,0.8,0.816666666667,0.0,-0.016666666667000007,0.8,Continuity
RepairAid,20260830,Player-visible continuity,Continuity.MoneyMismatchRate,paired_snapshots=60,0.633333333333,0.85,0.0,-0.21666666666699996,0.633333333333,Continuity
RepairAid,20260831,Player-visible continuity,Continuity.MoneyMismatchRate,paired_snapshots=60,0.75,0.9,0.0,-0.15000000000000002,0.75,Continuity
RepairAid,20260832,Player-visible continuity,Continuity.MoneyMismatchRate,paired_snapshots=60,0.7,0.95,0.0,-0.25,0.7,Continuity
RepairAid,20260833,Player-visible continuity,Continuity.MoneyMismatchRate,paired_snapshots=60,0.833333333333,0.883333333333,0.0,-0.050000000000000044,0.833333333333,Continuity
RepairAid,20260834,Player-visible continuity,Continuity.MoneyMismatchRate,paired_snapshots=60,0.85,0.866666666667,0.0,-0.016666666667000007,0.85,Continuity
RepairAid,20260835,Player-visible continuity,Continuity.MoneyMismatchRate,paired_snapshots=60,0.783333333333,0.883333333333,0.0,-0.09999999999999998,0.783333333333,Continuity
RepairAid,20260836,Player-visible continuity,Continuity.MoneyMismatchRate,paired_snapshots=60,0.666666666667,0.95,0.0,-0.2833333333329999,0.666666666667,Continuity
RepairAid,20260837,Player-visible continuity,Continuity.MoneyMismatchRate,paired_snapshots=60,0.866666666667,0.9,0.0,-0.03333333333300004,0.866666666667,Continuity
RepairAid,20260838,Player-visible continuity,Continuity.MoneyMismatchRate,paired_snapshots=60,0.683333333333,0.883333333333,0.0,-0.20000000000000007,0.683333333333,Continuity
RepairAid,20260839,Player-visible continuity,Continuity.MoneyMismatchRate,paired_snapshots=60,0.766666666667,0.866666666667,0.0,-0.09999999999999998,0.766666666667,Continuity
RepairAid,20260840,Player-visible continuity,Continuity.MoneyMismatchRate,paired_snapshots=60,0.6,0.883333333333,0.0,-0.28333333333300004,0.6,Continuity
RepairAid,20260841,Player-visible continuity,Continuity.MoneyMismatchRate,paired_snapshots=60,0.766666666667,0.933333333333,0.0,-0.16666666666599994,0.766666666667,Continuity
RepairAid,20260842,Player-visible continuity,Continuity.MoneyMismatchRate,paired_snapshots=60,0.733333333333,0.966666666667,0.0,-0.23333333333399997,0.733333333333,Continuity
RepairAid,20260843,Player-visible continuity,Continuity.MoneyMismatchRate,paired_snapshots=60,0.833333333333,0.883333333333,0.0,-0.050000000000000044,0.833333333333,Continuity
RepairAid,20260844,Player-visible continuity,Continuity.MoneyMismatchRate,paired_snapshots=60,0.65,0.9,0.0,-0.25,0.65,Continuity
RepairAid,20260815,Player-visible continuity,Continuity.MoneyNormalizedMAE,abs_error_div_max_1_abs_oracle,0.519761904762,1.615555555556,0.0,-1.095793650794,0.519761904762,Continuity
RepairAid,20260816,Player-visible continuity,Continuity.MoneyNormalizedMAE,abs_error_div_max_1_abs_oracle,0.9125,2.296904761905,0.0,-1.384404761905,0.9125,Continuity
RepairAid,20260817,Player-visible continuity,Continuity.MoneyNormalizedMAE,abs_error_div_max_1_abs_oracle,0.83130952381,2.462619047619,0.0,-1.631309523809,0.83130952381,Continuity
RepairAid,20260818,Player-visible continuity,Continuity.MoneyNormalizedMAE,abs_error_div_max_1_abs_oracle,0.603611111111,2.02630952381,0.0,-1.4226984126990003,0.603611111111,Continuity
RepairAid,20260819,Player-visible continuity,Continuity.MoneyNormalizedMAE,abs_error_div_max_1_abs_oracle,0.726984126984,1.903412698413,0.0,-1.1764285714290001,0.726984126984,Continuity
RepairAid,20260820,Player-visible continuity,Continuity.MoneyNormalizedMAE,abs_error_div_max_1_abs_oracle,0.721031746032,2.020119047619,0.0,-1.299087301587,0.721031746032,Continuity
RepairAid,20260821,Player-visible continuity,Continuity.MoneyNormalizedMAE,abs_error_div_max_1_abs_oracle,0.560912698413,1.76626984127,0.0,-1.205357142857,0.560912698413,Continuity
RepairAid,20260822,Player-visible continuity,Continuity.MoneyNormalizedMAE,abs_error_div_max_1_abs_oracle,0.651865079365,2.262341269841,0.0,-1.6104761904759999,0.651865079365,Continuity
RepairAid,20260823,Player-visible continuity,Continuity.MoneyNormalizedMAE,abs_error_div_max_1_abs_oracle,0.630119047619,2.126547619048,0.0,-1.496428571429,0.630119047619,Continuity
RepairAid,20260824,Player-visible continuity,Continuity.MoneyNormalizedMAE,abs_error_div_max_1_abs_oracle,0.59626984127,1.731428571429,0.0,-1.135158730159,0.59626984127,Continuity
RepairAid,20260825,Player-visible continuity,Continuity.MoneyNormalizedMAE,abs_error_div_max_1_abs_oracle,0.815555555556,2.157777777778,0.0,-1.342222222222,0.815555555556,Continuity
RepairAid,20260826,Player-visible continuity,Continuity.MoneyNormalizedMAE,abs_error_div_max_1_abs_oracle,0.826547619048,2.032619047619,0.0,-1.2060714285709997,0.826547619048,Continuity
RepairAid,20260827,Player-visible continuity,Continuity.MoneyNormalizedMAE,abs_error_div_max_1_abs_oracle,0.566468253968,1.778611111111,0.0,-1.2121428571429997,0.566468253968,Continuity
RepairAid,20260828,Player-visible continuity,Continuity.MoneyNormalizedMAE,abs_error_div_max_1_abs_oracle,0.622658730159,1.967896825397,0.0,-1.3452380952379999,0.622658730159,Continuity
RepairAid,20260829,Player-visible continuity,Continuity.MoneyNormalizedMAE,abs_error_div_max_1_abs_oracle,0.706984126984,1.864682539683,0.0,-1.157698412699,0.706984126984,Continuity
RepairAid,20260830,Player-visible continuity,Continuity.MoneyNormalizedMAE,abs_error_div_max_1_abs_oracle,0.73630952381,2.280436507937,0.0,-1.5441269841269998,0.73630952381,Continuity
RepairAid,20260831,Player-visible continuity,Continuity.MoneyNormalizedMAE,abs_error_div_max_1_abs_oracle,0.682261904762,2.185714285714,0.0,-1.503452380952,0.682261904762,Continuity
RepairAid,20260832,Player-visible continuity,Continuity.MoneyNormalizedMAE,abs_error_div_max_1_abs_oracle,0.617182539683,2.123531746032,0.0,-1.506349206349,0.617182539683,Continuity
RepairAid,20260833,Player-visible continuity,Continuity.MoneyNormalizedMAE,abs_error_div_max_1_abs_oracle,0.769880952381,1.53626984127,0.0,-0.766388888889,0.769880952381,Continuity
RepairAid,20260834,Player-visible continuity,Continuity.MoneyNormalizedMAE,abs_error_div_max_1_abs_oracle,0.693174603175,1.493095238095,0.0,-0.79992063492,0.693174603175,Continuity
RepairAid,20260835,Player-visible continuity,Continuity.MoneyNormalizedMAE,abs_error_div_max_1_abs_oracle,0.761388888889,2.379920634921,0.0,-1.6185317460320001,0.761388888889,Continuity
RepairAid,20260836,Player-visible continuity,Continuity.MoneyNormalizedMAE,abs_error_div_max_1_abs_oracle,0.608888888889,2.050595238095,0.0,-1.441706349206,0.608888888889,Continuity
RepairAid,20260837,Player-visible continuity,Continuity.MoneyNormalizedMAE,abs_error_div_max_1_abs_oracle,0.823888888889,2.199722222222,0.0,-1.375833333333,0.823888888889,Continuity
RepairAid,20260838,Player-visible continuity,Continuity.MoneyNormalizedMAE,abs_error_div_max_1_abs_oracle,0.578015873016,1.747222222222,0.0,-1.169206349206,0.578015873016,Continuity
RepairAid,20260839,Player-visible continuity,Continuity.MoneyNormalizedMAE,abs_error_div_max_1_abs_oracle,0.711428571429,1.711507936508,0.0,-1.0000793650789999,0.711428571429,Continuity
RepairAid,20260840,Player-visible continuity,Continuity.MoneyNormalizedMAE,abs_error_div_max_1_abs_oracle,0.5325,1.999166666667,0.0,-1.466666666667,0.5325,Continuity
RepairAid,20260841,Player-visible continuity,Continuity.MoneyNormalizedMAE,abs_error_div_max_1_abs_oracle,0.816428571429,2.327261904762,0.0,-1.510833333333,0.816428571429,Continuity
RepairAid,20260842,Player-visible continuity,Continuity.MoneyNormalizedMAE,abs_error_div_max_1_abs_oracle,0.557380952381,1.458849206349,0.0,-0.9014682539679999,0.557380952381,Continuity
RepairAid,20260843,Player-visible continuity,Continuity.MoneyNormalizedMAE,abs_error_div_max_1_abs_oracle,0.75253968254,1.784801587302,0.0,-1.032261904762,0.75253968254,Continuity
RepairAid,20260844,Player-visible continuity,Continuity.MoneyNormalizedMAE,abs_error_div_max_1_abs_oracle,0.703531746032,1.738373015873,0.0,-1.0348412698409999,0.703531746032,Continuity
RepairAid,20260815,Player-visible continuity,Continuity.PersistentIDMismatchRate,paired_snapshots=60,0.0,0.0,0.0,0.0,0.0,Continuity
RepairAid,20260816,Player-visible continuity,Continuity.PersistentIDMismatchRate,paired_snapshots=60,0.0,0.0,0.0,0.0,0.0,Continuity
RepairAid,20260817,Player-visible continuity,Continuity.PersistentIDMismatchRate,paired_snapshots=60,0.0,0.0,0.0,0.0,0.0,Continuity
RepairAid,20260818,Player-visible continuity,Continuity.PersistentIDMismatchRate,paired_snapshots=60,0.0,0.0,0.0,0.0,0.0,Continuity
RepairAid,20260819,Player-visible continuity,Continuity.PersistentIDMismatchRate,paired_snapshots=60,0.0,0.0,0.0,0.0,0.0,Continuity
RepairAid,20260820,Player-visible continuity,Continuity.PersistentIDMismatchRate,paired_snapshots=60,0.0,0.0,0.0,0.0,0.0,Continuity
RepairAid,20260821,Player-visible continuity,Continuity.PersistentIDMismatchRate,paired_snapshots=60,0.0,0.0,0.0,0.0,0.0,Continuity
RepairAid,20260822,Player-visible continuity,Continuity.PersistentIDMismatchRate,paired_snapshots=60,0.0,0.0,0.0,0.0,0.0,Continuity
RepairAid,20260823,Player-visible continuity,Continuity.PersistentIDMismatchRate,paired_snapshots=60,0.0,0.0,0.0,0.0,0.0,Continuity
RepairAid,20260824,Player-visible continuity,Continuity.PersistentIDMismatchRate,paired_snapshots=60,0.0,0.0,0.0,0.0,0.0,Continuity
RepairAid,20260825,Player-visible continuity,Continuity.PersistentIDMismatchRate,paired_snapshots=60,0.0,0.0,0.0,0.0,0.0,Continuity
RepairAid,20260826,Player-visible continuity,Continuity.PersistentIDMismatchRate,paired_snapshots=60,0.0,0.0,0.0,0.0,0.0,Continuity
RepairAid,20260827,Player-visible continuity,Continuity.PersistentIDMismatchRate,paired_snapshots=60,0.0,0.0,0.0,0.0,0.0,Continuity
RepairAid,20260828,Player-visible continuity,Continuity.PersistentIDMismatchRate,paired_snapshots=60,0.0,0.0,0.0,0.0,0.0,Continuity
RepairAid,20260829,Player-visible continuity,Continuity.PersistentIDMismatchRate,paired_snapshots=60,0.0,0.0,0.0,0.0,0.0,Continuity
RepairAid,20260830,Player-visible continuity,Continuity.PersistentIDMismatchRate,paired_snapshots=60,0.0,0.0,0.0,0.0,0.0,Continuity
RepairAid,20260831,Player-visible continuity,Continuity.PersistentIDMismatchRate,paired_snapshots=60,0.0,0.0,0.0,0.0,0.0,Continuity
RepairAid,20260832,Player-visible continuity,Continuity.PersistentIDMismatchRate,paired_snapshots=60,0.0,0.0,0.0,0.0,0.0,Continuity
RepairAid,20260833,Player-visible continuity,Continuity.PersistentIDMismatchRate,paired_snapshots=60,0.0,0.0,0.0,0.0,0.0,Continuity
RepairAid,20260834,Player-visible continuity,Continuity.PersistentIDMismatchRate,paired_snapshots=60,0.0,0.0,0.0,0.0,0.0,Continuity
RepairAid,20260835,Player-visible continuity,Continuity.PersistentIDMismatchRate,paired_snapshots=60,0.0,0.0,0.0,0.0,0.0,Continuity
RepairAid,20260836,Player-visible continuity,Continuity.PersistentIDMismatchRate,paired_snapshots=60,0.0,0.0,0.0,0.0,0.0,Continuity
RepairAid,20260837,Player-visible continuity,Continuity.PersistentIDMismatchRate,paired_snapshots=60,0.0,0.0,0.0,0.0,0.0,Continuity
RepairAid,20260838,Player-visible continuity,Continuity.PersistentIDMismatchRate,paired_snapshots=60,0.0,0.0,0.0,0.0,0.0,Continuity
RepairAid,20260839,Player-visible continuity,Continuity.PersistentIDMismatchRate,paired_snapshots=60,0.0,0.0,0.0,0.0,0.0,Continuity
RepairAid,20260840,Player-visible continuity,Continuity.PersistentIDMismatchRate,paired_snapshots=60,0.0,0.0,0.0,0.0,0.0,Continuity
RepairAid,20260841,Player-visible continuity,Continuity.PersistentIDMismatchRate,paired_snapshots=60,0.0,0.0,0.0,0.0,0.0,Continuity
RepairAid,20260842,Player-visible continuity,Continuity.PersistentIDMismatchRate,paired_snapshots=60,0.0,0.0,0.0,0.0,0.0,Continuity
RepairAid,20260843,Player-visible continuity,Continuity.PersistentIDMismatchRate,paired_snapshots=60,0.0,0.0,0.0,0.0,0.0,Continuity
RepairAid,20260844,Player-visible continuity,Continuity.PersistentIDMismatchRate,paired_snapshots=60,0.0,0.0,0.0,0.0,0.0,Continuity
RepairAid,20260815,Player-visible continuity,Continuity.ProfessionMismatchRate,paired_snapshots=60,0.0,0.0,0.0,0.0,0.0,Continuity
RepairAid,20260816,Player-visible continuity,Continuity.ProfessionMismatchRate,paired_snapshots=60,0.0,0.0,0.0,0.0,0.0,Continuity
RepairAid,20260817,Player-visible continuity,Continuity.ProfessionMismatchRate,paired_snapshots=60,0.0,0.0,0.0,0.0,0.0,Continuity
RepairAid,20260818,Player-visible continuity,Continuity.ProfessionMismatchRate,paired_snapshots=60,0.0,0.0,0.0,0.0,0.0,Continuity
RepairAid,20260819,Player-visible continuity,Continuity.ProfessionMismatchRate,paired_snapshots=60,0.0,0.0,0.0,0.0,0.0,Continuity
RepairAid,20260820,Player-visible continuity,Continuity.ProfessionMismatchRate,paired_snapshots=60,0.0,0.0,0.0,0.0,0.0,Continuity
RepairAid,20260821,Player-visible continuity,Continuity.ProfessionMismatchRate,paired_snapshots=60,0.0,0.0,0.0,0.0,0.0,Continuity
RepairAid,20260822,Player-visible continuity,Continuity.ProfessionMismatchRate,paired_snapshots=60,0.0,0.0,0.0,0.0,0.0,Continuity
RepairAid,20260823,Player-visible continuity,Continuity.ProfessionMismatchRate,paired_snapshots=60,0.0,0.0,0.0,0.0,0.0,Continuity
RepairAid,20260824,Player-visible continuity,Continuity.ProfessionMismatchRate,paired_snapshots=60,0.0,0.0,0.0,0.0,0.0,Continuity
RepairAid,20260825,Player-visible continuity,Continuity.ProfessionMismatchRate,paired_snapshots=60,0.0,0.0,0.0,0.0,0.0,Continuity
RepairAid,20260826,Player-visible continuity,Continuity.ProfessionMismatchRate,paired_snapshots=60,0.0,0.0,0.0,0.0,0.0,Continuity
RepairAid,20260827,Player-visible continuity,Continuity.ProfessionMismatchRate,paired_snapshots=60,0.0,0.0,0.0,0.0,0.0,Continuity
RepairAid,20260828,Player-visible continuity,Continuity.ProfessionMismatchRate,paired_snapshots=60,0.0,0.0,0.0,0.0,0.0,Continuity
RepairAid,20260829,Player-visible continuity,Continuity.ProfessionMismatchRate,paired_snapshots=60,0.0,0.0,0.0,0.0,0.0,Continuity
RepairAid,20260830,Player-visible continuity,Continuity.ProfessionMismatchRate,paired_snapshots=60,0.0,0.0,0.0,0.0,0.0,Continuity
RepairAid,20260831,Player-visible continuity,Continuity.ProfessionMismatchRate,paired_snapshots=60,0.0,0.0,0.0,0.0,0.0,Continuity
RepairAid,20260832,Player-visible continuity,Continuity.ProfessionMismatchRate,paired_snapshots=60,0.0,0.0,0.0,0.0,0.0,Continuity
RepairAid,20260833,Player-visible continuity,Continuity.ProfessionMismatchRate,paired_snapshots=60,0.0,0.0,0.0,0.0,0.0,Continuity
RepairAid,20260834,Player-visible continuity,Continuity.ProfessionMismatchRate,paired_snapshots=60,0.0,0.0,0.0,0.0,0.0,Continuity
RepairAid,20260835,Player-visible continuity,Continuity.ProfessionMismatchRate,paired_snapshots=60,0.0,0.0,0.0,0.0,0.0,Continuity
RepairAid,20260836,Player-visible continuity,Continuity.ProfessionMismatchRate,paired_snapshots=60,0.0,0.0,0.0,0.0,0.0,Continuity
RepairAid,20260837,Player-visible continuity,Continuity.ProfessionMismatchRate,paired_snapshots=60,0.0,0.0,0.0,0.0,0.0,Continuity
RepairAid,20260838,Player-visible continuity,Continuity.ProfessionMismatchRate,paired_snapshots=60,0.0,0.0,0.0,0.0,0.0,Continuity
RepairAid,20260839,Player-visible continuity,Continuity.ProfessionMismatchRate,paired_snapshots=60,0.0,0.0,0.0,0.0,0.0,Continuity
RepairAid,20260840,Player-visible continuity,Continuity.ProfessionMismatchRate,paired_snapshots=60,0.0,0.0,0.0,0.0,0.0,Continuity
RepairAid,20260841,Player-visible continuity,Continuity.ProfessionMismatchRate,paired_snapshots=60,0.0,0.0,0.0,0.0,0.0,Continuity
RepairAid,20260842,Player-visible continuity,Continuity.ProfessionMismatchRate,paired_snapshots=60,0.0,0.0,0.0,0.0,0.0,Continuity
RepairAid,20260843,Player-visible continuity,Continuity.ProfessionMismatchRate,paired_snapshots=60,0.0,0.0,0.0,0.0,0.0,Continuity
RepairAid,20260844,Player-visible continuity,Continuity.ProfessionMismatchRate,paired_snapshots=60,0.0,0.0,0.0,0.0,0.0,Continuity
RepairAid,20260815,Player-visible continuity,Continuity.RepairCreditMAE,coin_per_paired_snapshot,0.0,0.0,0.0,0.0,0.0,Continuity
RepairAid,20260816,Player-visible continuity,Continuity.RepairCreditMAE,coin_per_paired_snapshot,0.0,0.0,0.0,0.0,0.0,Continuity
RepairAid,20260817,Player-visible continuity,Continuity.RepairCreditMAE,coin_per_paired_snapshot,0.066666666667,0.0,0.0,0.066666666667,0.066666666667,Continuity
RepairAid,20260818,Player-visible continuity,Continuity.RepairCreditMAE,coin_per_paired_snapshot,0.033333333333,0.033333333333,0.0,0.0,0.033333333333,Continuity
RepairAid,20260819,Player-visible continuity,Continuity.RepairCreditMAE,coin_per_paired_snapshot,0.0,0.0,0.0,0.0,0.0,Continuity
RepairAid,20260820,Player-visible continuity,Continuity.RepairCreditMAE,coin_per_paired_snapshot,0.0,0.0,0.0,0.0,0.0,Continuity
RepairAid,20260821,Player-visible continuity,Continuity.RepairCreditMAE,coin_per_paired_snapshot,0.0,0.0,0.0,0.0,0.0,Continuity
RepairAid,20260822,Player-visible continuity,Continuity.RepairCreditMAE,coin_per_paired_snapshot,0.0,0.0,0.0,0.0,0.0,Continuity
RepairAid,20260823,Player-visible continuity,Continuity.RepairCreditMAE,coin_per_paired_snapshot,0.0,0.0,0.0,0.0,0.0,Continuity
RepairAid,20260824,Player-visible continuity,Continuity.RepairCreditMAE,coin_per_paired_snapshot,0.0,0.0,0.0,0.0,0.0,Continuity
RepairAid,20260825,Player-visible continuity,Continuity.RepairCreditMAE,coin_per_paired_snapshot,0.0,0.0,0.0,0.0,0.0,Continuity
RepairAid,20260826,Player-visible continuity,Continuity.RepairCreditMAE,coin_per_paired_snapshot,0.066666666667,0.1,0.0,-0.03333333333300001,0.066666666667,Continuity
RepairAid,20260827,Player-visible continuity,Continuity.RepairCreditMAE,coin_per_paired_snapshot,0.0,0.1,0.0,-0.1,0.0,Continuity
RepairAid,20260828,Player-visible continuity,Continuity.RepairCreditMAE,coin_per_paired_snapshot,0.0,0.0,0.0,0.0,0.0,Continuity
RepairAid,20260829,Player-visible continuity,Continuity.RepairCreditMAE,coin_per_paired_snapshot,0.0,0.0,0.0,0.0,0.0,Continuity
RepairAid,20260830,Player-visible continuity,Continuity.RepairCreditMAE,coin_per_paired_snapshot,0.0,0.0,0.0,0.0,0.0,Continuity
RepairAid,20260831,Player-visible continuity,Continuity.RepairCreditMAE,coin_per_paired_snapshot,0.033333333333,0.033333333333,0.0,0.0,0.033333333333,Continuity
RepairAid,20260832,Player-visible continuity,Continuity.RepairCreditMAE,coin_per_paired_snapshot,0.0,0.0,0.0,0.0,0.0,Continuity
RepairAid,20260833,Player-visible continuity,Continuity.RepairCreditMAE,coin_per_paired_snapshot,0.0,0.0,0.0,0.0,0.0,Continuity
RepairAid,20260834,Player-visible continuity,Continuity.RepairCreditMAE,coin_per_paired_snapshot,0.016666666667,0.0,0.0,0.016666666667,0.016666666667,Continuity
RepairAid,20260835,Player-visible continuity,Continuity.RepairCreditMAE,coin_per_paired_snapshot,0.0,0.0,0.0,0.0,0.0,Continuity
RepairAid,20260836,Player-visible continuity,Continuity.RepairCreditMAE,coin_per_paired_snapshot,0.0,0.0,0.0,0.0,0.0,Continuity
RepairAid,20260837,Player-visible continuity,Continuity.RepairCreditMAE,coin_per_paired_snapshot,0.0,0.0,0.0,0.0,0.0,Continuity
RepairAid,20260838,Player-visible continuity,Continuity.RepairCreditMAE,coin_per_paired_snapshot,0.0,0.0,0.0,0.0,0.0,Continuity
RepairAid,20260839,Player-visible continuity,Continuity.RepairCreditMAE,coin_per_paired_snapshot,0.033333333333,0.033333333333,0.0,0.0,0.033333333333,Continuity
RepairAid,20260840,Player-visible continuity,Continuity.RepairCreditMAE,coin_per_paired_snapshot,0.0,0.0,0.0,0.0,0.0,Continuity
RepairAid,20260841,Player-visible continuity,Continuity.RepairCreditMAE,coin_per_paired_snapshot,0.0,0.0,0.0,0.0,0.0,Continuity
RepairAid,20260842,Player-visible continuity,Continuity.RepairCreditMAE,coin_per_paired_snapshot,0.0,0.0,0.0,0.0,0.0,Continuity
RepairAid,20260843,Player-visible continuity,Continuity.RepairCreditMAE,coin_per_paired_snapshot,0.0,0.0,0.0,0.0,0.0,Continuity
RepairAid,20260844,Player-visible continuity,Continuity.RepairCreditMAE,coin_per_paired_snapshot,0.016666666667,0.033333333333,0.0,-0.016666666666000002,0.016666666667,Continuity
RepairAid,20260815,Player-visible continuity,Continuity.RepairCreditMismatchRate,paired_snapshots=60,0.0,0.0,0.0,0.0,0.0,Continuity
RepairAid,20260816,Player-visible continuity,Continuity.RepairCreditMismatchRate,paired_snapshots=60,0.0,0.0,0.0,0.0,0.0,Continuity
RepairAid,20260817,Player-visible continuity,Continuity.RepairCreditMismatchRate,paired_snapshots=60,0.016666666667,0.0,0.0,0.016666666667,0.016666666667,Continuity
RepairAid,20260818,Player-visible continuity,Continuity.RepairCreditMismatchRate,paired_snapshots=60,0.016666666667,0.016666666667,0.0,0.0,0.016666666667,Continuity
RepairAid,20260819,Player-visible continuity,Continuity.RepairCreditMismatchRate,paired_snapshots=60,0.0,0.0,0.0,0.0,0.0,Continuity
RepairAid,20260820,Player-visible continuity,Continuity.RepairCreditMismatchRate,paired_snapshots=60,0.0,0.0,0.0,0.0,0.0,Continuity
RepairAid,20260821,Player-visible continuity,Continuity.RepairCreditMismatchRate,paired_snapshots=60,0.0,0.0,0.0,0.0,0.0,Continuity
RepairAid,20260822,Player-visible continuity,Continuity.RepairCreditMismatchRate,paired_snapshots=60,0.0,0.0,0.0,0.0,0.0,Continuity
RepairAid,20260823,Player-visible continuity,Continuity.RepairCreditMismatchRate,paired_snapshots=60,0.0,0.0,0.0,0.0,0.0,Continuity
RepairAid,20260824,Player-visible continuity,Continuity.RepairCreditMismatchRate,paired_snapshots=60,0.0,0.0,0.0,0.0,0.0,Continuity
RepairAid,20260825,Player-visible continuity,Continuity.RepairCreditMismatchRate,paired_snapshots=60,0.0,0.0,0.0,0.0,0.0,Continuity
RepairAid,20260826,Player-visible continuity,Continuity.RepairCreditMismatchRate,paired_snapshots=60,0.033333333333,0.05,0.0,-0.016666666667,0.033333333333,Continuity
RepairAid,20260827,Player-visible continuity,Continuity.RepairCreditMismatchRate,paired_snapshots=60,0.0,0.05,0.0,-0.05,0.0,Continuity
RepairAid,20260828,Player-visible continuity,Continuity.RepairCreditMismatchRate,paired_snapshots=60,0.0,0.0,0.0,0.0,0.0,Continuity
RepairAid,20260829,Player-visible continuity,Continuity.RepairCreditMismatchRate,paired_snapshots=60,0.0,0.0,0.0,0.0,0.0,Continuity
RepairAid,20260830,Player-visible continuity,Continuity.RepairCreditMismatchRate,paired_snapshots=60,0.0,0.0,0.0,0.0,0.0,Continuity
RepairAid,20260831,Player-visible continuity,Continuity.RepairCreditMismatchRate,paired_snapshots=60,0.016666666667,0.016666666667,0.0,0.0,0.016666666667,Continuity
RepairAid,20260832,Player-visible continuity,Continuity.RepairCreditMismatchRate,paired_snapshots=60,0.0,0.0,0.0,0.0,0.0,Continuity
RepairAid,20260833,Player-visible continuity,Continuity.RepairCreditMismatchRate,paired_snapshots=60,0.0,0.0,0.0,0.0,0.0,Continuity
RepairAid,20260834,Player-visible continuity,Continuity.RepairCreditMismatchRate,paired_snapshots=60,0.016666666667,0.0,0.0,0.016666666667,0.016666666667,Continuity
RepairAid,20260835,Player-visible continuity,Continuity.RepairCreditMismatchRate,paired_snapshots=60,0.0,0.0,0.0,0.0,0.0,Continuity
RepairAid,20260836,Player-visible continuity,Continuity.RepairCreditMismatchRate,paired_snapshots=60,0.0,0.0,0.0,0.0,0.0,Continuity
RepairAid,20260837,Player-visible continuity,Continuity.RepairCreditMismatchRate,paired_snapshots=60,0.0,0.0,0.0,0.0,0.0,Continuity
RepairAid,20260838,Player-visible continuity,Continuity.RepairCreditMismatchRate,paired_snapshots=60,0.0,0.0,0.0,0.0,0.0,Continuity
RepairAid,20260839,Player-visible continuity,Continuity.RepairCreditMismatchRate,paired_snapshots=60,0.016666666667,0.016666666667,0.0,0.0,0.016666666667,Continuity
RepairAid,20260840,Player-visible continuity,Continuity.RepairCreditMismatchRate,paired_snapshots=60,0.0,0.0,0.0,0.0,0.0,Continuity
RepairAid,20260841,Player-visible continuity,Continuity.RepairCreditMismatchRate,paired_snapshots=60,0.0,0.0,0.0,0.0,0.0,Continuity
RepairAid,20260842,Player-visible continuity,Continuity.RepairCreditMismatchRate,paired_snapshots=60,0.0,0.0,0.0,0.0,0.0,Continuity
RepairAid,20260843,Player-visible continuity,Continuity.RepairCreditMismatchRate,paired_snapshots=60,0.0,0.0,0.0,0.0,0.0,Continuity
RepairAid,20260844,Player-visible continuity,Continuity.RepairCreditMismatchRate,paired_snapshots=60,0.016666666667,0.016666666667,0.0,0.0,0.016666666667,Continuity
RepairAid,20260815,Player-visible continuity,Continuity.RepairCreditNormalizedMAE,abs_error_div_max_1_abs_oracle,0.0,0.0,0.0,0.0,0.0,Continuity
RepairAid,20260816,Player-visible continuity,Continuity.RepairCreditNormalizedMAE,abs_error_div_max_1_abs_oracle,0.0,0.0,0.0,0.0,0.0,Continuity
RepairAid,20260817,Player-visible continuity,Continuity.RepairCreditNormalizedMAE,abs_error_div_max_1_abs_oracle,0.066666666667,0.0,0.0,0.066666666667,0.066666666667,Continuity
RepairAid,20260818,Player-visible continuity,Continuity.RepairCreditNormalizedMAE,abs_error_div_max_1_abs_oracle,0.016666666667,0.016666666667,0.0,0.0,0.016666666667,Continuity
RepairAid,20260819,Player-visible continuity,Continuity.RepairCreditNormalizedMAE,abs_error_div_max_1_abs_oracle,0.0,0.0,0.0,0.0,0.0,Continuity
RepairAid,20260820,Player-visible continuity,Continuity.RepairCreditNormalizedMAE,abs_error_div_max_1_abs_oracle,0.0,0.0,0.0,0.0,0.0,Continuity
RepairAid,20260821,Player-visible continuity,Continuity.RepairCreditNormalizedMAE,abs_error_div_max_1_abs_oracle,0.0,0.0,0.0,0.0,0.0,Continuity
RepairAid,20260822,Player-visible continuity,Continuity.RepairCreditNormalizedMAE,abs_error_div_max_1_abs_oracle,0.0,0.0,0.0,0.0,0.0,Continuity
RepairAid,20260823,Player-visible continuity,Continuity.RepairCreditNormalizedMAE,abs_error_div_max_1_abs_oracle,0.0,0.0,0.0,0.0,0.0,Continuity
RepairAid,20260824,Player-visible continuity,Continuity.RepairCreditNormalizedMAE,abs_error_div_max_1_abs_oracle,0.0,0.0,0.0,0.0,0.0,Continuity
RepairAid,20260825,Player-visible continuity,Continuity.RepairCreditNormalizedMAE,abs_error_div_max_1_abs_oracle,0.0,0.0,0.0,0.0,0.0,Continuity
RepairAid,20260826,Player-visible continuity,Continuity.RepairCreditNormalizedMAE,abs_error_div_max_1_abs_oracle,0.033333333333,0.05,0.0,-0.016666666667,0.033333333333,Continuity
RepairAid,20260827,Player-visible continuity,Continuity.RepairCreditNormalizedMAE,abs_error_div_max_1_abs_oracle,0.0,0.05,0.0,-0.05,0.0,Continuity
RepairAid,20260828,Player-visible continuity,Continuity.RepairCreditNormalizedMAE,abs_error_div_max_1_abs_oracle,0.0,0.0,0.0,0.0,0.0,Continuity
RepairAid,20260829,Player-visible continuity,Continuity.RepairCreditNormalizedMAE,abs_error_div_max_1_abs_oracle,0.0,0.0,0.0,0.0,0.0,Continuity
RepairAid,20260830,Player-visible continuity,Continuity.RepairCreditNormalizedMAE,abs_error_div_max_1_abs_oracle,0.0,0.0,0.0,0.0,0.0,Continuity
RepairAid,20260831,Player-visible continuity,Continuity.RepairCreditNormalizedMAE,abs_error_div_max_1_abs_oracle,0.016666666667,0.016666666667,0.0,0.0,0.016666666667,Continuity
RepairAid,20260832,Player-visible continuity,Continuity.RepairCreditNormalizedMAE,abs_error_div_max_1_abs_oracle,0.0,0.0,0.0,0.0,0.0,Continuity
RepairAid,20260833,Player-visible continuity,Continuity.RepairCreditNormalizedMAE,abs_error_div_max_1_abs_oracle,0.0,0.0,0.0,0.0,0.0,Continuity
RepairAid,20260834,Player-visible continuity,Continuity.RepairCreditNormalizedMAE,abs_error_div_max_1_abs_oracle,0.016666666667,0.0,0.0,0.016666666667,0.016666666667,Continuity
RepairAid,20260835,Player-visible continuity,Continuity.RepairCreditNormalizedMAE,abs_error_div_max_1_abs_oracle,0.0,0.0,0.0,0.0,0.0,Continuity
RepairAid,20260836,Player-visible continuity,Continuity.RepairCreditNormalizedMAE,abs_error_div_max_1_abs_oracle,0.0,0.0,0.0,0.0,0.0,Continuity
RepairAid,20260837,Player-visible continuity,Continuity.RepairCreditNormalizedMAE,abs_error_div_max_1_abs_oracle,0.0,0.0,0.0,0.0,0.0,Continuity
RepairAid,20260838,Player-visible continuity,Continuity.RepairCreditNormalizedMAE,abs_error_div_max_1_abs_oracle,0.0,0.0,0.0,0.0,0.0,Continuity
RepairAid,20260839,Player-visible continuity,Continuity.RepairCreditNormalizedMAE,abs_error_div_max_1_abs_oracle,0.016666666667,0.016666666667,0.0,0.0,0.016666666667,Continuity
RepairAid,20260840,Player-visible continuity,Continuity.RepairCreditNormalizedMAE,abs_error_div_max_1_abs_oracle,0.0,0.0,0.0,0.0,0.0,Continuity
RepairAid,20260841,Player-visible continuity,Continuity.RepairCreditNormalizedMAE,abs_error_div_max_1_abs_oracle,0.0,0.0,0.0,0.0,0.0,Continuity
RepairAid,20260842,Player-visible continuity,Continuity.RepairCreditNormalizedMAE,abs_error_div_max_1_abs_oracle,0.0,0.0,0.0,0.0,0.0,Continuity
RepairAid,20260843,Player-visible continuity,Continuity.RepairCreditNormalizedMAE,abs_error_div_max_1_abs_oracle,0.0,0.0,0.0,0.0,0.0,Continuity
RepairAid,20260844,Player-visible continuity,Continuity.RepairCreditNormalizedMAE,abs_error_div_max_1_abs_oracle,0.008333333333,0.016666666667,0.0,-0.008333333334000001,0.008333333333,Continuity
RepairAid,20260815,Player-visible continuity,Continuity.TaskActiveStatusMismatchRate,paired_snapshots=60,0.916666666667,0.083333333333,0.0,0.8333333333340001,0.916666666667,Continuity
RepairAid,20260816,Player-visible continuity,Continuity.TaskActiveStatusMismatchRate,paired_snapshots=60,0.916666666667,0.083333333333,0.0,0.8333333333340001,0.916666666667,Continuity
RepairAid,20260817,Player-visible continuity,Continuity.TaskActiveStatusMismatchRate,paired_snapshots=60,0.883333333333,0.116666666667,0.0,0.766666666666,0.883333333333,Continuity
RepairAid,20260818,Player-visible continuity,Continuity.TaskActiveStatusMismatchRate,paired_snapshots=60,0.933333333333,0.066666666667,0.0,0.8666666666659999,0.933333333333,Continuity
RepairAid,20260819,Player-visible continuity,Continuity.TaskActiveStatusMismatchRate,paired_snapshots=60,0.783333333333,0.216666666667,0.0,0.5666666666660001,0.783333333333,Continuity
RepairAid,20260820,Player-visible continuity,Continuity.TaskActiveStatusMismatchRate,paired_snapshots=60,0.933333333333,0.066666666667,0.0,0.8666666666659999,0.933333333333,Continuity
RepairAid,20260821,Player-visible continuity,Continuity.TaskActiveStatusMismatchRate,paired_snapshots=60,0.933333333333,0.066666666667,0.0,0.8666666666659999,0.933333333333,Continuity
RepairAid,20260822,Player-visible continuity,Continuity.TaskActiveStatusMismatchRate,paired_snapshots=60,0.766666666667,0.233333333333,0.0,0.533333333334,0.766666666667,Continuity
RepairAid,20260823,Player-visible continuity,Continuity.TaskActiveStatusMismatchRate,paired_snapshots=60,0.816666666667,0.183333333333,0.0,0.6333333333340001,0.816666666667,Continuity
RepairAid,20260824,Player-visible continuity,Continuity.TaskActiveStatusMismatchRate,paired_snapshots=60,0.933333333333,0.066666666667,0.0,0.8666666666659999,0.933333333333,Continuity
RepairAid,20260825,Player-visible continuity,Continuity.TaskActiveStatusMismatchRate,paired_snapshots=60,0.933333333333,0.066666666667,0.0,0.8666666666659999,0.933333333333,Continuity
RepairAid,20260826,Player-visible continuity,Continuity.TaskActiveStatusMismatchRate,paired_snapshots=60,0.883333333333,0.116666666667,0.0,0.766666666666,0.883333333333,Continuity
RepairAid,20260827,Player-visible continuity,Continuity.TaskActiveStatusMismatchRate,paired_snapshots=60,0.783333333333,0.216666666667,0.0,0.5666666666660001,0.783333333333,Continuity
RepairAid,20260828,Player-visible continuity,Continuity.TaskActiveStatusMismatchRate,paired_snapshots=60,0.85,0.15,0.0,0.7,0.85,Continuity
RepairAid,20260829,Player-visible continuity,Continuity.TaskActiveStatusMismatchRate,paired_snapshots=60,0.916666666667,0.083333333333,0.0,0.8333333333340001,0.916666666667,Continuity
RepairAid,20260830,Player-visible continuity,Continuity.TaskActiveStatusMismatchRate,paired_snapshots=60,0.833333333333,0.166666666667,0.0,0.6666666666659999,0.833333333333,Continuity
RepairAid,20260831,Player-visible continuity,Continuity.TaskActiveStatusMismatchRate,paired_snapshots=60,0.866666666667,0.133333333333,0.0,0.733333333334,0.866666666667,Continuity
RepairAid,20260832,Player-visible continuity,Continuity.TaskActiveStatusMismatchRate,paired_snapshots=60,0.883333333333,0.116666666667,0.0,0.766666666666,0.883333333333,Continuity
RepairAid,20260833,Player-visible continuity,Continuity.TaskActiveStatusMismatchRate,paired_snapshots=60,0.916666666667,0.083333333333,0.0,0.8333333333340001,0.916666666667,Continuity
RepairAid,20260834,Player-visible continuity,Continuity.TaskActiveStatusMismatchRate,paired_snapshots=60,0.866666666667,0.133333333333,0.0,0.733333333334,0.866666666667,Continuity
RepairAid,20260835,Player-visible continuity,Continuity.TaskActiveStatusMismatchRate,paired_snapshots=60,0.916666666667,0.083333333333,0.0,0.8333333333340001,0.916666666667,Continuity
RepairAid,20260836,Player-visible continuity,Continuity.TaskActiveStatusMismatchRate,paired_snapshots=60,0.9,0.1,0.0,0.8,0.9,Continuity
RepairAid,20260837,Player-visible continuity,Continuity.TaskActiveStatusMismatchRate,paired_snapshots=60,0.866666666667,0.133333333333,0.0,0.733333333334,0.866666666667,Continuity
RepairAid,20260838,Player-visible continuity,Continuity.TaskActiveStatusMismatchRate,paired_snapshots=60,0.866666666667,0.133333333333,0.0,0.733333333334,0.866666666667,Continuity
RepairAid,20260839,Player-visible continuity,Continuity.TaskActiveStatusMismatchRate,paired_snapshots=60,0.966666666667,0.033333333333,0.0,0.9333333333339999,0.966666666667,Continuity
RepairAid,20260840,Player-visible continuity,Continuity.TaskActiveStatusMismatchRate,paired_snapshots=60,0.95,0.05,0.0,0.8999999999999999,0.95,Continuity
RepairAid,20260841,Player-visible continuity,Continuity.TaskActiveStatusMismatchRate,paired_snapshots=60,0.833333333333,0.166666666667,0.0,0.6666666666659999,0.833333333333,Continuity
RepairAid,20260842,Player-visible continuity,Continuity.TaskActiveStatusMismatchRate,paired_snapshots=60,0.95,0.05,0.0,0.8999999999999999,0.95,Continuity
RepairAid,20260843,Player-visible continuity,Continuity.TaskActiveStatusMismatchRate,paired_snapshots=60,0.95,0.05,0.0,0.8999999999999999,0.95,Continuity
RepairAid,20260844,Player-visible continuity,Continuity.TaskActiveStatusMismatchRate,paired_snapshots=60,0.966666666667,0.033333333333,0.0,0.9333333333339999,0.966666666667,Continuity
RepairAid,20260815,Player-visible continuity,Continuity.TaskRemainingHoursMAE,hours;paired_same_goal_active_snapshots=0,0.0,0.0,0.0,0.0,0.0,Continuity
RepairAid,20260816,Player-visible continuity,Continuity.TaskRemainingHoursMAE,hours;paired_same_goal_active_snapshots=0,0.0,0.0,0.0,0.0,0.0,Continuity
RepairAid,20260817,Player-visible continuity,Continuity.TaskRemainingHoursMAE,hours;paired_same_goal_active_snapshots=0,0.0,0.0,0.0,0.0,0.0,Continuity
RepairAid,20260818,Player-visible continuity,Continuity.TaskRemainingHoursMAE,hours;paired_same_goal_active_snapshots=0,0.0,0.0,0.0,0.0,0.0,Continuity
RepairAid,20260819,Player-visible continuity,Continuity.TaskRemainingHoursMAE,hours;paired_same_goal_active_snapshots=0,1.846153846154,0.0,0.0,1.846153846154,1.846153846154,Continuity
RepairAid,20260820,Player-visible continuity,Continuity.TaskRemainingHoursMAE,hours;paired_same_goal_active_snapshots=0,0.0,0.0,0.0,0.0,0.0,Continuity
RepairAid,20260821,Player-visible continuity,Continuity.TaskRemainingHoursMAE,hours;paired_same_goal_active_snapshots=0,0.0,0.0,0.0,0.0,0.0,Continuity
RepairAid,20260822,Player-visible continuity,Continuity.TaskRemainingHoursMAE,hours;paired_same_goal_active_snapshots=0,0.0,0.0,0.0,0.0,0.0,Continuity
RepairAid,20260823,Player-visible continuity,Continuity.TaskRemainingHoursMAE,hours;paired_same_goal_active_snapshots=0,0.0,0.0,0.0,0.0,0.0,Continuity
RepairAid,20260824,Player-visible continuity,Continuity.TaskRemainingHoursMAE,hours;paired_same_goal_active_snapshots=0,0.0,0.0,0.0,0.0,0.0,Continuity
RepairAid,20260825,Player-visible continuity,Continuity.TaskRemainingHoursMAE,hours;paired_same_goal_active_snapshots=0,0.0,0.0,0.0,0.0,0.0,Continuity
RepairAid,20260826,Player-visible continuity,Continuity.TaskRemainingHoursMAE,hours;paired_same_goal_active_snapshots=0,4.0,0.0,0.0,4.0,4.0,Continuity
RepairAid,20260827,Player-visible continuity,Continuity.TaskRemainingHoursMAE,hours;paired_same_goal_active_snapshots=0,2.0,0.0,0.0,2.0,2.0,Continuity
RepairAid,20260828,Player-visible continuity,Continuity.TaskRemainingHoursMAE,hours;paired_same_goal_active_snapshots=0,0.0,0.0,0.0,0.0,0.0,Continuity
RepairAid,20260829,Player-visible continuity,Continuity.TaskRemainingHoursMAE,hours;paired_same_goal_active_snapshots=0,0.0,0.0,0.0,0.0,0.0,Continuity
RepairAid,20260830,Player-visible continuity,Continuity.TaskRemainingHoursMAE,hours;paired_same_goal_active_snapshots=0,0.0,0.0,0.0,0.0,0.0,Continuity
RepairAid,20260831,Player-visible continuity,Continuity.TaskRemainingHoursMAE,hours;paired_same_goal_active_snapshots=0,0.0,0.0,0.0,0.0,0.0,Continuity
RepairAid,20260832,Player-visible continuity,Continuity.TaskRemainingHoursMAE,hours;paired_same_goal_active_snapshots=0,0.0,0.0,0.0,0.0,0.0,Continuity
RepairAid,20260833,Player-visible continuity,Continuity.TaskRemainingHoursMAE,hours;paired_same_goal_active_snapshots=0,0.0,0.0,0.0,0.0,0.0,Continuity
RepairAid,20260834,Player-visible continuity,Continuity.TaskRemainingHoursMAE,hours;paired_same_goal_active_snapshots=0,3.428571428571,0.0,0.0,3.428571428571,3.428571428571,Continuity
RepairAid,20260835,Player-visible continuity,Continuity.TaskRemainingHoursMAE,hours;paired_same_goal_active_snapshots=0,6.0,0.0,0.0,6.0,6.0,Continuity
RepairAid,20260836,Player-visible continuity,Continuity.TaskRemainingHoursMAE,hours;paired_same_goal_active_snapshots=0,0.0,0.0,0.0,0.0,0.0,Continuity
RepairAid,20260837,Player-visible continuity,Continuity.TaskRemainingHoursMAE,hours;paired_same_goal_active_snapshots=0,0.0,0.0,0.0,0.0,0.0,Continuity
RepairAid,20260838,Player-visible continuity,Continuity.TaskRemainingHoursMAE,hours;paired_same_goal_active_snapshots=0,0.0,0.0,0.0,0.0,0.0,Continuity
RepairAid,20260839,Player-visible continuity,Continuity.TaskRemainingHoursMAE,hours;paired_same_goal_active_snapshots=0,0.0,0.0,0.0,0.0,0.0,Continuity
RepairAid,20260840,Player-visible continuity,Continuity.TaskRemainingHoursMAE,hours;paired_same_goal_active_snapshots=0,0.0,0.0,0.0,0.0,0.0,Continuity
RepairAid,20260841,Player-visible continuity,Continuity.TaskRemainingHoursMAE,hours;paired_same_goal_active_snapshots=0,3.0,0.0,0.0,3.0,3.0,Continuity
RepairAid,20260842,Player-visible continuity,Continuity.TaskRemainingHoursMAE,hours;paired_same_goal_active_snapshots=0,0.0,0.0,0.0,0.0,0.0,Continuity
RepairAid,20260843,Player-visible continuity,Continuity.TaskRemainingHoursMAE,hours;paired_same_goal_active_snapshots=0,0.0,0.0,0.0,0.0,0.0,Continuity
RepairAid,20260844,Player-visible continuity,Continuity.TaskRemainingHoursMAE,hours;paired_same_goal_active_snapshots=0,0.0,0.0,0.0,0.0,0.0,Continuity
RepairAid,20260815,Policy-effect error,PolicyEffect.DamagedWaiting,N=100,0.0,3.469813e-06,0.0,-3.469813e-06,0.0,Primary accuracy
RepairAid,20260816,Policy-effect error,PolicyEffect.DamagedWaiting,N=100,0.0,0.002498265094,0.0,-0.002498265094,0.0,Primary accuracy
RepairAid,20260817,Policy-effect error,PolicyEffect.DamagedWaiting,N=100,0.0,0.002498265094,0.0,-0.002498265094,0.0,Primary accuracy
RepairAid,20260818,Policy-effect error,PolicyEffect.DamagedWaiting,N=100,0.0,0.002498265094,0.0,-0.002498265094,0.0,Primary accuracy
RepairAid,20260819,Policy-effect error,PolicyEffect.DamagedWaiting,N=100,0.0,6.939625e-06,0.0,-6.939625e-06,0.0,Primary accuracy
RepairAid,20260820,Policy-effect error,PolicyEffect.DamagedWaiting,N=100,0.0,0.002498265094,0.0,-0.002498265094,0.0,Primary accuracy
RepairAid,20260821,Policy-effect error,PolicyEffect.DamagedWaiting,N=100,0.0,6.939625e-06,0.0,-6.939625e-06,0.0,Primary accuracy
RepairAid,20260822,Policy-effect error,PolicyEffect.DamagedWaiting,N=100,0.0,0.002498265094,0.0,-0.002498265094,0.0,Primary accuracy
RepairAid,20260823,Policy-effect error,PolicyEffect.DamagedWaiting,N=100,0.0,0.002498265094,0.0,-0.002498265094,0.0,Primary accuracy
RepairAid,20260824,Policy-effect error,PolicyEffect.DamagedWaiting,N=100,0.0,0.002498265094,0.0,-0.002498265094,0.0,Primary accuracy
RepairAid,20260825,Policy-effect error,PolicyEffect.DamagedWaiting,N=100,0.0,0.002498265094,0.0,-0.002498265094,0.0,Primary accuracy
RepairAid,20260826,Policy-effect error,PolicyEffect.DamagedWaiting,N=100,0.0,0.002498265094,0.0,-0.002498265094,0.0,Primary accuracy
RepairAid,20260827,Policy-effect error,PolicyEffect.DamagedWaiting,N=100,0.0,0.002498265094,0.0,-0.002498265094,0.0,Primary accuracy
RepairAid,20260828,Policy-effect error,PolicyEffect.DamagedWaiting,N=100,0.0,0.002498265094,0.0,-0.002498265094,0.0,Primary accuracy
RepairAid,20260829,Policy-effect error,PolicyEffect.DamagedWaiting,N=100,0.0,0.002498265094,0.0,-0.002498265094,0.0,Primary accuracy
RepairAid,20260830,Policy-effect error,PolicyEffect.DamagedWaiting,N=100,0.0,0.002498265094,0.0,-0.002498265094,0.0,Primary accuracy
RepairAid,20260831,Policy-effect error,PolicyEffect.DamagedWaiting,N=100,0.0,6.939625e-06,0.0,-6.939625e-06,0.0,Primary accuracy
RepairAid,20260832,Policy-effect error,PolicyEffect.DamagedWaiting,N=100,0.0,0.002498265094,0.0,-0.002498265094,0.0,Primary accuracy
RepairAid,20260833,Policy-effect error,PolicyEffect.DamagedWaiting,N=100,0.0,0.002498265094,0.0,-0.002498265094,0.0,Primary accuracy
RepairAid,20260834,Policy-effect error,PolicyEffect.DamagedWaiting,N=100,0.0,0.002498265094,0.0,-0.002498265094,0.0,Primary accuracy
RepairAid,20260835,Policy-effect error,PolicyEffect.DamagedWaiting,N=100,0.0,0.002498265094,0.0,-0.002498265094,0.0,Primary accuracy
RepairAid,20260836,Policy-effect error,PolicyEffect.DamagedWaiting,N=100,0.0,0.002498265094,0.0,-0.002498265094,0.0,Primary accuracy
RepairAid,20260837,Policy-effect error,PolicyEffect.DamagedWaiting,N=100,0.0,0.002498265094,0.0,-0.002498265094,0.0,Primary accuracy
RepairAid,20260838,Policy-effect error,PolicyEffect.DamagedWaiting,N=100,0.0,6.939625e-06,0.0,-6.939625e-06,0.0,Primary accuracy
RepairAid,20260839,Policy-effect error,PolicyEffect.DamagedWaiting,N=100,0.0,0.002498265094,0.0,-0.002498265094,0.0,Primary accuracy
RepairAid,20260840,Policy-effect error,PolicyEffect.DamagedWaiting,N=100,0.0,0.002494795281,0.0,-0.002494795281,0.0,Primary accuracy
RepairAid,20260841,Policy-effect error,PolicyEffect.DamagedWaiting,N=100,0.0,0.002498265094,0.0,-0.002498265094,0.0,Primary accuracy
RepairAid,20260842,Policy-effect error,PolicyEffect.DamagedWaiting,N=100,0.0,0.002498265094,0.0,-0.002498265094,0.0,Primary accuracy
RepairAid,20260843,Policy-effect error,PolicyEffect.DamagedWaiting,N=100,0.0,0.002498265094,0.0,-0.002498265094,0.0,Primary accuracy
RepairAid,20260844,Policy-effect error,PolicyEffect.DamagedWaiting,N=100,0.0,0.002498265094,0.0,-0.002498265094,0.0,Primary accuracy
RepairAid,20260815,Policy-effect error,PolicyEffect.ForestWood,16N=1600,0.0,0.0,0.0,0.0,0.0,Primary accuracy
RepairAid,20260816,Policy-effect error,PolicyEffect.ForestWood,16N=1600,0.0,0.0,0.0,0.0,0.0,Primary accuracy
RepairAid,20260817,Policy-effect error,PolicyEffect.ForestWood,16N=1600,0.0,0.0,0.0,0.0,0.0,Primary accuracy
RepairAid,20260818,Policy-effect error,PolicyEffect.ForestWood,16N=1600,0.0,0.0,0.0,0.0,0.0,Primary accuracy
RepairAid,20260819,Policy-effect error,PolicyEffect.ForestWood,16N=1600,0.0,0.0,0.0,0.0,0.0,Primary accuracy
RepairAid,20260820,Policy-effect error,PolicyEffect.ForestWood,16N=1600,0.0,0.0,0.0,0.0,0.0,Primary accuracy
RepairAid,20260821,Policy-effect error,PolicyEffect.ForestWood,16N=1600,0.0,0.0,0.0,0.0,0.0,Primary accuracy
RepairAid,20260822,Policy-effect error,PolicyEffect.ForestWood,16N=1600,0.0,0.0,0.0,0.0,0.0,Primary accuracy
RepairAid,20260823,Policy-effect error,PolicyEffect.ForestWood,16N=1600,0.0,0.0,0.0,0.0,0.0,Primary accuracy
RepairAid,20260824,Policy-effect error,PolicyEffect.ForestWood,16N=1600,0.0,0.0,0.0,0.0,0.0,Primary accuracy
RepairAid,20260825,Policy-effect error,PolicyEffect.ForestWood,16N=1600,0.0,0.0,0.0,0.0,0.0,Primary accuracy
RepairAid,20260826,Policy-effect error,PolicyEffect.ForestWood,16N=1600,0.0,0.0,0.0,0.0,0.0,Primary accuracy
RepairAid,20260827,Policy-effect error,PolicyEffect.ForestWood,16N=1600,0.0,0.0,0.0,0.0,0.0,Primary accuracy
RepairAid,20260828,Policy-effect error,PolicyEffect.ForestWood,16N=1600,0.0,0.0,0.0,0.0,0.0,Primary accuracy
RepairAid,20260829,Policy-effect error,PolicyEffect.ForestWood,16N=1600,0.0,0.0,0.0,0.0,0.0,Primary accuracy
RepairAid,20260830,Policy-effect error,PolicyEffect.ForestWood,16N=1600,0.0,0.0,0.0,0.0,0.0,Primary accuracy
RepairAid,20260831,Policy-effect error,PolicyEffect.ForestWood,16N=1600,0.0,0.0,0.0,0.0,0.0,Primary accuracy
RepairAid,20260832,Policy-effect error,PolicyEffect.ForestWood,16N=1600,0.0,0.0,0.0,0.0,0.0,Primary accuracy
RepairAid,20260833,Policy-effect error,PolicyEffect.ForestWood,16N=1600,0.0,0.0,0.0,0.0,0.0,Primary accuracy
RepairAid,20260834,Policy-effect error,PolicyEffect.ForestWood,16N=1600,0.0,0.0,0.0,0.0,0.0,Primary accuracy
RepairAid,20260835,Policy-effect error,PolicyEffect.ForestWood,16N=1600,0.0,0.0,0.0,0.0,0.0,Primary accuracy
RepairAid,20260836,Policy-effect error,PolicyEffect.ForestWood,16N=1600,0.0,0.0,0.0,0.0,0.0,Primary accuracy
RepairAid,20260837,Policy-effect error,PolicyEffect.ForestWood,16N=1600,0.0,0.0,0.0,0.0,0.0,Primary accuracy
RepairAid,20260838,Policy-effect error,PolicyEffect.ForestWood,16N=1600,0.0,0.0,0.0,0.0,0.0,Primary accuracy
RepairAid,20260839,Policy-effect error,PolicyEffect.ForestWood,16N=1600,0.0,0.0,0.0,0.0,0.0,Primary accuracy
RepairAid,20260840,Policy-effect error,PolicyEffect.ForestWood,16N=1600,0.0,0.0,0.0,0.0,0.0,Primary accuracy
RepairAid,20260841,Policy-effect error,PolicyEffect.ForestWood,16N=1600,0.0,0.0,0.0,0.0,0.0,Primary accuracy
RepairAid,20260842,Policy-effect error,PolicyEffect.ForestWood,16N=1600,0.0,0.0,0.0,0.0,0.0,Primary accuracy
RepairAid,20260843,Policy-effect error,PolicyEffect.ForestWood,16N=1600,0.0,0.0,0.0,0.0,0.0,Primary accuracy
RepairAid,20260844,Policy-effect error,PolicyEffect.ForestWood,16N=1600,0.0,0.0,0.0,0.0,0.0,Primary accuracy
RepairAid,20260815,Policy-effect error,PolicyEffect.MarketWoodAvailable,2N=200,0.0026648161,0.011984732824,0.0,-0.009319916724,0.0026648161,Primary accuracy
RepairAid,20260816,Policy-effect error,PolicyEffect.MarketWoodAvailable,2N=200,0.002165163081,0.006828591256,0.0,-0.004663428175,0.002165163081,Primary accuracy
RepairAid,20260817,Policy-effect error,PolicyEffect.MarketWoodAvailable,2N=200,0.002498265094,0.007161693269,0.0,-0.004663428175,0.002498265094,Primary accuracy
RepairAid,20260818,Policy-effect error,PolicyEffect.MarketWoodAvailable,2N=200,0.003664122137,0.008327550312,0.0,-0.004663428175,0.003664122137,Primary accuracy
RepairAid,20260819,Policy-effect error,PolicyEffect.MarketWoodAvailable,2N=200,0.003331020125,0.021804302568,0.0,-0.018473282443,0.003331020125,Primary accuracy
RepairAid,20260820,Policy-effect error,PolicyEffect.MarketWoodAvailable,2N=200,0.002831367106,0.007494795281,0.0,-0.004663428175,0.002831367106,Primary accuracy
RepairAid,20260821,Policy-effect error,PolicyEffect.MarketWoodAvailable,2N=200,0.001998612075,0.02080499653,0.0,-0.018806384455000002,0.001998612075,Primary accuracy
RepairAid,20260822,Policy-effect error,PolicyEffect.MarketWoodAvailable,2N=200,0.003164469119,0.007827897294,0.0,-0.004663428175,0.003164469119,Primary accuracy
RepairAid,20260823,Policy-effect error,PolicyEffect.MarketWoodAvailable,2N=200,0.002997918112,0.007827897294,0.0,-0.004829979182,0.002997918112,Primary accuracy
RepairAid,20260824,Policy-effect error,PolicyEffect.MarketWoodAvailable,2N=200,0.002331714087,0.006995142262,0.0,-0.004663428175,0.002331714087,Primary accuracy
RepairAid,20260825,Policy-effect error,PolicyEffect.MarketWoodAvailable,2N=200,0.0026648161,0.007328244275,0.0,-0.004663428175,0.0026648161,Primary accuracy
RepairAid,20260826,Policy-effect error,PolicyEffect.MarketWoodAvailable,2N=200,0.001832061069,0.006495489244,0.0,-0.004663428175,0.001832061069,Primary accuracy
RepairAid,20260827,Policy-effect error,PolicyEffect.MarketWoodAvailable,2N=200,0.003331020125,0.0079944483,0.0,-0.004663428175,0.003331020125,Primary accuracy
RepairAid,20260828,Policy-effect error,PolicyEffect.MarketWoodAvailable,2N=200,0.002498265094,0.007161693269,0.0,-0.004663428175,0.002498265094,Primary accuracy
RepairAid,20260829,Policy-effect error,PolicyEffect.MarketWoodAvailable,2N=200,0.0026648161,0.007328244275,0.0,-0.004663428175,0.0026648161,Primary accuracy
RepairAid,20260830,Policy-effect error,PolicyEffect.MarketWoodAvailable,2N=200,0.002331714087,0.006995142262,0.0,-0.004663428175,0.002331714087,Primary accuracy
RepairAid,20260831,Policy-effect error,PolicyEffect.MarketWoodAvailable,2N=200,0.002165163081,0.020638445524,0.0,-0.018473282443000002,0.002165163081,Primary accuracy
RepairAid,20260832,Policy-effect error,PolicyEffect.MarketWoodAvailable,2N=200,0.0026648161,0.007494795281,0.0,-0.004829979181,0.0026648161,Primary accuracy
RepairAid,20260833,Policy-effect error,PolicyEffect.MarketWoodAvailable,2N=200,0.002331714087,0.007161693269,0.0,-0.004829979182,0.002331714087,Primary accuracy
RepairAid,20260834,Policy-effect error,PolicyEffect.MarketWoodAvailable,2N=200,0.003164469119,0.0079944483,0.0,-0.004829979181,0.003164469119,Primary accuracy
RepairAid,20260835,Policy-effect error,PolicyEffect.MarketWoodAvailable,2N=200,0.002331714087,0.006995142262,0.0,-0.004663428175,0.002331714087,Primary accuracy
RepairAid,20260836,Policy-effect error,PolicyEffect.MarketWoodAvailable,2N=200,0.002498265094,0.007161693269,0.0,-0.004663428175,0.002498265094,Primary accuracy
RepairAid,20260837,Policy-effect error,PolicyEffect.MarketWoodAvailable,2N=200,0.003164469119,0.007827897294,0.0,-0.004663428175,0.003164469119,Primary accuracy
RepairAid,20260838,Policy-effect error,PolicyEffect.MarketWoodAvailable,2N=200,0.002498265094,0.021637751561,0.0,-0.019139486467,0.002498265094,Primary accuracy
RepairAid,20260839,Policy-effect error,PolicyEffect.MarketWoodAvailable,2N=200,0.0026648161,0.007328244275,0.0,-0.004663428175,0.0026648161,Primary accuracy
RepairAid,20260840,Policy-effect error,PolicyEffect.MarketWoodAvailable,2N=200,0.002831367106,0.017314365024,0.0,-0.014482997918000002,0.002831367106,Primary accuracy
RepairAid,20260841,Policy-effect error,PolicyEffect.MarketWoodAvailable,2N=200,0.002831367106,0.007494795281,0.0,-0.004663428175,0.002831367106,Primary accuracy
RepairAid,20260842,Policy-effect error,PolicyEffect.MarketWoodAvailable,2N=200,0.002997918112,0.007827897294,0.0,-0.004829979182,0.002997918112,Primary accuracy
RepairAid,20260843,Policy-effect error,PolicyEffect.MarketWoodAvailable,2N=200,0.002331714087,0.006995142262,0.0,-0.004663428175,0.002331714087,Primary accuracy
RepairAid,20260844,Policy-effect error,PolicyEffect.MarketWoodAvailable,2N=200,0.002165163081,0.006995142262,0.0,-0.004829979181,0.002165163081,Primary accuracy
RepairAid,20260815,Policy-effect error,PolicyEffect.Repaired,N=100,0.0,3.469813e-06,0.0,-3.469813e-06,0.0,Primary accuracy
RepairAid,20260816,Policy-effect error,PolicyEffect.Repaired,N=100,0.0,0.002498265094,0.0,-0.002498265094,0.0,Primary accuracy
RepairAid,20260817,Policy-effect error,PolicyEffect.Repaired,N=100,0.0,0.002498265094,0.0,-0.002498265094,0.0,Primary accuracy
RepairAid,20260818,Policy-effect error,PolicyEffect.Repaired,N=100,0.0,0.002498265094,0.0,-0.002498265094,0.0,Primary accuracy
RepairAid,20260819,Policy-effect error,PolicyEffect.Repaired,N=100,0.0,6.939625e-06,0.0,-6.939625e-06,0.0,Primary accuracy
RepairAid,20260820,Policy-effect error,PolicyEffect.Repaired,N=100,0.0,0.002498265094,0.0,-0.002498265094,0.0,Primary accuracy
RepairAid,20260821,Policy-effect error,PolicyEffect.Repaired,N=100,0.0,6.939625e-06,0.0,-6.939625e-06,0.0,Primary accuracy
RepairAid,20260822,Policy-effect error,PolicyEffect.Repaired,N=100,0.0,0.002498265094,0.0,-0.002498265094,0.0,Primary accuracy
RepairAid,20260823,Policy-effect error,PolicyEffect.Repaired,N=100,0.0,0.002498265094,0.0,-0.002498265094,0.0,Primary accuracy
RepairAid,20260824,Policy-effect error,PolicyEffect.Repaired,N=100,0.0,0.002498265094,0.0,-0.002498265094,0.0,Primary accuracy
RepairAid,20260825,Policy-effect error,PolicyEffect.Repaired,N=100,0.0,0.002498265094,0.0,-0.002498265094,0.0,Primary accuracy
RepairAid,20260826,Policy-effect error,PolicyEffect.Repaired,N=100,0.0,0.002498265094,0.0,-0.002498265094,0.0,Primary accuracy
RepairAid,20260827,Policy-effect error,PolicyEffect.Repaired,N=100,0.0,0.002498265094,0.0,-0.002498265094,0.0,Primary accuracy
RepairAid,20260828,Policy-effect error,PolicyEffect.Repaired,N=100,0.0,0.002498265094,0.0,-0.002498265094,0.0,Primary accuracy
RepairAid,20260829,Policy-effect error,PolicyEffect.Repaired,N=100,0.0,0.002498265094,0.0,-0.002498265094,0.0,Primary accuracy
RepairAid,20260830,Policy-effect error,PolicyEffect.Repaired,N=100,0.0,0.002498265094,0.0,-0.002498265094,0.0,Primary accuracy
RepairAid,20260831,Policy-effect error,PolicyEffect.Repaired,N=100,0.0,6.939625e-06,0.0,-6.939625e-06,0.0,Primary accuracy
RepairAid,20260832,Policy-effect error,PolicyEffect.Repaired,N=100,0.0,0.002498265094,0.0,-0.002498265094,0.0,Primary accuracy
RepairAid,20260833,Policy-effect error,PolicyEffect.Repaired,N=100,0.0,0.002498265094,0.0,-0.002498265094,0.0,Primary accuracy
RepairAid,20260834,Policy-effect error,PolicyEffect.Repaired,N=100,0.0,0.002498265094,0.0,-0.002498265094,0.0,Primary accuracy
RepairAid,20260835,Policy-effect error,PolicyEffect.Repaired,N=100,0.0,0.002498265094,0.0,-0.002498265094,0.0,Primary accuracy
RepairAid,20260836,Policy-effect error,PolicyEffect.Repaired,N=100,0.0,0.002498265094,0.0,-0.002498265094,0.0,Primary accuracy
RepairAid,20260837,Policy-effect error,PolicyEffect.Repaired,N=100,0.0,0.002498265094,0.0,-0.002498265094,0.0,Primary accuracy
RepairAid,20260838,Policy-effect error,PolicyEffect.Repaired,N=100,0.0,6.939625e-06,0.0,-6.939625e-06,0.0,Primary accuracy
RepairAid,20260839,Policy-effect error,PolicyEffect.Repaired,N=100,0.0,0.002498265094,0.0,-0.002498265094,0.0,Primary accuracy
RepairAid,20260840,Policy-effect error,PolicyEffect.Repaired,N=100,0.0,0.002494795281,0.0,-0.002494795281,0.0,Primary accuracy
RepairAid,20260841,Policy-effect error,PolicyEffect.Repaired,N=100,0.0,0.002498265094,0.0,-0.002498265094,0.0,Primary accuracy
RepairAid,20260842,Policy-effect error,PolicyEffect.Repaired,N=100,0.0,0.002498265094,0.0,-0.002498265094,0.0,Primary accuracy
RepairAid,20260843,Policy-effect error,PolicyEffect.Repaired,N=100,0.0,0.002498265094,0.0,-0.002498265094,0.0,Primary accuracy
RepairAid,20260844,Policy-effect error,PolicyEffect.Repaired,N=100,0.0,0.002498265094,0.0,-0.002498265094,0.0,Primary accuracy
RepairAid,20260815,Policy-effect error,PolicyEffect.TreasuryAvailable,5N=500,0.005696044414,0.007594725885,0.0,-0.0018986814709999996,0.005696044414,Primary accuracy
RepairAid,20260816,Policy-effect error,PolicyEffect.TreasuryAvailable,5N=500,0.005696044414,0.007594725885,0.0,-0.0018986814709999996,0.005696044414,Primary accuracy
RepairAid,20260817,Policy-effect error,PolicyEffect.TreasuryAvailable,5N=500,0.005696044414,0.007594725885,0.0,-0.0018986814709999996,0.005696044414,Primary accuracy
RepairAid,20260818,Policy-effect error,PolicyEffect.TreasuryAvailable,5N=500,0.005696044414,0.007594725885,0.0,-0.0018986814709999996,0.005696044414,Primary accuracy
RepairAid,20260819,Policy-effect error,PolicyEffect.TreasuryAvailable,5N=500,0.007594725885,0.009493407356,0.0,-0.0018986814709999996,0.007594725885,Primary accuracy
RepairAid,20260820,Policy-effect error,PolicyEffect.TreasuryAvailable,5N=500,0.001898681471,0.003797362942,0.0,-0.001898681471,0.001898681471,Primary accuracy
RepairAid,20260821,Policy-effect error,PolicyEffect.TreasuryAvailable,5N=500,0.011392088827,0.013290770298,0.0,-0.0018986814710000004,0.011392088827,Primary accuracy
RepairAid,20260822,Policy-effect error,PolicyEffect.TreasuryAvailable,5N=500,0.011392088827,0.013290770298,0.0,-0.0018986814710000004,0.011392088827,Primary accuracy
RepairAid,20260823,Policy-effect error,PolicyEffect.TreasuryAvailable,5N=500,0.003797362942,0.005696044414,0.0,-0.001898681472,0.003797362942,Primary accuracy
RepairAid,20260824,Policy-effect error,PolicyEffect.TreasuryAvailable,5N=500,0.005696044414,0.007594725885,0.0,-0.0018986814709999996,0.005696044414,Primary accuracy
RepairAid,20260825,Policy-effect error,PolicyEffect.TreasuryAvailable,5N=500,0.007594725885,0.009493407356,0.0,-0.0018986814709999996,0.007594725885,Primary accuracy
RepairAid,20260826,Policy-effect error,PolicyEffect.TreasuryAvailable,5N=500,0.0,0.001898681471,0.0,-0.001898681471,0.0,Primary accuracy
RepairAid,20260827,Policy-effect error,PolicyEffect.TreasuryAvailable,5N=500,0.003797362942,0.005696044414,0.0,-0.001898681472,0.003797362942,Primary accuracy
RepairAid,20260828,Policy-effect error,PolicyEffect.TreasuryAvailable,5N=500,0.007594725885,0.009493407356,0.0,-0.0018986814709999996,0.007594725885,Primary accuracy
RepairAid,20260829,Policy-effect error,PolicyEffect.TreasuryAvailable,5N=500,0.003797362942,0.005696044414,0.0,-0.001898681472,0.003797362942,Primary accuracy
RepairAid,20260830,Policy-effect error,PolicyEffect.TreasuryAvailable,5N=500,0.003797362942,0.005696044414,0.0,-0.001898681472,0.003797362942,Primary accuracy
RepairAid,20260831,Policy-effect error,PolicyEffect.TreasuryAvailable,5N=500,0.009493407356,0.011392088827,0.0,-0.0018986814710000004,0.009493407356,Primary accuracy
RepairAid,20260832,Policy-effect error,PolicyEffect.TreasuryAvailable,5N=500,0.003797362942,0.005696044414,0.0,-0.001898681472,0.003797362942,Primary accuracy
RepairAid,20260833,Policy-effect error,PolicyEffect.TreasuryAvailable,5N=500,0.007594725885,0.009493407356,0.0,-0.0018986814709999996,0.007594725885,Primary accuracy
RepairAid,20260834,Policy-effect error,PolicyEffect.TreasuryAvailable,5N=500,0.005696044414,0.007594725885,0.0,-0.0018986814709999996,0.005696044414,Primary accuracy
RepairAid,20260835,Policy-effect error,PolicyEffect.TreasuryAvailable,5N=500,0.003797362942,0.005696044414,0.0,-0.001898681472,0.003797362942,Primary accuracy
RepairAid,20260836,Policy-effect error,PolicyEffect.TreasuryAvailable,5N=500,0.001898681471,0.003797362942,0.0,-0.001898681471,0.001898681471,Primary accuracy
RepairAid,20260837,Policy-effect error,PolicyEffect.TreasuryAvailable,5N=500,0.005696044414,0.007594725885,0.0,-0.0018986814709999996,0.005696044414,Primary accuracy
RepairAid,20260838,Policy-effect error,PolicyEffect.TreasuryAvailable,5N=500,0.001898681471,0.003797362942,0.0,-0.001898681471,0.001898681471,Primary accuracy
RepairAid,20260839,Policy-effect error,PolicyEffect.TreasuryAvailable,5N=500,0.0,0.001898681471,0.0,-0.001898681471,0.0,Primary accuracy
RepairAid,20260840,Policy-effect error,PolicyEffect.TreasuryAvailable,5N=500,0.007594725885,0.009493407356,0.0,-0.0018986814709999996,0.007594725885,Primary accuracy
RepairAid,20260841,Policy-effect error,PolicyEffect.TreasuryAvailable,5N=500,0.009493407356,0.011392088827,0.0,-0.0018986814710000004,0.009493407356,Primary accuracy
RepairAid,20260842,Policy-effect error,PolicyEffect.TreasuryAvailable,5N=500,0.007594725885,0.009493407356,0.0,-0.0018986814709999996,0.007594725885,Primary accuracy
RepairAid,20260843,Policy-effect error,PolicyEffect.TreasuryAvailable,5N=500,0.0,0.001898681471,0.0,-0.001898681471,0.0,Primary accuracy
RepairAid,20260844,Policy-effect error,PolicyEffect.TreasuryAvailable,5N=500,0.001898681471,0.003797362942,0.0,-0.001898681471,0.001898681471,Primary accuracy
RepairAid,20260815,Policy-effect error,PolicyEffect.UnderRepair,N=100,0.0,6.939625e-06,0.0,-6.939625e-06,0.0,Primary accuracy
RepairAid,20260816,Policy-effect error,PolicyEffect.UnderRepair,N=100,0.0,0.000333102012,0.0,-0.000333102012,0.0,Primary accuracy
RepairAid,20260817,Policy-effect error,PolicyEffect.UnderRepair,N=100,0.0,0.000333102012,0.0,-0.000333102012,0.0,Primary accuracy
RepairAid,20260818,Policy-effect error,PolicyEffect.UnderRepair,N=100,0.0,0.000333102012,0.0,-0.000333102012,0.0,Primary accuracy
RepairAid,20260819,Policy-effect error,PolicyEffect.UnderRepair,N=100,0.0,1.3879251e-05,0.0,-1.3879251e-05,0.0,Primary accuracy
RepairAid,20260820,Policy-effect error,PolicyEffect.UnderRepair,N=100,0.0,0.000333102012,0.0,-0.000333102012,0.0,Primary accuracy
RepairAid,20260821,Policy-effect error,PolicyEffect.UnderRepair,N=100,0.0,1.3879251e-05,0.0,-1.3879251e-05,0.0,Primary accuracy
RepairAid,20260822,Policy-effect error,PolicyEffect.UnderRepair,N=100,0.0,0.000333102012,0.0,-0.000333102012,0.0,Primary accuracy
RepairAid,20260823,Policy-effect error,PolicyEffect.UnderRepair,N=100,0.0,0.000333102012,0.0,-0.000333102012,0.0,Primary accuracy
RepairAid,20260824,Policy-effect error,PolicyEffect.UnderRepair,N=100,0.0,0.000333102012,0.0,-0.000333102012,0.0,Primary accuracy
RepairAid,20260825,Policy-effect error,PolicyEffect.UnderRepair,N=100,0.0,0.000333102012,0.0,-0.000333102012,0.0,Primary accuracy
RepairAid,20260826,Policy-effect error,PolicyEffect.UnderRepair,N=100,0.0,0.000333102012,0.0,-0.000333102012,0.0,Primary accuracy
RepairAid,20260827,Policy-effect error,PolicyEffect.UnderRepair,N=100,0.0,0.000333102012,0.0,-0.000333102012,0.0,Primary accuracy
RepairAid,20260828,Policy-effect error,PolicyEffect.UnderRepair,N=100,0.0,0.000333102012,0.0,-0.000333102012,0.0,Primary accuracy
RepairAid,20260829,Policy-effect error,PolicyEffect.UnderRepair,N=100,0.0,0.000333102012,0.0,-0.000333102012,0.0,Primary accuracy
RepairAid,20260830,Policy-effect error,PolicyEffect.UnderRepair,N=100,0.0,0.000333102012,0.0,-0.000333102012,0.0,Primary accuracy
RepairAid,20260831,Policy-effect error,PolicyEffect.UnderRepair,N=100,0.0,1.3879251e-05,0.0,-1.3879251e-05,0.0,Primary accuracy
RepairAid,20260832,Policy-effect error,PolicyEffect.UnderRepair,N=100,0.0,0.000333102012,0.0,-0.000333102012,0.0,Primary accuracy
RepairAid,20260833,Policy-effect error,PolicyEffect.UnderRepair,N=100,0.0,0.000333102012,0.0,-0.000333102012,0.0,Primary accuracy
RepairAid,20260834,Policy-effect error,PolicyEffect.UnderRepair,N=100,0.0,0.000333102012,0.0,-0.000333102012,0.0,Primary accuracy
RepairAid,20260835,Policy-effect error,PolicyEffect.UnderRepair,N=100,0.0,0.000333102012,0.0,-0.000333102012,0.0,Primary accuracy
RepairAid,20260836,Policy-effect error,PolicyEffect.UnderRepair,N=100,0.0,0.000333102012,0.0,-0.000333102012,0.0,Primary accuracy
RepairAid,20260837,Policy-effect error,PolicyEffect.UnderRepair,N=100,0.0,0.000333102012,0.0,-0.000333102012,0.0,Primary accuracy
RepairAid,20260838,Policy-effect error,PolicyEffect.UnderRepair,N=100,0.0,1.3879251e-05,0.0,-1.3879251e-05,0.0,Primary accuracy
RepairAid,20260839,Policy-effect error,PolicyEffect.UnderRepair,N=100,0.0,0.000333102012,0.0,-0.000333102012,0.0,Primary accuracy
RepairAid,20260840,Policy-effect error,PolicyEffect.UnderRepair,N=100,0.0,0.000340041638,0.0,-0.000340041638,0.0,Primary accuracy
RepairAid,20260841,Policy-effect error,PolicyEffect.UnderRepair,N=100,0.0,0.000333102012,0.0,-0.000333102012,0.0,Primary accuracy
RepairAid,20260842,Policy-effect error,PolicyEffect.UnderRepair,N=100,0.0,0.000333102012,0.0,-0.000333102012,0.0,Primary accuracy
RepairAid,20260843,Policy-effect error,PolicyEffect.UnderRepair,N=100,0.0,0.000333102012,0.0,-0.000333102012,0.0,Primary accuracy
RepairAid,20260844,Policy-effect error,PolicyEffect.UnderRepair,N=100,0.0,0.000333102012,0.0,-0.000333102012,0.0,Primary accuracy
RepairAid,20260815,Policy-effect error,PolicyEffect.WoodPrice,P0=1,0.00164295532,0.014634219391,0.0,-0.012991264071,0.00164295532,Primary accuracy
RepairAid,20260816,Policy-effect error,PolicyEffect.WoodPrice,P0=1,0.001456737473,0.014341889846,0.0,-0.012885152373,0.001456737473,Primary accuracy
RepairAid,20260817,Policy-effect error,PolicyEffect.WoodPrice,P0=1,0.001814175164,0.01454545556,0.0,-0.012731280396,0.001814175164,Primary accuracy
RepairAid,20260818,Policy-effect error,PolicyEffect.WoodPrice,P0=1,0.002605942796,0.015270487193,0.0,-0.012664544397,0.002605942796,Primary accuracy
RepairAid,20260819,Policy-effect error,PolicyEffect.WoodPrice,P0=1,0.001992748695,0.026101816734,0.0,-0.024109068039,0.001992748695,Primary accuracy
RepairAid,20260820,Policy-effect error,PolicyEffect.WoodPrice,P0=1,0.002166211191,0.014777898567,0.0,-0.012611687376,0.002166211191,Primary accuracy
RepairAid,20260821,Policy-effect error,PolicyEffect.WoodPrice,P0=1,0.001136140983,0.064187878492,0.0,-0.063051737509,0.001136140983,Primary accuracy
RepairAid,20260822,Policy-effect error,PolicyEffect.WoodPrice,P0=1,0.002237299952,0.014949800815,0.0,-0.012712500863000001,0.002237299952,Primary accuracy
RepairAid,20260823,Policy-effect error,PolicyEffect.WoodPrice,P0=1,0.002197770757,0.01486083396,0.0,-0.012663063203000001,0.002197770757,Primary accuracy
RepairAid,20260824,Policy-effect error,PolicyEffect.WoodPrice,P0=1,0.001782959011,0.014459911392,0.0,-0.012676952381,0.001782959011,Primary accuracy
RepairAid,20260825,Policy-effect error,PolicyEffect.WoodPrice,P0=1,0.001440780283,0.013977342694,0.0,-0.012536562411,0.001440780283,Primary accuracy
RepairAid,20260826,Policy-effect error,PolicyEffect.WoodPrice,P0=1,0.001213426074,0.013618894478,0.0,-0.012405468404,0.001213426074,Primary accuracy
RepairAid,20260827,Policy-effect error,PolicyEffect.WoodPrice,P0=1,0.002532894941,0.015099587969,0.0,-0.012566693027999998,0.002532894941,Primary accuracy
RepairAid,20260828,Policy-effect error,PolicyEffect.WoodPrice,P0=1,0.00181417516,0.014545455565,0.0,-0.012731280405,0.00181417516,Primary accuracy
RepairAid,20260829,Policy-effect error,PolicyEffect.WoodPrice,P0=1,0.00164295532,0.014667382726,0.0,-0.013024427405999999,0.00164295532,Primary accuracy
RepairAid,20260830,Policy-effect error,PolicyEffect.WoodPrice,P0=1,0.001395271859,0.013831794055,0.0,-0.012436522196000001,0.001395271859,Primary accuracy
RepairAid,20260831,Policy-effect error,PolicyEffect.WoodPrice,P0=1,0.001265980992,0.064013057712,0.0,-0.06274707672,0.001265980992,Primary accuracy
RepairAid,20260832,Policy-effect error,PolicyEffect.WoodPrice,P0=1,0.001561783092,0.013982032672,0.0,-0.012420249579999999,0.001561783092,Primary accuracy
RepairAid,20260833,Policy-effect error,PolicyEffect.WoodPrice,P0=1,0.00150877799,0.014443579395,0.0,-0.012934801405,0.00150877799,Primary accuracy
RepairAid,20260834,Policy-effect error,PolicyEffect.WoodPrice,P0=1,0.002237299959,0.014949771677,0.0,-0.012712471718,0.002237299959,Primary accuracy
RepairAid,20260835,Policy-effect error,PolicyEffect.WoodPrice,P0=1,0.001689022104,0.013901143505,0.0,-0.012212121401,0.001689022104,Primary accuracy
RepairAid,20260836,Policy-effect error,PolicyEffect.WoodPrice,P0=1,0.001814175162,0.014545455562,0.0,-0.0127312804,0.001814175162,Primary accuracy
RepairAid,20260837,Policy-effect error,PolicyEffect.WoodPrice,P0=1,0.002508784084,0.015023925487,0.0,-0.012515141403,0.002508784084,Primary accuracy
RepairAid,20260838,Policy-effect error,PolicyEffect.WoodPrice,P0=1,0.001450358847,0.025843239584,0.0,-0.024392880737,0.001450358847,Primary accuracy
RepairAid,20260839,Policy-effect error,PolicyEffect.WoodPrice,P0=1,0.002143566364,0.014700443758,0.0,-0.012556877394,0.002143566364,Primary accuracy
RepairAid,20260840,Policy-effect error,PolicyEffect.WoodPrice,P0=1,0.002166211188,0.026593506105,0.0,-0.024427294917000002,0.002166211188,Primary accuracy
RepairAid,20260841,Policy-effect error,PolicyEffect.WoodPrice,P0=1,0.002166211191,0.014777898564,0.0,-0.012611687373,0.002166211191,Primary accuracy
RepairAid,20260842,Policy-effect error,PolicyEffect.WoodPrice,P0=1,0.00196164121,0.014839099724,0.0,-0.012877458514,0.00196164121,Primary accuracy
RepairAid,20260843,Policy-effect error,PolicyEffect.WoodPrice,P0=1,0.00178295901,0.014459911395,0.0,-0.012676952385,0.00178295901,Primary accuracy
RepairAid,20260844,Policy-effect error,PolicyEffect.WoodPrice,P0=1,0.001265980986,0.01490044043,0.0,-0.013634459444,0.001265980986,Primary accuracy
